ISO-10303-21;
HEADER;
/* Generated by software containing ST-Developer
 * from STEP Tools, Inc. (www.steptools.com) 
 */
/* OPTION: using custom renumber hook */

FILE_DESCRIPTION(
/* description */ ('STEP AP242 Edition 2',
'CAx-IF Rec.Pracs.---Representation and Presentation of Product Manufa
cturing Information (PMI)---4.0---2014-10-13',
'CAx-IF Rec.Pracs.---3D Tessellated Geometry---0.4---2014-09-14','2;1',
'CAx-IF Rec.Pracs.---User Defined Attributes---1.5---2016-08-15'),
/* implementation_level */ '2;1');

FILE_NAME(
/* name */ 'USB_Hub 3d-Model - case_bottom',
/* time_stamp */ '2026-06-02T14:51:34Z',
/* author */ (''),
/* organization */ (''),
/* preprocessor_version */ 'ST-DEVELOPER v20',
/* originating_system */ 'ONSHAPE BY PTC INC, 1.215',
/* authorisation */ '  ');

FILE_SCHEMA (('AP242_MANAGED_MODEL_BASED_3D_ENGINEERING_MIM_LF { 1 0 10303 442 3 1 4 }'));
ENDSEC;

DATA;
#10=SHAPE_REPRESENTATION_RELATIONSHIP('','',#5268,#11);
#11=ADVANCED_BREP_SHAPE_REPRESENTATION('',(#5266),#8552);
#12=(
BOUNDED_SURFACE()
B_SPLINE_SURFACE(3,2,((#8220,#8221,#8222),(#8223,#8224,#8225),(#8226,#8227,
#8228),(#8229,#8230,#8231),(#8232,#8233,#8234)),.UNSPECIFIED.,.F.,.F.,.F.)
B_SPLINE_SURFACE_WITH_KNOTS((4,1,4),(3,3),(6.28318530717959,7.06858347057703,
7.85398163397448),(0.,1.),.UNSPECIFIED.)
GEOMETRIC_REPRESENTATION_ITEM()
RATIONAL_B_SPLINE_SURFACE(((1.,0.707106781186548,1.),(1.,0.707106785956316,
1.),(1.,0.878497414803651,1.),(1.,0.999999999574137,1.),(1.,1.,1.)))
REPRESENTATION_ITEM('')
SURFACE()
);
#13=(
BOUNDED_SURFACE()
B_SPLINE_SURFACE(3,2,((#8246,#8247,#8248),(#8249,#8250,#8251),(#8252,#8253,
#8254),(#8255,#8256,#8257),(#8258,#8259,#8260)),.UNSPECIFIED.,.F.,.F.,.F.)
B_SPLINE_SURFACE_WITH_KNOTS((4,1,4),(3,3),(6.28318530717959,7.06858347057703,
7.85398163397448),(0.,1.),.UNSPECIFIED.)
GEOMETRIC_REPRESENTATION_ITEM()
RATIONAL_B_SPLINE_SURFACE(((1.,0.707106781186548,1.),(1.,0.707106785956316,
1.),(1.,0.878497414803651,1.),(1.,0.999999999574137,1.),(1.,1.,1.)))
REPRESENTATION_ITEM('')
SURFACE()
);
#14=(
BOUNDED_SURFACE()
B_SPLINE_SURFACE(3,2,((#8275,#8276,#8277),(#8278,#8279,#8280),(#8281,#8282,
#8283),(#8284,#8285,#8286),(#8287,#8288,#8289),(#8290,#8291,#8292)),
 .UNSPECIFIED.,.F.,.F.,.F.)
B_SPLINE_SURFACE_WITH_KNOTS((4,1,1,4),(3,3),(6.28318530717959,6.67588438887831,
7.06858347057703,7.85398163397448),(0.,1.),.UNSPECIFIED.)
GEOMETRIC_REPRESENTATION_ITEM()
RATIONAL_B_SPLINE_SURFACE(((1.,0.707106781186544,1.),(1.,0.707106783530324,
1.),(1.,0.74633219655284,1.),(1.,0.911046408963967,1.),(1.,0.999999999581595,
1.),(1.,1.,1.)))
REPRESENTATION_ITEM('')
SURFACE()
);
#15=(
BOUNDED_SURFACE()
B_SPLINE_SURFACE(3,2,((#8304,#8305,#8306),(#8307,#8308,#8309),(#8310,#8311,
#8312),(#8313,#8314,#8315),(#8316,#8317,#8318),(#8319,#8320,#8321)),
 .UNSPECIFIED.,.F.,.F.,.F.)
B_SPLINE_SURFACE_WITH_KNOTS((4,1,1,4),(3,3),(6.28318530717959,6.67588438887831,
7.06858347057703,7.85398163397448),(0.,1.),.UNSPECIFIED.)
GEOMETRIC_REPRESENTATION_ITEM()
RATIONAL_B_SPLINE_SURFACE(((1.,0.707106781186544,1.),(1.,0.707106783530324,
1.),(1.,0.74633219655284,1.),(1.,0.911046408963967,1.),(1.,0.999999999581595,
1.),(1.,1.,1.)))
REPRESENTATION_ITEM('')
SURFACE()
);
#16=(
BOUNDED_SURFACE()
B_SPLINE_SURFACE(3,2,((#8336,#8337,#8338),(#8339,#8340,#8341),(#8342,#8343,
#8344),(#8345,#8346,#8347),(#8348,#8349,#8350),(#8351,#8352,#8353)),
 .UNSPECIFIED.,.F.,.F.,.F.)
B_SPLINE_SURFACE_WITH_KNOTS((4,1,1,4),(3,3),(6.28318530717959,6.67588438887831,
7.06858347057703,7.85398163397448),(0.,1.),.UNSPECIFIED.)
GEOMETRIC_REPRESENTATION_ITEM()
RATIONAL_B_SPLINE_SURFACE(((1.,0.707106781186548,1.),(1.,0.70710678459787,
1.),(1.,0.746332196058926,1.),(1.,0.91104640929845,1.),(1.,0.999999999390911,
1.),(1.,1.,1.)))
REPRESENTATION_ITEM('')
SURFACE()
);
#17=(
BOUNDED_SURFACE()
B_SPLINE_SURFACE(3,2,((#8365,#8366,#8367),(#8368,#8369,#8370),(#8371,#8372,
#8373),(#8374,#8375,#8376),(#8377,#8378,#8379),(#8380,#8381,#8382)),
 .UNSPECIFIED.,.F.,.F.,.F.)
B_SPLINE_SURFACE_WITH_KNOTS((4,1,1,4),(3,3),(6.28318530717959,6.67588438887831,
7.06858347057703,7.85398163397448),(0.,1.),.UNSPECIFIED.)
GEOMETRIC_REPRESENTATION_ITEM()
RATIONAL_B_SPLINE_SURFACE(((1.,0.707106781186549,1.),(1.,0.707106784597622,
1.),(1.,0.746332196059037,1.),(1.,0.911046409298384,1.),(1.,0.999999999390911,
1.),(1.,1.,1.)))
REPRESENTATION_ITEM('')
SURFACE()
);
#18=(
BOUNDED_SURFACE()
B_SPLINE_SURFACE(3,2,((#8397,#8398,#8399),(#8400,#8401,#8402),(#8403,#8404,
#8405),(#8406,#8407,#8408),(#8409,#8410,#8411)),.UNSPECIFIED.,.F.,.F.,.F.)
B_SPLINE_SURFACE_WITH_KNOTS((4,1,4),(3,3),(6.28318530717959,7.06858347057703,
7.85398163397448),(0.,1.),.UNSPECIFIED.)
GEOMETRIC_REPRESENTATION_ITEM()
RATIONAL_B_SPLINE_SURFACE(((1.,0.707106781186544,1.),(1.,0.707106808037558,
1.),(1.,0.878497404748833,1.),(1.,0.999999997602515,1.),(1.,1.,1.)))
REPRESENTATION_ITEM('')
SURFACE()
);
#19=(
BOUNDED_SURFACE()
B_SPLINE_SURFACE(3,2,((#8423,#8424,#8425),(#8426,#8427,#8428),(#8429,#8430,
#8431),(#8432,#8433,#8434),(#8435,#8436,#8437)),.UNSPECIFIED.,.F.,.F.,.F.)
B_SPLINE_SURFACE_WITH_KNOTS((4,1,4),(3,3),(6.28318530717959,7.06858347057703,
7.85398163397448),(0.,1.),.UNSPECIFIED.)
GEOMETRIC_REPRESENTATION_ITEM()
RATIONAL_B_SPLINE_SURFACE(((1.,0.707106781186548,1.),(1.,0.707106808037252,
1.),(1.,0.878497404748984,1.),(1.,0.999999997602515,1.),(1.,1.,1.)))
REPRESENTATION_ITEM('')
SURFACE()
);
#20=(
BOUNDED_SURFACE()
B_SPLINE_SURFACE(3,2,((#8451,#8452,#8453),(#8454,#8455,#8456),(#8457,#8458,
#8459),(#8460,#8461,#8462),(#8463,#8464,#8465),(#8466,#8467,#8468),(#8469,
#8470,#8471)),.UNSPECIFIED.,.F.,.F.,.F.)
B_SPLINE_SURFACE_WITH_KNOTS((4,1,1,1,4),(3,3),(6.28318530717959,6.67588438887831,
7.06858347057703,7.46128255227576,7.85398163397448),(0.,1.),
 .UNSPECIFIED.)
GEOMETRIC_REPRESENTATION_ITEM()
RATIONAL_B_SPLINE_SURFACE(((1.,0.707106781186545,1.),(1.,0.707106961006381,
1.),(1.,0.746571777915978,1.),(1.,0.869029054876124,1.),(1.,0.973464425286145,
1.),(1.,0.999999983939546,1.),(1.,1.,1.)))
REPRESENTATION_ITEM('')
SURFACE()
);
#21=(
BOUNDED_SURFACE()
B_SPLINE_SURFACE(3,2,((#8483,#8484,#8485),(#8486,#8487,#8488),(#8489,#8490,
#8491),(#8492,#8493,#8494),(#8495,#8496,#8497),(#8498,#8499,#8500),(#8501,
#8502,#8503)),.UNSPECIFIED.,.F.,.F.,.F.)
B_SPLINE_SURFACE_WITH_KNOTS((4,1,1,1,4),(3,3),(6.28318530717959,6.67588438887831,
7.06858347057703,7.46128255227576,7.85398163397448),(0.,1.),
 .UNSPECIFIED.)
GEOMETRIC_REPRESENTATION_ITEM()
RATIONAL_B_SPLINE_SURFACE(((1.,0.707106781186545,1.),(1.,0.707106961006381,
1.),(1.,0.746571777915978,1.),(1.,0.869029054876124,1.),(1.,0.973464425286145,
1.),(1.,0.999999983939546,1.),(1.,1.,1.)))
REPRESENTATION_ITEM('')
SURFACE()
);
#22=(
BOUNDED_SURFACE()
B_SPLINE_SURFACE(3,2,((#8504,#8505,#8506),(#8507,#8508,#8509),(#8510,#8511,
#8512),(#8513,#8514,#8515),(#8516,#8517,#8518),(#8519,#8520,#8521)),
 .UNSPECIFIED.,.F.,.F.,.F.)
B_SPLINE_SURFACE_WITH_KNOTS((4,1,1,4),(3,3),(6.28318530717959,6.67588438887831,
7.06858347057703,7.85398163397448),(0.,1.),.UNSPECIFIED.)
GEOMETRIC_REPRESENTATION_ITEM()
RATIONAL_B_SPLINE_SURFACE(((1.,0.70710678118655,1.),(1.,0.707106834474852,
1.),(1.,0.746332172982659,1.),(1.,0.911046424925816,1.),(1.,0.999999990482866,
1.),(1.,1.,1.)))
REPRESENTATION_ITEM('')
SURFACE()
);
#23=(
BOUNDED_SURFACE()
B_SPLINE_SURFACE(3,2,((#8533,#8534,#8535),(#8536,#8537,#8538),(#8539,#8540,
#8541),(#8542,#8543,#8544),(#8545,#8546,#8547),(#8548,#8549,#8550)),
 .UNSPECIFIED.,.F.,.F.,.F.)
B_SPLINE_SURFACE_WITH_KNOTS((4,1,1,4),(3,3),(6.28318530717959,6.67588438887831,
7.06858347057703,7.85398163397448),(0.,1.),.UNSPECIFIED.)
GEOMETRIC_REPRESENTATION_ITEM()
RATIONAL_B_SPLINE_SURFACE(((1.,0.70710678118655,1.),(1.,0.707106834474719,
1.),(1.,0.746332172982719,1.),(1.,0.911046424925781,1.),(1.,0.999999990482866,
1.),(1.,1.,1.)))
REPRESENTATION_ITEM('')
SURFACE()
);
#24=DEGENERATE_TOROIDAL_SURFACE('',#5581,0.000168993694396573,0.000410416305603426,
 .T.);
#25=DEGENERATE_TOROIDAL_SURFACE('',#5593,0.000168993694396573,0.000410416305603426,
 .T.);
#26=TOROIDAL_SURFACE('',#5420,0.00188308657865102,0.000941543289325507);
#27=TOROIDAL_SURFACE('',#5422,0.00188308657865102,0.000941543289325507);
#28=TOROIDAL_SURFACE('',#5432,0.000869116882454315,0.000434558441227157);
#29=TOROIDAL_SURFACE('',#5434,0.000869116882454315,0.000434558441227157);
#30=TOROIDAL_SURFACE('',#5444,0.000869116882454315,0.000434558441227157);
#31=TOROIDAL_SURFACE('',#5446,0.000869116882454315,0.000434558441227157);
#32=TOROIDAL_SURFACE('',#5545,0.000820832611206853,0.000410416305603426);
#33=TOROIDAL_SURFACE('',#5552,0.000820832611206853,0.000410416305603426);
#34=TOROIDAL_SURFACE('',#5553,0.00115882,0.00057941);
#35=TOROIDAL_SURFACE('',#5563,0.00115882,0.00057941);
#36=TOROIDAL_SURFACE('',#5567,0.00115882,0.00057941);
#37=TOROIDAL_SURFACE('',#5577,0.00115882,0.00057941);
#38=TOROIDAL_SURFACE('',#5585,0.00115882,0.00057941);
#39=TOROIDAL_SURFACE('',#5589,0.00115882,0.00057941);
#40=TOROIDAL_SURFACE('',#5599,0.000434558441227157,0.000217279220613579);
#41=TOROIDAL_SURFACE('',#5605,0.000434558441227157,0.000217279220613579);
#42=TOROIDAL_SURFACE('',#5606,0.0010139696961967,0.00050698484809835);
#43=TOROIDAL_SURFACE('',#5616,0.0010139696961967,0.00050698484809835);
#44=TOROIDAL_SURFACE('',#5623,0.000197965512114594,9.89827560572969E-5);
#45=TOROIDAL_SURFACE('',#5627,0.000197965512114594,9.89827560572969E-5);
#46=TOROIDAL_SURFACE('',#5631,0.00144852813742386,0.000724264068711929);
#47=TOROIDAL_SURFACE('',#5641,0.00144852813742386,0.000724264068711929);
#48=TOROIDAL_SURFACE('',#5648,0.000627695526217005,0.000313847763108503);
#49=TOROIDAL_SURFACE('',#5652,0.000627695526217005,0.000313847763108503);
#50=TOROIDAL_SURFACE('',#5656,0.00154509667991878,0.000772548339959391);
#51=TOROIDAL_SURFACE('',#5666,0.00154509667991878,0.000772548339959391);
#52=TOROIDAL_SURFACE('',#5673,0.000820832611206853,0.000410416305603426);
#53=TOROIDAL_SURFACE('',#5677,0.000820832611206853,0.000410416305603426);
#54=TOROIDAL_SURFACE('',#5681,0.00082084,0.00041042);
#55=TOROIDAL_SURFACE('',#5691,0.00082084,0.00041042);
#56=TOROIDAL_SURFACE('',#5698,0.000362132034355965,0.000181066017177982);
#57=TOROIDAL_SURFACE('',#5702,0.000362132034355965,0.000181066017177982);
#58=TOROIDAL_SURFACE('',#5718,0.000965685424949238,0.000482842712474619);
#59=TOROIDAL_SURFACE('',#5722,0.000965685424949238,0.000482842712474619);
#60=TOROIDAL_SURFACE('',#5729,0.000869116882454315,0.000434558441227157);
#61=TOROIDAL_SURFACE('',#5733,0.000869116882454315,0.000434558441227157);
#62=ELLIPSE('',#5414,0.00133154328932551,0.000941543289325507);
#63=ELLIPSE('',#5415,0.00133154328932551,0.000941543289325507);
#64=ELLIPSE('',#5426,0.000614558441227157,0.000434558441227157);
#65=ELLIPSE('',#5427,0.000614558441227157,0.000434558441227157);
#66=ELLIPSE('',#5438,0.000614558441227157,0.000434558441227157);
#67=ELLIPSE('',#5439,0.000614558441227157,0.000434558441227157);
#68=ELLIPSE('',#5557,0.000587402067684485,0.00057941);
#69=ELLIPSE('',#5561,0.000587402067684485,0.00057941);
#70=ELLIPSE('',#5562,0.000587402067684485,0.00057941);
#71=ELLIPSE('',#5566,0.000587402067684485,0.00057941);
#72=ELLIPSE('',#5571,0.000597241929354362,0.00057941);
#73=ELLIPSE('',#5575,0.000597241929354362,0.00057941);
#74=ELLIPSE('',#5576,0.000597241929354362,0.00057941);
#75=ELLIPSE('',#5580,0.000597241929354362,0.00057941);
#76=ELLIPSE('',#5596,0.000307279220613579,0.000217279220613579);
#77=ELLIPSE('',#5598,0.000307279220613579,0.000217279220613579);
#78=ELLIPSE('',#5610,0.000650768271592265,0.00050698484809835);
#79=ELLIPSE('',#5614,0.000650768271592265,0.00050698484809835);
#80=ELLIPSE('',#5615,0.000650768271592265,0.00050698484809835);
#81=ELLIPSE('',#5619,0.000650768271592265,0.00050698484809835);
#82=ELLIPSE('',#5635,0.000832466206600796,0.000724264068711929);
#83=ELLIPSE('',#5639,0.000832466206600798,0.000724264068711929);
#84=ELLIPSE('',#5640,0.000832466206600798,0.000724264068711929);
#85=ELLIPSE('',#5644,0.000832466206600796,0.000724264068711929);
#86=ELLIPSE('',#5660,0.000853211900925437,0.000772548339959391);
#87=ELLIPSE('',#5664,0.000853211900925439,0.000772548339959391);
#88=ELLIPSE('',#5665,0.000853211900925439,0.000772548339959391);
#89=ELLIPSE('',#5669,0.000853211900925437,0.000772548339959391);
#90=ELLIPSE('',#5685,0.000470157235227028,0.00041042);
#91=ELLIPSE('',#5689,0.000470157235227029,0.00041042);
#92=ELLIPSE('',#5690,0.000470157235227029,0.00041042);
#93=ELLIPSE('',#5694,0.000470157235227028,0.00041042);
#94=B_SPLINE_CURVE_WITH_KNOTS('',3,(#7472,#7473,#7474,#7475,#7476),
 .UNSPECIFIED.,.F.,.F.,(4,1,4),(0.,0.000963897647908311,0.00192779529581662),
 .UNSPECIFIED.);
#95=B_SPLINE_CURVE_WITH_KNOTS('',3,(#7480,#7481,#7482,#7483,#7484),
 .UNSPECIFIED.,.F.,.F.,(4,1,4),(0.,0.000963897647908314,0.00192779529581663),
 .UNSPECIFIED.);
#96=B_SPLINE_CURVE_WITH_KNOTS('',3,(#7512,#7513,#7514,#7515),
 .UNSPECIFIED.,.F.,.F.,(4,4),(0.,0.000889753565482726),.UNSPECIFIED.);
#97=B_SPLINE_CURVE_WITH_KNOTS('',3,(#7516,#7517,#7518,#7519),
 .UNSPECIFIED.,.F.,.F.,(4,4),(0.,0.000889753565482726),.UNSPECIFIED.);
#98=B_SPLINE_CURVE_WITH_KNOTS('',3,(#7523,#7524,#7525,#7526),
 .UNSPECIFIED.,.F.,.F.,(4,4),(0.,0.000889753565482748),.UNSPECIFIED.);
#99=B_SPLINE_CURVE_WITH_KNOTS('',3,(#7527,#7528,#7529,#7530),
 .UNSPECIFIED.,.F.,.F.,(4,4),(0.,0.000889753565482747),.UNSPECIFIED.);
#100=B_SPLINE_CURVE_WITH_KNOTS('',3,(#7574,#7575,#7576,#7577),
 .UNSPECIFIED.,.F.,.F.,(4,4),(0.,0.000202667597471635),.UNSPECIFIED.);
#101=B_SPLINE_CURVE_WITH_KNOTS('',3,(#7584,#7585,#7586,#7587),
 .UNSPECIFIED.,.F.,.F.,(4,4),(0.,0.00103804531396991),.UNSPECIFIED.);
#102=B_SPLINE_CURVE_WITH_KNOTS('',3,(#7595,#7596,#7597,#7598),
 .UNSPECIFIED.,.F.,.F.,(4,4),(0.,0.000202667597471638),.UNSPECIFIED.);
#103=B_SPLINE_CURVE_WITH_KNOTS('',3,(#7601,#7602,#7603,#7604),
 .UNSPECIFIED.,.F.,.F.,(4,4),(0.,0.00103804531396991),.UNSPECIFIED.);
#104=B_SPLINE_CURVE_WITH_KNOTS('',3,(#7623,#7624,#7625,#7626),
 .UNSPECIFIED.,.F.,.F.,(4,4),(0.,0.00064260055617336),.UNSPECIFIED.);
#105=B_SPLINE_CURVE_WITH_KNOTS('',3,(#7633,#7634,#7635,#7636,#7637),
 .UNSPECIFIED.,.F.,.F.,(4,1,4),(2.16840434497101E-18,0.000741460195264397,
0.00148292039052879),.UNSPECIFIED.);
#106=B_SPLINE_CURVE_WITH_KNOTS('',3,(#7645,#7646,#7647,#7648),
 .UNSPECIFIED.,.F.,.F.,(4,4),(0.,0.000642600556173367),.UNSPECIFIED.);
#107=B_SPLINE_CURVE_WITH_KNOTS('',3,(#7651,#7652,#7653,#7654,#7655),
 .UNSPECIFIED.,.F.,.F.,(4,1,4),(2.16840434497101E-18,0.000741460195264401,
0.0014829203905288),.UNSPECIFIED.);
#108=B_SPLINE_CURVE_WITH_KNOTS('',3,(#7666,#7667,#7668,#7669),
 .UNSPECIFIED.,.F.,.F.,(4,4),(0.,0.000840322974255722),.UNSPECIFIED.);
#109=B_SPLINE_CURVE_WITH_KNOTS('',3,(#7676,#7677,#7678,#7679,#7680),
 .UNSPECIFIED.,.F.,.F.,(4,1,4),(0.,0.000790890746379891,0.00158178149275978),
 .UNSPECIFIED.);
#110=B_SPLINE_CURVE_WITH_KNOTS('',3,(#7690,#7691,#7692,#7693),
 .UNSPECIFIED.,.F.,.F.,(4,4),(0.,0.000840322974255721),.UNSPECIFIED.);
#111=B_SPLINE_CURVE_WITH_KNOTS('',3,(#7698,#7699,#7700,#7701,#7702),
 .UNSPECIFIED.,.F.,.F.,(4,1,4),(0.,0.000790890746379888,0.00158178149275978),
 .UNSPECIFIED.);
#112=B_SPLINE_CURVE_WITH_KNOTS('',3,(#7715,#7716,#7717,#7718),
 .UNSPECIFIED.,.F.,.F.,(4,4),(0.,0.000370732021884156),.UNSPECIFIED.);
#113=B_SPLINE_CURVE_WITH_KNOTS('',3,(#7725,#7726,#7727,#7728),
 .UNSPECIFIED.,.F.,.F.,(4,4),(9.75781955236954E-19,0.000840330538467108),
 .UNSPECIFIED.);
#114=B_SPLINE_CURVE_WITH_KNOTS('',3,(#7738,#7739,#7740,#7741),
 .UNSPECIFIED.,.F.,.F.,(4,4),(0.,0.000370732021884156),.UNSPECIFIED.);
#115=B_SPLINE_CURVE_WITH_KNOTS('',3,(#7746,#7747,#7748,#7749),
 .UNSPECIFIED.,.F.,.F.,(4,4),(9.75781955236954E-19,0.000840330538467099),
 .UNSPECIFIED.);
#116=B_SPLINE_CURVE_WITH_KNOTS('',3,(#7952,#7953,#7954,#7955),
 .UNSPECIFIED.,.F.,.F.,(4,4),(0.,0.000988614735016586),.UNSPECIFIED.);
#117=B_SPLINE_CURVE_WITH_KNOTS('',3,(#7961,#7962,#7963,#7964),
 .UNSPECIFIED.,.F.,.F.,(4,4),(0.,0.00118633446117209),.UNSPECIFIED.);
#118=B_SPLINE_CURVE_WITH_KNOTS('',3,(#7981,#7982,#7983,#7984),
 .UNSPECIFIED.,.F.,.F.,(4,4),(0.,0.000988614735016586),.UNSPECIFIED.);
#119=B_SPLINE_CURVE_WITH_KNOTS('',3,(#7986,#7987,#7988,#7989),
 .UNSPECIFIED.,.F.,.F.,(4,4),(0.,0.00118633446117209),.UNSPECIFIED.);
#120=B_SPLINE_CURVE_WITH_KNOTS('',3,(#8001,#8002,#8003,#8004),
 .UNSPECIFIED.,.F.,.F.,(4,4),(0.,0.00088975356548276),.UNSPECIFIED.);
#121=B_SPLINE_CURVE_WITH_KNOTS('',3,(#8010,#8011,#8012,#8013),
 .UNSPECIFIED.,.F.,.F.,(4,4),(0.,0.00118633446117208),.UNSPECIFIED.);
#122=B_SPLINE_CURVE_WITH_KNOTS('',3,(#8030,#8031,#8032,#8033),
 .UNSPECIFIED.,.F.,.F.,(4,4),(0.,0.000889753565482762),.UNSPECIFIED.);
#123=B_SPLINE_CURVE_WITH_KNOTS('',3,(#8035,#8036,#8037,#8038),
 .UNSPECIFIED.,.F.,.F.,(4,4),(0.,0.00118633446117209),.UNSPECIFIED.);
#124=B_SPLINE_CURVE_WITH_KNOTS('',3,(#8058,#8059,#8060,#8061),
 .UNSPECIFIED.,.F.,.F.,(4,4),(8.67361737988404E-19,0.00118633446117208),
 .UNSPECIFIED.);
#125=B_SPLINE_CURVE_WITH_KNOTS('',3,(#8062,#8063,#8064,#8065),
 .UNSPECIFIED.,.F.,.F.,(4,4),(0.,0.000840322974255827),.UNSPECIFIED.);
#126=B_SPLINE_CURVE_WITH_KNOTS('',3,(#8067,#8068,#8069,#8070),
 .UNSPECIFIED.,.F.,.F.,(4,4),(8.67361737988404E-19,0.00118633446117209),
 .UNSPECIFIED.);
#127=B_SPLINE_CURVE_WITH_KNOTS('',3,(#8076,#8077,#8078,#8079),
 .UNSPECIFIED.,.F.,.F.,(4,4),(0.,0.000840322974255826),.UNSPECIFIED.);
#128=B_SPLINE_CURVE_WITH_KNOTS('',3,(#8093,#8094,#8095,#8096),
 .UNSPECIFIED.,.F.,.F.,(4,4),(0.,0.00044487801941294),.UNSPECIFIED.);
#129=B_SPLINE_CURVE_WITH_KNOTS('',3,(#8114,#8115,#8116,#8117),
 .UNSPECIFIED.,.F.,.F.,(4,4),(0.,0.000444878019412941),.UNSPECIFIED.);
#130=PLANE('',#5282);
#131=PLANE('',#5284);
#132=PLANE('',#5286);
#133=PLANE('',#5289);
#134=PLANE('',#5295);
#135=PLANE('',#5300);
#136=PLANE('',#5303);
#137=PLANE('',#5308);
#138=PLANE('',#5311);
#139=PLANE('',#5312);
#140=PLANE('',#5313);
#141=PLANE('',#5318);
#142=PLANE('',#5325);
#143=PLANE('',#5326);
#144=PLANE('',#5328);
#145=PLANE('',#5329);
#146=PLANE('',#5338);
#147=PLANE('',#5345);
#148=PLANE('',#5350);
#149=PLANE('',#5355);
#150=PLANE('',#5362);
#151=PLANE('',#5366);
#152=PLANE('',#5370);
#153=PLANE('',#5374);
#154=PLANE('',#5378);
#155=PLANE('',#5382);
#156=PLANE('',#5386);
#157=PLANE('',#5390);
#158=PLANE('',#5396);
#159=PLANE('',#5397);
#160=PLANE('',#5398);
#161=PLANE('',#5399);
#162=PLANE('',#5400);
#163=PLANE('',#5401);
#164=PLANE('',#5402);
#165=PLANE('',#5403);
#166=PLANE('',#5404);
#167=PLANE('',#5405);
#168=PLANE('',#5406);
#169=PLANE('',#5407);
#170=PLANE('',#5408);
#171=PLANE('',#5409);
#172=PLANE('',#5410);
#173=PLANE('',#5411);
#174=PLANE('',#5412);
#175=PLANE('',#5449);
#176=PLANE('',#5450);
#177=PLANE('',#5451);
#178=PLANE('',#5452);
#179=PLANE('',#5453);
#180=PLANE('',#5455);
#181=PLANE('',#5456);
#182=PLANE('',#5457);
#183=PLANE('',#5458);
#184=PLANE('',#5459);
#185=PLANE('',#5460);
#186=PLANE('',#5461);
#187=PLANE('',#5462);
#188=PLANE('',#5463);
#189=PLANE('',#5464);
#190=PLANE('',#5465);
#191=PLANE('',#5466);
#192=PLANE('',#5491);
#193=PLANE('',#5494);
#194=PLANE('',#5497);
#195=PLANE('',#5500);
#196=PLANE('',#5503);
#197=PLANE('',#5506);
#198=PLANE('',#5509);
#199=PLANE('',#5512);
#200=PLANE('',#5515);
#201=PLANE('',#5516);
#202=PLANE('',#5517);
#203=PLANE('',#5518);
#204=PLANE('',#5519);
#205=PLANE('',#5520);
#206=PLANE('',#5521);
#207=PLANE('',#5522);
#208=PLANE('',#5523);
#209=PLANE('',#5524);
#210=PLANE('',#5525);
#211=PLANE('',#5526);
#212=PLANE('',#5527);
#213=PLANE('',#5528);
#214=PLANE('',#5529);
#215=PLANE('',#5530);
#216=PLANE('',#5531);
#217=PLANE('',#5532);
#218=PLANE('',#5533);
#219=PLANE('',#5534);
#220=PLANE('',#5535);
#221=PLANE('',#5536);
#222=PLANE('',#5537);
#223=PLANE('',#5538);
#224=PLANE('',#5710);
#225=OVER_RIDING_STYLED_ITEM('',(#4365),#4120,#4363);
#226=OVER_RIDING_STYLED_ITEM('',(#4366),#4121,#4363);
#227=OVER_RIDING_STYLED_ITEM('',(#4367),#4122,#4363);
#228=OVER_RIDING_STYLED_ITEM('',(#4368),#4203,#4363);
#229=OVER_RIDING_STYLED_ITEM('',(#4369),#4204,#4363);
#230=OVER_RIDING_STYLED_ITEM('',(#4370),#4205,#4363);
#231=OVER_RIDING_STYLED_ITEM('',(#4371),#4206,#4363);
#232=OVER_RIDING_STYLED_ITEM('',(#4372),#4207,#4363);
#233=OVER_RIDING_STYLED_ITEM('',(#4373),#4208,#4363);
#234=OVER_RIDING_STYLED_ITEM('',(#4374),#4209,#4363);
#235=OVER_RIDING_STYLED_ITEM('',(#4375),#4210,#4363);
#236=OVER_RIDING_STYLED_ITEM('',(#4376),#4211,#4363);
#237=OVER_RIDING_STYLED_ITEM('',(#4377),#4212,#4363);
#238=OVER_RIDING_STYLED_ITEM('',(#4378),#4213,#4363);
#239=OVER_RIDING_STYLED_ITEM('',(#4379),#4214,#4363);
#240=OVER_RIDING_STYLED_ITEM('',(#4380),#4215,#4363);
#241=OVER_RIDING_STYLED_ITEM('',(#4381),#4216,#4363);
#242=OVER_RIDING_STYLED_ITEM('',(#4382),#4217,#4363);
#243=OVER_RIDING_STYLED_ITEM('',(#4383),#4218,#4363);
#244=OVER_RIDING_STYLED_ITEM('',(#4384),#4219,#4363);
#245=OVER_RIDING_STYLED_ITEM('',(#4385),#4220,#4363);
#246=OVER_RIDING_STYLED_ITEM('',(#4386),#4221,#4363);
#247=OVER_RIDING_STYLED_ITEM('',(#4387),#4222,#4363);
#248=OVER_RIDING_STYLED_ITEM('',(#4388),#4223,#4363);
#249=OVER_RIDING_STYLED_ITEM('',(#4389),#4224,#4363);
#250=OVER_RIDING_STYLED_ITEM('',(#4390),#4225,#4363);
#251=OVER_RIDING_STYLED_ITEM('',(#4391),#4226,#4363);
#252=OVER_RIDING_STYLED_ITEM('',(#4392),#4235,#4363);
#253=OVER_RIDING_STYLED_ITEM('',(#4393),#4236,#4363);
#254=OVER_RIDING_STYLED_ITEM('',(#4394),#4237,#4363);
#255=OVER_RIDING_STYLED_ITEM('',(#4395),#4238,#4363);
#256=OVER_RIDING_STYLED_ITEM('',(#4396),#4239,#4363);
#257=OVER_RIDING_STYLED_ITEM('',(#4397),#4240,#4363);
#258=OVER_RIDING_STYLED_ITEM('',(#4398),#4241,#4363);
#259=OVER_RIDING_STYLED_ITEM('',(#4399),#4242,#4363);
#260=OVER_RIDING_STYLED_ITEM('',(#4400),#4243,#4363);
#261=OVER_RIDING_STYLED_ITEM('',(#4401),#4244,#4363);
#262=OVER_RIDING_STYLED_ITEM('',(#4402),#4245,#4363);
#263=OVER_RIDING_STYLED_ITEM('',(#4403),#4246,#4363);
#264=OVER_RIDING_STYLED_ITEM('',(#4404),#4247,#4363);
#265=OVER_RIDING_STYLED_ITEM('',(#4405),#4248,#4363);
#266=OVER_RIDING_STYLED_ITEM('',(#4406),#4249,#4363);
#267=OVER_RIDING_STYLED_ITEM('',(#4407),#4250,#4363);
#268=OVER_RIDING_STYLED_ITEM('',(#4408),#4251,#4363);
#269=OVER_RIDING_STYLED_ITEM('',(#4409),#4252,#4363);
#270=OVER_RIDING_STYLED_ITEM('',(#4410),#4253,#4363);
#271=OVER_RIDING_STYLED_ITEM('',(#4411),#4254,#4363);
#272=OVER_RIDING_STYLED_ITEM('',(#4412),#4255,#4363);
#273=OVER_RIDING_STYLED_ITEM('',(#4413),#4256,#4363);
#274=OVER_RIDING_STYLED_ITEM('',(#4414),#4257,#4363);
#275=OVER_RIDING_STYLED_ITEM('',(#4415),#4258,#4363);
#276=OVER_RIDING_STYLED_ITEM('',(#4416),#4259,#4363);
#277=OVER_RIDING_STYLED_ITEM('',(#4417),#4260,#4363);
#278=OVER_RIDING_STYLED_ITEM('',(#4418),#4261,#4363);
#279=OVER_RIDING_STYLED_ITEM('',(#4419),#4262,#4363);
#280=OVER_RIDING_STYLED_ITEM('',(#4420),#4263,#4363);
#281=OVER_RIDING_STYLED_ITEM('',(#4421),#4264,#4363);
#282=OVER_RIDING_STYLED_ITEM('',(#4422),#4265,#4363);
#283=OVER_RIDING_STYLED_ITEM('',(#4423),#4266,#4363);
#284=OVER_RIDING_STYLED_ITEM('',(#4424),#4267,#4363);
#285=OVER_RIDING_STYLED_ITEM('',(#4425),#4268,#4363);
#286=OVER_RIDING_STYLED_ITEM('',(#4426),#4269,#4363);
#287=OVER_RIDING_STYLED_ITEM('',(#4427),#4270,#4363);
#288=OVER_RIDING_STYLED_ITEM('',(#4428),#4271,#4363);
#289=OVER_RIDING_STYLED_ITEM('',(#4429),#4272,#4363);
#290=OVER_RIDING_STYLED_ITEM('',(#4430),#4273,#4363);
#291=OVER_RIDING_STYLED_ITEM('',(#4431),#4274,#4363);
#292=OVER_RIDING_STYLED_ITEM('',(#4432),#4275,#4363);
#293=OVER_RIDING_STYLED_ITEM('',(#4433),#4276,#4363);
#294=OVER_RIDING_STYLED_ITEM('',(#4434),#4277,#4363);
#295=OVER_RIDING_STYLED_ITEM('',(#4435),#4278,#4363);
#296=OVER_RIDING_STYLED_ITEM('',(#4436),#4279,#4363);
#297=OVER_RIDING_STYLED_ITEM('',(#4437),#4280,#4363);
#298=OVER_RIDING_STYLED_ITEM('',(#4438),#4281,#4363);
#299=OVER_RIDING_STYLED_ITEM('',(#4439),#4282,#4363);
#300=OVER_RIDING_STYLED_ITEM('',(#4440),#4283,#4363);
#301=OVER_RIDING_STYLED_ITEM('',(#4441),#4284,#4363);
#302=OVER_RIDING_STYLED_ITEM('',(#4442),#4285,#4363);
#303=OVER_RIDING_STYLED_ITEM('',(#4443),#4286,#4363);
#304=OVER_RIDING_STYLED_ITEM('',(#4444),#4287,#4363);
#305=OVER_RIDING_STYLED_ITEM('',(#4445),#4288,#4363);
#306=OVER_RIDING_STYLED_ITEM('',(#4446),#4289,#4363);
#307=OVER_RIDING_STYLED_ITEM('',(#4447),#4290,#4363);
#308=OVER_RIDING_STYLED_ITEM('',(#4448),#4291,#4363);
#309=OVER_RIDING_STYLED_ITEM('',(#4449),#4292,#4363);
#310=OVER_RIDING_STYLED_ITEM('',(#4450),#4293,#4363);
#311=OVER_RIDING_STYLED_ITEM('',(#4451),#4294,#4363);
#312=OVER_RIDING_STYLED_ITEM('',(#4452),#4295,#4363);
#313=OVER_RIDING_STYLED_ITEM('',(#4453),#4296,#4363);
#314=OVER_RIDING_STYLED_ITEM('',(#4454),#4297,#4363);
#315=OVER_RIDING_STYLED_ITEM('',(#4455),#4298,#4363);
#316=OVER_RIDING_STYLED_ITEM('',(#4456),#4299,#4363);
#317=OVER_RIDING_STYLED_ITEM('',(#4457),#4300,#4363);
#318=OVER_RIDING_STYLED_ITEM('',(#4458),#4301,#4363);
#319=OVER_RIDING_STYLED_ITEM('',(#4459),#4302,#4363);
#320=OVER_RIDING_STYLED_ITEM('',(#4460),#4303,#4363);
#321=OVER_RIDING_STYLED_ITEM('',(#4461),#4304,#4363);
#322=OVER_RIDING_STYLED_ITEM('',(#4462),#4305,#4363);
#323=OVER_RIDING_STYLED_ITEM('',(#4463),#4306,#4363);
#324=OVER_RIDING_STYLED_ITEM('',(#4464),#4307,#4363);
#325=OVER_RIDING_STYLED_ITEM('',(#4465),#4308,#4363);
#326=OVER_RIDING_STYLED_ITEM('',(#4466),#4309,#4363);
#327=OVER_RIDING_STYLED_ITEM('',(#4467),#4310,#4363);
#328=OVER_RIDING_STYLED_ITEM('',(#4468),#4311,#4363);
#329=OVER_RIDING_STYLED_ITEM('',(#4469),#4312,#4363);
#330=OVER_RIDING_STYLED_ITEM('',(#4470),#4313,#4363);
#331=OVER_RIDING_STYLED_ITEM('',(#4471),#4314,#4363);
#332=OVER_RIDING_STYLED_ITEM('',(#4472),#4315,#4363);
#333=OVER_RIDING_STYLED_ITEM('',(#4473),#4316,#4363);
#334=OVER_RIDING_STYLED_ITEM('',(#4474),#4317,#4363);
#335=OVER_RIDING_STYLED_ITEM('',(#4475),#4318,#4363);
#336=OVER_RIDING_STYLED_ITEM('',(#4476),#4319,#4363);
#337=OVER_RIDING_STYLED_ITEM('',(#4477),#4320,#4363);
#338=OVER_RIDING_STYLED_ITEM('',(#4478),#4321,#4363);
#339=OVER_RIDING_STYLED_ITEM('',(#4479),#4322,#4363);
#340=OVER_RIDING_STYLED_ITEM('',(#4480),#4323,#4363);
#341=OVER_RIDING_STYLED_ITEM('',(#4481),#4324,#4363);
#342=OVER_RIDING_STYLED_ITEM('',(#4482),#4325,#4363);
#343=OVER_RIDING_STYLED_ITEM('',(#4483),#4326,#4363);
#344=OVER_RIDING_STYLED_ITEM('',(#4484),#4327,#4363);
#345=OVER_RIDING_STYLED_ITEM('',(#4485),#4328,#4363);
#346=OVER_RIDING_STYLED_ITEM('',(#4486),#4329,#4363);
#347=OVER_RIDING_STYLED_ITEM('',(#4487),#4330,#4363);
#348=OVER_RIDING_STYLED_ITEM('',(#4488),#4331,#4363);
#349=OVER_RIDING_STYLED_ITEM('',(#4489),#4332,#4363);
#350=OVER_RIDING_STYLED_ITEM('',(#4490),#4333,#4363);
#351=OVER_RIDING_STYLED_ITEM('',(#4491),#4334,#4363);
#352=OVER_RIDING_STYLED_ITEM('',(#4492),#4335,#4363);
#353=OVER_RIDING_STYLED_ITEM('',(#4493),#4336,#4363);
#354=OVER_RIDING_STYLED_ITEM('',(#4494),#4337,#4363);
#355=OVER_RIDING_STYLED_ITEM('',(#4495),#4338,#4363);
#356=OVER_RIDING_STYLED_ITEM('',(#4496),#4339,#4363);
#357=OVER_RIDING_STYLED_ITEM('',(#4497),#4340,#4363);
#358=OVER_RIDING_STYLED_ITEM('',(#4498),#4341,#4363);
#359=OVER_RIDING_STYLED_ITEM('',(#4499),#4342,#4363);
#360=OVER_RIDING_STYLED_ITEM('',(#4500),#4348,#4363);
#361=OVER_RIDING_STYLED_ITEM('',(#4501),#4349,#4363);
#362=OVER_RIDING_STYLED_ITEM('',(#4502),#4350,#4363);
#363=OVER_RIDING_STYLED_ITEM('',(#4503),#4351,#4363);
#364=OVER_RIDING_STYLED_ITEM('',(#4504),#4352,#4363);
#365=OVER_RIDING_STYLED_ITEM('',(#4505),#4353,#4363);
#366=OVER_RIDING_STYLED_ITEM('',(#4506),#4354,#4363);
#367=OVER_RIDING_STYLED_ITEM('',(#4507),#4355,#4363);
#368=OVER_RIDING_STYLED_ITEM('',(#4508),#4356,#4363);
#369=OVER_RIDING_STYLED_ITEM('',(#4509),#4357,#4363);
#370=OVER_RIDING_STYLED_ITEM('',(#4510),#4358,#4363);
#371=OVER_RIDING_STYLED_ITEM('',(#4511),#4359,#4363);
#372=OVER_RIDING_STYLED_ITEM('',(#4512),#4360,#4363);
#373=OVER_RIDING_STYLED_ITEM('',(#4513),#4361,#4363);
#374=DRAUGHTING_PRE_DEFINED_COLOUR('black');
#375=LINE('',#7014,#711);
#376=LINE('',#7018,#712);
#377=LINE('',#7023,#713);
#378=LINE('',#7027,#714);
#379=LINE('',#7031,#715);
#380=LINE('',#7037,#716);
#381=LINE('',#7048,#717);
#382=LINE('',#7050,#718);
#383=LINE('',#7052,#719);
#384=LINE('',#7056,#720);
#385=LINE('',#7058,#721);
#386=LINE('',#7061,#722);
#387=LINE('',#7065,#723);
#388=LINE('',#7069,#724);
#389=LINE('',#7070,#725);
#390=LINE('',#7073,#726);
#391=LINE('',#7075,#727);
#392=LINE('',#7077,#728);
#393=LINE('',#7079,#729);
#394=LINE('',#7081,#730);
#395=LINE('',#7083,#731);
#396=LINE('',#7085,#732);
#397=LINE('',#7087,#733);
#398=LINE('',#7089,#734);
#399=LINE('',#7091,#735);
#400=LINE('',#7093,#736);
#401=LINE('',#7095,#737);
#402=LINE('',#7097,#738);
#403=LINE('',#7099,#739);
#404=LINE('',#7103,#740);
#405=LINE('',#7104,#741);
#406=LINE('',#7107,#742);
#407=LINE('',#7111,#743);
#408=LINE('',#7115,#744);
#409=LINE('',#7121,#745);
#410=LINE('',#7124,#746);
#411=LINE('',#7126,#747);
#412=LINE('',#7128,#748);
#413=LINE('',#7129,#749);
#414=LINE('',#7132,#750);
#415=LINE('',#7134,#751);
#416=LINE('',#7136,#752);
#417=LINE('',#7137,#753);
#418=LINE('',#7142,#754);
#419=LINE('',#7144,#755);
#420=LINE('',#7146,#756);
#421=LINE('',#7150,#757);
#422=LINE('',#7153,#758);
#423=LINE('',#7155,#759);
#424=LINE('',#7159,#760);
#425=LINE('',#7161,#761);
#426=LINE('',#7164,#762);
#427=LINE('',#7167,#763);
#428=LINE('',#7169,#764);
#429=LINE('',#7173,#765);
#430=LINE('',#7175,#766);
#431=LINE('',#7179,#767);
#432=LINE('',#7183,#768);
#433=LINE('',#7186,#769);
#434=LINE('',#7188,#770);
#435=LINE('',#7192,#771);
#436=LINE('',#7194,#772);
#437=LINE('',#7196,#773);
#438=LINE('',#7200,#774);
#439=LINE('',#7202,#775);
#440=LINE('',#7204,#776);
#441=LINE('',#7206,#777);
#442=LINE('',#7208,#778);
#443=LINE('',#7210,#779);
#444=LINE('',#7212,#780);
#445=LINE('',#7217,#781);
#446=LINE('',#7221,#782);
#447=LINE('',#7223,#783);
#448=LINE('',#7224,#784);
#449=LINE('',#7229,#785);
#450=LINE('',#7233,#786);
#451=LINE('',#7235,#787);
#452=LINE('',#7236,#788);
#453=LINE('',#7238,#789);
#454=LINE('',#7240,#790);
#455=LINE('',#7242,#791);
#456=LINE('',#7243,#792);
#457=LINE('',#7245,#793);
#458=LINE('',#7247,#794);
#459=LINE('',#7249,#795);
#460=LINE('',#7251,#796);
#461=LINE('',#7253,#797);
#462=LINE('',#7255,#798);
#463=LINE('',#7260,#799);
#464=LINE('',#7262,#800);
#465=LINE('',#7264,#801);
#466=LINE('',#7267,#802);
#467=LINE('',#7272,#803);
#468=LINE('',#7274,#804);
#469=LINE('',#7276,#805);
#470=LINE('',#7279,#806);
#471=LINE('',#7283,#807);
#472=LINE('',#7287,#808);
#473=LINE('',#7288,#809);
#474=LINE('',#7290,#810);
#475=LINE('',#7292,#811);
#476=LINE('',#7294,#812);
#477=LINE('',#7297,#813);
#478=LINE('',#7298,#814);
#479=LINE('',#7300,#815);
#480=LINE('',#7302,#816);
#481=LINE('',#7303,#817);
#482=LINE('',#7305,#818);
#483=LINE('',#7307,#819);
#484=LINE('',#7309,#820);
#485=LINE('',#7311,#821);
#486=LINE('',#7313,#822);
#487=LINE('',#7316,#823);
#488=LINE('',#7317,#824);
#489=LINE('',#7321,#825);
#490=LINE('',#7323,#826);
#491=LINE('',#7324,#827);
#492=LINE('',#7326,#828);
#493=LINE('',#7328,#829);
#494=LINE('',#7329,#830);
#495=LINE('',#7331,#831);
#496=LINE('',#7333,#832);
#497=LINE('',#7334,#833);
#498=LINE('',#7336,#834);
#499=LINE('',#7337,#835);
#500=LINE('',#7339,#836);
#501=LINE('',#7340,#837);
#502=LINE('',#7359,#838);
#503=LINE('',#7363,#839);
#504=LINE('',#7367,#840);
#505=LINE('',#7371,#841);
#506=LINE('',#7372,#842);
#507=LINE('',#7374,#843);
#508=LINE('',#7376,#844);
#509=LINE('',#7380,#845);
#510=LINE('',#7382,#846);
#511=LINE('',#7450,#847);
#512=LINE('',#7452,#848);
#513=LINE('',#7456,#849);
#514=LINE('',#7458,#850);
#515=LINE('',#7461,#851);
#516=LINE('',#7463,#852);
#517=LINE('',#7466,#853);
#518=LINE('',#7468,#854);
#519=LINE('',#7470,#855);
#520=LINE('',#7478,#856);
#521=LINE('',#7486,#857);
#522=LINE('',#7488,#858);
#523=LINE('',#7491,#859);
#524=LINE('',#7494,#860);
#525=LINE('',#7496,#861);
#526=LINE('',#7498,#862);
#527=LINE('',#7500,#863);
#528=LINE('',#7503,#864);
#529=LINE('',#7505,#865);
#530=LINE('',#7507,#866);
#531=LINE('',#7509,#867);
#532=LINE('',#7521,#868);
#533=LINE('',#7568,#869);
#534=LINE('',#7570,#870);
#535=LINE('',#7572,#871);
#536=LINE('',#7580,#872);
#537=LINE('',#7582,#873);
#538=LINE('',#7588,#874);
#539=LINE('',#7590,#875);
#540=LINE('',#7593,#876);
#541=LINE('',#7600,#877);
#542=LINE('',#7606,#878);
#543=LINE('',#7609,#879);
#544=LINE('',#7611,#880);
#545=LINE('',#7613,#881);
#546=LINE('',#7615,#882);
#547=LINE('',#7617,#883);
#548=LINE('',#7621,#884);
#549=LINE('',#7629,#885);
#550=LINE('',#7631,#886);
#551=LINE('',#7638,#887);
#552=LINE('',#7640,#888);
#553=LINE('',#7643,#889);
#554=LINE('',#7650,#890);
#555=LINE('',#7657,#891);
#556=LINE('',#7660,#892);
#557=LINE('',#7662,#893);
#558=LINE('',#7664,#894);
#559=LINE('',#7672,#895);
#560=LINE('',#7674,#896);
#561=LINE('',#7681,#897);
#562=LINE('',#7683,#898);
#563=LINE('',#7685,#899);
#564=LINE('',#7688,#900);
#565=LINE('',#7695,#901);
#566=LINE('',#7697,#902);
#567=LINE('',#7704,#903);
#568=LINE('',#7707,#904);
#569=LINE('',#7709,#905);
#570=LINE('',#7711,#906);
#571=LINE('',#7713,#907);
#572=LINE('',#7721,#908);
#573=LINE('',#7723,#909);
#574=LINE('',#7729,#910);
#575=LINE('',#7731,#911);
#576=LINE('',#7733,#912);
#577=LINE('',#7736,#913);
#578=LINE('',#7743,#914);
#579=LINE('',#7745,#915);
#580=LINE('',#7751,#916);
#581=LINE('',#7754,#917);
#582=LINE('',#7756,#918);
#583=LINE('',#7758,#919);
#584=LINE('',#7760,#920);
#585=LINE('',#7762,#921);
#586=LINE('',#7766,#922);
#587=LINE('',#7769,#923);
#588=LINE('',#7772,#924);
#589=LINE('',#7776,#925);
#590=LINE('',#7778,#926);
#591=LINE('',#7782,#927);
#592=LINE('',#7786,#928);
#593=LINE('',#7788,#929);
#594=LINE('',#7790,#930);
#595=LINE('',#7794,#931);
#596=LINE('',#7798,#932);
#597=LINE('',#7800,#933);
#598=LINE('',#7804,#934);
#599=LINE('',#7806,#935);
#600=LINE('',#7810,#936);
#601=LINE('',#7814,#937);
#602=LINE('',#7816,#938);
#603=LINE('',#7818,#939);
#604=LINE('',#7822,#940);
#605=LINE('',#7826,#941);
#606=LINE('',#7828,#942);
#607=LINE('',#7832,#943);
#608=LINE('',#7835,#944);
#609=LINE('',#7838,#945);
#610=LINE('',#7841,#946);
#611=LINE('',#7844,#947);
#612=LINE('',#7848,#948);
#613=LINE('',#7853,#949);
#614=LINE('',#7857,#950);
#615=LINE('',#7861,#951);
#616=LINE('',#7865,#952);
#617=LINE('',#7868,#953);
#618=LINE('',#7869,#954);
#619=LINE('',#7873,#955);
#620=LINE('',#7875,#956);
#621=LINE('',#7877,#957);
#622=LINE('',#7881,#958);
#623=LINE('',#7883,#959);
#624=LINE('',#7885,#960);
#625=LINE('',#7889,#961);
#626=LINE('',#7891,#962);
#627=LINE('',#7893,#963);
#628=LINE('',#7898,#964);
#629=LINE('',#7899,#965);
#630=LINE('',#7901,#966);
#631=LINE('',#7903,#967);
#632=LINE('',#7907,#968);
#633=LINE('',#7909,#969);
#634=LINE('',#7911,#970);
#635=LINE('',#7915,#971);
#636=LINE('',#7917,#972);
#637=LINE('',#7919,#973);
#638=LINE('',#7920,#974);
#639=LINE('',#7921,#975);
#640=LINE('',#7925,#976);
#641=LINE('',#7927,#977);
#642=LINE('',#7928,#978);
#643=LINE('',#7929,#979);
#644=LINE('',#7934,#980);
#645=LINE('',#7937,#981);
#646=LINE('',#7939,#982);
#647=LINE('',#7941,#983);
#648=LINE('',#7943,#984);
#649=LINE('',#7946,#985);
#650=LINE('',#7948,#986);
#651=LINE('',#7950,#987);
#652=LINE('',#7957,#988);
#653=LINE('',#7959,#989);
#654=LINE('',#7965,#990);
#655=LINE('',#7967,#991);
#656=LINE('',#7970,#992);
#657=LINE('',#7972,#993);
#658=LINE('',#7974,#994);
#659=LINE('',#7976,#995);
#660=LINE('',#7979,#996);
#661=LINE('',#7985,#997);
#662=LINE('',#7991,#998);
#663=LINE('',#7994,#999);
#664=LINE('',#7996,#1000);
#665=LINE('',#7998,#1001);
#666=LINE('',#8006,#1002);
#667=LINE('',#8008,#1003);
#668=LINE('',#8014,#1004);
#669=LINE('',#8016,#1005);
#670=LINE('',#8019,#1006);
#671=LINE('',#8021,#1007);
#672=LINE('',#8023,#1008);
#673=LINE('',#8025,#1009);
#674=LINE('',#8028,#1010);
#675=LINE('',#8034,#1011);
#676=LINE('',#8040,#1012);
#677=LINE('',#8043,#1013);
#678=LINE('',#8045,#1014);
#679=LINE('',#8047,#1015);
#680=LINE('',#8050,#1016);
#681=LINE('',#8051,#1017);
#682=LINE('',#8053,#1018);
#683=LINE('',#8056,#1019);
#684=LINE('',#8072,#1020);
#685=LINE('',#8074,#1021);
#686=LINE('',#8081,#1022);
#687=LINE('',#8084,#1023);
#688=LINE('',#8086,#1024);
#689=LINE('',#8088,#1025);
#690=LINE('',#8090,#1026);
#691=LINE('',#8091,#1027);
#692=LINE('',#8098,#1028);
#693=LINE('',#8100,#1029);
#694=LINE('',#8102,#1030);
#695=LINE('',#8105,#1031);
#696=LINE('',#8107,#1032);
#697=LINE('',#8109,#1033);
#698=LINE('',#8111,#1034);
#699=LINE('',#8118,#1035);
#700=LINE('',#8120,#1036);
#701=LINE('',#8122,#1037);
#702=LINE('',#8125,#1038);
#703=LINE('',#8127,#1039);
#704=LINE('',#8129,#1040);
#705=LINE('',#8131,#1041);
#706=LINE('',#8134,#1042);
#707=LINE('',#8136,#1043);
#708=LINE('',#8138,#1044);
#709=LINE('',#8439,#1045);
#710=LINE('',#8443,#1046);
#711=VECTOR('',#5743,1.);
#712=VECTOR('',#5746,1.);
#713=VECTOR('',#5751,1.);
#714=VECTOR('',#5754,1.);
#715=VECTOR('',#5759,1.);
#716=VECTOR('',#5766,1.);
#717=VECTOR('',#5781,1.);
#718=VECTOR('',#5782,1.);
#719=VECTOR('',#5783,1.);
#720=VECTOR('',#5786,1.);
#721=VECTOR('',#5789,1.);
#722=VECTOR('',#5790,1.);
#723=VECTOR('',#5793,1.);
#724=VECTOR('',#5796,1.);
#725=VECTOR('',#5797,1.);
#726=VECTOR('',#5798,1.);
#727=VECTOR('',#5799,1.);
#728=VECTOR('',#5800,1.);
#729=VECTOR('',#5801,1.);
#730=VECTOR('',#5802,1.);
#731=VECTOR('',#5803,1.);
#732=VECTOR('',#5804,1.);
#733=VECTOR('',#5805,1.);
#734=VECTOR('',#5806,1.);
#735=VECTOR('',#5807,1.);
#736=VECTOR('',#5808,1.);
#737=VECTOR('',#5809,1.);
#738=VECTOR('',#5810,1.);
#739=VECTOR('',#5811,1.);
#740=VECTOR('',#5814,1.);
#741=VECTOR('',#5815,1.);
#742=VECTOR('',#5816,1.);
#743=VECTOR('',#5819,1.);
#744=VECTOR('',#5822,1.);
#745=VECTOR('',#5829,1.);
#746=VECTOR('',#5830,1.);
#747=VECTOR('',#5831,1.);
#748=VECTOR('',#5832,1.);
#749=VECTOR('',#5833,1.);
#750=VECTOR('',#5834,1.);
#751=VECTOR('',#5835,1.);
#752=VECTOR('',#5836,1.);
#753=VECTOR('',#5837,1.);
#754=VECTOR('',#5840,1.);
#755=VECTOR('',#5841,1.);
#756=VECTOR('',#5842,1.);
#757=VECTOR('',#5847,1.);
#758=VECTOR('',#5848,1.);
#759=VECTOR('',#5849,1.);
#760=VECTOR('',#5852,1.);
#761=VECTOR('',#5853,1.);
#762=VECTOR('',#5858,1.);
#763=VECTOR('',#5859,1.);
#764=VECTOR('',#5860,1.);
#765=VECTOR('',#5865,1.);
#766=VECTOR('',#5866,1.);
#767=VECTOR('',#5869,1.);
#768=VECTOR('',#5874,1.);
#769=VECTOR('',#5875,1.);
#770=VECTOR('',#5876,1.);
#771=VECTOR('',#5879,1.);
#772=VECTOR('',#5880,1.);
#773=VECTOR('',#5881,1.);
#774=VECTOR('',#5886,1.);
#775=VECTOR('',#5887,1.);
#776=VECTOR('',#5888,1.);
#777=VECTOR('',#5891,1.);
#778=VECTOR('',#5892,1.);
#779=VECTOR('',#5893,1.);
#780=VECTOR('',#5896,1.);
#781=VECTOR('',#5899,1.);
#782=VECTOR('',#5902,1.);
#783=VECTOR('',#5903,1.);
#784=VECTOR('',#5904,1.);
#785=VECTOR('',#5907,1.);
#786=VECTOR('',#5910,1.);
#787=VECTOR('',#5911,1.);
#788=VECTOR('',#5912,1.);
#789=VECTOR('',#5913,1.);
#790=VECTOR('',#5914,1.);
#791=VECTOR('',#5915,1.);
#792=VECTOR('',#5916,1.);
#793=VECTOR('',#5917,1.);
#794=VECTOR('',#5918,1.);
#795=VECTOR('',#5919,1.);
#796=VECTOR('',#5920,1.);
#797=VECTOR('',#5921,1.);
#798=VECTOR('',#5924,1.);
#799=VECTOR('',#5927,1.);
#800=VECTOR('',#5928,1.);
#801=VECTOR('',#5929,1.);
#802=VECTOR('',#5932,1.);
#803=VECTOR('',#5935,1.);
#804=VECTOR('',#5936,1.);
#805=VECTOR('',#5937,1.);
#806=VECTOR('',#5940,1.);
#807=VECTOR('',#5943,1.);
#808=VECTOR('',#5946,1.);
#809=VECTOR('',#5947,1.);
#810=VECTOR('',#5948,1.);
#811=VECTOR('',#5949,1.);
#812=VECTOR('',#5952,1.);
#813=VECTOR('',#5953,1.);
#814=VECTOR('',#5954,1.);
#815=VECTOR('',#5955,1.);
#816=VECTOR('',#5956,1.);
#817=VECTOR('',#5957,1.);
#818=VECTOR('',#5958,1.);
#819=VECTOR('',#5959,1.);
#820=VECTOR('',#5960,1.);
#821=VECTOR('',#5961,1.);
#822=VECTOR('',#5964,1.);
#823=VECTOR('',#5965,1.);
#824=VECTOR('',#5966,1.);
#825=VECTOR('',#5969,1.);
#826=VECTOR('',#5970,1.);
#827=VECTOR('',#5971,1.);
#828=VECTOR('',#5972,1.);
#829=VECTOR('',#5973,1.);
#830=VECTOR('',#5974,1.);
#831=VECTOR('',#5975,1.);
#832=VECTOR('',#5976,1.);
#833=VECTOR('',#5977,1.);
#834=VECTOR('',#5980,1.);
#835=VECTOR('',#5981,1.);
#836=VECTOR('',#5984,1.);
#837=VECTOR('',#5985,1.);
#838=VECTOR('',#6014,1.);
#839=VECTOR('',#6019,1.);
#840=VECTOR('',#6022,1.);
#841=VECTOR('',#6025,1.);
#842=VECTOR('',#6026,1.);
#843=VECTOR('',#6027,1.);
#844=VECTOR('',#6030,1.);
#845=VECTOR('',#6035,1.);
#846=VECTOR('',#6036,1.);
#847=VECTOR('',#6131,1.);
#848=VECTOR('',#6134,1.);
#849=VECTOR('',#6141,1.);
#850=VECTOR('',#6144,1.);
#851=VECTOR('',#6149,1.);
#852=VECTOR('',#6152,1.);
#853=VECTOR('',#6153,1.);
#854=VECTOR('',#6154,1.);
#855=VECTOR('',#6155,1.);
#856=VECTOR('',#6158,1.);
#857=VECTOR('',#6161,1.);
#858=VECTOR('',#6164,1.);
#859=VECTOR('',#6169,1.);
#860=VECTOR('',#6170,1.);
#861=VECTOR('',#6171,1.);
#862=VECTOR('',#6172,1.);
#863=VECTOR('',#6175,1.);
#864=VECTOR('',#6176,1.);
#865=VECTOR('',#6177,1.);
#866=VECTOR('',#6178,1.);
#867=VECTOR('',#6181,1.);
#868=VECTOR('',#6182,1.);
#869=VECTOR('',#6257,1.);
#870=VECTOR('',#6258,1.);
#871=VECTOR('',#6259,1.);
#872=VECTOR('',#6262,1.);
#873=VECTOR('',#6263,1.);
#874=VECTOR('',#6264,1.);
#875=VECTOR('',#6267,1.);
#876=VECTOR('',#6268,1.);
#877=VECTOR('',#6269,1.);
#878=VECTOR('',#6272,1.);
#879=VECTOR('',#6273,1.);
#880=VECTOR('',#6274,1.);
#881=VECTOR('',#6275,1.);
#882=VECTOR('',#6278,1.);
#883=VECTOR('',#6279,1.);
#884=VECTOR('',#6282,1.);
#885=VECTOR('',#6285,1.);
#886=VECTOR('',#6286,1.);
#887=VECTOR('',#6287,1.);
#888=VECTOR('',#6290,1.);
#889=VECTOR('',#6291,1.);
#890=VECTOR('',#6292,1.);
#891=VECTOR('',#6295,1.);
#892=VECTOR('',#6296,1.);
#893=VECTOR('',#6297,1.);
#894=VECTOR('',#6298,1.);
#895=VECTOR('',#6301,1.);
#896=VECTOR('',#6302,1.);
#897=VECTOR('',#6303,1.);
#898=VECTOR('',#6304,1.);
#899=VECTOR('',#6307,1.);
#900=VECTOR('',#6308,1.);
#901=VECTOR('',#6309,1.);
#902=VECTOR('',#6310,1.);
#903=VECTOR('',#6313,1.);
#904=VECTOR('',#6314,1.);
#905=VECTOR('',#6315,1.);
#906=VECTOR('',#6316,1.);
#907=VECTOR('',#6319,1.);
#908=VECTOR('',#6322,1.);
#909=VECTOR('',#6323,1.);
#910=VECTOR('',#6324,1.);
#911=VECTOR('',#6325,1.);
#912=VECTOR('',#6328,1.);
#913=VECTOR('',#6329,1.);
#914=VECTOR('',#6330,1.);
#915=VECTOR('',#6331,1.);
#916=VECTOR('',#6334,1.);
#917=VECTOR('',#6335,1.);
#918=VECTOR('',#6336,1.);
#919=VECTOR('',#6337,1.);
#920=VECTOR('',#6340,1.);
#921=VECTOR('',#6343,1.);
#922=VECTOR('',#6346,1.);
#923=VECTOR('',#6349,1.);
#924=VECTOR('',#6352,1.);
#925=VECTOR('',#6355,1.);
#926=VECTOR('',#6356,1.);
#927=VECTOR('',#6359,1.);
#928=VECTOR('',#6362,1.);
#929=VECTOR('',#6363,1.);
#930=VECTOR('',#6364,1.);
#931=VECTOR('',#6367,1.);
#932=VECTOR('',#6370,1.);
#933=VECTOR('',#6371,1.);
#934=VECTOR('',#6374,1.);
#935=VECTOR('',#6375,1.);
#936=VECTOR('',#6378,1.);
#937=VECTOR('',#6381,1.);
#938=VECTOR('',#6382,1.);
#939=VECTOR('',#6383,1.);
#940=VECTOR('',#6386,1.);
#941=VECTOR('',#6389,1.);
#942=VECTOR('',#6390,1.);
#943=VECTOR('',#6393,1.);
#944=VECTOR('',#6396,1.);
#945=VECTOR('',#6399,1.);
#946=VECTOR('',#6402,1.);
#947=VECTOR('',#6405,1.);
#948=VECTOR('',#6410,1.);
#949=VECTOR('',#6413,1.);
#950=VECTOR('',#6416,1.);
#951=VECTOR('',#6419,1.);
#952=VECTOR('',#6424,1.);
#953=VECTOR('',#6425,1.);
#954=VECTOR('',#6426,1.);
#955=VECTOR('',#6431,1.);
#956=VECTOR('',#6434,1.);
#957=VECTOR('',#6435,1.);
#958=VECTOR('',#6440,1.);
#959=VECTOR('',#6443,1.);
#960=VECTOR('',#6444,1.);
#961=VECTOR('',#6449,1.);
#962=VECTOR('',#6452,1.);
#963=VECTOR('',#6453,1.);
#964=VECTOR('',#6458,1.);
#965=VECTOR('',#6459,1.);
#966=VECTOR('',#6462,1.);
#967=VECTOR('',#6463,1.);
#968=VECTOR('',#6468,1.);
#969=VECTOR('',#6471,1.);
#970=VECTOR('',#6472,1.);
#971=VECTOR('',#6477,1.);
#972=VECTOR('',#6480,1.);
#973=VECTOR('',#6481,1.);
#974=VECTOR('',#6482,1.);
#975=VECTOR('',#6483,1.);
#976=VECTOR('',#6488,1.);
#977=VECTOR('',#6491,1.);
#978=VECTOR('',#6492,1.);
#979=VECTOR('',#6493,1.);
#980=VECTOR('',#6502,1.);
#981=VECTOR('',#6503,1.);
#982=VECTOR('',#6504,1.);
#983=VECTOR('',#6505,1.);
#984=VECTOR('',#6508,1.);
#985=VECTOR('',#6509,1.);
#986=VECTOR('',#6510,1.);
#987=VECTOR('',#6511,1.);
#988=VECTOR('',#6514,1.);
#989=VECTOR('',#6515,1.);
#990=VECTOR('',#6516,1.);
#991=VECTOR('',#6519,1.);
#992=VECTOR('',#6520,1.);
#993=VECTOR('',#6521,1.);
#994=VECTOR('',#6522,1.);
#995=VECTOR('',#6525,1.);
#996=VECTOR('',#6526,1.);
#997=VECTOR('',#6527,1.);
#998=VECTOR('',#6530,1.);
#999=VECTOR('',#6531,1.);
#1000=VECTOR('',#6532,1.);
#1001=VECTOR('',#6533,1.);
#1002=VECTOR('',#6538,1.);
#1003=VECTOR('',#6539,1.);
#1004=VECTOR('',#6540,1.);
#1005=VECTOR('',#6543,1.);
#1006=VECTOR('',#6544,1.);
#1007=VECTOR('',#6545,1.);
#1008=VECTOR('',#6546,1.);
#1009=VECTOR('',#6549,1.);
#1010=VECTOR('',#6550,1.);
#1011=VECTOR('',#6551,1.);
#1012=VECTOR('',#6554,1.);
#1013=VECTOR('',#6555,1.);
#1014=VECTOR('',#6556,1.);
#1015=VECTOR('',#6557,1.);
#1016=VECTOR('',#6562,1.);
#1017=VECTOR('',#6563,1.);
#1018=VECTOR('',#6566,1.);
#1019=VECTOR('',#6567,1.);
#1020=VECTOR('',#6570,1.);
#1021=VECTOR('',#6571,1.);
#1022=VECTOR('',#6574,1.);
#1023=VECTOR('',#6575,1.);
#1024=VECTOR('',#6576,1.);
#1025=VECTOR('',#6577,1.);
#1026=VECTOR('',#6580,1.);
#1027=VECTOR('',#6581,1.);
#1028=VECTOR('',#6584,1.);
#1029=VECTOR('',#6585,1.);
#1030=VECTOR('',#6588,1.);
#1031=VECTOR('',#6589,1.);
#1032=VECTOR('',#6590,1.);
#1033=VECTOR('',#6591,1.);
#1034=VECTOR('',#6594,1.);
#1035=VECTOR('',#6595,1.);
#1036=VECTOR('',#6598,1.);
#1037=VECTOR('',#6601,1.);
#1038=VECTOR('',#6602,1.);
#1039=VECTOR('',#6603,1.);
#1040=VECTOR('',#6604,1.);
#1041=VECTOR('',#6607,1.);
#1042=VECTOR('',#6608,1.);
#1043=VECTOR('',#6609,1.);
#1044=VECTOR('',#6610,1.);
#1045=VECTOR('',#6947,1.);
#1046=VECTOR('',#6950,1.);
#1047=ORIENTED_EDGE('',*,*,#2257,.T.);
#1048=ORIENTED_EDGE('',*,*,#2258,.T.);
#1049=ORIENTED_EDGE('',*,*,#2259,.F.);
#1050=ORIENTED_EDGE('',*,*,#2260,.F.);
#1051=ORIENTED_EDGE('',*,*,#2261,.F.);
#1052=ORIENTED_EDGE('',*,*,#2262,.T.);
#1053=ORIENTED_EDGE('',*,*,#2263,.T.);
#1054=ORIENTED_EDGE('',*,*,#2264,.T.);
#1055=ORIENTED_EDGE('',*,*,#2265,.T.);
#1056=ORIENTED_EDGE('',*,*,#2266,.T.);
#1057=ORIENTED_EDGE('',*,*,#2267,.F.);
#1058=ORIENTED_EDGE('',*,*,#2264,.F.);
#1059=ORIENTED_EDGE('',*,*,#2268,.F.);
#1060=ORIENTED_EDGE('',*,*,#2269,.T.);
#1061=ORIENTED_EDGE('',*,*,#2270,.T.);
#1062=ORIENTED_EDGE('',*,*,#2260,.T.);
#1063=ORIENTED_EDGE('',*,*,#2271,.F.);
#1064=ORIENTED_EDGE('',*,*,#2261,.T.);
#1065=ORIENTED_EDGE('',*,*,#2267,.T.);
#1066=ORIENTED_EDGE('',*,*,#2272,.F.);
#1067=ORIENTED_EDGE('',*,*,#2268,.T.);
#1068=ORIENTED_EDGE('',*,*,#2259,.T.);
#1069=ORIENTED_EDGE('',*,*,#2273,.F.);
#1070=ORIENTED_EDGE('',*,*,#2274,.T.);
#1071=ORIENTED_EDGE('',*,*,#2275,.T.);
#1072=ORIENTED_EDGE('',*,*,#2276,.T.);
#1073=ORIENTED_EDGE('',*,*,#2277,.F.);
#1074=ORIENTED_EDGE('',*,*,#2278,.T.);
#1075=ORIENTED_EDGE('',*,*,#2279,.F.);
#1076=ORIENTED_EDGE('',*,*,#2280,.T.);
#1077=ORIENTED_EDGE('',*,*,#2281,.T.);
#1078=ORIENTED_EDGE('',*,*,#2282,.T.);
#1079=ORIENTED_EDGE('',*,*,#2283,.T.);
#1080=ORIENTED_EDGE('',*,*,#2284,.F.);
#1081=ORIENTED_EDGE('',*,*,#2285,.F.);
#1082=ORIENTED_EDGE('',*,*,#2286,.T.);
#1083=ORIENTED_EDGE('',*,*,#2287,.F.);
#1084=ORIENTED_EDGE('',*,*,#2288,.F.);
#1085=ORIENTED_EDGE('',*,*,#2289,.F.);
#1086=ORIENTED_EDGE('',*,*,#2290,.T.);
#1087=ORIENTED_EDGE('',*,*,#2291,.T.);
#1088=ORIENTED_EDGE('',*,*,#2292,.F.);
#1089=ORIENTED_EDGE('',*,*,#2293,.F.);
#1090=ORIENTED_EDGE('',*,*,#2294,.T.);
#1091=ORIENTED_EDGE('',*,*,#2295,.F.);
#1092=ORIENTED_EDGE('',*,*,#2296,.F.);
#1093=ORIENTED_EDGE('',*,*,#2297,.F.);
#1094=ORIENTED_EDGE('',*,*,#2298,.T.);
#1095=ORIENTED_EDGE('',*,*,#2299,.F.);
#1096=ORIENTED_EDGE('',*,*,#2300,.T.);
#1097=ORIENTED_EDGE('',*,*,#2301,.T.);
#1098=ORIENTED_EDGE('',*,*,#2302,.F.);
#1099=ORIENTED_EDGE('',*,*,#2303,.T.);
#1100=ORIENTED_EDGE('',*,*,#2304,.T.);
#1101=ORIENTED_EDGE('',*,*,#2305,.T.);
#1102=ORIENTED_EDGE('',*,*,#2306,.T.);
#1103=ORIENTED_EDGE('',*,*,#2307,.F.);
#1104=ORIENTED_EDGE('',*,*,#2308,.F.);
#1105=ORIENTED_EDGE('',*,*,#2309,.F.);
#1106=ORIENTED_EDGE('',*,*,#2310,.F.);
#1107=ORIENTED_EDGE('',*,*,#2311,.F.);
#1108=ORIENTED_EDGE('',*,*,#2312,.T.);
#1109=ORIENTED_EDGE('',*,*,#2313,.T.);
#1110=ORIENTED_EDGE('',*,*,#2314,.T.);
#1111=ORIENTED_EDGE('',*,*,#2315,.T.);
#1112=ORIENTED_EDGE('',*,*,#2316,.F.);
#1113=ORIENTED_EDGE('',*,*,#2317,.F.);
#1114=ORIENTED_EDGE('',*,*,#2318,.T.);
#1115=ORIENTED_EDGE('',*,*,#2319,.T.);
#1116=ORIENTED_EDGE('',*,*,#2320,.T.);
#1117=ORIENTED_EDGE('',*,*,#2321,.T.);
#1118=ORIENTED_EDGE('',*,*,#2322,.F.);
#1119=ORIENTED_EDGE('',*,*,#2323,.T.);
#1120=ORIENTED_EDGE('',*,*,#2324,.T.);
#1121=ORIENTED_EDGE('',*,*,#2325,.T.);
#1122=ORIENTED_EDGE('',*,*,#2326,.T.);
#1123=ORIENTED_EDGE('',*,*,#2327,.T.);
#1124=ORIENTED_EDGE('',*,*,#2328,.T.);
#1125=ORIENTED_EDGE('',*,*,#2329,.F.);
#1126=ORIENTED_EDGE('',*,*,#2293,.T.);
#1127=ORIENTED_EDGE('',*,*,#2330,.T.);
#1128=ORIENTED_EDGE('',*,*,#2331,.F.);
#1129=ORIENTED_EDGE('',*,*,#2332,.T.);
#1130=ORIENTED_EDGE('',*,*,#2333,.F.);
#1131=ORIENTED_EDGE('',*,*,#2334,.T.);
#1132=ORIENTED_EDGE('',*,*,#2312,.F.);
#1133=ORIENTED_EDGE('',*,*,#2335,.T.);
#1134=ORIENTED_EDGE('',*,*,#2289,.T.);
#1135=ORIENTED_EDGE('',*,*,#2336,.T.);
#1136=ORIENTED_EDGE('',*,*,#2337,.T.);
#1137=ORIENTED_EDGE('',*,*,#2338,.T.);
#1138=ORIENTED_EDGE('',*,*,#2339,.F.);
#1139=ORIENTED_EDGE('',*,*,#2340,.T.);
#1140=ORIENTED_EDGE('',*,*,#2341,.F.);
#1141=ORIENTED_EDGE('',*,*,#2342,.T.);
#1142=ORIENTED_EDGE('',*,*,#2343,.F.);
#1143=ORIENTED_EDGE('',*,*,#2344,.T.);
#1144=ORIENTED_EDGE('',*,*,#2345,.T.);
#1145=ORIENTED_EDGE('',*,*,#2346,.F.);
#1146=ORIENTED_EDGE('',*,*,#2347,.T.);
#1147=ORIENTED_EDGE('',*,*,#2348,.T.);
#1148=ORIENTED_EDGE('',*,*,#2285,.T.);
#1149=ORIENTED_EDGE('',*,*,#2349,.T.);
#1150=ORIENTED_EDGE('',*,*,#2350,.T.);
#1151=ORIENTED_EDGE('',*,*,#2351,.F.);
#1152=ORIENTED_EDGE('',*,*,#2352,.F.);
#1153=ORIENTED_EDGE('',*,*,#2297,.T.);
#1154=ORIENTED_EDGE('',*,*,#2353,.T.);
#1155=ORIENTED_EDGE('',*,*,#2354,.T.);
#1156=ORIENTED_EDGE('',*,*,#2355,.T.);
#1157=ORIENTED_EDGE('',*,*,#2356,.T.);
#1158=ORIENTED_EDGE('',*,*,#2357,.T.);
#1159=ORIENTED_EDGE('',*,*,#2358,.T.);
#1160=ORIENTED_EDGE('',*,*,#2359,.F.);
#1161=ORIENTED_EDGE('',*,*,#2360,.F.);
#1162=ORIENTED_EDGE('',*,*,#2361,.T.);
#1163=ORIENTED_EDGE('',*,*,#2362,.T.);
#1164=ORIENTED_EDGE('',*,*,#2363,.T.);
#1165=ORIENTED_EDGE('',*,*,#2364,.T.);
#1166=ORIENTED_EDGE('',*,*,#2365,.F.);
#1167=ORIENTED_EDGE('',*,*,#2366,.F.);
#1168=ORIENTED_EDGE('',*,*,#2367,.F.);
#1169=ORIENTED_EDGE('',*,*,#2324,.F.);
#1170=ORIENTED_EDGE('',*,*,#2368,.T.);
#1171=ORIENTED_EDGE('',*,*,#2369,.T.);
#1172=ORIENTED_EDGE('',*,*,#2370,.F.);
#1173=ORIENTED_EDGE('',*,*,#2347,.F.);
#1174=ORIENTED_EDGE('',*,*,#2371,.T.);
#1175=ORIENTED_EDGE('',*,*,#2372,.F.);
#1176=ORIENTED_EDGE('',*,*,#2373,.F.);
#1177=ORIENTED_EDGE('',*,*,#2374,.F.);
#1178=ORIENTED_EDGE('',*,*,#2375,.F.);
#1179=ORIENTED_EDGE('',*,*,#2376,.T.);
#1180=ORIENTED_EDGE('',*,*,#2377,.T.);
#1181=ORIENTED_EDGE('',*,*,#2378,.T.);
#1182=ORIENTED_EDGE('',*,*,#2379,.T.);
#1183=ORIENTED_EDGE('',*,*,#2380,.T.);
#1184=ORIENTED_EDGE('',*,*,#2381,.F.);
#1185=ORIENTED_EDGE('',*,*,#2382,.T.);
#1186=ORIENTED_EDGE('',*,*,#2383,.T.);
#1187=ORIENTED_EDGE('',*,*,#2384,.T.);
#1188=ORIENTED_EDGE('',*,*,#2385,.T.);
#1189=ORIENTED_EDGE('',*,*,#2386,.T.);
#1190=ORIENTED_EDGE('',*,*,#2387,.F.);
#1191=ORIENTED_EDGE('',*,*,#2388,.T.);
#1192=ORIENTED_EDGE('',*,*,#2333,.T.);
#1193=ORIENTED_EDGE('',*,*,#2389,.T.);
#1194=ORIENTED_EDGE('',*,*,#2390,.T.);
#1195=ORIENTED_EDGE('',*,*,#2391,.T.);
#1196=ORIENTED_EDGE('',*,*,#2392,.T.);
#1197=ORIENTED_EDGE('',*,*,#2393,.T.);
#1198=ORIENTED_EDGE('',*,*,#2341,.T.);
#1199=ORIENTED_EDGE('',*,*,#2394,.T.);
#1200=ORIENTED_EDGE('',*,*,#2395,.F.);
#1201=ORIENTED_EDGE('',*,*,#2396,.F.);
#1202=ORIENTED_EDGE('',*,*,#2397,.T.);
#1203=ORIENTED_EDGE('',*,*,#2398,.T.);
#1204=ORIENTED_EDGE('',*,*,#2345,.F.);
#1205=ORIENTED_EDGE('',*,*,#2399,.T.);
#1206=ORIENTED_EDGE('',*,*,#2400,.F.);
#1207=ORIENTED_EDGE('',*,*,#2401,.F.);
#1208=ORIENTED_EDGE('',*,*,#2326,.F.);
#1209=ORIENTED_EDGE('',*,*,#2402,.F.);
#1210=ORIENTED_EDGE('',*,*,#2403,.F.);
#1211=ORIENTED_EDGE('',*,*,#2404,.T.);
#1212=ORIENTED_EDGE('',*,*,#2405,.T.);
#1213=ORIENTED_EDGE('',*,*,#2406,.F.);
#1214=ORIENTED_EDGE('',*,*,#2407,.F.);
#1215=ORIENTED_EDGE('',*,*,#2408,.T.);
#1216=ORIENTED_EDGE('',*,*,#2350,.F.);
#1217=ORIENTED_EDGE('',*,*,#2409,.T.);
#1218=ORIENTED_EDGE('',*,*,#2410,.T.);
#1219=ORIENTED_EDGE('',*,*,#2411,.F.);
#1220=ORIENTED_EDGE('',*,*,#2412,.T.);
#1221=ORIENTED_EDGE('',*,*,#2354,.F.);
#1222=ORIENTED_EDGE('',*,*,#2413,.F.);
#1223=ORIENTED_EDGE('',*,*,#2414,.F.);
#1224=ORIENTED_EDGE('',*,*,#2415,.T.);
#1225=ORIENTED_EDGE('',*,*,#2328,.F.);
#1226=ORIENTED_EDGE('',*,*,#2416,.T.);
#1227=ORIENTED_EDGE('',*,*,#2417,.F.);
#1228=ORIENTED_EDGE('',*,*,#2418,.F.);
#1229=ORIENTED_EDGE('',*,*,#2337,.F.);
#1230=ORIENTED_EDGE('',*,*,#2419,.F.);
#1231=ORIENTED_EDGE('',*,*,#2420,.F.);
#1232=ORIENTED_EDGE('',*,*,#2376,.F.);
#1233=ORIENTED_EDGE('',*,*,#2421,.T.);
#1234=ORIENTED_EDGE('',*,*,#2403,.T.);
#1235=ORIENTED_EDGE('',*,*,#2374,.T.);
#1236=ORIENTED_EDGE('',*,*,#2422,.T.);
#1237=ORIENTED_EDGE('',*,*,#2405,.F.);
#1238=ORIENTED_EDGE('',*,*,#2423,.F.);
#1239=ORIENTED_EDGE('',*,*,#2424,.T.);
#1240=ORIENTED_EDGE('',*,*,#2290,.F.);
#1241=ORIENTED_EDGE('',*,*,#2335,.F.);
#1242=ORIENTED_EDGE('',*,*,#2311,.T.);
#1243=ORIENTED_EDGE('',*,*,#2425,.T.);
#1244=ORIENTED_EDGE('',*,*,#2368,.F.);
#1245=ORIENTED_EDGE('',*,*,#2330,.F.);
#1246=ORIENTED_EDGE('',*,*,#2292,.T.);
#1247=ORIENTED_EDGE('',*,*,#2426,.T.);
#1248=ORIENTED_EDGE('',*,*,#2394,.F.);
#1249=ORIENTED_EDGE('',*,*,#2348,.F.);
#1250=ORIENTED_EDGE('',*,*,#2370,.T.);
#1251=ORIENTED_EDGE('',*,*,#2427,.T.);
#1252=ORIENTED_EDGE('',*,*,#2313,.F.);
#1253=ORIENTED_EDGE('',*,*,#2334,.F.);
#1254=ORIENTED_EDGE('',*,*,#2396,.T.);
#1255=ORIENTED_EDGE('',*,*,#2428,.T.);
#1256=ORIENTED_EDGE('',*,*,#2429,.T.);
#1257=ORIENTED_EDGE('',*,*,#2430,.T.);
#1258=ORIENTED_EDGE('',*,*,#2431,.T.);
#1259=ORIENTED_EDGE('',*,*,#2310,.T.);
#1260=ORIENTED_EDGE('',*,*,#2427,.F.);
#1261=ORIENTED_EDGE('',*,*,#2395,.T.);
#1262=ORIENTED_EDGE('',*,*,#2426,.F.);
#1263=ORIENTED_EDGE('',*,*,#2369,.F.);
#1264=ORIENTED_EDGE('',*,*,#2425,.F.);
#1265=ORIENTED_EDGE('',*,*,#2291,.F.);
#1266=ORIENTED_EDGE('',*,*,#2424,.F.);
#1267=ORIENTED_EDGE('',*,*,#2432,.T.);
#1268=ORIENTED_EDGE('',*,*,#2433,.F.);
#1269=ORIENTED_EDGE('',*,*,#2399,.F.);
#1270=ORIENTED_EDGE('',*,*,#2344,.F.);
#1271=ORIENTED_EDGE('',*,*,#2434,.T.);
#1272=ORIENTED_EDGE('',*,*,#2435,.T.);
#1273=ORIENTED_EDGE('',*,*,#2436,.T.);
#1274=ORIENTED_EDGE('',*,*,#2437,.T.);
#1275=ORIENTED_EDGE('',*,*,#2438,.T.);
#1276=ORIENTED_EDGE('',*,*,#2331,.T.);
#1277=ORIENTED_EDGE('',*,*,#2439,.T.);
#1278=ORIENTED_EDGE('',*,*,#2440,.T.);
#1279=ORIENTED_EDGE('',*,*,#2432,.F.);
#1280=ORIENTED_EDGE('',*,*,#2343,.T.);
#1281=ORIENTED_EDGE('',*,*,#2441,.T.);
#1282=ORIENTED_EDGE('',*,*,#2442,.F.);
#1283=ORIENTED_EDGE('',*,*,#2439,.F.);
#1284=ORIENTED_EDGE('',*,*,#2340,.F.);
#1285=ORIENTED_EDGE('',*,*,#2339,.T.);
#1286=ORIENTED_EDGE('',*,*,#2443,.T.);
#1287=ORIENTED_EDGE('',*,*,#2444,.T.);
#1288=ORIENTED_EDGE('',*,*,#2441,.F.);
#1289=ORIENTED_EDGE('',*,*,#2418,.T.);
#1290=ORIENTED_EDGE('',*,*,#2445,.F.);
#1291=ORIENTED_EDGE('',*,*,#2443,.F.);
#1292=ORIENTED_EDGE('',*,*,#2338,.F.);
#1293=ORIENTED_EDGE('',*,*,#2401,.T.);
#1294=ORIENTED_EDGE('',*,*,#2446,.F.);
#1295=ORIENTED_EDGE('',*,*,#2416,.F.);
#1296=ORIENTED_EDGE('',*,*,#2327,.F.);
#1297=ORIENTED_EDGE('',*,*,#2447,.F.);
#1298=ORIENTED_EDGE('',*,*,#2448,.F.);
#1299=ORIENTED_EDGE('',*,*,#2449,.F.);
#1300=ORIENTED_EDGE('',*,*,#2450,.F.);
#1301=ORIENTED_EDGE('',*,*,#2400,.T.);
#1302=ORIENTED_EDGE('',*,*,#2433,.T.);
#1303=ORIENTED_EDGE('',*,*,#2440,.F.);
#1304=ORIENTED_EDGE('',*,*,#2442,.T.);
#1305=ORIENTED_EDGE('',*,*,#2444,.F.);
#1306=ORIENTED_EDGE('',*,*,#2445,.T.);
#1307=ORIENTED_EDGE('',*,*,#2417,.T.);
#1308=ORIENTED_EDGE('',*,*,#2446,.T.);
#1309=ORIENTED_EDGE('',*,*,#2451,.F.);
#1310=ORIENTED_EDGE('',*,*,#2450,.T.);
#1311=ORIENTED_EDGE('',*,*,#2452,.F.);
#1312=ORIENTED_EDGE('',*,*,#2451,.T.);
#1313=ORIENTED_EDGE('',*,*,#2453,.F.);
#1314=ORIENTED_EDGE('',*,*,#2449,.T.);
#1315=ORIENTED_EDGE('',*,*,#2454,.F.);
#1316=ORIENTED_EDGE('',*,*,#2453,.T.);
#1317=ORIENTED_EDGE('',*,*,#2455,.F.);
#1318=ORIENTED_EDGE('',*,*,#2448,.T.);
#1319=ORIENTED_EDGE('',*,*,#2456,.F.);
#1320=ORIENTED_EDGE('',*,*,#2455,.T.);
#1321=ORIENTED_EDGE('',*,*,#2457,.F.);
#1322=ORIENTED_EDGE('',*,*,#2447,.T.);
#1323=ORIENTED_EDGE('',*,*,#2458,.F.);
#1324=ORIENTED_EDGE('',*,*,#2457,.T.);
#1325=ORIENTED_EDGE('',*,*,#2459,.F.);
#1326=ORIENTED_EDGE('',*,*,#2458,.T.);
#1327=ORIENTED_EDGE('',*,*,#2460,.F.);
#1328=ORIENTED_EDGE('',*,*,#2459,.T.);
#1329=ORIENTED_EDGE('',*,*,#2461,.F.);
#1330=ORIENTED_EDGE('',*,*,#2456,.T.);
#1331=ORIENTED_EDGE('',*,*,#2462,.F.);
#1332=ORIENTED_EDGE('',*,*,#2461,.T.);
#1333=ORIENTED_EDGE('',*,*,#2463,.F.);
#1334=ORIENTED_EDGE('',*,*,#2454,.T.);
#1335=ORIENTED_EDGE('',*,*,#2464,.F.);
#1336=ORIENTED_EDGE('',*,*,#2463,.T.);
#1337=ORIENTED_EDGE('',*,*,#2465,.F.);
#1338=ORIENTED_EDGE('',*,*,#2452,.T.);
#1339=ORIENTED_EDGE('',*,*,#2466,.F.);
#1340=ORIENTED_EDGE('',*,*,#2465,.T.);
#1341=ORIENTED_EDGE('',*,*,#2466,.T.);
#1342=ORIENTED_EDGE('',*,*,#2428,.F.);
#1343=ORIENTED_EDGE('',*,*,#2464,.T.);
#1344=ORIENTED_EDGE('',*,*,#2429,.F.);
#1345=ORIENTED_EDGE('',*,*,#2462,.T.);
#1346=ORIENTED_EDGE('',*,*,#2430,.F.);
#1347=ORIENTED_EDGE('',*,*,#2460,.T.);
#1348=ORIENTED_EDGE('',*,*,#2431,.F.);
#1349=ORIENTED_EDGE('',*,*,#2375,.T.);
#1350=ORIENTED_EDGE('',*,*,#2423,.T.);
#1351=ORIENTED_EDGE('',*,*,#2404,.F.);
#1352=ORIENTED_EDGE('',*,*,#2421,.F.);
#1353=ORIENTED_EDGE('',*,*,#2373,.T.);
#1354=ORIENTED_EDGE('',*,*,#2467,.T.);
#1355=ORIENTED_EDGE('',*,*,#2406,.T.);
#1356=ORIENTED_EDGE('',*,*,#2422,.F.);
#1357=ORIENTED_EDGE('',*,*,#2372,.T.);
#1358=ORIENTED_EDGE('',*,*,#2468,.T.);
#1359=ORIENTED_EDGE('',*,*,#2397,.F.);
#1360=ORIENTED_EDGE('',*,*,#2467,.F.);
#1361=ORIENTED_EDGE('',*,*,#2346,.T.);
#1362=ORIENTED_EDGE('',*,*,#2398,.F.);
#1363=ORIENTED_EDGE('',*,*,#2468,.F.);
#1364=ORIENTED_EDGE('',*,*,#2371,.F.);
#1365=ORIENTED_EDGE('',*,*,#2367,.T.);
#1366=ORIENTED_EDGE('',*,*,#2420,.T.);
#1367=ORIENTED_EDGE('',*,*,#2402,.T.);
#1368=ORIENTED_EDGE('',*,*,#2325,.F.);
#1369=ORIENTED_EDGE('',*,*,#2296,.T.);
#1370=ORIENTED_EDGE('',*,*,#2469,.T.);
#1371=ORIENTED_EDGE('',*,*,#2413,.T.);
#1372=ORIENTED_EDGE('',*,*,#2353,.F.);
#1373=ORIENTED_EDGE('',*,*,#2329,.T.);
#1374=ORIENTED_EDGE('',*,*,#2415,.F.);
#1375=ORIENTED_EDGE('',*,*,#2470,.F.);
#1376=ORIENTED_EDGE('',*,*,#2294,.F.);
#1377=ORIENTED_EDGE('',*,*,#2295,.T.);
#1378=ORIENTED_EDGE('',*,*,#2470,.T.);
#1379=ORIENTED_EDGE('',*,*,#2414,.T.);
#1380=ORIENTED_EDGE('',*,*,#2469,.F.);
#1381=ORIENTED_EDGE('',*,*,#2352,.T.);
#1382=ORIENTED_EDGE('',*,*,#2412,.F.);
#1383=ORIENTED_EDGE('',*,*,#2471,.F.);
#1384=ORIENTED_EDGE('',*,*,#2298,.F.);
#1385=ORIENTED_EDGE('',*,*,#2472,.T.);
#1386=ORIENTED_EDGE('',*,*,#2473,.T.);
#1387=ORIENTED_EDGE('',*,*,#2474,.T.);
#1388=ORIENTED_EDGE('',*,*,#2475,.T.);
#1389=ORIENTED_EDGE('',*,*,#2411,.T.);
#1390=ORIENTED_EDGE('',*,*,#2476,.T.);
#1391=ORIENTED_EDGE('',*,*,#2477,.T.);
#1392=ORIENTED_EDGE('',*,*,#2478,.T.);
#1393=ORIENTED_EDGE('',*,*,#2299,.T.);
#1394=ORIENTED_EDGE('',*,*,#2471,.T.);
#1395=ORIENTED_EDGE('',*,*,#2351,.T.);
#1396=ORIENTED_EDGE('',*,*,#2408,.F.);
#1397=ORIENTED_EDGE('',*,*,#2479,.F.);
#1398=ORIENTED_EDGE('',*,*,#2286,.F.);
#1399=ORIENTED_EDGE('',*,*,#2288,.T.);
#1400=ORIENTED_EDGE('',*,*,#2480,.T.);
#1401=ORIENTED_EDGE('',*,*,#2419,.T.);
#1402=ORIENTED_EDGE('',*,*,#2336,.F.);
#1403=ORIENTED_EDGE('',*,*,#2287,.T.);
#1404=ORIENTED_EDGE('',*,*,#2479,.T.);
#1405=ORIENTED_EDGE('',*,*,#2407,.T.);
#1406=ORIENTED_EDGE('',*,*,#2480,.F.);
#1407=ORIENTED_EDGE('',*,*,#2481,.T.);
#1408=ORIENTED_EDGE('',*,*,#2482,.T.);
#1409=ORIENTED_EDGE('',*,*,#2483,.T.);
#1410=ORIENTED_EDGE('',*,*,#2484,.T.);
#1411=ORIENTED_EDGE('',*,*,#2485,.T.);
#1412=ORIENTED_EDGE('',*,*,#2486,.T.);
#1413=ORIENTED_EDGE('',*,*,#2487,.T.);
#1414=ORIENTED_EDGE('',*,*,#2488,.T.);
#1415=ORIENTED_EDGE('',*,*,#2489,.T.);
#1416=ORIENTED_EDGE('',*,*,#2490,.T.);
#1417=ORIENTED_EDGE('',*,*,#2436,.F.);
#1418=ORIENTED_EDGE('',*,*,#2491,.T.);
#1419=ORIENTED_EDGE('',*,*,#2492,.T.);
#1420=ORIENTED_EDGE('',*,*,#2493,.T.);
#1421=ORIENTED_EDGE('',*,*,#2391,.F.);
#1422=ORIENTED_EDGE('',*,*,#2494,.T.);
#1423=ORIENTED_EDGE('',*,*,#2495,.F.);
#1424=ORIENTED_EDGE('',*,*,#2349,.F.);
#1425=ORIENTED_EDGE('',*,*,#2496,.F.);
#1426=ORIENTED_EDGE('',*,*,#2475,.F.);
#1427=ORIENTED_EDGE('',*,*,#2496,.T.);
#1428=ORIENTED_EDGE('',*,*,#2301,.F.);
#1429=ORIENTED_EDGE('',*,*,#2497,.F.);
#1430=ORIENTED_EDGE('',*,*,#2472,.F.);
#1431=ORIENTED_EDGE('',*,*,#2495,.T.);
#1432=ORIENTED_EDGE('',*,*,#2474,.F.);
#1433=ORIENTED_EDGE('',*,*,#2498,.F.);
#1434=ORIENTED_EDGE('',*,*,#2409,.F.);
#1435=ORIENTED_EDGE('',*,*,#2300,.F.);
#1436=ORIENTED_EDGE('',*,*,#2478,.F.);
#1437=ORIENTED_EDGE('',*,*,#2499,.F.);
#1438=ORIENTED_EDGE('',*,*,#2497,.T.);
#1439=ORIENTED_EDGE('',*,*,#2410,.F.);
#1440=ORIENTED_EDGE('',*,*,#2498,.T.);
#1441=ORIENTED_EDGE('',*,*,#2500,.F.);
#1442=ORIENTED_EDGE('',*,*,#2476,.F.);
#1443=ORIENTED_EDGE('',*,*,#2499,.T.);
#1444=ORIENTED_EDGE('',*,*,#2477,.F.);
#1445=ORIENTED_EDGE('',*,*,#2500,.T.);
#1446=ORIENTED_EDGE('',*,*,#2473,.F.);
#1447=ORIENTED_EDGE('',*,*,#2501,.F.);
#1448=ORIENTED_EDGE('',*,*,#2332,.F.);
#1449=ORIENTED_EDGE('',*,*,#2502,.F.);
#1450=ORIENTED_EDGE('',*,*,#2484,.F.);
#1451=ORIENTED_EDGE('',*,*,#2502,.T.);
#1452=ORIENTED_EDGE('',*,*,#2438,.F.);
#1453=ORIENTED_EDGE('',*,*,#2503,.F.);
#1454=ORIENTED_EDGE('',*,*,#2481,.F.);
#1455=ORIENTED_EDGE('',*,*,#2501,.T.);
#1456=ORIENTED_EDGE('',*,*,#2483,.F.);
#1457=ORIENTED_EDGE('',*,*,#2504,.F.);
#1458=ORIENTED_EDGE('',*,*,#2389,.F.);
#1459=ORIENTED_EDGE('',*,*,#2437,.F.);
#1460=ORIENTED_EDGE('',*,*,#2490,.F.);
#1461=ORIENTED_EDGE('',*,*,#2505,.F.);
#1462=ORIENTED_EDGE('',*,*,#2503,.T.);
#1463=ORIENTED_EDGE('',*,*,#2390,.F.);
#1464=ORIENTED_EDGE('',*,*,#2504,.T.);
#1465=ORIENTED_EDGE('',*,*,#2506,.F.);
#1466=ORIENTED_EDGE('',*,*,#2494,.F.);
#1467=ORIENTED_EDGE('',*,*,#2505,.T.);
#1468=ORIENTED_EDGE('',*,*,#2489,.F.);
#1469=ORIENTED_EDGE('',*,*,#2506,.T.);
#1470=ORIENTED_EDGE('',*,*,#2482,.F.);
#1471=ORIENTED_EDGE('',*,*,#2507,.F.);
#1472=ORIENTED_EDGE('',*,*,#2488,.F.);
#1473=ORIENTED_EDGE('',*,*,#2508,.F.);
#1474=ORIENTED_EDGE('',*,*,#2342,.F.);
#1475=ORIENTED_EDGE('',*,*,#2508,.T.);
#1476=ORIENTED_EDGE('',*,*,#2487,.F.);
#1477=ORIENTED_EDGE('',*,*,#2509,.F.);
#1478=ORIENTED_EDGE('',*,*,#2434,.F.);
#1479=ORIENTED_EDGE('',*,*,#2507,.T.);
#1480=ORIENTED_EDGE('',*,*,#2393,.F.);
#1481=ORIENTED_EDGE('',*,*,#2510,.F.);
#1482=ORIENTED_EDGE('',*,*,#2485,.F.);
#1483=ORIENTED_EDGE('',*,*,#2435,.F.);
#1484=ORIENTED_EDGE('',*,*,#2509,.T.);
#1485=ORIENTED_EDGE('',*,*,#2511,.F.);
#1486=ORIENTED_EDGE('',*,*,#2491,.F.);
#1487=ORIENTED_EDGE('',*,*,#2392,.F.);
#1488=ORIENTED_EDGE('',*,*,#2493,.F.);
#1489=ORIENTED_EDGE('',*,*,#2512,.F.);
#1490=ORIENTED_EDGE('',*,*,#2510,.T.);
#1491=ORIENTED_EDGE('',*,*,#2511,.T.);
#1492=ORIENTED_EDGE('',*,*,#2486,.F.);
#1493=ORIENTED_EDGE('',*,*,#2512,.T.);
#1494=ORIENTED_EDGE('',*,*,#2492,.F.);
#1495=ORIENTED_EDGE('',*,*,#2513,.T.);
#1496=ORIENTED_EDGE('',*,*,#2302,.T.);
#1497=ORIENTED_EDGE('',*,*,#2514,.F.);
#1498=ORIENTED_EDGE('',*,*,#2515,.T.);
#1499=ORIENTED_EDGE('',*,*,#2516,.T.);
#1500=ORIENTED_EDGE('',*,*,#2517,.T.);
#1501=ORIENTED_EDGE('',*,*,#2518,.T.);
#1502=ORIENTED_EDGE('',*,*,#2519,.T.);
#1503=ORIENTED_EDGE('',*,*,#2303,.F.);
#1504=ORIENTED_EDGE('',*,*,#2513,.F.);
#1505=ORIENTED_EDGE('',*,*,#2520,.F.);
#1506=ORIENTED_EDGE('',*,*,#2521,.T.);
#1507=ORIENTED_EDGE('',*,*,#2522,.T.);
#1508=ORIENTED_EDGE('',*,*,#2523,.T.);
#1509=ORIENTED_EDGE('',*,*,#2524,.T.);
#1510=ORIENTED_EDGE('',*,*,#2514,.T.);
#1511=ORIENTED_EDGE('',*,*,#2307,.T.);
#1512=ORIENTED_EDGE('',*,*,#2525,.T.);
#1513=ORIENTED_EDGE('',*,*,#2526,.T.);
#1514=ORIENTED_EDGE('',*,*,#2527,.T.);
#1515=ORIENTED_EDGE('',*,*,#2528,.T.);
#1516=ORIENTED_EDGE('',*,*,#2529,.T.);
#1517=ORIENTED_EDGE('',*,*,#2530,.T.);
#1518=ORIENTED_EDGE('',*,*,#2279,.T.);
#1519=ORIENTED_EDGE('',*,*,#2531,.F.);
#1520=ORIENTED_EDGE('',*,*,#2532,.F.);
#1521=ORIENTED_EDGE('',*,*,#2533,.T.);
#1522=ORIENTED_EDGE('',*,*,#2534,.T.);
#1523=ORIENTED_EDGE('',*,*,#2535,.T.);
#1524=ORIENTED_EDGE('',*,*,#2536,.T.);
#1525=ORIENTED_EDGE('',*,*,#2537,.T.);
#1526=ORIENTED_EDGE('',*,*,#2280,.F.);
#1527=ORIENTED_EDGE('',*,*,#2530,.F.);
#1528=ORIENTED_EDGE('',*,*,#2538,.F.);
#1529=ORIENTED_EDGE('',*,*,#2539,.T.);
#1530=ORIENTED_EDGE('',*,*,#2540,.T.);
#1531=ORIENTED_EDGE('',*,*,#2541,.T.);
#1532=ORIENTED_EDGE('',*,*,#2542,.T.);
#1533=ORIENTED_EDGE('',*,*,#2531,.T.);
#1534=ORIENTED_EDGE('',*,*,#2284,.T.);
#1535=ORIENTED_EDGE('',*,*,#2543,.T.);
#1536=ORIENTED_EDGE('',*,*,#2544,.T.);
#1537=ORIENTED_EDGE('',*,*,#2545,.T.);
#1538=ORIENTED_EDGE('',*,*,#2546,.T.);
#1539=ORIENTED_EDGE('',*,*,#2547,.T.);
#1540=ORIENTED_EDGE('',*,*,#2548,.T.);
#1541=ORIENTED_EDGE('',*,*,#2549,.T.);
#1542=ORIENTED_EDGE('',*,*,#2550,.T.);
#1543=ORIENTED_EDGE('',*,*,#2551,.T.);
#1544=ORIENTED_EDGE('',*,*,#2355,.F.);
#1545=ORIENTED_EDGE('',*,*,#2552,.F.);
#1546=ORIENTED_EDGE('',*,*,#2553,.F.);
#1547=ORIENTED_EDGE('',*,*,#2554,.T.);
#1548=ORIENTED_EDGE('',*,*,#2555,.T.);
#1549=ORIENTED_EDGE('',*,*,#2556,.T.);
#1550=ORIENTED_EDGE('',*,*,#2557,.T.);
#1551=ORIENTED_EDGE('',*,*,#2558,.T.);
#1552=ORIENTED_EDGE('',*,*,#2359,.T.);
#1553=ORIENTED_EDGE('',*,*,#2559,.T.);
#1554=ORIENTED_EDGE('',*,*,#2560,.T.);
#1555=ORIENTED_EDGE('',*,*,#2561,.T.);
#1556=ORIENTED_EDGE('',*,*,#2562,.T.);
#1557=ORIENTED_EDGE('',*,*,#2563,.T.);
#1558=ORIENTED_EDGE('',*,*,#2552,.T.);
#1559=ORIENTED_EDGE('',*,*,#2360,.T.);
#1560=ORIENTED_EDGE('',*,*,#2558,.F.);
#1561=ORIENTED_EDGE('',*,*,#2564,.F.);
#1562=ORIENTED_EDGE('',*,*,#2565,.T.);
#1563=ORIENTED_EDGE('',*,*,#2566,.T.);
#1564=ORIENTED_EDGE('',*,*,#2567,.T.);
#1565=ORIENTED_EDGE('',*,*,#2568,.T.);
#1566=ORIENTED_EDGE('',*,*,#2361,.F.);
#1567=ORIENTED_EDGE('',*,*,#2569,.F.);
#1568=ORIENTED_EDGE('',*,*,#2570,.F.);
#1569=ORIENTED_EDGE('',*,*,#2571,.T.);
#1570=ORIENTED_EDGE('',*,*,#2572,.T.);
#1571=ORIENTED_EDGE('',*,*,#2573,.T.);
#1572=ORIENTED_EDGE('',*,*,#2574,.T.);
#1573=ORIENTED_EDGE('',*,*,#2575,.T.);
#1574=ORIENTED_EDGE('',*,*,#2365,.T.);
#1575=ORIENTED_EDGE('',*,*,#2576,.T.);
#1576=ORIENTED_EDGE('',*,*,#2577,.T.);
#1577=ORIENTED_EDGE('',*,*,#2578,.T.);
#1578=ORIENTED_EDGE('',*,*,#2579,.T.);
#1579=ORIENTED_EDGE('',*,*,#2580,.T.);
#1580=ORIENTED_EDGE('',*,*,#2569,.T.);
#1581=ORIENTED_EDGE('',*,*,#2366,.T.);
#1582=ORIENTED_EDGE('',*,*,#2575,.F.);
#1583=ORIENTED_EDGE('',*,*,#2581,.F.);
#1584=ORIENTED_EDGE('',*,*,#2582,.T.);
#1585=ORIENTED_EDGE('',*,*,#2583,.T.);
#1586=ORIENTED_EDGE('',*,*,#2538,.T.);
#1587=ORIENTED_EDGE('',*,*,#2584,.T.);
#1588=ORIENTED_EDGE('',*,*,#2524,.F.);
#1589=ORIENTED_EDGE('',*,*,#2585,.T.);
#1590=ORIENTED_EDGE('',*,*,#2586,.T.);
#1591=ORIENTED_EDGE('',*,*,#2587,.T.);
#1592=ORIENTED_EDGE('',*,*,#2520,.T.);
#1593=ORIENTED_EDGE('',*,*,#2588,.T.);
#1594=ORIENTED_EDGE('',*,*,#2589,.F.);
#1595=ORIENTED_EDGE('',*,*,#2590,.T.);
#1596=ORIENTED_EDGE('',*,*,#2591,.F.);
#1597=ORIENTED_EDGE('',*,*,#2592,.T.);
#1598=ORIENTED_EDGE('',*,*,#2593,.T.);
#1599=ORIENTED_EDGE('',*,*,#2594,.T.);
#1600=ORIENTED_EDGE('',*,*,#2595,.T.);
#1601=ORIENTED_EDGE('',*,*,#2596,.T.);
#1602=ORIENTED_EDGE('',*,*,#2597,.F.);
#1603=ORIENTED_EDGE('',*,*,#2598,.T.);
#1604=ORIENTED_EDGE('',*,*,#2599,.T.);
#1605=ORIENTED_EDGE('',*,*,#2600,.T.);
#1606=ORIENTED_EDGE('',*,*,#2601,.T.);
#1607=ORIENTED_EDGE('',*,*,#2602,.T.);
#1608=ORIENTED_EDGE('',*,*,#2603,.F.);
#1609=ORIENTED_EDGE('',*,*,#2604,.F.);
#1610=ORIENTED_EDGE('',*,*,#2605,.F.);
#1611=ORIENTED_EDGE('',*,*,#2606,.T.);
#1612=ORIENTED_EDGE('',*,*,#2607,.T.);
#1613=ORIENTED_EDGE('',*,*,#2608,.T.);
#1614=ORIENTED_EDGE('',*,*,#2609,.T.);
#1615=ORIENTED_EDGE('',*,*,#2610,.F.);
#1616=ORIENTED_EDGE('',*,*,#2611,.F.);
#1617=ORIENTED_EDGE('',*,*,#2612,.T.);
#1618=ORIENTED_EDGE('',*,*,#2613,.T.);
#1619=ORIENTED_EDGE('',*,*,#2614,.T.);
#1620=ORIENTED_EDGE('',*,*,#2615,.T.);
#1621=ORIENTED_EDGE('',*,*,#2616,.F.);
#1622=ORIENTED_EDGE('',*,*,#2617,.F.);
#1623=ORIENTED_EDGE('',*,*,#2618,.F.);
#1624=ORIENTED_EDGE('',*,*,#2574,.F.);
#1625=ORIENTED_EDGE('',*,*,#2619,.T.);
#1626=ORIENTED_EDGE('',*,*,#2620,.T.);
#1627=ORIENTED_EDGE('',*,*,#2621,.T.);
#1628=ORIENTED_EDGE('',*,*,#2570,.T.);
#1629=ORIENTED_EDGE('',*,*,#2622,.F.);
#1630=ORIENTED_EDGE('',*,*,#2557,.F.);
#1631=ORIENTED_EDGE('',*,*,#2623,.T.);
#1632=ORIENTED_EDGE('',*,*,#2624,.T.);
#1633=ORIENTED_EDGE('',*,*,#2625,.T.);
#1634=ORIENTED_EDGE('',*,*,#2553,.T.);
#1635=ORIENTED_EDGE('',*,*,#2626,.F.);
#1636=ORIENTED_EDGE('',*,*,#2627,.F.);
#1637=ORIENTED_EDGE('',*,*,#2542,.F.);
#1638=ORIENTED_EDGE('',*,*,#2628,.T.);
#1639=ORIENTED_EDGE('',*,*,#2629,.T.);
#1640=ORIENTED_EDGE('',*,*,#2630,.T.);
#1641=ORIENTED_EDGE('',*,*,#2631,.F.);
#1642=ORIENTED_EDGE('',*,*,#2632,.T.);
#1643=ORIENTED_EDGE('',*,*,#2633,.F.);
#1644=ORIENTED_EDGE('',*,*,#2634,.T.);
#1645=ORIENTED_EDGE('',*,*,#2635,.T.);
#1646=ORIENTED_EDGE('',*,*,#2636,.T.);
#1647=ORIENTED_EDGE('',*,*,#2637,.T.);
#1648=ORIENTED_EDGE('',*,*,#2638,.F.);
#1649=ORIENTED_EDGE('',*,*,#2629,.F.);
#1650=ORIENTED_EDGE('',*,*,#2639,.T.);
#1651=ORIENTED_EDGE('',*,*,#2640,.T.);
#1652=ORIENTED_EDGE('',*,*,#2641,.F.);
#1653=ORIENTED_EDGE('',*,*,#2630,.F.);
#1654=ORIENTED_EDGE('',*,*,#2638,.T.);
#1655=ORIENTED_EDGE('',*,*,#2642,.F.);
#1656=ORIENTED_EDGE('',*,*,#2643,.F.);
#1657=ORIENTED_EDGE('',*,*,#2631,.T.);
#1658=ORIENTED_EDGE('',*,*,#2641,.T.);
#1659=ORIENTED_EDGE('',*,*,#2644,.T.);
#1660=ORIENTED_EDGE('',*,*,#2645,.F.);
#1661=ORIENTED_EDGE('',*,*,#2632,.F.);
#1662=ORIENTED_EDGE('',*,*,#2643,.T.);
#1663=ORIENTED_EDGE('',*,*,#2646,.F.);
#1664=ORIENTED_EDGE('',*,*,#2647,.F.);
#1665=ORIENTED_EDGE('',*,*,#2633,.T.);
#1666=ORIENTED_EDGE('',*,*,#2645,.T.);
#1667=ORIENTED_EDGE('',*,*,#2648,.T.);
#1668=ORIENTED_EDGE('',*,*,#2649,.F.);
#1669=ORIENTED_EDGE('',*,*,#2634,.F.);
#1670=ORIENTED_EDGE('',*,*,#2647,.T.);
#1671=ORIENTED_EDGE('',*,*,#2650,.T.);
#1672=ORIENTED_EDGE('',*,*,#2651,.F.);
#1673=ORIENTED_EDGE('',*,*,#2635,.F.);
#1674=ORIENTED_EDGE('',*,*,#2649,.T.);
#1675=ORIENTED_EDGE('',*,*,#2652,.F.);
#1676=ORIENTED_EDGE('',*,*,#2653,.F.);
#1677=ORIENTED_EDGE('',*,*,#2617,.T.);
#1678=ORIENTED_EDGE('',*,*,#2654,.T.);
#1679=ORIENTED_EDGE('',*,*,#2655,.F.);
#1680=ORIENTED_EDGE('',*,*,#2656,.F.);
#1681=ORIENTED_EDGE('',*,*,#2626,.T.);
#1682=ORIENTED_EDGE('',*,*,#2564,.T.);
#1683=ORIENTED_EDGE('',*,*,#2622,.T.);
#1684=ORIENTED_EDGE('',*,*,#2581,.T.);
#1685=ORIENTED_EDGE('',*,*,#2618,.T.);
#1686=ORIENTED_EDGE('',*,*,#2653,.T.);
#1687=ORIENTED_EDGE('',*,*,#2657,.F.);
#1688=ORIENTED_EDGE('',*,*,#2658,.F.);
#1689=ORIENTED_EDGE('',*,*,#2532,.T.);
#1690=ORIENTED_EDGE('',*,*,#2627,.T.);
#1691=ORIENTED_EDGE('',*,*,#2656,.T.);
#1692=ORIENTED_EDGE('',*,*,#2659,.T.);
#1693=ORIENTED_EDGE('',*,*,#2660,.F.);
#1694=ORIENTED_EDGE('',*,*,#2588,.F.);
#1695=ORIENTED_EDGE('',*,*,#2515,.F.);
#1696=ORIENTED_EDGE('',*,*,#2584,.F.);
#1697=ORIENTED_EDGE('',*,*,#2533,.F.);
#1698=ORIENTED_EDGE('',*,*,#2658,.T.);
#1699=ORIENTED_EDGE('',*,*,#2661,.F.);
#1700=ORIENTED_EDGE('',*,*,#2662,.F.);
#1701=ORIENTED_EDGE('',*,*,#2589,.T.);
#1702=ORIENTED_EDGE('',*,*,#2660,.T.);
#1703=ORIENTED_EDGE('',*,*,#2663,.T.);
#1704=ORIENTED_EDGE('',*,*,#2664,.F.);
#1705=ORIENTED_EDGE('',*,*,#2602,.F.);
#1706=ORIENTED_EDGE('',*,*,#2665,.F.);
#1707=ORIENTED_EDGE('',*,*,#2596,.F.);
#1708=ORIENTED_EDGE('',*,*,#2666,.F.);
#1709=ORIENTED_EDGE('',*,*,#2590,.F.);
#1710=ORIENTED_EDGE('',*,*,#2662,.T.);
#1711=ORIENTED_EDGE('',*,*,#2667,.F.);
#1712=ORIENTED_EDGE('',*,*,#2668,.F.);
#1713=ORIENTED_EDGE('',*,*,#2603,.T.);
#1714=ORIENTED_EDGE('',*,*,#2664,.T.);
#1715=ORIENTED_EDGE('',*,*,#2669,.F.);
#1716=ORIENTED_EDGE('',*,*,#2654,.F.);
#1717=ORIENTED_EDGE('',*,*,#2616,.T.);
#1718=ORIENTED_EDGE('',*,*,#2670,.T.);
#1719=ORIENTED_EDGE('',*,*,#2610,.T.);
#1720=ORIENTED_EDGE('',*,*,#2671,.T.);
#1721=ORIENTED_EDGE('',*,*,#2604,.T.);
#1722=ORIENTED_EDGE('',*,*,#2668,.T.);
#1723=ORIENTED_EDGE('',*,*,#2672,.T.);
#1724=ORIENTED_EDGE('',*,*,#2639,.F.);
#1725=ORIENTED_EDGE('',*,*,#2636,.F.);
#1726=ORIENTED_EDGE('',*,*,#2651,.T.);
#1727=ORIENTED_EDGE('',*,*,#2652,.T.);
#1728=ORIENTED_EDGE('',*,*,#2669,.T.);
#1729=ORIENTED_EDGE('',*,*,#2667,.T.);
#1730=ORIENTED_EDGE('',*,*,#2663,.F.);
#1731=ORIENTED_EDGE('',*,*,#2661,.T.);
#1732=ORIENTED_EDGE('',*,*,#2659,.F.);
#1733=ORIENTED_EDGE('',*,*,#2657,.T.);
#1734=ORIENTED_EDGE('',*,*,#2655,.T.);
#1735=ORIENTED_EDGE('',*,*,#2637,.F.);
#1736=ORIENTED_EDGE('',*,*,#2672,.F.);
#1737=ORIENTED_EDGE('',*,*,#2650,.F.);
#1738=ORIENTED_EDGE('',*,*,#2648,.F.);
#1739=ORIENTED_EDGE('',*,*,#2646,.T.);
#1740=ORIENTED_EDGE('',*,*,#2644,.F.);
#1741=ORIENTED_EDGE('',*,*,#2642,.T.);
#1742=ORIENTED_EDGE('',*,*,#2640,.F.);
#1743=ORIENTED_EDGE('',*,*,#2673,.T.);
#1744=ORIENTED_EDGE('',*,*,#2674,.T.);
#1745=ORIENTED_EDGE('',*,*,#2675,.T.);
#1746=ORIENTED_EDGE('',*,*,#2676,.T.);
#1747=ORIENTED_EDGE('',*,*,#2677,.T.);
#1748=ORIENTED_EDGE('',*,*,#2678,.T.);
#1749=ORIENTED_EDGE('',*,*,#2679,.T.);
#1750=ORIENTED_EDGE('',*,*,#2680,.T.);
#1751=ORIENTED_EDGE('',*,*,#2681,.T.);
#1752=ORIENTED_EDGE('',*,*,#2682,.T.);
#1753=ORIENTED_EDGE('',*,*,#2683,.T.);
#1754=ORIENTED_EDGE('',*,*,#2684,.T.);
#1755=ORIENTED_EDGE('',*,*,#2381,.T.);
#1756=ORIENTED_EDGE('',*,*,#2685,.F.);
#1757=ORIENTED_EDGE('',*,*,#2615,.F.);
#1758=ORIENTED_EDGE('',*,*,#2686,.T.);
#1759=ORIENTED_EDGE('',*,*,#2687,.T.);
#1760=ORIENTED_EDGE('',*,*,#2688,.T.);
#1761=ORIENTED_EDGE('',*,*,#2689,.T.);
#1762=ORIENTED_EDGE('',*,*,#2690,.T.);
#1763=ORIENTED_EDGE('',*,*,#2691,.T.);
#1764=ORIENTED_EDGE('',*,*,#2692,.T.);
#1765=ORIENTED_EDGE('',*,*,#2611,.T.);
#1766=ORIENTED_EDGE('',*,*,#2693,.T.);
#1767=ORIENTED_EDGE('',*,*,#2379,.F.);
#1768=ORIENTED_EDGE('',*,*,#2694,.T.);
#1769=ORIENTED_EDGE('',*,*,#2695,.T.);
#1770=ORIENTED_EDGE('',*,*,#2696,.T.);
#1771=ORIENTED_EDGE('',*,*,#2697,.T.);
#1772=ORIENTED_EDGE('',*,*,#2698,.T.);
#1773=ORIENTED_EDGE('',*,*,#2380,.F.);
#1774=ORIENTED_EDGE('',*,*,#2693,.F.);
#1775=ORIENTED_EDGE('',*,*,#2670,.F.);
#1776=ORIENTED_EDGE('',*,*,#2685,.T.);
#1777=ORIENTED_EDGE('',*,*,#2699,.T.);
#1778=ORIENTED_EDGE('',*,*,#2700,.T.);
#1779=ORIENTED_EDGE('',*,*,#2701,.T.);
#1780=ORIENTED_EDGE('',*,*,#2702,.T.);
#1781=ORIENTED_EDGE('',*,*,#2387,.T.);
#1782=ORIENTED_EDGE('',*,*,#2703,.F.);
#1783=ORIENTED_EDGE('',*,*,#2609,.F.);
#1784=ORIENTED_EDGE('',*,*,#2704,.T.);
#1785=ORIENTED_EDGE('',*,*,#2705,.T.);
#1786=ORIENTED_EDGE('',*,*,#2706,.T.);
#1787=ORIENTED_EDGE('',*,*,#2707,.T.);
#1788=ORIENTED_EDGE('',*,*,#2708,.T.);
#1789=ORIENTED_EDGE('',*,*,#2709,.T.);
#1790=ORIENTED_EDGE('',*,*,#2710,.T.);
#1791=ORIENTED_EDGE('',*,*,#2605,.T.);
#1792=ORIENTED_EDGE('',*,*,#2711,.T.);
#1793=ORIENTED_EDGE('',*,*,#2385,.F.);
#1794=ORIENTED_EDGE('',*,*,#2712,.T.);
#1795=ORIENTED_EDGE('',*,*,#2713,.T.);
#1796=ORIENTED_EDGE('',*,*,#2714,.T.);
#1797=ORIENTED_EDGE('',*,*,#2715,.T.);
#1798=ORIENTED_EDGE('',*,*,#2716,.T.);
#1799=ORIENTED_EDGE('',*,*,#2386,.F.);
#1800=ORIENTED_EDGE('',*,*,#2711,.F.);
#1801=ORIENTED_EDGE('',*,*,#2671,.F.);
#1802=ORIENTED_EDGE('',*,*,#2703,.T.);
#1803=ORIENTED_EDGE('',*,*,#2321,.F.);
#1804=ORIENTED_EDGE('',*,*,#2717,.F.);
#1805=ORIENTED_EDGE('',*,*,#2665,.T.);
#1806=ORIENTED_EDGE('',*,*,#2718,.T.);
#1807=ORIENTED_EDGE('',*,*,#2719,.T.);
#1808=ORIENTED_EDGE('',*,*,#2720,.T.);
#1809=ORIENTED_EDGE('',*,*,#2721,.T.);
#1810=ORIENTED_EDGE('',*,*,#2322,.T.);
#1811=ORIENTED_EDGE('',*,*,#2718,.F.);
#1812=ORIENTED_EDGE('',*,*,#2601,.F.);
#1813=ORIENTED_EDGE('',*,*,#2722,.T.);
#1814=ORIENTED_EDGE('',*,*,#2723,.T.);
#1815=ORIENTED_EDGE('',*,*,#2724,.T.);
#1816=ORIENTED_EDGE('',*,*,#2725,.T.);
#1817=ORIENTED_EDGE('',*,*,#2726,.T.);
#1818=ORIENTED_EDGE('',*,*,#2597,.T.);
#1819=ORIENTED_EDGE('',*,*,#2717,.T.);
#1820=ORIENTED_EDGE('',*,*,#2320,.F.);
#1821=ORIENTED_EDGE('',*,*,#2727,.T.);
#1822=ORIENTED_EDGE('',*,*,#2728,.T.);
#1823=ORIENTED_EDGE('',*,*,#2729,.T.);
#1824=ORIENTED_EDGE('',*,*,#2730,.T.);
#1825=ORIENTED_EDGE('',*,*,#2315,.F.);
#1826=ORIENTED_EDGE('',*,*,#2731,.F.);
#1827=ORIENTED_EDGE('',*,*,#2666,.T.);
#1828=ORIENTED_EDGE('',*,*,#2732,.T.);
#1829=ORIENTED_EDGE('',*,*,#2595,.F.);
#1830=ORIENTED_EDGE('',*,*,#2733,.T.);
#1831=ORIENTED_EDGE('',*,*,#2734,.T.);
#1832=ORIENTED_EDGE('',*,*,#2735,.T.);
#1833=ORIENTED_EDGE('',*,*,#2316,.T.);
#1834=ORIENTED_EDGE('',*,*,#2732,.F.);
#1835=ORIENTED_EDGE('',*,*,#2736,.T.);
#1836=ORIENTED_EDGE('',*,*,#2737,.T.);
#1837=ORIENTED_EDGE('',*,*,#2738,.T.);
#1838=ORIENTED_EDGE('',*,*,#2739,.T.);
#1839=ORIENTED_EDGE('',*,*,#2740,.T.);
#1840=ORIENTED_EDGE('',*,*,#2741,.T.);
#1841=ORIENTED_EDGE('',*,*,#2591,.T.);
#1842=ORIENTED_EDGE('',*,*,#2731,.T.);
#1843=ORIENTED_EDGE('',*,*,#2314,.F.);
#1844=ORIENTED_EDGE('',*,*,#2742,.F.);
#1845=ORIENTED_EDGE('',*,*,#2735,.F.);
#1846=ORIENTED_EDGE('',*,*,#2743,.T.);
#1847=ORIENTED_EDGE('',*,*,#2742,.T.);
#1848=ORIENTED_EDGE('',*,*,#2317,.T.);
#1849=ORIENTED_EDGE('',*,*,#2744,.T.);
#1850=ORIENTED_EDGE('',*,*,#2745,.T.);
#1851=ORIENTED_EDGE('',*,*,#2746,.T.);
#1852=ORIENTED_EDGE('',*,*,#2747,.T.);
#1853=ORIENTED_EDGE('',*,*,#2748,.T.);
#1854=ORIENTED_EDGE('',*,*,#2749,.T.);
#1855=ORIENTED_EDGE('',*,*,#2750,.T.);
#1856=ORIENTED_EDGE('',*,*,#2751,.T.);
#1857=ORIENTED_EDGE('',*,*,#2725,.F.);
#1858=ORIENTED_EDGE('',*,*,#2752,.T.);
#1859=ORIENTED_EDGE('',*,*,#2276,.F.);
#1860=ORIENTED_EDGE('',*,*,#2753,.F.);
#1861=ORIENTED_EDGE('',*,*,#2727,.F.);
#1862=ORIENTED_EDGE('',*,*,#2754,.T.);
#1863=ORIENTED_EDGE('',*,*,#2278,.F.);
#1864=ORIENTED_EDGE('',*,*,#2755,.T.);
#1865=ORIENTED_EDGE('',*,*,#2726,.F.);
#1866=ORIENTED_EDGE('',*,*,#2753,.T.);
#1867=ORIENTED_EDGE('',*,*,#2756,.F.);
#1868=ORIENTED_EDGE('',*,*,#2598,.F.);
#1869=ORIENTED_EDGE('',*,*,#2274,.F.);
#1870=ORIENTED_EDGE('',*,*,#2757,.T.);
#1871=ORIENTED_EDGE('',*,*,#2719,.F.);
#1872=ORIENTED_EDGE('',*,*,#2758,.F.);
#1873=ORIENTED_EDGE('',*,*,#2756,.T.);
#1874=ORIENTED_EDGE('',*,*,#2275,.F.);
#1875=ORIENTED_EDGE('',*,*,#2759,.F.);
#1876=ORIENTED_EDGE('',*,*,#2599,.F.);
#1877=ORIENTED_EDGE('',*,*,#2722,.F.);
#1878=ORIENTED_EDGE('',*,*,#2600,.F.);
#1879=ORIENTED_EDGE('',*,*,#2759,.T.);
#1880=ORIENTED_EDGE('',*,*,#2758,.T.);
#1881=ORIENTED_EDGE('',*,*,#2382,.F.);
#1882=ORIENTED_EDGE('',*,*,#2684,.F.);
#1883=ORIENTED_EDGE('',*,*,#2760,.F.);
#1884=ORIENTED_EDGE('',*,*,#2761,.F.);
#1885=ORIENTED_EDGE('',*,*,#2683,.F.);
#1886=ORIENTED_EDGE('',*,*,#2762,.T.);
#1887=ORIENTED_EDGE('',*,*,#2697,.F.);
#1888=ORIENTED_EDGE('',*,*,#2760,.T.);
#1889=ORIENTED_EDGE('',*,*,#2761,.T.);
#1890=ORIENTED_EDGE('',*,*,#2696,.F.);
#1891=ORIENTED_EDGE('',*,*,#2763,.F.);
#1892=ORIENTED_EDGE('',*,*,#2377,.F.);
#1893=ORIENTED_EDGE('',*,*,#2688,.F.);
#1894=ORIENTED_EDGE('',*,*,#2764,.T.);
#1895=ORIENTED_EDGE('',*,*,#2698,.F.);
#1896=ORIENTED_EDGE('',*,*,#2765,.T.);
#1897=ORIENTED_EDGE('',*,*,#2378,.F.);
#1898=ORIENTED_EDGE('',*,*,#2763,.T.);
#1899=ORIENTED_EDGE('',*,*,#2766,.F.);
#1900=ORIENTED_EDGE('',*,*,#2694,.F.);
#1901=ORIENTED_EDGE('',*,*,#2695,.F.);
#1902=ORIENTED_EDGE('',*,*,#2767,.T.);
#1903=ORIENTED_EDGE('',*,*,#2690,.F.);
#1904=ORIENTED_EDGE('',*,*,#2766,.T.);
#1905=ORIENTED_EDGE('',*,*,#2388,.F.);
#1906=ORIENTED_EDGE('',*,*,#2702,.F.);
#1907=ORIENTED_EDGE('',*,*,#2768,.F.);
#1908=ORIENTED_EDGE('',*,*,#2769,.F.);
#1909=ORIENTED_EDGE('',*,*,#2701,.F.);
#1910=ORIENTED_EDGE('',*,*,#2770,.T.);
#1911=ORIENTED_EDGE('',*,*,#2715,.F.);
#1912=ORIENTED_EDGE('',*,*,#2768,.T.);
#1913=ORIENTED_EDGE('',*,*,#2769,.T.);
#1914=ORIENTED_EDGE('',*,*,#2714,.F.);
#1915=ORIENTED_EDGE('',*,*,#2771,.F.);
#1916=ORIENTED_EDGE('',*,*,#2383,.F.);
#1917=ORIENTED_EDGE('',*,*,#2706,.F.);
#1918=ORIENTED_EDGE('',*,*,#2772,.T.);
#1919=ORIENTED_EDGE('',*,*,#2716,.F.);
#1920=ORIENTED_EDGE('',*,*,#2773,.T.);
#1921=ORIENTED_EDGE('',*,*,#2384,.F.);
#1922=ORIENTED_EDGE('',*,*,#2771,.T.);
#1923=ORIENTED_EDGE('',*,*,#2774,.F.);
#1924=ORIENTED_EDGE('',*,*,#2712,.F.);
#1925=ORIENTED_EDGE('',*,*,#2713,.F.);
#1926=ORIENTED_EDGE('',*,*,#2775,.T.);
#1927=ORIENTED_EDGE('',*,*,#2708,.F.);
#1928=ORIENTED_EDGE('',*,*,#2774,.T.);
#1929=ORIENTED_EDGE('',*,*,#2277,.T.);
#1930=ORIENTED_EDGE('',*,*,#2752,.F.);
#1931=ORIENTED_EDGE('',*,*,#2776,.F.);
#1932=ORIENTED_EDGE('',*,*,#2755,.F.);
#1933=ORIENTED_EDGE('',*,*,#2776,.T.);
#1934=ORIENTED_EDGE('',*,*,#2724,.F.);
#1935=ORIENTED_EDGE('',*,*,#2777,.F.);
#1936=ORIENTED_EDGE('',*,*,#2728,.F.);
#1937=ORIENTED_EDGE('',*,*,#2723,.F.);
#1938=ORIENTED_EDGE('',*,*,#2319,.F.);
#1939=ORIENTED_EDGE('',*,*,#2778,.F.);
#1940=ORIENTED_EDGE('',*,*,#2777,.T.);
#1941=ORIENTED_EDGE('',*,*,#2778,.T.);
#1942=ORIENTED_EDGE('',*,*,#2318,.F.);
#1943=ORIENTED_EDGE('',*,*,#2779,.F.);
#1944=ORIENTED_EDGE('',*,*,#2729,.F.);
#1945=ORIENTED_EDGE('',*,*,#2323,.F.);
#1946=ORIENTED_EDGE('',*,*,#2721,.F.);
#1947=ORIENTED_EDGE('',*,*,#2780,.F.);
#1948=ORIENTED_EDGE('',*,*,#2779,.T.);
#1949=ORIENTED_EDGE('',*,*,#2780,.T.);
#1950=ORIENTED_EDGE('',*,*,#2720,.F.);
#1951=ORIENTED_EDGE('',*,*,#2781,.F.);
#1952=ORIENTED_EDGE('',*,*,#2730,.F.);
#1953=ORIENTED_EDGE('',*,*,#2754,.F.);
#1954=ORIENTED_EDGE('',*,*,#2781,.T.);
#1955=ORIENTED_EDGE('',*,*,#2757,.F.);
#1956=ORIENTED_EDGE('',*,*,#2273,.T.);
#1957=ORIENTED_EDGE('',*,*,#2782,.F.);
#1958=ORIENTED_EDGE('',*,*,#2740,.F.);
#1959=ORIENTED_EDGE('',*,*,#2783,.F.);
#1960=ORIENTED_EDGE('',*,*,#2737,.F.);
#1961=ORIENTED_EDGE('',*,*,#2783,.T.);
#1962=ORIENTED_EDGE('',*,*,#2743,.F.);
#1963=ORIENTED_EDGE('',*,*,#2784,.F.);
#1964=ORIENTED_EDGE('',*,*,#2738,.F.);
#1965=ORIENTED_EDGE('',*,*,#2741,.F.);
#1966=ORIENTED_EDGE('',*,*,#2782,.T.);
#1967=ORIENTED_EDGE('',*,*,#2785,.F.);
#1968=ORIENTED_EDGE('',*,*,#2592,.F.);
#1969=ORIENTED_EDGE('',*,*,#2784,.T.);
#1970=ORIENTED_EDGE('',*,*,#2734,.F.);
#1971=ORIENTED_EDGE('',*,*,#2786,.F.);
#1972=ORIENTED_EDGE('',*,*,#2739,.F.);
#1973=ORIENTED_EDGE('',*,*,#2785,.T.);
#1974=ORIENTED_EDGE('',*,*,#2736,.F.);
#1975=ORIENTED_EDGE('',*,*,#2787,.F.);
#1976=ORIENTED_EDGE('',*,*,#2593,.F.);
#1977=ORIENTED_EDGE('',*,*,#2733,.F.);
#1978=ORIENTED_EDGE('',*,*,#2594,.F.);
#1979=ORIENTED_EDGE('',*,*,#2787,.T.);
#1980=ORIENTED_EDGE('',*,*,#2786,.T.);
#1981=ORIENTED_EDGE('',*,*,#2304,.F.);
#1982=ORIENTED_EDGE('',*,*,#2519,.F.);
#1983=ORIENTED_EDGE('',*,*,#2788,.F.);
#1984=ORIENTED_EDGE('',*,*,#2789,.F.);
#1985=ORIENTED_EDGE('',*,*,#2518,.F.);
#1986=ORIENTED_EDGE('',*,*,#2790,.T.);
#1987=ORIENTED_EDGE('',*,*,#2528,.F.);
#1988=ORIENTED_EDGE('',*,*,#2788,.T.);
#1989=ORIENTED_EDGE('',*,*,#2789,.T.);
#1990=ORIENTED_EDGE('',*,*,#2527,.F.);
#1991=ORIENTED_EDGE('',*,*,#2791,.F.);
#1992=ORIENTED_EDGE('',*,*,#2305,.F.);
#1993=ORIENTED_EDGE('',*,*,#2746,.F.);
#1994=ORIENTED_EDGE('',*,*,#2792,.T.);
#1995=ORIENTED_EDGE('',*,*,#2529,.F.);
#1996=ORIENTED_EDGE('',*,*,#2793,.T.);
#1997=ORIENTED_EDGE('',*,*,#2306,.F.);
#1998=ORIENTED_EDGE('',*,*,#2791,.T.);
#1999=ORIENTED_EDGE('',*,*,#2794,.F.);
#2000=ORIENTED_EDGE('',*,*,#2525,.F.);
#2001=ORIENTED_EDGE('',*,*,#2526,.F.);
#2002=ORIENTED_EDGE('',*,*,#2795,.T.);
#2003=ORIENTED_EDGE('',*,*,#2521,.F.);
#2004=ORIENTED_EDGE('',*,*,#2794,.T.);
#2005=ORIENTED_EDGE('',*,*,#2793,.F.);
#2006=ORIENTED_EDGE('',*,*,#2790,.F.);
#2007=ORIENTED_EDGE('',*,*,#2796,.F.);
#2008=ORIENTED_EDGE('',*,*,#2796,.T.);
#2009=ORIENTED_EDGE('',*,*,#2517,.F.);
#2010=ORIENTED_EDGE('',*,*,#2797,.F.);
#2011=ORIENTED_EDGE('',*,*,#2747,.F.);
#2012=ORIENTED_EDGE('',*,*,#2516,.F.);
#2013=ORIENTED_EDGE('',*,*,#2587,.F.);
#2014=ORIENTED_EDGE('',*,*,#2798,.F.);
#2015=ORIENTED_EDGE('',*,*,#2797,.T.);
#2016=ORIENTED_EDGE('',*,*,#2798,.T.);
#2017=ORIENTED_EDGE('',*,*,#2586,.F.);
#2018=ORIENTED_EDGE('',*,*,#2799,.F.);
#2019=ORIENTED_EDGE('',*,*,#2744,.F.);
#2020=ORIENTED_EDGE('',*,*,#2585,.F.);
#2021=ORIENTED_EDGE('',*,*,#2523,.F.);
#2022=ORIENTED_EDGE('',*,*,#2800,.F.);
#2023=ORIENTED_EDGE('',*,*,#2799,.T.);
#2024=ORIENTED_EDGE('',*,*,#2800,.T.);
#2025=ORIENTED_EDGE('',*,*,#2522,.F.);
#2026=ORIENTED_EDGE('',*,*,#2801,.F.);
#2027=ORIENTED_EDGE('',*,*,#2745,.F.);
#2028=ORIENTED_EDGE('',*,*,#2795,.F.);
#2029=ORIENTED_EDGE('',*,*,#2792,.F.);
#2030=ORIENTED_EDGE('',*,*,#2801,.T.);
#2031=ORIENTED_EDGE('',*,*,#2281,.F.);
#2032=ORIENTED_EDGE('',*,*,#2537,.F.);
#2033=ORIENTED_EDGE('',*,*,#2802,.F.);
#2034=ORIENTED_EDGE('',*,*,#2803,.F.);
#2035=ORIENTED_EDGE('',*,*,#2536,.F.);
#2036=ORIENTED_EDGE('',*,*,#2804,.T.);
#2037=ORIENTED_EDGE('',*,*,#2546,.F.);
#2038=ORIENTED_EDGE('',*,*,#2802,.T.);
#2039=ORIENTED_EDGE('',*,*,#2803,.T.);
#2040=ORIENTED_EDGE('',*,*,#2545,.F.);
#2041=ORIENTED_EDGE('',*,*,#2805,.F.);
#2042=ORIENTED_EDGE('',*,*,#2282,.F.);
#2043=ORIENTED_EDGE('',*,*,#2750,.F.);
#2044=ORIENTED_EDGE('',*,*,#2806,.T.);
#2045=ORIENTED_EDGE('',*,*,#2547,.F.);
#2046=ORIENTED_EDGE('',*,*,#2807,.T.);
#2047=ORIENTED_EDGE('',*,*,#2283,.F.);
#2048=ORIENTED_EDGE('',*,*,#2805,.T.);
#2049=ORIENTED_EDGE('',*,*,#2808,.F.);
#2050=ORIENTED_EDGE('',*,*,#2543,.F.);
#2051=ORIENTED_EDGE('',*,*,#2544,.F.);
#2052=ORIENTED_EDGE('',*,*,#2809,.T.);
#2053=ORIENTED_EDGE('',*,*,#2539,.F.);
#2054=ORIENTED_EDGE('',*,*,#2808,.T.);
#2055=ORIENTED_EDGE('',*,*,#2807,.F.);
#2056=ORIENTED_EDGE('',*,*,#2804,.F.);
#2057=ORIENTED_EDGE('',*,*,#2810,.F.);
#2058=ORIENTED_EDGE('',*,*,#2810,.T.);
#2059=ORIENTED_EDGE('',*,*,#2535,.F.);
#2060=ORIENTED_EDGE('',*,*,#2811,.F.);
#2061=ORIENTED_EDGE('',*,*,#2751,.F.);
#2062=ORIENTED_EDGE('',*,*,#2534,.F.);
#2063=ORIENTED_EDGE('',*,*,#2583,.F.);
#2064=ORIENTED_EDGE('',*,*,#2812,.F.);
#2065=ORIENTED_EDGE('',*,*,#2811,.T.);
#2066=ORIENTED_EDGE('',*,*,#2812,.T.);
#2067=ORIENTED_EDGE('',*,*,#2582,.F.);
#2068=ORIENTED_EDGE('',*,*,#2813,.F.);
#2069=ORIENTED_EDGE('',*,*,#2748,.F.);
#2070=ORIENTED_EDGE('',*,*,#2628,.F.);
#2071=ORIENTED_EDGE('',*,*,#2541,.F.);
#2072=ORIENTED_EDGE('',*,*,#2814,.F.);
#2073=ORIENTED_EDGE('',*,*,#2813,.T.);
#2074=ORIENTED_EDGE('',*,*,#2814,.T.);
#2075=ORIENTED_EDGE('',*,*,#2540,.F.);
#2076=ORIENTED_EDGE('',*,*,#2815,.F.);
#2077=ORIENTED_EDGE('',*,*,#2749,.F.);
#2078=ORIENTED_EDGE('',*,*,#2809,.F.);
#2079=ORIENTED_EDGE('',*,*,#2806,.F.);
#2080=ORIENTED_EDGE('',*,*,#2815,.T.);
#2081=ORIENTED_EDGE('',*,*,#2356,.F.);
#2082=ORIENTED_EDGE('',*,*,#2551,.F.);
#2083=ORIENTED_EDGE('',*,*,#2816,.F.);
#2084=ORIENTED_EDGE('',*,*,#2817,.F.);
#2085=ORIENTED_EDGE('',*,*,#2550,.F.);
#2086=ORIENTED_EDGE('',*,*,#2818,.T.);
#2087=ORIENTED_EDGE('',*,*,#2562,.F.);
#2088=ORIENTED_EDGE('',*,*,#2816,.T.);
#2089=ORIENTED_EDGE('',*,*,#2817,.T.);
#2090=ORIENTED_EDGE('',*,*,#2561,.F.);
#2091=ORIENTED_EDGE('',*,*,#2819,.F.);
#2092=ORIENTED_EDGE('',*,*,#2357,.F.);
#2093=ORIENTED_EDGE('',*,*,#2675,.F.);
#2094=ORIENTED_EDGE('',*,*,#2820,.T.);
#2095=ORIENTED_EDGE('',*,*,#2563,.F.);
#2096=ORIENTED_EDGE('',*,*,#2821,.T.);
#2097=ORIENTED_EDGE('',*,*,#2358,.F.);
#2098=ORIENTED_EDGE('',*,*,#2819,.T.);
#2099=ORIENTED_EDGE('',*,*,#2822,.F.);
#2100=ORIENTED_EDGE('',*,*,#2559,.F.);
#2101=ORIENTED_EDGE('',*,*,#2560,.F.);
#2102=ORIENTED_EDGE('',*,*,#2823,.T.);
#2103=ORIENTED_EDGE('',*,*,#2554,.F.);
#2104=ORIENTED_EDGE('',*,*,#2822,.T.);
#2105=ORIENTED_EDGE('',*,*,#2821,.F.);
#2106=ORIENTED_EDGE('',*,*,#2818,.F.);
#2107=ORIENTED_EDGE('',*,*,#2824,.F.);
#2108=ORIENTED_EDGE('',*,*,#2824,.T.);
#2109=ORIENTED_EDGE('',*,*,#2549,.F.);
#2110=ORIENTED_EDGE('',*,*,#2825,.F.);
#2111=ORIENTED_EDGE('',*,*,#2676,.F.);
#2112=ORIENTED_EDGE('',*,*,#2548,.F.);
#2113=ORIENTED_EDGE('',*,*,#2625,.F.);
#2114=ORIENTED_EDGE('',*,*,#2826,.F.);
#2115=ORIENTED_EDGE('',*,*,#2825,.T.);
#2116=ORIENTED_EDGE('',*,*,#2826,.T.);
#2117=ORIENTED_EDGE('',*,*,#2624,.F.);
#2118=ORIENTED_EDGE('',*,*,#2827,.F.);
#2119=ORIENTED_EDGE('',*,*,#2673,.F.);
#2120=ORIENTED_EDGE('',*,*,#2623,.F.);
#2121=ORIENTED_EDGE('',*,*,#2556,.F.);
#2122=ORIENTED_EDGE('',*,*,#2828,.F.);
#2123=ORIENTED_EDGE('',*,*,#2827,.T.);
#2124=ORIENTED_EDGE('',*,*,#2828,.T.);
#2125=ORIENTED_EDGE('',*,*,#2555,.F.);
#2126=ORIENTED_EDGE('',*,*,#2829,.F.);
#2127=ORIENTED_EDGE('',*,*,#2674,.F.);
#2128=ORIENTED_EDGE('',*,*,#2823,.F.);
#2129=ORIENTED_EDGE('',*,*,#2820,.F.);
#2130=ORIENTED_EDGE('',*,*,#2829,.T.);
#2131=ORIENTED_EDGE('',*,*,#2362,.F.);
#2132=ORIENTED_EDGE('',*,*,#2568,.F.);
#2133=ORIENTED_EDGE('',*,*,#2830,.F.);
#2134=ORIENTED_EDGE('',*,*,#2831,.F.);
#2135=ORIENTED_EDGE('',*,*,#2567,.F.);
#2136=ORIENTED_EDGE('',*,*,#2832,.T.);
#2137=ORIENTED_EDGE('',*,*,#2579,.F.);
#2138=ORIENTED_EDGE('',*,*,#2830,.T.);
#2139=ORIENTED_EDGE('',*,*,#2831,.T.);
#2140=ORIENTED_EDGE('',*,*,#2578,.F.);
#2141=ORIENTED_EDGE('',*,*,#2833,.F.);
#2142=ORIENTED_EDGE('',*,*,#2363,.F.);
#2143=ORIENTED_EDGE('',*,*,#2679,.F.);
#2144=ORIENTED_EDGE('',*,*,#2834,.T.);
#2145=ORIENTED_EDGE('',*,*,#2580,.F.);
#2146=ORIENTED_EDGE('',*,*,#2835,.T.);
#2147=ORIENTED_EDGE('',*,*,#2364,.F.);
#2148=ORIENTED_EDGE('',*,*,#2833,.T.);
#2149=ORIENTED_EDGE('',*,*,#2836,.F.);
#2150=ORIENTED_EDGE('',*,*,#2576,.F.);
#2151=ORIENTED_EDGE('',*,*,#2577,.F.);
#2152=ORIENTED_EDGE('',*,*,#2837,.T.);
#2153=ORIENTED_EDGE('',*,*,#2571,.F.);
#2154=ORIENTED_EDGE('',*,*,#2836,.T.);
#2155=ORIENTED_EDGE('',*,*,#2835,.F.);
#2156=ORIENTED_EDGE('',*,*,#2832,.F.);
#2157=ORIENTED_EDGE('',*,*,#2838,.F.);
#2158=ORIENTED_EDGE('',*,*,#2838,.T.);
#2159=ORIENTED_EDGE('',*,*,#2566,.F.);
#2160=ORIENTED_EDGE('',*,*,#2839,.F.);
#2161=ORIENTED_EDGE('',*,*,#2680,.F.);
#2162=ORIENTED_EDGE('',*,*,#2565,.F.);
#2163=ORIENTED_EDGE('',*,*,#2621,.F.);
#2164=ORIENTED_EDGE('',*,*,#2840,.F.);
#2165=ORIENTED_EDGE('',*,*,#2839,.T.);
#2166=ORIENTED_EDGE('',*,*,#2840,.T.);
#2167=ORIENTED_EDGE('',*,*,#2620,.F.);
#2168=ORIENTED_EDGE('',*,*,#2841,.F.);
#2169=ORIENTED_EDGE('',*,*,#2677,.F.);
#2170=ORIENTED_EDGE('',*,*,#2619,.F.);
#2171=ORIENTED_EDGE('',*,*,#2573,.F.);
#2172=ORIENTED_EDGE('',*,*,#2842,.F.);
#2173=ORIENTED_EDGE('',*,*,#2841,.T.);
#2174=ORIENTED_EDGE('',*,*,#2842,.T.);
#2175=ORIENTED_EDGE('',*,*,#2572,.F.);
#2176=ORIENTED_EDGE('',*,*,#2843,.F.);
#2177=ORIENTED_EDGE('',*,*,#2678,.F.);
#2178=ORIENTED_EDGE('',*,*,#2837,.F.);
#2179=ORIENTED_EDGE('',*,*,#2834,.F.);
#2180=ORIENTED_EDGE('',*,*,#2843,.T.);
#2181=ORIENTED_EDGE('',*,*,#2309,.T.);
#2182=ORIENTED_EDGE('',*,*,#2844,.F.);
#2183=ORIENTED_EDGE('',*,*,#2845,.F.);
#2184=ORIENTED_EDGE('',*,*,#2846,.T.);
#2185=ORIENTED_EDGE('',*,*,#2308,.T.);
#2186=ORIENTED_EDGE('',*,*,#2846,.F.);
#2187=ORIENTED_EDGE('',*,*,#2847,.F.);
#2188=ORIENTED_EDGE('',*,*,#2844,.T.);
#2189=ORIENTED_EDGE('',*,*,#2263,.F.);
#2190=ORIENTED_EDGE('',*,*,#2848,.T.);
#2191=ORIENTED_EDGE('',*,*,#2265,.F.);
#2192=ORIENTED_EDGE('',*,*,#2270,.F.);
#2193=ORIENTED_EDGE('',*,*,#2849,.T.);
#2194=ORIENTED_EDGE('',*,*,#2257,.F.);
#2195=ORIENTED_EDGE('',*,*,#2845,.T.);
#2196=ORIENTED_EDGE('',*,*,#2847,.T.);
#2197=ORIENTED_EDGE('',*,*,#2258,.F.);
#2198=ORIENTED_EDGE('',*,*,#2849,.F.);
#2199=ORIENTED_EDGE('',*,*,#2269,.F.);
#2200=ORIENTED_EDGE('',*,*,#2272,.T.);
#2201=ORIENTED_EDGE('',*,*,#2262,.F.);
#2202=ORIENTED_EDGE('',*,*,#2271,.T.);
#2203=ORIENTED_EDGE('',*,*,#2266,.F.);
#2204=ORIENTED_EDGE('',*,*,#2848,.F.);
#2205=ORIENTED_EDGE('',*,*,#2765,.F.);
#2206=ORIENTED_EDGE('',*,*,#2762,.F.);
#2207=ORIENTED_EDGE('',*,*,#2850,.F.);
#2208=ORIENTED_EDGE('',*,*,#2850,.T.);
#2209=ORIENTED_EDGE('',*,*,#2682,.F.);
#2210=ORIENTED_EDGE('',*,*,#2851,.F.);
#2211=ORIENTED_EDGE('',*,*,#2689,.F.);
#2212=ORIENTED_EDGE('',*,*,#2681,.F.);
#2213=ORIENTED_EDGE('',*,*,#2614,.F.);
#2214=ORIENTED_EDGE('',*,*,#2852,.F.);
#2215=ORIENTED_EDGE('',*,*,#2851,.T.);
#2216=ORIENTED_EDGE('',*,*,#2852,.T.);
#2217=ORIENTED_EDGE('',*,*,#2613,.F.);
#2218=ORIENTED_EDGE('',*,*,#2853,.F.);
#2219=ORIENTED_EDGE('',*,*,#2686,.F.);
#2220=ORIENTED_EDGE('',*,*,#2612,.F.);
#2221=ORIENTED_EDGE('',*,*,#2692,.F.);
#2222=ORIENTED_EDGE('',*,*,#2854,.F.);
#2223=ORIENTED_EDGE('',*,*,#2853,.T.);
#2224=ORIENTED_EDGE('',*,*,#2854,.T.);
#2225=ORIENTED_EDGE('',*,*,#2691,.F.);
#2226=ORIENTED_EDGE('',*,*,#2855,.F.);
#2227=ORIENTED_EDGE('',*,*,#2687,.F.);
#2228=ORIENTED_EDGE('',*,*,#2767,.F.);
#2229=ORIENTED_EDGE('',*,*,#2764,.F.);
#2230=ORIENTED_EDGE('',*,*,#2855,.T.);
#2231=ORIENTED_EDGE('',*,*,#2773,.F.);
#2232=ORIENTED_EDGE('',*,*,#2770,.F.);
#2233=ORIENTED_EDGE('',*,*,#2856,.F.);
#2234=ORIENTED_EDGE('',*,*,#2856,.T.);
#2235=ORIENTED_EDGE('',*,*,#2700,.F.);
#2236=ORIENTED_EDGE('',*,*,#2857,.F.);
#2237=ORIENTED_EDGE('',*,*,#2707,.F.);
#2238=ORIENTED_EDGE('',*,*,#2699,.F.);
#2239=ORIENTED_EDGE('',*,*,#2608,.F.);
#2240=ORIENTED_EDGE('',*,*,#2858,.F.);
#2241=ORIENTED_EDGE('',*,*,#2857,.T.);
#2242=ORIENTED_EDGE('',*,*,#2858,.T.);
#2243=ORIENTED_EDGE('',*,*,#2607,.F.);
#2244=ORIENTED_EDGE('',*,*,#2859,.F.);
#2245=ORIENTED_EDGE('',*,*,#2704,.F.);
#2246=ORIENTED_EDGE('',*,*,#2606,.F.);
#2247=ORIENTED_EDGE('',*,*,#2710,.F.);
#2248=ORIENTED_EDGE('',*,*,#2860,.F.);
#2249=ORIENTED_EDGE('',*,*,#2859,.T.);
#2250=ORIENTED_EDGE('',*,*,#2860,.T.);
#2251=ORIENTED_EDGE('',*,*,#2709,.F.);
#2252=ORIENTED_EDGE('',*,*,#2861,.F.);
#2253=ORIENTED_EDGE('',*,*,#2705,.F.);
#2254=ORIENTED_EDGE('',*,*,#2775,.F.);
#2255=ORIENTED_EDGE('',*,*,#2772,.F.);
#2256=ORIENTED_EDGE('',*,*,#2861,.T.);
#2257=EDGE_CURVE('',#2862,#2863,#3240,.T.);
#2258=EDGE_CURVE('',#2863,#2864,#375,.T.);
#2259=EDGE_CURVE('',#2865,#2864,#3241,.T.);
#2260=EDGE_CURVE('',#2862,#2865,#376,.T.);
#2261=EDGE_CURVE('',#2866,#2867,#3242,.T.);
#2262=EDGE_CURVE('',#2866,#2868,#377,.F.);
#2263=EDGE_CURVE('',#2868,#2869,#3243,.T.);
#2264=EDGE_CURVE('',#2869,#2867,#378,.T.);
#2265=EDGE_CURVE('',#2869,#2870,#3244,.T.);
#2266=EDGE_CURVE('',#2870,#2871,#379,.T.);
#2267=EDGE_CURVE('',#2867,#2871,#3245,.T.);
#2268=EDGE_CURVE('',#2872,#2865,#3246,.T.);
#2269=EDGE_CURVE('',#2872,#2873,#380,.F.);
#2270=EDGE_CURVE('',#2873,#2862,#3247,.T.);
#2271=EDGE_CURVE('',#2866,#2871,#3248,.T.);
#2272=EDGE_CURVE('',#2872,#2864,#3249,.T.);
#2273=EDGE_CURVE('',#2874,#2875,#3250,.T.);
#2274=EDGE_CURVE('',#2874,#2876,#381,.T.);
#2275=EDGE_CURVE('',#2876,#2877,#382,.T.);
#2276=EDGE_CURVE('',#2877,#2878,#383,.F.);
#2277=EDGE_CURVE('',#2879,#2878,#3251,.T.);
#2278=EDGE_CURVE('',#2879,#2875,#384,.F.);
#2279=EDGE_CURVE('',#2880,#2881,#385,.T.);
#2280=EDGE_CURVE('',#2880,#2882,#386,.T.);
#2281=EDGE_CURVE('',#2882,#2883,#3252,.T.);
#2282=EDGE_CURVE('',#2883,#2884,#387,.T.);
#2283=EDGE_CURVE('',#2884,#2885,#3253,.T.);
#2284=EDGE_CURVE('',#2881,#2885,#388,.T.);
#2285=EDGE_CURVE('',#2886,#2887,#389,.T.);
#2286=EDGE_CURVE('',#2886,#2888,#390,.T.);
#2287=EDGE_CURVE('',#2889,#2888,#391,.T.);
#2288=EDGE_CURVE('',#2890,#2889,#392,.T.);
#2289=EDGE_CURVE('',#2891,#2890,#393,.T.);
#2290=EDGE_CURVE('',#2891,#2892,#394,.T.);
#2291=EDGE_CURVE('',#2892,#2893,#395,.T.);
#2292=EDGE_CURVE('',#2894,#2893,#396,.T.);
#2293=EDGE_CURVE('',#2895,#2894,#397,.T.);
#2294=EDGE_CURVE('',#2895,#2896,#398,.T.);
#2295=EDGE_CURVE('',#2897,#2896,#399,.T.);
#2296=EDGE_CURVE('',#2898,#2897,#400,.T.);
#2297=EDGE_CURVE('',#2899,#2898,#401,.T.);
#2298=EDGE_CURVE('',#2899,#2900,#402,.T.);
#2299=EDGE_CURVE('',#2901,#2900,#403,.T.);
#2300=EDGE_CURVE('',#2901,#2902,#3254,.T.);
#2301=EDGE_CURVE('',#2902,#2887,#404,.F.);
#2302=EDGE_CURVE('',#2903,#2904,#405,.T.);
#2303=EDGE_CURVE('',#2903,#2905,#406,.T.);
#2304=EDGE_CURVE('',#2905,#2906,#3255,.T.);
#2305=EDGE_CURVE('',#2906,#2907,#407,.T.);
#2306=EDGE_CURVE('',#2907,#2908,#3256,.T.);
#2307=EDGE_CURVE('',#2904,#2908,#408,.T.);
#2308=EDGE_CURVE('',#2909,#2910,#3257,.T.);
#2309=EDGE_CURVE('',#2910,#2909,#3258,.T.);
#2310=EDGE_CURVE('',#2911,#2912,#409,.T.);
#2311=EDGE_CURVE('',#2913,#2911,#410,.T.);
#2312=EDGE_CURVE('',#2913,#2914,#411,.T.);
#2313=EDGE_CURVE('',#2914,#2912,#412,.T.);
#2314=EDGE_CURVE('',#2915,#2916,#413,.T.);
#2315=EDGE_CURVE('',#2916,#2917,#414,.T.);
#2316=EDGE_CURVE('',#2918,#2917,#415,.T.);
#2317=EDGE_CURVE('',#2915,#2918,#416,.T.);
#2318=EDGE_CURVE('',#2919,#2920,#417,.F.);
#2319=EDGE_CURVE('',#2920,#2921,#3259,.F.);
#2320=EDGE_CURVE('',#2921,#2922,#418,.T.);
#2321=EDGE_CURVE('',#2922,#2923,#419,.T.);
#2322=EDGE_CURVE('',#2924,#2923,#420,.T.);
#2323=EDGE_CURVE('',#2924,#2919,#3260,.F.);
#2324=EDGE_CURVE('',#2925,#2926,#421,.T.);
#2325=EDGE_CURVE('',#2926,#2927,#422,.T.);
#2326=EDGE_CURVE('',#2927,#2928,#423,.T.);
#2327=EDGE_CURVE('',#2928,#2929,#3261,.F.);
#2328=EDGE_CURVE('',#2929,#2930,#424,.T.);
#2329=EDGE_CURVE('',#2895,#2930,#425,.T.);
#2330=EDGE_CURVE('',#2894,#2925,#3262,.T.);
#2331=EDGE_CURVE('',#2931,#2932,#426,.T.);
#2332=EDGE_CURVE('',#2931,#2933,#427,.T.);
#2333=EDGE_CURVE('',#2934,#2933,#428,.T.);
#2334=EDGE_CURVE('',#2934,#2914,#3263,.T.);
#2335=EDGE_CURVE('',#2913,#2891,#3264,.T.);
#2336=EDGE_CURVE('',#2890,#2935,#429,.T.);
#2337=EDGE_CURVE('',#2935,#2936,#430,.T.);
#2338=EDGE_CURVE('',#2936,#2937,#3265,.F.);
#2339=EDGE_CURVE('',#2938,#2937,#431,.T.);
#2340=EDGE_CURVE('',#2938,#2932,#3266,.F.);
#2341=EDGE_CURVE('',#2939,#2940,#432,.T.);
#2342=EDGE_CURVE('',#2939,#2941,#433,.F.);
#2343=EDGE_CURVE('',#2942,#2941,#434,.T.);
#2344=EDGE_CURVE('',#2942,#2943,#3267,.F.);
#2345=EDGE_CURVE('',#2943,#2944,#435,.T.);
#2346=EDGE_CURVE('',#2945,#2944,#436,.T.);
#2347=EDGE_CURVE('',#2945,#2946,#437,.T.);
#2348=EDGE_CURVE('',#2946,#2940,#3268,.T.);
#2349=EDGE_CURVE('',#2887,#2947,#438,.T.);
#2350=EDGE_CURVE('',#2947,#2948,#439,.T.);
#2351=EDGE_CURVE('',#2886,#2948,#440,.T.);
#2352=EDGE_CURVE('',#2899,#2949,#441,.T.);
#2353=EDGE_CURVE('',#2898,#2950,#442,.T.);
#2354=EDGE_CURVE('',#2950,#2949,#443,.T.);
#2355=EDGE_CURVE('',#2951,#2952,#444,.T.);
#2356=EDGE_CURVE('',#2952,#2953,#3269,.T.);
#2357=EDGE_CURVE('',#2953,#2954,#445,.T.);
#2358=EDGE_CURVE('',#2954,#2955,#3270,.T.);
#2359=EDGE_CURVE('',#2956,#2955,#446,.T.);
#2360=EDGE_CURVE('',#2951,#2956,#447,.T.);
#2361=EDGE_CURVE('',#2957,#2958,#448,.T.);
#2362=EDGE_CURVE('',#2958,#2959,#3271,.T.);
#2363=EDGE_CURVE('',#2959,#2960,#449,.T.);
#2364=EDGE_CURVE('',#2960,#2961,#3272,.T.);
#2365=EDGE_CURVE('',#2962,#2961,#450,.T.);
#2366=EDGE_CURVE('',#2957,#2962,#451,.T.);
#2367=EDGE_CURVE('',#2926,#2963,#452,.T.);
#2368=EDGE_CURVE('',#2925,#2964,#453,.T.);
#2369=EDGE_CURVE('',#2964,#2965,#454,.T.);
#2370=EDGE_CURVE('',#2946,#2965,#455,.T.);
#2371=EDGE_CURVE('',#2945,#2966,#456,.T.);
#2372=EDGE_CURVE('',#2967,#2966,#457,.T.);
#2373=EDGE_CURVE('',#2968,#2967,#458,.T.);
#2374=EDGE_CURVE('',#2969,#2968,#459,.T.);
#2375=EDGE_CURVE('',#2970,#2969,#460,.T.);
#2376=EDGE_CURVE('',#2970,#2963,#461,.T.);
#2377=EDGE_CURVE('',#2971,#2972,#462,.F.);
#2378=EDGE_CURVE('',#2972,#2973,#3273,.F.);
#2379=EDGE_CURVE('',#2973,#2974,#463,.T.);
#2380=EDGE_CURVE('',#2974,#2975,#464,.T.);
#2381=EDGE_CURVE('',#2976,#2975,#465,.T.);
#2382=EDGE_CURVE('',#2976,#2971,#3274,.F.);
#2383=EDGE_CURVE('',#2977,#2978,#466,.F.);
#2384=EDGE_CURVE('',#2978,#2979,#3275,.F.);
#2385=EDGE_CURVE('',#2979,#2980,#467,.T.);
#2386=EDGE_CURVE('',#2980,#2981,#468,.T.);
#2387=EDGE_CURVE('',#2982,#2981,#469,.T.);
#2388=EDGE_CURVE('',#2982,#2977,#3276,.F.);
#2389=EDGE_CURVE('',#2933,#2983,#470,.T.);
#2390=EDGE_CURVE('',#2983,#2984,#3277,.F.);
#2391=EDGE_CURVE('',#2984,#2985,#471,.T.);
#2392=EDGE_CURVE('',#2985,#2986,#3278,.F.);
#2393=EDGE_CURVE('',#2986,#2939,#472,.F.);
#2394=EDGE_CURVE('',#2940,#2987,#473,.T.);
#2395=EDGE_CURVE('',#2988,#2987,#474,.T.);
#2396=EDGE_CURVE('',#2934,#2988,#475,.T.);
#2397=EDGE_CURVE('',#2989,#2990,#476,.T.);
#2398=EDGE_CURVE('',#2990,#2944,#477,.T.);
#2399=EDGE_CURVE('',#2943,#2991,#478,.T.);
#2400=EDGE_CURVE('',#2992,#2991,#479,.T.);
#2401=EDGE_CURVE('',#2928,#2992,#480,.T.);
#2402=EDGE_CURVE('',#2993,#2927,#481,.T.);
#2403=EDGE_CURVE('',#2994,#2993,#482,.T.);
#2404=EDGE_CURVE('',#2994,#2995,#483,.T.);
#2405=EDGE_CURVE('',#2995,#2996,#484,.T.);
#2406=EDGE_CURVE('',#2989,#2996,#485,.T.);
#2407=EDGE_CURVE('',#2997,#2998,#486,.T.);
#2408=EDGE_CURVE('',#2997,#2948,#487,.T.);
#2409=EDGE_CURVE('',#2947,#2999,#488,.F.);
#2410=EDGE_CURVE('',#2999,#3000,#3279,.F.);
#2411=EDGE_CURVE('',#3001,#3000,#489,.T.);
#2412=EDGE_CURVE('',#3001,#2949,#490,.T.);
#2413=EDGE_CURVE('',#3002,#2950,#491,.T.);
#2414=EDGE_CURVE('',#3003,#3002,#492,.T.);
#2415=EDGE_CURVE('',#3003,#2930,#493,.T.);
#2416=EDGE_CURVE('',#2929,#3004,#494,.T.);
#2417=EDGE_CURVE('',#3005,#3004,#495,.T.);
#2418=EDGE_CURVE('',#2936,#3005,#496,.T.);
#2419=EDGE_CURVE('',#2998,#2935,#497,.T.);
#2420=EDGE_CURVE('',#2963,#2993,#498,.T.);
#2421=EDGE_CURVE('',#2970,#2994,#499,.T.);
#2422=EDGE_CURVE('',#2968,#2996,#500,.T.);
#2423=EDGE_CURVE('',#2969,#2995,#501,.T.);
#2424=EDGE_CURVE('',#2911,#2892,#3280,.T.);
#2425=EDGE_CURVE('',#2893,#2964,#3281,.T.);
#2426=EDGE_CURVE('',#2965,#2987,#3282,.T.);
#2427=EDGE_CURVE('',#2988,#2912,#3283,.T.);
#2428=EDGE_CURVE('',#3006,#3006,#3284,.T.);
#2429=EDGE_CURVE('',#3007,#3007,#3285,.T.);
#2430=EDGE_CURVE('',#3008,#3008,#3286,.T.);
#2431=EDGE_CURVE('',#3009,#3009,#3287,.T.);
#2432=EDGE_CURVE('',#2942,#3010,#502,.T.);
#2433=EDGE_CURVE('',#2991,#3010,#3288,.T.);
#2434=EDGE_CURVE('',#2941,#3011,#503,.F.);
#2435=EDGE_CURVE('',#3011,#3012,#3289,.T.);
#2436=EDGE_CURVE('',#3012,#3013,#504,.T.);
#2437=EDGE_CURVE('',#3013,#3014,#3290,.T.);
#2438=EDGE_CURVE('',#3014,#2931,#505,.T.);
#2439=EDGE_CURVE('',#2932,#3015,#506,.T.);
#2440=EDGE_CURVE('',#3015,#3010,#507,.T.);
#2441=EDGE_CURVE('',#2938,#3016,#508,.T.);
#2442=EDGE_CURVE('',#3015,#3016,#3291,.T.);
#2443=EDGE_CURVE('',#2937,#3017,#509,.T.);
#2444=EDGE_CURVE('',#3017,#3016,#510,.T.);
#2445=EDGE_CURVE('',#3017,#3005,#3292,.T.);
#2446=EDGE_CURVE('',#3004,#2992,#3293,.T.);
#2447=EDGE_CURVE('',#3018,#3018,#3294,.T.);
#2448=EDGE_CURVE('',#3019,#3019,#3295,.T.);
#2449=EDGE_CURVE('',#3020,#3020,#3296,.T.);
#2450=EDGE_CURVE('',#3021,#3021,#3297,.T.);
#2451=EDGE_CURVE('',#3022,#3022,#3298,.T.);
#2452=EDGE_CURVE('',#3023,#3023,#3299,.T.);
#2453=EDGE_CURVE('',#3024,#3024,#3300,.T.);
#2454=EDGE_CURVE('',#3025,#3025,#3301,.T.);
#2455=EDGE_CURVE('',#3026,#3026,#3302,.T.);
#2456=EDGE_CURVE('',#3027,#3027,#3303,.T.);
#2457=EDGE_CURVE('',#3028,#3028,#3304,.T.);
#2458=EDGE_CURVE('',#3029,#3029,#3305,.T.);
#2459=EDGE_CURVE('',#3030,#3030,#3306,.T.);
#2460=EDGE_CURVE('',#3031,#3031,#3307,.T.);
#2461=EDGE_CURVE('',#3032,#3032,#3308,.T.);
#2462=EDGE_CURVE('',#3033,#3033,#3309,.T.);
#2463=EDGE_CURVE('',#3034,#3034,#3310,.T.);
#2464=EDGE_CURVE('',#3035,#3035,#3311,.T.);
#2465=EDGE_CURVE('',#3036,#3036,#3312,.T.);
#2466=EDGE_CURVE('',#3037,#3037,#3313,.T.);
#2467=EDGE_CURVE('',#2967,#2989,#511,.T.);
#2468=EDGE_CURVE('',#2966,#2990,#512,.T.);
#2469=EDGE_CURVE('',#2897,#3002,#513,.T.);
#2470=EDGE_CURVE('',#2896,#3003,#514,.T.);
#2471=EDGE_CURVE('',#2900,#3001,#515,.T.);
#2472=EDGE_CURVE('',#3038,#3039,#516,.T.);
#2473=EDGE_CURVE('',#3039,#3040,#517,.T.);
#2474=EDGE_CURVE('',#3040,#3041,#518,.T.);
#2475=EDGE_CURVE('',#3041,#3038,#519,.F.);
#2476=EDGE_CURVE('',#3000,#3042,#94,.T.);
#2477=EDGE_CURVE('',#3042,#3043,#520,.F.);
#2478=EDGE_CURVE('',#3043,#2901,#95,.F.);
#2479=EDGE_CURVE('',#2888,#2997,#521,.T.);
#2480=EDGE_CURVE('',#2889,#2998,#522,.T.);
#2481=EDGE_CURVE('',#3044,#3045,#523,.F.);
#2482=EDGE_CURVE('',#3045,#3046,#524,.T.);
#2483=EDGE_CURVE('',#3046,#3047,#525,.F.);
#2484=EDGE_CURVE('',#3047,#3044,#526,.F.);
#2485=EDGE_CURVE('',#3048,#3049,#527,.T.);
#2486=EDGE_CURVE('',#3049,#3050,#528,.F.);
#2487=EDGE_CURVE('',#3050,#3051,#529,.T.);
#2488=EDGE_CURVE('',#3051,#3048,#530,.T.);
#2489=EDGE_CURVE('',#3052,#3053,#531,.F.);
#2490=EDGE_CURVE('',#3053,#3013,#96,.F.);
#2491=EDGE_CURVE('',#3012,#3054,#97,.T.);
#2492=EDGE_CURVE('',#3054,#3055,#532,.T.);
#2493=EDGE_CURVE('',#3055,#2985,#98,.F.);
#2494=EDGE_CURVE('',#2984,#3052,#99,.T.);
#2495=EDGE_CURVE('',#2947,#3041,#62,.T.);
#2496=EDGE_CURVE('',#3038,#2887,#63,.F.);
#2497=EDGE_CURVE('',#3039,#2902,#3314,.T.);
#2498=EDGE_CURVE('',#2999,#3040,#3315,.T.);
#2499=EDGE_CURVE('',#3039,#3043,#3316,.F.);
#2500=EDGE_CURVE('',#3042,#3040,#3317,.T.);
#2501=EDGE_CURVE('',#2933,#3047,#64,.T.);
#2502=EDGE_CURVE('',#3044,#2931,#65,.F.);
#2503=EDGE_CURVE('',#3045,#3014,#3318,.T.);
#2504=EDGE_CURVE('',#2983,#3046,#3319,.T.);
#2505=EDGE_CURVE('',#3045,#3053,#3320,.F.);
#2506=EDGE_CURVE('',#3052,#3046,#3321,.T.);
#2507=EDGE_CURVE('',#3048,#2939,#66,.F.);
#2508=EDGE_CURVE('',#2941,#3051,#67,.T.);
#2509=EDGE_CURVE('',#3011,#3050,#3322,.T.);
#2510=EDGE_CURVE('',#3049,#2986,#3323,.T.);
#2511=EDGE_CURVE('',#3054,#3050,#3324,.F.);
#2512=EDGE_CURVE('',#3049,#3055,#3325,.T.);
#2513=EDGE_CURVE('',#3056,#2903,#533,.T.);
#2514=EDGE_CURVE('',#3057,#2904,#534,.T.);
#2515=EDGE_CURVE('',#3057,#3056,#535,.T.);
#2516=EDGE_CURVE('',#3058,#3059,#100,.T.);
#2517=EDGE_CURVE('',#3059,#3060,#536,.F.);
#2518=EDGE_CURVE('',#3060,#3061,#537,.T.);
#2519=EDGE_CURVE('',#3061,#2905,#101,.F.);
#2520=EDGE_CURVE('',#3058,#3056,#538,.T.);
#2521=EDGE_CURVE('',#3062,#3063,#539,.F.);
#2522=EDGE_CURVE('',#3063,#3064,#540,.T.);
#2523=EDGE_CURVE('',#3064,#3065,#102,.F.);
#2524=EDGE_CURVE('',#3065,#3057,#541,.T.);
#2525=EDGE_CURVE('',#2908,#3062,#103,.T.);
#2526=EDGE_CURVE('',#3066,#3067,#542,.T.);
#2527=EDGE_CURVE('',#3067,#3068,#543,.F.);
#2528=EDGE_CURVE('',#3068,#3069,#544,.F.);
#2529=EDGE_CURVE('',#3069,#3066,#545,.T.);
#2530=EDGE_CURVE('',#3070,#2880,#546,.T.);
#2531=EDGE_CURVE('',#3071,#2881,#547,.T.);
#2532=EDGE_CURVE('',#3072,#3071,#3326,.T.);
#2533=EDGE_CURVE('',#3072,#3070,#548,.T.);
#2534=EDGE_CURVE('',#3073,#3074,#104,.T.);
#2535=EDGE_CURVE('',#3074,#3075,#549,.F.);
#2536=EDGE_CURVE('',#3075,#3076,#550,.T.);
#2537=EDGE_CURVE('',#3076,#2882,#105,.F.);
#2538=EDGE_CURVE('',#3073,#3070,#551,.T.);
#2539=EDGE_CURVE('',#3077,#3078,#552,.F.);
#2540=EDGE_CURVE('',#3078,#3079,#553,.T.);
#2541=EDGE_CURVE('',#3079,#3080,#106,.F.);
#2542=EDGE_CURVE('',#3080,#3071,#554,.T.);
#2543=EDGE_CURVE('',#2885,#3077,#107,.T.);
#2544=EDGE_CURVE('',#3081,#3082,#555,.T.);
#2545=EDGE_CURVE('',#3082,#3083,#556,.F.);
#2546=EDGE_CURVE('',#3083,#3084,#557,.F.);
#2547=EDGE_CURVE('',#3084,#3081,#558,.T.);
#2548=EDGE_CURVE('',#3085,#3086,#108,.T.);
#2549=EDGE_CURVE('',#3086,#3087,#559,.F.);
#2550=EDGE_CURVE('',#3087,#3088,#560,.T.);
#2551=EDGE_CURVE('',#3088,#2952,#109,.F.);
#2552=EDGE_CURVE('',#3089,#2951,#561,.T.);
#2553=EDGE_CURVE('',#3085,#3089,#562,.T.);
#2554=EDGE_CURVE('',#3090,#3091,#563,.F.);
#2555=EDGE_CURVE('',#3091,#3092,#564,.T.);
#2556=EDGE_CURVE('',#3092,#3093,#110,.F.);
#2557=EDGE_CURVE('',#3093,#3094,#565,.T.);
#2558=EDGE_CURVE('',#3094,#2956,#566,.T.);
#2559=EDGE_CURVE('',#2955,#3090,#111,.T.);
#2560=EDGE_CURVE('',#3095,#3096,#567,.T.);
#2561=EDGE_CURVE('',#3096,#3097,#568,.F.);
#2562=EDGE_CURVE('',#3097,#3098,#569,.F.);
#2563=EDGE_CURVE('',#3098,#3095,#570,.T.);
#2564=EDGE_CURVE('',#3089,#3094,#571,.T.);
#2565=EDGE_CURVE('',#3099,#3100,#112,.T.);
#2566=EDGE_CURVE('',#3100,#3101,#572,.F.);
#2567=EDGE_CURVE('',#3101,#3102,#573,.T.);
#2568=EDGE_CURVE('',#3102,#2958,#113,.F.);
#2569=EDGE_CURVE('',#3103,#2957,#574,.T.);
#2570=EDGE_CURVE('',#3099,#3103,#575,.T.);
#2571=EDGE_CURVE('',#3104,#3105,#576,.F.);
#2572=EDGE_CURVE('',#3105,#3106,#577,.T.);
#2573=EDGE_CURVE('',#3106,#3107,#114,.F.);
#2574=EDGE_CURVE('',#3107,#3108,#578,.T.);
#2575=EDGE_CURVE('',#3108,#2962,#579,.T.);
#2576=EDGE_CURVE('',#2961,#3104,#115,.T.);
#2577=EDGE_CURVE('',#3109,#3110,#580,.T.);
#2578=EDGE_CURVE('',#3110,#3111,#581,.F.);
#2579=EDGE_CURVE('',#3111,#3112,#582,.F.);
#2580=EDGE_CURVE('',#3112,#3109,#583,.T.);
#2581=EDGE_CURVE('',#3103,#3108,#584,.T.);
#2582=EDGE_CURVE('',#3113,#3114,#585,.F.);
#2583=EDGE_CURVE('',#3114,#3073,#3327,.F.);
#2584=EDGE_CURVE('',#3070,#3057,#586,.T.);
#2585=EDGE_CURVE('',#3065,#3115,#3328,.F.);
#2586=EDGE_CURVE('',#3115,#3116,#587,.F.);
#2587=EDGE_CURVE('',#3116,#3058,#3329,.F.);
#2588=EDGE_CURVE('',#3056,#3117,#588,.T.);
#2589=EDGE_CURVE('',#3118,#3117,#3330,.T.);
#2590=EDGE_CURVE('',#3118,#3119,#589,.T.);
#2591=EDGE_CURVE('',#3120,#3119,#590,.T.);
#2592=EDGE_CURVE('',#3120,#3121,#3331,.F.);
#2593=EDGE_CURVE('',#3121,#3122,#591,.F.);
#2594=EDGE_CURVE('',#3122,#3123,#3332,.F.);
#2595=EDGE_CURVE('',#3123,#3124,#592,.T.);
#2596=EDGE_CURVE('',#3124,#3125,#593,.T.);
#2597=EDGE_CURVE('',#3126,#3125,#594,.T.);
#2598=EDGE_CURVE('',#3126,#3127,#3333,.F.);
#2599=EDGE_CURVE('',#3127,#3128,#595,.F.);
#2600=EDGE_CURVE('',#3128,#3129,#3334,.F.);
#2601=EDGE_CURVE('',#3129,#3130,#596,.T.);
#2602=EDGE_CURVE('',#3130,#3131,#597,.T.);
#2603=EDGE_CURVE('',#3132,#3131,#3335,.T.);
#2604=EDGE_CURVE('',#3133,#3132,#598,.T.);
#2605=EDGE_CURVE('',#3134,#3133,#599,.T.);
#2606=EDGE_CURVE('',#3134,#3135,#3336,.F.);
#2607=EDGE_CURVE('',#3135,#3136,#600,.F.);
#2608=EDGE_CURVE('',#3136,#3137,#3337,.F.);
#2609=EDGE_CURVE('',#3137,#3138,#601,.T.);
#2610=EDGE_CURVE('',#3139,#3138,#602,.T.);
#2611=EDGE_CURVE('',#3140,#3139,#603,.T.);
#2612=EDGE_CURVE('',#3140,#3141,#3338,.F.);
#2613=EDGE_CURVE('',#3141,#3142,#604,.F.);
#2614=EDGE_CURVE('',#3142,#3143,#3339,.F.);
#2615=EDGE_CURVE('',#3143,#3144,#605,.T.);
#2616=EDGE_CURVE('',#3145,#3144,#606,.T.);
#2617=EDGE_CURVE('',#3146,#3145,#3340,.T.);
#2618=EDGE_CURVE('',#3108,#3146,#607,.T.);
#2619=EDGE_CURVE('',#3107,#3147,#3341,.F.);
#2620=EDGE_CURVE('',#3147,#3148,#608,.F.);
#2621=EDGE_CURVE('',#3148,#3099,#3342,.F.);
#2622=EDGE_CURVE('',#3094,#3103,#609,.T.);
#2623=EDGE_CURVE('',#3093,#3149,#3343,.F.);
#2624=EDGE_CURVE('',#3149,#3150,#610,.F.);
#2625=EDGE_CURVE('',#3150,#3085,#3344,.F.);
#2626=EDGE_CURVE('',#3151,#3089,#611,.T.);
#2627=EDGE_CURVE('',#3071,#3151,#3345,.T.);
#2628=EDGE_CURVE('',#3080,#3113,#3346,.F.);
#2629=EDGE_CURVE('',#3152,#3153,#612,.T.);
#2630=EDGE_CURVE('',#3153,#3154,#3347,.T.);
#2631=EDGE_CURVE('',#3155,#3154,#613,.T.);
#2632=EDGE_CURVE('',#3155,#3156,#3348,.T.);
#2633=EDGE_CURVE('',#3157,#3156,#614,.T.);
#2634=EDGE_CURVE('',#3157,#3158,#3349,.T.);
#2635=EDGE_CURVE('',#3158,#3159,#615,.T.);
#2636=EDGE_CURVE('',#3159,#3152,#3350,.T.);
#2637=EDGE_CURVE('',#3160,#3161,#616,.T.);
#2638=EDGE_CURVE('',#3153,#3161,#617,.T.);
#2639=EDGE_CURVE('',#3152,#3160,#618,.T.);
#2640=EDGE_CURVE('',#3161,#3162,#3351,.T.);
#2641=EDGE_CURVE('',#3154,#3162,#619,.T.);
#2642=EDGE_CURVE('',#3163,#3162,#620,.T.);
#2643=EDGE_CURVE('',#3155,#3163,#621,.T.);
#2644=EDGE_CURVE('',#3163,#3164,#3352,.T.);
#2645=EDGE_CURVE('',#3156,#3164,#622,.T.);
#2646=EDGE_CURVE('',#3165,#3164,#623,.T.);
#2647=EDGE_CURVE('',#3157,#3165,#624,.T.);
#2648=EDGE_CURVE('',#3165,#3166,#3353,.T.);
#2649=EDGE_CURVE('',#3158,#3166,#625,.T.);
#2650=EDGE_CURVE('',#3166,#3167,#626,.T.);
#2651=EDGE_CURVE('',#3159,#3167,#627,.T.);
#2652=EDGE_CURVE('',#3168,#3169,#3354,.T.);
#2653=EDGE_CURVE('',#3146,#3168,#628,.T.);
#2654=EDGE_CURVE('',#3145,#3169,#629,.T.);
#2655=EDGE_CURVE('',#3170,#3168,#630,.T.);
#2656=EDGE_CURVE('',#3151,#3170,#631,.T.);
#2657=EDGE_CURVE('',#3171,#3170,#3355,.T.);
#2658=EDGE_CURVE('',#3072,#3171,#632,.T.);
#2659=EDGE_CURVE('',#3171,#3172,#633,.T.);
#2660=EDGE_CURVE('',#3117,#3172,#634,.T.);
#2661=EDGE_CURVE('',#3173,#3172,#3356,.T.);
#2662=EDGE_CURVE('',#3118,#3173,#635,.T.);
#2663=EDGE_CURVE('',#3173,#3174,#636,.T.);
#2664=EDGE_CURVE('',#3131,#3174,#637,.T.);
#2665=EDGE_CURVE('',#3125,#3130,#638,.T.);
#2666=EDGE_CURVE('',#3119,#3124,#639,.T.);
#2667=EDGE_CURVE('',#3175,#3174,#3357,.T.);
#2668=EDGE_CURVE('',#3132,#3175,#640,.T.);
#2669=EDGE_CURVE('',#3169,#3175,#641,.T.);
#2670=EDGE_CURVE('',#3144,#3139,#642,.T.);
#2671=EDGE_CURVE('',#3138,#3133,#643,.T.);
#2672=EDGE_CURVE('',#3167,#3160,#3358,.T.);
#2673=EDGE_CURVE('',#3176,#3177,#644,.T.);
#2674=EDGE_CURVE('',#3177,#3178,#645,.F.);
#2675=EDGE_CURVE('',#3178,#3179,#646,.F.);
#2676=EDGE_CURVE('',#3179,#3176,#647,.T.);
#2677=EDGE_CURVE('',#3180,#3181,#648,.T.);
#2678=EDGE_CURVE('',#3181,#3182,#649,.F.);
#2679=EDGE_CURVE('',#3182,#3183,#650,.F.);
#2680=EDGE_CURVE('',#3183,#3180,#651,.T.);
#2681=EDGE_CURVE('',#3143,#3184,#116,.T.);
#2682=EDGE_CURVE('',#3184,#3185,#652,.F.);
#2683=EDGE_CURVE('',#3185,#3186,#653,.T.);
#2684=EDGE_CURVE('',#3186,#2976,#117,.F.);
#2685=EDGE_CURVE('',#3144,#2975,#654,.T.);
#2686=EDGE_CURVE('',#3187,#3188,#655,.T.);
#2687=EDGE_CURVE('',#3188,#3189,#656,.F.);
#2688=EDGE_CURVE('',#3189,#3190,#657,.F.);
#2689=EDGE_CURVE('',#3190,#3187,#658,.T.);
#2690=EDGE_CURVE('',#3191,#3192,#659,.F.);
#2691=EDGE_CURVE('',#3192,#3193,#660,.T.);
#2692=EDGE_CURVE('',#3193,#3140,#118,.F.);
#2693=EDGE_CURVE('',#3139,#2974,#661,.T.);
#2694=EDGE_CURVE('',#2973,#3191,#119,.T.);
#2695=EDGE_CURVE('',#3194,#3195,#662,.T.);
#2696=EDGE_CURVE('',#3195,#3196,#663,.T.);
#2697=EDGE_CURVE('',#3196,#3197,#664,.F.);
#2698=EDGE_CURVE('',#3197,#3194,#665,.T.);
#2699=EDGE_CURVE('',#3137,#3198,#120,.T.);
#2700=EDGE_CURVE('',#3198,#3199,#666,.F.);
#2701=EDGE_CURVE('',#3199,#3200,#667,.T.);
#2702=EDGE_CURVE('',#3200,#2982,#121,.F.);
#2703=EDGE_CURVE('',#3138,#2981,#668,.T.);
#2704=EDGE_CURVE('',#3201,#3202,#669,.T.);
#2705=EDGE_CURVE('',#3202,#3203,#670,.F.);
#2706=EDGE_CURVE('',#3203,#3204,#671,.F.);
#2707=EDGE_CURVE('',#3204,#3201,#672,.T.);
#2708=EDGE_CURVE('',#3205,#3206,#673,.F.);
#2709=EDGE_CURVE('',#3206,#3207,#674,.T.);
#2710=EDGE_CURVE('',#3207,#3134,#122,.F.);
#2711=EDGE_CURVE('',#3133,#2980,#675,.T.);
#2712=EDGE_CURVE('',#2979,#3205,#123,.T.);
#2713=EDGE_CURVE('',#3208,#3209,#676,.T.);
#2714=EDGE_CURVE('',#3209,#3210,#677,.T.);
#2715=EDGE_CURVE('',#3210,#3211,#678,.F.);
#2716=EDGE_CURVE('',#3211,#3208,#679,.T.);
#2717=EDGE_CURVE('',#3125,#2922,#680,.T.);
#2718=EDGE_CURVE('',#3130,#2923,#681,.T.);
#2719=EDGE_CURVE('',#3212,#3213,#682,.F.);
#2720=EDGE_CURVE('',#3213,#3214,#683,.T.);
#2721=EDGE_CURVE('',#3214,#2924,#124,.F.);
#2722=EDGE_CURVE('',#3129,#3212,#125,.T.);
#2723=EDGE_CURVE('',#2921,#3215,#126,.T.);
#2724=EDGE_CURVE('',#3215,#3216,#684,.F.);
#2725=EDGE_CURVE('',#3216,#3217,#685,.T.);
#2726=EDGE_CURVE('',#3217,#3126,#127,.F.);
#2727=EDGE_CURVE('',#3218,#3219,#686,.T.);
#2728=EDGE_CURVE('',#3219,#3220,#687,.T.);
#2729=EDGE_CURVE('',#3220,#3221,#688,.T.);
#2730=EDGE_CURVE('',#3221,#3218,#689,.F.);
#2731=EDGE_CURVE('',#3119,#2916,#690,.T.);
#2732=EDGE_CURVE('',#3124,#2917,#691,.T.);
#2733=EDGE_CURVE('',#3123,#3222,#128,.T.);
#2734=EDGE_CURVE('',#3222,#3223,#692,.F.);
#2735=EDGE_CURVE('',#3223,#2918,#693,.T.);
#2736=EDGE_CURVE('',#3224,#3225,#694,.T.);
#2737=EDGE_CURVE('',#3225,#3226,#695,.F.);
#2738=EDGE_CURVE('',#3226,#3227,#696,.F.);
#2739=EDGE_CURVE('',#3227,#3224,#697,.T.);
#2740=EDGE_CURVE('',#3228,#3229,#698,.T.);
#2741=EDGE_CURVE('',#3229,#3120,#129,.F.);
#2742=EDGE_CURVE('',#3228,#2915,#699,.T.);
#2743=EDGE_CURVE('',#3223,#3228,#700,.T.);
#2744=EDGE_CURVE('',#3230,#3231,#701,.T.);
#2745=EDGE_CURVE('',#3231,#3232,#702,.F.);
#2746=EDGE_CURVE('',#3232,#3233,#703,.F.);
#2747=EDGE_CURVE('',#3233,#3230,#704,.T.);
#2748=EDGE_CURVE('',#3234,#3235,#705,.T.);
#2749=EDGE_CURVE('',#3235,#3236,#706,.F.);
#2750=EDGE_CURVE('',#3236,#3237,#707,.F.);
#2751=EDGE_CURVE('',#3237,#3234,#708,.T.);
#2752=EDGE_CURVE('',#3216,#2878,#3359,.T.);
#2753=EDGE_CURVE('',#3217,#2877,#3360,.F.);
#2754=EDGE_CURVE('',#3218,#2875,#3361,.T.);
#2755=EDGE_CURVE('',#2879,#3219,#3362,.T.);
#2756=EDGE_CURVE('',#3127,#2877,#3363,.T.);
#2757=EDGE_CURVE('',#2874,#3213,#3364,.T.);
#2758=EDGE_CURVE('',#2876,#3212,#3365,.F.);
#2759=EDGE_CURVE('',#3128,#2876,#3366,.T.);
#2760=EDGE_CURVE('',#3196,#3186,#3367,.T.);
#2761=EDGE_CURVE('',#2971,#3196,#3368,.T.);
#2762=EDGE_CURVE('',#3185,#3197,#68,.F.);
#2763=EDGE_CURVE('',#2972,#3195,#3369,.T.);
#2764=EDGE_CURVE('',#3189,#3194,#69,.F.);
#2765=EDGE_CURVE('',#3197,#3190,#70,.T.);
#2766=EDGE_CURVE('',#3191,#3195,#3370,.T.);
#2767=EDGE_CURVE('',#3194,#3192,#71,.T.);
#2768=EDGE_CURVE('',#3210,#3200,#3371,.T.);
#2769=EDGE_CURVE('',#2977,#3210,#3372,.T.);
#2770=EDGE_CURVE('',#3199,#3211,#72,.F.);
#2771=EDGE_CURVE('',#2978,#3209,#3373,.T.);
#2772=EDGE_CURVE('',#3203,#3208,#73,.F.);
#2773=EDGE_CURVE('',#3211,#3204,#74,.T.);
#2774=EDGE_CURVE('',#3205,#3209,#3374,.T.);
#2775=EDGE_CURVE('',#3208,#3206,#75,.T.);
#2776=EDGE_CURVE('',#3219,#3216,#3375,.T.);
#2777=EDGE_CURVE('',#3220,#3215,#3376,.F.);
#2778=EDGE_CURVE('',#3220,#2920,#3377,.T.);
#2779=EDGE_CURVE('',#3221,#2919,#3378,.T.);
#2780=EDGE_CURVE('',#3221,#3214,#3379,.T.);
#2781=EDGE_CURVE('',#3218,#3213,#3380,.F.);
#2782=EDGE_CURVE('',#3229,#3225,#3381,.F.);
#2783=EDGE_CURVE('',#3226,#3228,#76,.F.);
#2784=EDGE_CURVE('',#3227,#3223,#77,.F.);
#2785=EDGE_CURVE('',#3121,#3225,#3382,.T.);
#2786=EDGE_CURVE('',#3224,#3222,#3383,.F.);
#2787=EDGE_CURVE('',#3122,#3224,#3384,.T.);
#2788=EDGE_CURVE('',#3068,#3061,#3385,.F.);
#2789=EDGE_CURVE('',#2906,#3068,#3386,.T.);
#2790=EDGE_CURVE('',#3060,#3069,#78,.F.);
#2791=EDGE_CURVE('',#2907,#3067,#3387,.T.);
#2792=EDGE_CURVE('',#3232,#3066,#79,.F.);
#2793=EDGE_CURVE('',#3069,#3233,#80,.T.);
#2794=EDGE_CURVE('',#3062,#3067,#3388,.F.);
#2795=EDGE_CURVE('',#3066,#3063,#81,.T.);
#2796=EDGE_CURVE('',#3233,#3060,#3389,.T.);
#2797=EDGE_CURVE('',#3230,#3059,#3390,.F.);
#2798=EDGE_CURVE('',#3230,#3116,#3391,.T.);
#2799=EDGE_CURVE('',#3231,#3115,#3392,.T.);
#2800=EDGE_CURVE('',#3231,#3064,#3393,.T.);
#2801=EDGE_CURVE('',#3232,#3063,#3394,.T.);
#2802=EDGE_CURVE('',#3083,#3076,#3395,.F.);
#2803=EDGE_CURVE('',#2883,#3083,#3396,.T.);
#2804=EDGE_CURVE('',#3075,#3084,#82,.F.);
#2805=EDGE_CURVE('',#2884,#3082,#3397,.T.);
#2806=EDGE_CURVE('',#3236,#3081,#83,.F.);
#2807=EDGE_CURVE('',#3084,#3237,#84,.T.);
#2808=EDGE_CURVE('',#3077,#3082,#3398,.F.);
#2809=EDGE_CURVE('',#3081,#3078,#85,.T.);
#2810=EDGE_CURVE('',#3237,#3075,#3399,.T.);
#2811=EDGE_CURVE('',#3234,#3074,#3400,.F.);
#2812=EDGE_CURVE('',#3234,#3114,#3401,.T.);
#2813=EDGE_CURVE('',#3235,#3113,#3402,.T.);
#2814=EDGE_CURVE('',#3235,#3079,#3403,.T.);
#2815=EDGE_CURVE('',#3236,#3078,#3404,.T.);
#2816=EDGE_CURVE('',#3097,#3088,#3405,.F.);
#2817=EDGE_CURVE('',#2953,#3097,#3406,.T.);
#2818=EDGE_CURVE('',#3087,#3098,#86,.F.);
#2819=EDGE_CURVE('',#2954,#3096,#3407,.T.);
#2820=EDGE_CURVE('',#3178,#3095,#87,.F.);
#2821=EDGE_CURVE('',#3098,#3179,#88,.T.);
#2822=EDGE_CURVE('',#3090,#3096,#3408,.F.);
#2823=EDGE_CURVE('',#3095,#3091,#89,.T.);
#2824=EDGE_CURVE('',#3179,#3087,#3409,.T.);
#2825=EDGE_CURVE('',#3176,#3086,#3410,.F.);
#2826=EDGE_CURVE('',#3176,#3150,#3411,.T.);
#2827=EDGE_CURVE('',#3177,#3149,#3412,.T.);
#2828=EDGE_CURVE('',#3177,#3092,#3413,.T.);
#2829=EDGE_CURVE('',#3178,#3091,#3414,.T.);
#2830=EDGE_CURVE('',#3111,#3102,#3415,.F.);
#2831=EDGE_CURVE('',#2959,#3111,#3416,.T.);
#2832=EDGE_CURVE('',#3101,#3112,#90,.F.);
#2833=EDGE_CURVE('',#2960,#3110,#3417,.T.);
#2834=EDGE_CURVE('',#3182,#3109,#91,.F.);
#2835=EDGE_CURVE('',#3112,#3183,#92,.T.);
#2836=EDGE_CURVE('',#3104,#3110,#3418,.F.);
#2837=EDGE_CURVE('',#3109,#3105,#93,.T.);
#2838=EDGE_CURVE('',#3183,#3101,#3419,.T.);
#2839=EDGE_CURVE('',#3180,#3100,#3420,.F.);
#2840=EDGE_CURVE('',#3180,#3148,#3421,.T.);
#2841=EDGE_CURVE('',#3181,#3147,#3422,.T.);
#2842=EDGE_CURVE('',#3181,#3106,#3423,.T.);
#2843=EDGE_CURVE('',#3182,#3105,#3424,.T.);
#2844=EDGE_CURVE('',#3238,#2909,#709,.T.);
#2845=EDGE_CURVE('',#3239,#3238,#3425,.T.);
#2846=EDGE_CURVE('',#3239,#2910,#710,.T.);
#2847=EDGE_CURVE('',#3238,#3239,#3426,.T.);
#2848=EDGE_CURVE('',#2868,#2870,#3427,.T.);
#2849=EDGE_CURVE('',#2873,#2863,#3428,.T.);
#2850=EDGE_CURVE('',#3190,#3185,#3429,.T.);
#2851=EDGE_CURVE('',#3187,#3184,#3430,.F.);
#2852=EDGE_CURVE('',#3187,#3142,#3431,.T.);
#2853=EDGE_CURVE('',#3188,#3141,#3432,.T.);
#2854=EDGE_CURVE('',#3188,#3193,#3433,.T.);
#2855=EDGE_CURVE('',#3189,#3192,#3434,.T.);
#2856=EDGE_CURVE('',#3204,#3199,#3435,.T.);
#2857=EDGE_CURVE('',#3201,#3198,#3436,.F.);
#2858=EDGE_CURVE('',#3201,#3136,#3437,.T.);
#2859=EDGE_CURVE('',#3202,#3135,#3438,.T.);
#2860=EDGE_CURVE('',#3202,#3207,#3439,.T.);
#2861=EDGE_CURVE('',#3203,#3206,#3440,.T.);
#2862=VERTEX_POINT('',#7012);
#2863=VERTEX_POINT('',#7013);
#2864=VERTEX_POINT('',#7015);
#2865=VERTEX_POINT('',#7017);
#2866=VERTEX_POINT('',#7021);
#2867=VERTEX_POINT('',#7022);
#2868=VERTEX_POINT('',#7024);
#2869=VERTEX_POINT('',#7026);
#2870=VERTEX_POINT('',#7030);
#2871=VERTEX_POINT('',#7032);
#2872=VERTEX_POINT('',#7036);
#2873=VERTEX_POINT('',#7038);
#2874=VERTEX_POINT('',#7046);
#2875=VERTEX_POINT('',#7047);
#2876=VERTEX_POINT('',#7049);
#2877=VERTEX_POINT('',#7051);
#2878=VERTEX_POINT('',#7053);
#2879=VERTEX_POINT('',#7055);
#2880=VERTEX_POINT('',#7059);
#2881=VERTEX_POINT('',#7060);
#2882=VERTEX_POINT('',#7062);
#2883=VERTEX_POINT('',#7064);
#2884=VERTEX_POINT('',#7066);
#2885=VERTEX_POINT('',#7068);
#2886=VERTEX_POINT('',#7071);
#2887=VERTEX_POINT('',#7072);
#2888=VERTEX_POINT('',#7074);
#2889=VERTEX_POINT('',#7076);
#2890=VERTEX_POINT('',#7078);
#2891=VERTEX_POINT('',#7080);
#2892=VERTEX_POINT('',#7082);
#2893=VERTEX_POINT('',#7084);
#2894=VERTEX_POINT('',#7086);
#2895=VERTEX_POINT('',#7088);
#2896=VERTEX_POINT('',#7090);
#2897=VERTEX_POINT('',#7092);
#2898=VERTEX_POINT('',#7094);
#2899=VERTEX_POINT('',#7096);
#2900=VERTEX_POINT('',#7098);
#2901=VERTEX_POINT('',#7100);
#2902=VERTEX_POINT('',#7102);
#2903=VERTEX_POINT('',#7105);
#2904=VERTEX_POINT('',#7106);
#2905=VERTEX_POINT('',#7108);
#2906=VERTEX_POINT('',#7110);
#2907=VERTEX_POINT('',#7112);
#2908=VERTEX_POINT('',#7114);
#2909=VERTEX_POINT('',#7118);
#2910=VERTEX_POINT('',#7119);
#2911=VERTEX_POINT('',#7122);
#2912=VERTEX_POINT('',#7123);
#2913=VERTEX_POINT('',#7125);
#2914=VERTEX_POINT('',#7127);
#2915=VERTEX_POINT('',#7130);
#2916=VERTEX_POINT('',#7131);
#2917=VERTEX_POINT('',#7133);
#2918=VERTEX_POINT('',#7135);
#2919=VERTEX_POINT('',#7138);
#2920=VERTEX_POINT('',#7139);
#2921=VERTEX_POINT('',#7141);
#2922=VERTEX_POINT('',#7143);
#2923=VERTEX_POINT('',#7145);
#2924=VERTEX_POINT('',#7147);
#2925=VERTEX_POINT('',#7151);
#2926=VERTEX_POINT('',#7152);
#2927=VERTEX_POINT('',#7154);
#2928=VERTEX_POINT('',#7156);
#2929=VERTEX_POINT('',#7158);
#2930=VERTEX_POINT('',#7160);
#2931=VERTEX_POINT('',#7165);
#2932=VERTEX_POINT('',#7166);
#2933=VERTEX_POINT('',#7168);
#2934=VERTEX_POINT('',#7170);
#2935=VERTEX_POINT('',#7174);
#2936=VERTEX_POINT('',#7176);
#2937=VERTEX_POINT('',#7178);
#2938=VERTEX_POINT('',#7180);
#2939=VERTEX_POINT('',#7184);
#2940=VERTEX_POINT('',#7185);
#2941=VERTEX_POINT('',#7187);
#2942=VERTEX_POINT('',#7189);
#2943=VERTEX_POINT('',#7191);
#2944=VERTEX_POINT('',#7193);
#2945=VERTEX_POINT('',#7195);
#2946=VERTEX_POINT('',#7197);
#2947=VERTEX_POINT('',#7201);
#2948=VERTEX_POINT('',#7203);
#2949=VERTEX_POINT('',#7207);
#2950=VERTEX_POINT('',#7209);
#2951=VERTEX_POINT('',#7213);
#2952=VERTEX_POINT('',#7214);
#2953=VERTEX_POINT('',#7216);
#2954=VERTEX_POINT('',#7218);
#2955=VERTEX_POINT('',#7220);
#2956=VERTEX_POINT('',#7222);
#2957=VERTEX_POINT('',#7225);
#2958=VERTEX_POINT('',#7226);
#2959=VERTEX_POINT('',#7228);
#2960=VERTEX_POINT('',#7230);
#2961=VERTEX_POINT('',#7232);
#2962=VERTEX_POINT('',#7234);
#2963=VERTEX_POINT('',#7237);
#2964=VERTEX_POINT('',#7239);
#2965=VERTEX_POINT('',#7241);
#2966=VERTEX_POINT('',#7244);
#2967=VERTEX_POINT('',#7246);
#2968=VERTEX_POINT('',#7248);
#2969=VERTEX_POINT('',#7250);
#2970=VERTEX_POINT('',#7252);
#2971=VERTEX_POINT('',#7256);
#2972=VERTEX_POINT('',#7257);
#2973=VERTEX_POINT('',#7259);
#2974=VERTEX_POINT('',#7261);
#2975=VERTEX_POINT('',#7263);
#2976=VERTEX_POINT('',#7265);
#2977=VERTEX_POINT('',#7268);
#2978=VERTEX_POINT('',#7269);
#2979=VERTEX_POINT('',#7271);
#2980=VERTEX_POINT('',#7273);
#2981=VERTEX_POINT('',#7275);
#2982=VERTEX_POINT('',#7277);
#2983=VERTEX_POINT('',#7280);
#2984=VERTEX_POINT('',#7282);
#2985=VERTEX_POINT('',#7284);
#2986=VERTEX_POINT('',#7286);
#2987=VERTEX_POINT('',#7289);
#2988=VERTEX_POINT('',#7291);
#2989=VERTEX_POINT('',#7295);
#2990=VERTEX_POINT('',#7296);
#2991=VERTEX_POINT('',#7299);
#2992=VERTEX_POINT('',#7301);
#2993=VERTEX_POINT('',#7304);
#2994=VERTEX_POINT('',#7306);
#2995=VERTEX_POINT('',#7308);
#2996=VERTEX_POINT('',#7310);
#2997=VERTEX_POINT('',#7314);
#2998=VERTEX_POINT('',#7315);
#2999=VERTEX_POINT('',#7318);
#3000=VERTEX_POINT('',#7320);
#3001=VERTEX_POINT('',#7322);
#3002=VERTEX_POINT('',#7325);
#3003=VERTEX_POINT('',#7327);
#3004=VERTEX_POINT('',#7330);
#3005=VERTEX_POINT('',#7332);
#3006=VERTEX_POINT('',#7351);
#3007=VERTEX_POINT('',#7353);
#3008=VERTEX_POINT('',#7355);
#3009=VERTEX_POINT('',#7357);
#3010=VERTEX_POINT('',#7360);
#3011=VERTEX_POINT('',#7364);
#3012=VERTEX_POINT('',#7366);
#3013=VERTEX_POINT('',#7368);
#3014=VERTEX_POINT('',#7370);
#3015=VERTEX_POINT('',#7373);
#3016=VERTEX_POINT('',#7377);
#3017=VERTEX_POINT('',#7381);
#3018=VERTEX_POINT('',#7389);
#3019=VERTEX_POINT('',#7391);
#3020=VERTEX_POINT('',#7393);
#3021=VERTEX_POINT('',#7395);
#3022=VERTEX_POINT('',#7398);
#3023=VERTEX_POINT('',#7401);
#3024=VERTEX_POINT('',#7404);
#3025=VERTEX_POINT('',#7407);
#3026=VERTEX_POINT('',#7410);
#3027=VERTEX_POINT('',#7413);
#3028=VERTEX_POINT('',#7416);
#3029=VERTEX_POINT('',#7419);
#3030=VERTEX_POINT('',#7422);
#3031=VERTEX_POINT('',#7425);
#3032=VERTEX_POINT('',#7428);
#3033=VERTEX_POINT('',#7431);
#3034=VERTEX_POINT('',#7434);
#3035=VERTEX_POINT('',#7437);
#3036=VERTEX_POINT('',#7440);
#3037=VERTEX_POINT('',#7443);
#3038=VERTEX_POINT('',#7464);
#3039=VERTEX_POINT('',#7465);
#3040=VERTEX_POINT('',#7467);
#3041=VERTEX_POINT('',#7469);
#3042=VERTEX_POINT('',#7477);
#3043=VERTEX_POINT('',#7479);
#3044=VERTEX_POINT('',#7492);
#3045=VERTEX_POINT('',#7493);
#3046=VERTEX_POINT('',#7495);
#3047=VERTEX_POINT('',#7497);
#3048=VERTEX_POINT('',#7501);
#3049=VERTEX_POINT('',#7502);
#3050=VERTEX_POINT('',#7504);
#3051=VERTEX_POINT('',#7506);
#3052=VERTEX_POINT('',#7510);
#3053=VERTEX_POINT('',#7511);
#3054=VERTEX_POINT('',#7520);
#3055=VERTEX_POINT('',#7522);
#3056=VERTEX_POINT('',#7569);
#3057=VERTEX_POINT('',#7571);
#3058=VERTEX_POINT('',#7578);
#3059=VERTEX_POINT('',#7579);
#3060=VERTEX_POINT('',#7581);
#3061=VERTEX_POINT('',#7583);
#3062=VERTEX_POINT('',#7591);
#3063=VERTEX_POINT('',#7592);
#3064=VERTEX_POINT('',#7594);
#3065=VERTEX_POINT('',#7599);
#3066=VERTEX_POINT('',#7607);
#3067=VERTEX_POINT('',#7608);
#3068=VERTEX_POINT('',#7610);
#3069=VERTEX_POINT('',#7612);
#3070=VERTEX_POINT('',#7616);
#3071=VERTEX_POINT('',#7618);
#3072=VERTEX_POINT('',#7620);
#3073=VERTEX_POINT('',#7627);
#3074=VERTEX_POINT('',#7628);
#3075=VERTEX_POINT('',#7630);
#3076=VERTEX_POINT('',#7632);
#3077=VERTEX_POINT('',#7641);
#3078=VERTEX_POINT('',#7642);
#3079=VERTEX_POINT('',#7644);
#3080=VERTEX_POINT('',#7649);
#3081=VERTEX_POINT('',#7658);
#3082=VERTEX_POINT('',#7659);
#3083=VERTEX_POINT('',#7661);
#3084=VERTEX_POINT('',#7663);
#3085=VERTEX_POINT('',#7670);
#3086=VERTEX_POINT('',#7671);
#3087=VERTEX_POINT('',#7673);
#3088=VERTEX_POINT('',#7675);
#3089=VERTEX_POINT('',#7682);
#3090=VERTEX_POINT('',#7686);
#3091=VERTEX_POINT('',#7687);
#3092=VERTEX_POINT('',#7689);
#3093=VERTEX_POINT('',#7694);
#3094=VERTEX_POINT('',#7696);
#3095=VERTEX_POINT('',#7705);
#3096=VERTEX_POINT('',#7706);
#3097=VERTEX_POINT('',#7708);
#3098=VERTEX_POINT('',#7710);
#3099=VERTEX_POINT('',#7719);
#3100=VERTEX_POINT('',#7720);
#3101=VERTEX_POINT('',#7722);
#3102=VERTEX_POINT('',#7724);
#3103=VERTEX_POINT('',#7730);
#3104=VERTEX_POINT('',#7734);
#3105=VERTEX_POINT('',#7735);
#3106=VERTEX_POINT('',#7737);
#3107=VERTEX_POINT('',#7742);
#3108=VERTEX_POINT('',#7744);
#3109=VERTEX_POINT('',#7752);
#3110=VERTEX_POINT('',#7753);
#3111=VERTEX_POINT('',#7755);
#3112=VERTEX_POINT('',#7757);
#3113=VERTEX_POINT('',#7763);
#3114=VERTEX_POINT('',#7764);
#3115=VERTEX_POINT('',#7768);
#3116=VERTEX_POINT('',#7770);
#3117=VERTEX_POINT('',#7773);
#3118=VERTEX_POINT('',#7775);
#3119=VERTEX_POINT('',#7777);
#3120=VERTEX_POINT('',#7779);
#3121=VERTEX_POINT('',#7781);
#3122=VERTEX_POINT('',#7783);
#3123=VERTEX_POINT('',#7785);
#3124=VERTEX_POINT('',#7787);
#3125=VERTEX_POINT('',#7789);
#3126=VERTEX_POINT('',#7791);
#3127=VERTEX_POINT('',#7793);
#3128=VERTEX_POINT('',#7795);
#3129=VERTEX_POINT('',#7797);
#3130=VERTEX_POINT('',#7799);
#3131=VERTEX_POINT('',#7801);
#3132=VERTEX_POINT('',#7803);
#3133=VERTEX_POINT('',#7805);
#3134=VERTEX_POINT('',#7807);
#3135=VERTEX_POINT('',#7809);
#3136=VERTEX_POINT('',#7811);
#3137=VERTEX_POINT('',#7813);
#3138=VERTEX_POINT('',#7815);
#3139=VERTEX_POINT('',#7817);
#3140=VERTEX_POINT('',#7819);
#3141=VERTEX_POINT('',#7821);
#3142=VERTEX_POINT('',#7823);
#3143=VERTEX_POINT('',#7825);
#3144=VERTEX_POINT('',#7827);
#3145=VERTEX_POINT('',#7829);
#3146=VERTEX_POINT('',#7831);
#3147=VERTEX_POINT('',#7834);
#3148=VERTEX_POINT('',#7836);
#3149=VERTEX_POINT('',#7840);
#3150=VERTEX_POINT('',#7842);
#3151=VERTEX_POINT('',#7845);
#3152=VERTEX_POINT('',#7849);
#3153=VERTEX_POINT('',#7850);
#3154=VERTEX_POINT('',#7852);
#3155=VERTEX_POINT('',#7854);
#3156=VERTEX_POINT('',#7856);
#3157=VERTEX_POINT('',#7858);
#3158=VERTEX_POINT('',#7860);
#3159=VERTEX_POINT('',#7862);
#3160=VERTEX_POINT('',#7866);
#3161=VERTEX_POINT('',#7867);
#3162=VERTEX_POINT('',#7872);
#3163=VERTEX_POINT('',#7876);
#3164=VERTEX_POINT('',#7880);
#3165=VERTEX_POINT('',#7884);
#3166=VERTEX_POINT('',#7888);
#3167=VERTEX_POINT('',#7892);
#3168=VERTEX_POINT('',#7896);
#3169=VERTEX_POINT('',#7897);
#3170=VERTEX_POINT('',#7902);
#3171=VERTEX_POINT('',#7906);
#3172=VERTEX_POINT('',#7910);
#3173=VERTEX_POINT('',#7914);
#3174=VERTEX_POINT('',#7918);
#3175=VERTEX_POINT('',#7924);
#3176=VERTEX_POINT('',#7935);
#3177=VERTEX_POINT('',#7936);
#3178=VERTEX_POINT('',#7938);
#3179=VERTEX_POINT('',#7940);
#3180=VERTEX_POINT('',#7944);
#3181=VERTEX_POINT('',#7945);
#3182=VERTEX_POINT('',#7947);
#3183=VERTEX_POINT('',#7949);
#3184=VERTEX_POINT('',#7956);
#3185=VERTEX_POINT('',#7958);
#3186=VERTEX_POINT('',#7960);
#3187=VERTEX_POINT('',#7968);
#3188=VERTEX_POINT('',#7969);
#3189=VERTEX_POINT('',#7971);
#3190=VERTEX_POINT('',#7973);
#3191=VERTEX_POINT('',#7977);
#3192=VERTEX_POINT('',#7978);
#3193=VERTEX_POINT('',#7980);
#3194=VERTEX_POINT('',#7992);
#3195=VERTEX_POINT('',#7993);
#3196=VERTEX_POINT('',#7995);
#3197=VERTEX_POINT('',#7997);
#3198=VERTEX_POINT('',#8005);
#3199=VERTEX_POINT('',#8007);
#3200=VERTEX_POINT('',#8009);
#3201=VERTEX_POINT('',#8017);
#3202=VERTEX_POINT('',#8018);
#3203=VERTEX_POINT('',#8020);
#3204=VERTEX_POINT('',#8022);
#3205=VERTEX_POINT('',#8026);
#3206=VERTEX_POINT('',#8027);
#3207=VERTEX_POINT('',#8029);
#3208=VERTEX_POINT('',#8041);
#3209=VERTEX_POINT('',#8042);
#3210=VERTEX_POINT('',#8044);
#3211=VERTEX_POINT('',#8046);
#3212=VERTEX_POINT('',#8054);
#3213=VERTEX_POINT('',#8055);
#3214=VERTEX_POINT('',#8057);
#3215=VERTEX_POINT('',#8071);
#3216=VERTEX_POINT('',#8073);
#3217=VERTEX_POINT('',#8075);
#3218=VERTEX_POINT('',#8082);
#3219=VERTEX_POINT('',#8083);
#3220=VERTEX_POINT('',#8085);
#3221=VERTEX_POINT('',#8087);
#3222=VERTEX_POINT('',#8097);
#3223=VERTEX_POINT('',#8099);
#3224=VERTEX_POINT('',#8103);
#3225=VERTEX_POINT('',#8104);
#3226=VERTEX_POINT('',#8106);
#3227=VERTEX_POINT('',#8108);
#3228=VERTEX_POINT('',#8112);
#3229=VERTEX_POINT('',#8113);
#3230=VERTEX_POINT('',#8123);
#3231=VERTEX_POINT('',#8124);
#3232=VERTEX_POINT('',#8126);
#3233=VERTEX_POINT('',#8128);
#3234=VERTEX_POINT('',#8132);
#3235=VERTEX_POINT('',#8133);
#3236=VERTEX_POINT('',#8135);
#3237=VERTEX_POINT('',#8137);
#3238=VERTEX_POINT('',#8440);
#3239=VERTEX_POINT('',#8442);
#3240=CIRCLE('',#5271,0.0119293679550145);
#3241=CIRCLE('',#5272,0.0119293679550145);
#3242=CIRCLE('',#5274,0.0119293679550145);
#3243=CIRCLE('',#5275,0.0119293679550145);
#3244=CIRCLE('',#5277,0.00964956449933821);
#3245=CIRCLE('',#5278,0.00964956449933821);
#3246=CIRCLE('',#5280,0.00964956449933821);
#3247=CIRCLE('',#5281,0.00964956449933821);
#3248=CIRCLE('',#5283,0.00201044079855421);
#3249=CIRCLE('',#5285,0.00201044079855421);
#3250=CIRCLE('',#5287,0.000168993694396573);
#3251=CIRCLE('',#5288,0.000168993694396573);
#3252=CIRCLE('',#5290,0.00144852813742386);
#3253=CIRCLE('',#5291,0.00144852813742386);
#3254=CIRCLE('',#5292,0.00188308657865102);
#3255=CIRCLE('',#5293,0.0010139696961967);
#3256=CIRCLE('',#5294,0.0010139696961967);
#3257=CIRCLE('',#5296,0.0131791029350008);
#3258=CIRCLE('',#5297,0.0138137988103058);
#3259=CIRCLE('',#5298,0.00115882);
#3260=CIRCLE('',#5299,0.00115882);
#3261=CIRCLE('',#5301,0.0037);
#3262=CIRCLE('',#5302,0.0057);
#3263=CIRCLE('',#5304,0.0057);
#3264=CIRCLE('',#5305,0.0057);
#3265=CIRCLE('',#5306,0.0037);
#3266=CIRCLE('',#5307,0.0037);
#3267=CIRCLE('',#5309,0.0037);
#3268=CIRCLE('',#5310,0.0057);
#3269=CIRCLE('',#5314,0.00154509667991878);
#3270=CIRCLE('',#5315,0.00154509667991878);
#3271=CIRCLE('',#5316,0.00082084);
#3272=CIRCLE('',#5317,0.00082084);
#3273=CIRCLE('',#5319,0.00115882);
#3274=CIRCLE('',#5320,0.00115882);
#3275=CIRCLE('',#5321,0.00115882);
#3276=CIRCLE('',#5322,0.00115882);
#3277=CIRCLE('',#5323,0.000869116882454315);
#3278=CIRCLE('',#5324,0.000869116882454315);
#3279=CIRCLE('',#5327,0.00188308657865102);
#3280=CIRCLE('',#5331,0.0057);
#3281=CIRCLE('',#5333,0.0057);
#3282=CIRCLE('',#5335,0.0057);
#3283=CIRCLE('',#5337,0.0057);
#3284=CIRCLE('',#5339,0.0014);
#3285=CIRCLE('',#5340,0.0014);
#3286=CIRCLE('',#5341,0.0014);
#3287=CIRCLE('',#5342,0.0014);
#3288=CIRCLE('',#5344,0.0037);
#3289=CIRCLE('',#5346,0.000869116882454315);
#3290=CIRCLE('',#5347,0.000869116882454315);
#3291=CIRCLE('',#5349,0.0037);
#3292=CIRCLE('',#5352,0.0037);
#3293=CIRCLE('',#5354,0.0037);
#3294=CIRCLE('',#5356,0.0035);
#3295=CIRCLE('',#5357,0.0035);
#3296=CIRCLE('',#5358,0.0035);
#3297=CIRCLE('',#5359,0.0035);
#3298=CIRCLE('',#5361,0.0035);
#3299=CIRCLE('',#5363,0.0023);
#3300=CIRCLE('',#5365,0.0035);
#3301=CIRCLE('',#5367,0.0023);
#3302=CIRCLE('',#5369,0.0035);
#3303=CIRCLE('',#5371,0.0023);
#3304=CIRCLE('',#5373,0.0035);
#3305=CIRCLE('',#5375,0.0023);
#3306=CIRCLE('',#5377,0.0023);
#3307=CIRCLE('',#5379,0.0014);
#3308=CIRCLE('',#5381,0.0023);
#3309=CIRCLE('',#5383,0.0014);
#3310=CIRCLE('',#5385,0.0023);
#3311=CIRCLE('',#5387,0.0014);
#3312=CIRCLE('',#5389,0.0023);
#3313=CIRCLE('',#5391,0.0014);
#3314=CIRCLE('',#5417,0.000941543289325507);
#3315=CIRCLE('',#5419,0.000941543289325507);
#3316=CIRCLE('',#5421,0.000941543289325507);
#3317=CIRCLE('',#5423,0.000941543289325507);
#3318=CIRCLE('',#5429,0.000434558441227157);
#3319=CIRCLE('',#5431,0.000434558441227157);
#3320=CIRCLE('',#5433,0.000434558441227157);
#3321=CIRCLE('',#5435,0.000434558441227157);
#3322=CIRCLE('',#5441,0.000434558441227157);
#3323=CIRCLE('',#5443,0.000434558441227157);
#3324=CIRCLE('',#5445,0.000434558441227157);
#3325=CIRCLE('',#5447,0.000434558441227157);
#3326=CIRCLE('',#5454,0.012);
#3327=CIRCLE('',#5467,0.000627695526217005);
#3328=CIRCLE('',#5468,0.000197965512114594);
#3329=CIRCLE('',#5469,0.000197965512114594);
#3330=CIRCLE('',#5470,0.012);
#3331=CIRCLE('',#5471,0.000434558441227157);
#3332=CIRCLE('',#5472,0.000434558441227157);
#3333=CIRCLE('',#5473,0.000820832611206853);
#3334=CIRCLE('',#5474,0.000820832611206853);
#3335=CIRCLE('',#5475,0.012);
#3336=CIRCLE('',#5476,0.000869116882454315);
#3337=CIRCLE('',#5477,0.000869116882454315);
#3338=CIRCLE('',#5478,0.000965685424949238);
#3339=CIRCLE('',#5479,0.000965685424949238);
#3340=CIRCLE('',#5480,0.012);
#3341=CIRCLE('',#5481,0.000362132034355965);
#3342=CIRCLE('',#5482,0.000362132034355965);
#3343=CIRCLE('',#5483,0.000820832611206853);
#3344=CIRCLE('',#5484,0.000820832611206853);
#3345=CIRCLE('',#5485,0.012);
#3346=CIRCLE('',#5486,0.000627695526217005);
#3347=CIRCLE('',#5487,0.016);
#3348=CIRCLE('',#5488,0.016);
#3349=CIRCLE('',#5489,0.016);
#3350=CIRCLE('',#5490,0.016);
#3351=CIRCLE('',#5493,0.016);
#3352=CIRCLE('',#5496,0.016);
#3353=CIRCLE('',#5499,0.016);
#3354=CIRCLE('',#5502,0.012);
#3355=CIRCLE('',#5505,0.012);
#3356=CIRCLE('',#5508,0.012);
#3357=CIRCLE('',#5511,0.012);
#3358=CIRCLE('',#5514,0.016);
#3359=CIRCLE('',#5540,0.000410416305603426);
#3360=CIRCLE('',#5541,0.000410416305603426);
#3361=CIRCLE('',#5543,0.000410416305603426);
#3362=CIRCLE('',#5544,0.000410416305603426);
#3363=CIRCLE('',#5546,0.000410416305603426);
#3364=CIRCLE('',#5548,0.000410416305603426);
#3365=CIRCLE('',#5549,0.000410416305603426);
#3366=CIRCLE('',#5551,0.000410416305603426);
#3367=CIRCLE('',#5554,0.00057941);
#3368=CIRCLE('',#5555,0.00057941);
#3369=CIRCLE('',#5559,0.00057941);
#3370=CIRCLE('',#5564,0.00057941);
#3371=CIRCLE('',#5568,0.00057941);
#3372=CIRCLE('',#5569,0.00057941);
#3373=CIRCLE('',#5573,0.00057941);
#3374=CIRCLE('',#5578,0.00057941);
#3375=CIRCLE('',#5582,0.00057941);
#3376=CIRCLE('',#5584,0.00057941);
#3377=CIRCLE('',#5586,0.00057941);
#3378=CIRCLE('',#5588,0.00057941);
#3379=CIRCLE('',#5590,0.00057941);
#3380=CIRCLE('',#5592,0.00057941);
#3381=CIRCLE('',#5595,0.000217279220613579);
#3382=CIRCLE('',#5600,0.000217279220613579);
#3383=CIRCLE('',#5602,0.000217279220613579);
#3384=CIRCLE('',#5604,0.000217279220613579);
#3385=CIRCLE('',#5607,0.00050698484809835);
#3386=CIRCLE('',#5608,0.00050698484809835);
#3387=CIRCLE('',#5612,0.00050698484809835);
#3388=CIRCLE('',#5617,0.00050698484809835);
#3389=CIRCLE('',#5620,9.89827560572969E-5);
#3390=CIRCLE('',#5622,9.89827560572969E-5);
#3391=CIRCLE('',#5624,9.89827560572969E-5);
#3392=CIRCLE('',#5626,9.89827560572969E-5);
#3393=CIRCLE('',#5628,9.89827560572969E-5);
#3394=CIRCLE('',#5630,9.89827560572969E-5);
#3395=CIRCLE('',#5632,0.000724264068711929);
#3396=CIRCLE('',#5633,0.000724264068711929);
#3397=CIRCLE('',#5637,0.000724264068711929);
#3398=CIRCLE('',#5642,0.000724264068711929);
#3399=CIRCLE('',#5645,0.000313847763108503);
#3400=CIRCLE('',#5647,0.000313847763108503);
#3401=CIRCLE('',#5649,0.000313847763108503);
#3402=CIRCLE('',#5651,0.000313847763108503);
#3403=CIRCLE('',#5653,0.000313847763108503);
#3404=CIRCLE('',#5655,0.000313847763108503);
#3405=CIRCLE('',#5657,0.000772548339959391);
#3406=CIRCLE('',#5658,0.000772548339959391);
#3407=CIRCLE('',#5662,0.000772548339959391);
#3408=CIRCLE('',#5667,0.000772548339959391);
#3409=CIRCLE('',#5670,0.000410416305603426);
#3410=CIRCLE('',#5672,0.000410416305603426);
#3411=CIRCLE('',#5674,0.000410416305603426);
#3412=CIRCLE('',#5676,0.000410416305603426);
#3413=CIRCLE('',#5678,0.000410416305603426);
#3414=CIRCLE('',#5680,0.000410416305603426);
#3415=CIRCLE('',#5682,0.00041042);
#3416=CIRCLE('',#5683,0.00041042);
#3417=CIRCLE('',#5687,0.00041042);
#3418=CIRCLE('',#5692,0.00041042);
#3419=CIRCLE('',#5695,0.000181066017177982);
#3420=CIRCLE('',#5697,0.000181066017177982);
#3421=CIRCLE('',#5699,0.000181066017177982);
#3422=CIRCLE('',#5701,0.000181066017177982);
#3423=CIRCLE('',#5703,0.000181066017177982);
#3424=CIRCLE('',#5705,0.000181066017177982);
#3425=CIRCLE('',#5707,0.0138137988103058);
#3426=CIRCLE('',#5709,0.0131791029350008);
#3427=CIRCLE('',#5711,0.00201044079855421);
#3428=CIRCLE('',#5712,0.00201044079855421);
#3429=CIRCLE('',#5715,0.000482842712474619);
#3430=CIRCLE('',#5717,0.000482842712474619);
#3431=CIRCLE('',#5719,0.000482842712474619);
#3432=CIRCLE('',#5721,0.000482842712474619);
#3433=CIRCLE('',#5723,0.000482842712474619);
#3434=CIRCLE('',#5725,0.000482842712474619);
#3435=CIRCLE('',#5726,0.000434558441227157);
#3436=CIRCLE('',#5728,0.000434558441227157);
#3437=CIRCLE('',#5730,0.000434558441227157);
#3438=CIRCLE('',#5732,0.000434558441227157);
#3439=CIRCLE('',#5734,0.000434558441227157);
#3440=CIRCLE('',#5736,0.000434558441227157);
#3441=EDGE_LOOP('',(#1047,#1048,#1049,#1050));
#3442=EDGE_LOOP('',(#1051,#1052,#1053,#1054));
#3443=EDGE_LOOP('',(#1055,#1056,#1057,#1058));
#3444=EDGE_LOOP('',(#1059,#1060,#1061,#1062));
#3445=EDGE_LOOP('',(#1063,#1064,#1065));
#3446=EDGE_LOOP('',(#1066,#1067,#1068));
#3447=EDGE_LOOP('',(#1069,#1070,#1071,#1072,#1073,#1074));
#3448=EDGE_LOOP('',(#1075,#1076,#1077,#1078,#1079,#1080));
#3449=EDGE_LOOP('',(#1081,#1082,#1083,#1084,#1085,#1086,#1087,#1088,#1089,
#1090,#1091,#1092,#1093,#1094,#1095,#1096,#1097));
#3450=EDGE_LOOP('',(#1098,#1099,#1100,#1101,#1102,#1103));
#3451=EDGE_LOOP('',(#1104,#1105));
#3452=EDGE_LOOP('',(#1106,#1107,#1108,#1109));
#3453=EDGE_LOOP('',(#1110,#1111,#1112,#1113));
#3454=EDGE_LOOP('',(#1114,#1115,#1116,#1117,#1118,#1119));
#3455=EDGE_LOOP('',(#1120,#1121,#1122,#1123,#1124,#1125,#1126,#1127));
#3456=EDGE_LOOP('',(#1128,#1129,#1130,#1131,#1132,#1133,#1134,#1135,#1136,
#1137,#1138,#1139));
#3457=EDGE_LOOP('',(#1140,#1141,#1142,#1143,#1144,#1145,#1146,#1147));
#3458=EDGE_LOOP('',(#1148,#1149,#1150,#1151));
#3459=EDGE_LOOP('',(#1152,#1153,#1154,#1155));
#3460=EDGE_LOOP('',(#1156,#1157,#1158,#1159,#1160,#1161));
#3461=EDGE_LOOP('',(#1162,#1163,#1164,#1165,#1166,#1167));
#3462=EDGE_LOOP('',(#1168,#1169,#1170,#1171,#1172,#1173,#1174,#1175,#1176,
#1177,#1178,#1179));
#3463=EDGE_LOOP('',(#1180,#1181,#1182,#1183,#1184,#1185));
#3464=EDGE_LOOP('',(#1186,#1187,#1188,#1189,#1190,#1191));
#3465=EDGE_LOOP('',(#1192,#1193,#1194,#1195,#1196,#1197,#1198,#1199,#1200,
#1201));
#3466=EDGE_LOOP('',(#1202,#1203,#1204,#1205,#1206,#1207,#1208,#1209,#1210,
#1211,#1212,#1213));
#3467=EDGE_LOOP('',(#1214,#1215,#1216,#1217,#1218,#1219,#1220,#1221,#1222,
#1223,#1224,#1225,#1226,#1227,#1228,#1229,#1230));
#3468=EDGE_LOOP('',(#1231,#1232,#1233,#1234));
#3469=EDGE_LOOP('',(#1235,#1236,#1237,#1238));
#3470=EDGE_LOOP('',(#1239,#1240,#1241,#1242));
#3471=EDGE_LOOP('',(#1243,#1244,#1245,#1246));
#3472=EDGE_LOOP('',(#1247,#1248,#1249,#1250));
#3473=EDGE_LOOP('',(#1251,#1252,#1253,#1254));
#3474=EDGE_LOOP('',(#1255));
#3475=EDGE_LOOP('',(#1256));
#3476=EDGE_LOOP('',(#1257));
#3477=EDGE_LOOP('',(#1258));
#3478=EDGE_LOOP('',(#1259,#1260,#1261,#1262,#1263,#1264,#1265,#1266));
#3479=EDGE_LOOP('',(#1267,#1268,#1269,#1270));
#3480=EDGE_LOOP('',(#1271,#1272,#1273,#1274,#1275,#1276,#1277,#1278,#1279,
#1280));
#3481=EDGE_LOOP('',(#1281,#1282,#1283,#1284));
#3482=EDGE_LOOP('',(#1285,#1286,#1287,#1288));
#3483=EDGE_LOOP('',(#1289,#1290,#1291,#1292));
#3484=EDGE_LOOP('',(#1293,#1294,#1295,#1296));
#3485=EDGE_LOOP('',(#1297));
#3486=EDGE_LOOP('',(#1298));
#3487=EDGE_LOOP('',(#1299));
#3488=EDGE_LOOP('',(#1300));
#3489=EDGE_LOOP('',(#1301,#1302,#1303,#1304,#1305,#1306,#1307,#1308));
#3490=EDGE_LOOP('',(#1309));
#3491=EDGE_LOOP('',(#1310));
#3492=EDGE_LOOP('',(#1311));
#3493=EDGE_LOOP('',(#1312));
#3494=EDGE_LOOP('',(#1313));
#3495=EDGE_LOOP('',(#1314));
#3496=EDGE_LOOP('',(#1315));
#3497=EDGE_LOOP('',(#1316));
#3498=EDGE_LOOP('',(#1317));
#3499=EDGE_LOOP('',(#1318));
#3500=EDGE_LOOP('',(#1319));
#3501=EDGE_LOOP('',(#1320));
#3502=EDGE_LOOP('',(#1321));
#3503=EDGE_LOOP('',(#1322));
#3504=EDGE_LOOP('',(#1323));
#3505=EDGE_LOOP('',(#1324));
#3506=EDGE_LOOP('',(#1325));
#3507=EDGE_LOOP('',(#1326));
#3508=EDGE_LOOP('',(#1327));
#3509=EDGE_LOOP('',(#1328));
#3510=EDGE_LOOP('',(#1329));
#3511=EDGE_LOOP('',(#1330));
#3512=EDGE_LOOP('',(#1331));
#3513=EDGE_LOOP('',(#1332));
#3514=EDGE_LOOP('',(#1333));
#3515=EDGE_LOOP('',(#1334));
#3516=EDGE_LOOP('',(#1335));
#3517=EDGE_LOOP('',(#1336));
#3518=EDGE_LOOP('',(#1337));
#3519=EDGE_LOOP('',(#1338));
#3520=EDGE_LOOP('',(#1339));
#3521=EDGE_LOOP('',(#1340));
#3522=EDGE_LOOP('',(#1341));
#3523=EDGE_LOOP('',(#1342));
#3524=EDGE_LOOP('',(#1343));
#3525=EDGE_LOOP('',(#1344));
#3526=EDGE_LOOP('',(#1345));
#3527=EDGE_LOOP('',(#1346));
#3528=EDGE_LOOP('',(#1347));
#3529=EDGE_LOOP('',(#1348));
#3530=EDGE_LOOP('',(#1349,#1350,#1351,#1352));
#3531=EDGE_LOOP('',(#1353,#1354,#1355,#1356));
#3532=EDGE_LOOP('',(#1357,#1358,#1359,#1360));
#3533=EDGE_LOOP('',(#1361,#1362,#1363,#1364));
#3534=EDGE_LOOP('',(#1365,#1366,#1367,#1368));
#3535=EDGE_LOOP('',(#1369,#1370,#1371,#1372));
#3536=EDGE_LOOP('',(#1373,#1374,#1375,#1376));
#3537=EDGE_LOOP('',(#1377,#1378,#1379,#1380));
#3538=EDGE_LOOP('',(#1381,#1382,#1383,#1384));
#3539=EDGE_LOOP('',(#1385,#1386,#1387,#1388));
#3540=EDGE_LOOP('',(#1389,#1390,#1391,#1392,#1393,#1394));
#3541=EDGE_LOOP('',(#1395,#1396,#1397,#1398));
#3542=EDGE_LOOP('',(#1399,#1400,#1401,#1402));
#3543=EDGE_LOOP('',(#1403,#1404,#1405,#1406));
#3544=EDGE_LOOP('',(#1407,#1408,#1409,#1410));
#3545=EDGE_LOOP('',(#1411,#1412,#1413,#1414));
#3546=EDGE_LOOP('',(#1415,#1416,#1417,#1418,#1419,#1420,#1421,#1422));
#3547=EDGE_LOOP('',(#1423,#1424,#1425,#1426));
#3548=EDGE_LOOP('',(#1427,#1428,#1429,#1430));
#3549=EDGE_LOOP('',(#1431,#1432,#1433,#1434));
#3550=EDGE_LOOP('',(#1435,#1436,#1437,#1438));
#3551=EDGE_LOOP('',(#1439,#1440,#1441,#1442));
#3552=EDGE_LOOP('',(#1443,#1444,#1445,#1446));
#3553=EDGE_LOOP('',(#1447,#1448,#1449,#1450));
#3554=EDGE_LOOP('',(#1451,#1452,#1453,#1454));
#3555=EDGE_LOOP('',(#1455,#1456,#1457,#1458));
#3556=EDGE_LOOP('',(#1459,#1460,#1461,#1462));
#3557=EDGE_LOOP('',(#1463,#1464,#1465,#1466));
#3558=EDGE_LOOP('',(#1467,#1468,#1469,#1470));
#3559=EDGE_LOOP('',(#1471,#1472,#1473,#1474));
#3560=EDGE_LOOP('',(#1475,#1476,#1477,#1478));
#3561=EDGE_LOOP('',(#1479,#1480,#1481,#1482));
#3562=EDGE_LOOP('',(#1483,#1484,#1485,#1486));
#3563=EDGE_LOOP('',(#1487,#1488,#1489,#1490));
#3564=EDGE_LOOP('',(#1491,#1492,#1493,#1494));
#3565=EDGE_LOOP('',(#1495,#1496,#1497,#1498));
#3566=EDGE_LOOP('',(#1499,#1500,#1501,#1502,#1503,#1504,#1505));
#3567=EDGE_LOOP('',(#1506,#1507,#1508,#1509,#1510,#1511,#1512));
#3568=EDGE_LOOP('',(#1513,#1514,#1515,#1516));
#3569=EDGE_LOOP('',(#1517,#1518,#1519,#1520,#1521));
#3570=EDGE_LOOP('',(#1522,#1523,#1524,#1525,#1526,#1527,#1528));
#3571=EDGE_LOOP('',(#1529,#1530,#1531,#1532,#1533,#1534,#1535));
#3572=EDGE_LOOP('',(#1536,#1537,#1538,#1539));
#3573=EDGE_LOOP('',(#1540,#1541,#1542,#1543,#1544,#1545,#1546));
#3574=EDGE_LOOP('',(#1547,#1548,#1549,#1550,#1551,#1552,#1553));
#3575=EDGE_LOOP('',(#1554,#1555,#1556,#1557));
#3576=EDGE_LOOP('',(#1558,#1559,#1560,#1561));
#3577=EDGE_LOOP('',(#1562,#1563,#1564,#1565,#1566,#1567,#1568));
#3578=EDGE_LOOP('',(#1569,#1570,#1571,#1572,#1573,#1574,#1575));
#3579=EDGE_LOOP('',(#1576,#1577,#1578,#1579));
#3580=EDGE_LOOP('',(#1580,#1581,#1582,#1583));
#3581=EDGE_LOOP('',(#1584,#1585,#1586,#1587,#1588,#1589,#1590,#1591,#1592,
#1593,#1594,#1595,#1596,#1597,#1598,#1599,#1600,#1601,#1602,#1603,#1604,
#1605,#1606,#1607,#1608,#1609,#1610,#1611,#1612,#1613,#1614,#1615,#1616,
#1617,#1618,#1619,#1620,#1621,#1622,#1623,#1624,#1625,#1626,#1627,#1628,
#1629,#1630,#1631,#1632,#1633,#1634,#1635,#1636,#1637,#1638));
#3582=EDGE_LOOP('',(#1639,#1640,#1641,#1642,#1643,#1644,#1645,#1646));
#3583=EDGE_LOOP('',(#1647,#1648,#1649,#1650));
#3584=EDGE_LOOP('',(#1651,#1652,#1653,#1654));
#3585=EDGE_LOOP('',(#1655,#1656,#1657,#1658));
#3586=EDGE_LOOP('',(#1659,#1660,#1661,#1662));
#3587=EDGE_LOOP('',(#1663,#1664,#1665,#1666));
#3588=EDGE_LOOP('',(#1667,#1668,#1669,#1670));
#3589=EDGE_LOOP('',(#1671,#1672,#1673,#1674));
#3590=EDGE_LOOP('',(#1675,#1676,#1677,#1678));
#3591=EDGE_LOOP('',(#1679,#1680,#1681,#1682,#1683,#1684,#1685,#1686));
#3592=EDGE_LOOP('',(#1687,#1688,#1689,#1690,#1691));
#3593=EDGE_LOOP('',(#1692,#1693,#1694,#1695,#1696,#1697,#1698));
#3594=EDGE_LOOP('',(#1699,#1700,#1701,#1702));
#3595=EDGE_LOOP('',(#1703,#1704,#1705,#1706,#1707,#1708,#1709,#1710));
#3596=EDGE_LOOP('',(#1711,#1712,#1713,#1714));
#3597=EDGE_LOOP('',(#1715,#1716,#1717,#1718,#1719,#1720,#1721,#1722));
#3598=EDGE_LOOP('',(#1723,#1724,#1725,#1726));
#3599=EDGE_LOOP('',(#1727,#1728,#1729,#1730,#1731,#1732,#1733,#1734));
#3600=EDGE_LOOP('',(#1735,#1736,#1737,#1738,#1739,#1740,#1741,#1742));
#3601=EDGE_LOOP('',(#1743,#1744,#1745,#1746));
#3602=EDGE_LOOP('',(#1747,#1748,#1749,#1750));
#3603=EDGE_LOOP('',(#1751,#1752,#1753,#1754,#1755,#1756,#1757));
#3604=EDGE_LOOP('',(#1758,#1759,#1760,#1761));
#3605=EDGE_LOOP('',(#1762,#1763,#1764,#1765,#1766,#1767,#1768));
#3606=EDGE_LOOP('',(#1769,#1770,#1771,#1772));
#3607=EDGE_LOOP('',(#1773,#1774,#1775,#1776));
#3608=EDGE_LOOP('',(#1777,#1778,#1779,#1780,#1781,#1782,#1783));
#3609=EDGE_LOOP('',(#1784,#1785,#1786,#1787));
#3610=EDGE_LOOP('',(#1788,#1789,#1790,#1791,#1792,#1793,#1794));
#3611=EDGE_LOOP('',(#1795,#1796,#1797,#1798));
#3612=EDGE_LOOP('',(#1799,#1800,#1801,#1802));
#3613=EDGE_LOOP('',(#1803,#1804,#1805,#1806));
#3614=EDGE_LOOP('',(#1807,#1808,#1809,#1810,#1811,#1812,#1813));
#3615=EDGE_LOOP('',(#1814,#1815,#1816,#1817,#1818,#1819,#1820));
#3616=EDGE_LOOP('',(#1821,#1822,#1823,#1824));
#3617=EDGE_LOOP('',(#1825,#1826,#1827,#1828));
#3618=EDGE_LOOP('',(#1829,#1830,#1831,#1832,#1833,#1834));
#3619=EDGE_LOOP('',(#1835,#1836,#1837,#1838));
#3620=EDGE_LOOP('',(#1839,#1840,#1841,#1842,#1843,#1844));
#3621=EDGE_LOOP('',(#1845,#1846,#1847,#1848));
#3622=EDGE_LOOP('',(#1849,#1850,#1851,#1852));
#3623=EDGE_LOOP('',(#1853,#1854,#1855,#1856));
#3624=EDGE_LOOP('',(#1857,#1858,#1859,#1860));
#3625=EDGE_LOOP('',(#1861,#1862,#1863,#1864));
#3626=EDGE_LOOP('',(#1865,#1866,#1867,#1868));
#3627=EDGE_LOOP('',(#1869,#1870,#1871,#1872));
#3628=EDGE_LOOP('',(#1873,#1874,#1875,#1876));
#3629=EDGE_LOOP('',(#1877,#1878,#1879,#1880));
#3630=EDGE_LOOP('',(#1881,#1882,#1883,#1884));
#3631=EDGE_LOOP('',(#1885,#1886,#1887,#1888));
#3632=EDGE_LOOP('',(#1889,#1890,#1891,#1892));
#3633=EDGE_LOOP('',(#1893,#1894,#1895,#1896));
#3634=EDGE_LOOP('',(#1897,#1898,#1899,#1900));
#3635=EDGE_LOOP('',(#1901,#1902,#1903,#1904));
#3636=EDGE_LOOP('',(#1905,#1906,#1907,#1908));
#3637=EDGE_LOOP('',(#1909,#1910,#1911,#1912));
#3638=EDGE_LOOP('',(#1913,#1914,#1915,#1916));
#3639=EDGE_LOOP('',(#1917,#1918,#1919,#1920));
#3640=EDGE_LOOP('',(#1921,#1922,#1923,#1924));
#3641=EDGE_LOOP('',(#1925,#1926,#1927,#1928));
#3642=EDGE_LOOP('',(#1929,#1930,#1931,#1932));
#3643=EDGE_LOOP('',(#1933,#1934,#1935,#1936));
#3644=EDGE_LOOP('',(#1937,#1938,#1939,#1940));
#3645=EDGE_LOOP('',(#1941,#1942,#1943,#1944));
#3646=EDGE_LOOP('',(#1945,#1946,#1947,#1948));
#3647=EDGE_LOOP('',(#1949,#1950,#1951,#1952));
#3648=EDGE_LOOP('',(#1953,#1954,#1955,#1956));
#3649=EDGE_LOOP('',(#1957,#1958,#1959,#1960));
#3650=EDGE_LOOP('',(#1961,#1962,#1963,#1964));
#3651=EDGE_LOOP('',(#1965,#1966,#1967,#1968));
#3652=EDGE_LOOP('',(#1969,#1970,#1971,#1972));
#3653=EDGE_LOOP('',(#1973,#1974,#1975,#1976));
#3654=EDGE_LOOP('',(#1977,#1978,#1979,#1980));
#3655=EDGE_LOOP('',(#1981,#1982,#1983,#1984));
#3656=EDGE_LOOP('',(#1985,#1986,#1987,#1988));
#3657=EDGE_LOOP('',(#1989,#1990,#1991,#1992));
#3658=EDGE_LOOP('',(#1993,#1994,#1995,#1996));
#3659=EDGE_LOOP('',(#1997,#1998,#1999,#2000));
#3660=EDGE_LOOP('',(#2001,#2002,#2003,#2004));
#3661=EDGE_LOOP('',(#2005,#2006,#2007));
#3662=EDGE_LOOP('',(#2008,#2009,#2010,#2011));
#3663=EDGE_LOOP('',(#2012,#2013,#2014,#2015));
#3664=EDGE_LOOP('',(#2016,#2017,#2018,#2019));
#3665=EDGE_LOOP('',(#2020,#2021,#2022,#2023));
#3666=EDGE_LOOP('',(#2024,#2025,#2026,#2027));
#3667=EDGE_LOOP('',(#2028,#2029,#2030));
#3668=EDGE_LOOP('',(#2031,#2032,#2033,#2034));
#3669=EDGE_LOOP('',(#2035,#2036,#2037,#2038));
#3670=EDGE_LOOP('',(#2039,#2040,#2041,#2042));
#3671=EDGE_LOOP('',(#2043,#2044,#2045,#2046));
#3672=EDGE_LOOP('',(#2047,#2048,#2049,#2050));
#3673=EDGE_LOOP('',(#2051,#2052,#2053,#2054));
#3674=EDGE_LOOP('',(#2055,#2056,#2057));
#3675=EDGE_LOOP('',(#2058,#2059,#2060,#2061));
#3676=EDGE_LOOP('',(#2062,#2063,#2064,#2065));
#3677=EDGE_LOOP('',(#2066,#2067,#2068,#2069));
#3678=EDGE_LOOP('',(#2070,#2071,#2072,#2073));
#3679=EDGE_LOOP('',(#2074,#2075,#2076,#2077));
#3680=EDGE_LOOP('',(#2078,#2079,#2080));
#3681=EDGE_LOOP('',(#2081,#2082,#2083,#2084));
#3682=EDGE_LOOP('',(#2085,#2086,#2087,#2088));
#3683=EDGE_LOOP('',(#2089,#2090,#2091,#2092));
#3684=EDGE_LOOP('',(#2093,#2094,#2095,#2096));
#3685=EDGE_LOOP('',(#2097,#2098,#2099,#2100));
#3686=EDGE_LOOP('',(#2101,#2102,#2103,#2104));
#3687=EDGE_LOOP('',(#2105,#2106,#2107));
#3688=EDGE_LOOP('',(#2108,#2109,#2110,#2111));
#3689=EDGE_LOOP('',(#2112,#2113,#2114,#2115));
#3690=EDGE_LOOP('',(#2116,#2117,#2118,#2119));
#3691=EDGE_LOOP('',(#2120,#2121,#2122,#2123));
#3692=EDGE_LOOP('',(#2124,#2125,#2126,#2127));
#3693=EDGE_LOOP('',(#2128,#2129,#2130));
#3694=EDGE_LOOP('',(#2131,#2132,#2133,#2134));
#3695=EDGE_LOOP('',(#2135,#2136,#2137,#2138));
#3696=EDGE_LOOP('',(#2139,#2140,#2141,#2142));
#3697=EDGE_LOOP('',(#2143,#2144,#2145,#2146));
#3698=EDGE_LOOP('',(#2147,#2148,#2149,#2150));
#3699=EDGE_LOOP('',(#2151,#2152,#2153,#2154));
#3700=EDGE_LOOP('',(#2155,#2156,#2157));
#3701=EDGE_LOOP('',(#2158,#2159,#2160,#2161));
#3702=EDGE_LOOP('',(#2162,#2163,#2164,#2165));
#3703=EDGE_LOOP('',(#2166,#2167,#2168,#2169));
#3704=EDGE_LOOP('',(#2170,#2171,#2172,#2173));
#3705=EDGE_LOOP('',(#2174,#2175,#2176,#2177));
#3706=EDGE_LOOP('',(#2178,#2179,#2180));
#3707=EDGE_LOOP('',(#2181,#2182,#2183,#2184));
#3708=EDGE_LOOP('',(#2185,#2186,#2187,#2188));
#3709=EDGE_LOOP('',(#2189,#2190,#2191));
#3710=EDGE_LOOP('',(#2192,#2193,#2194));
#3711=EDGE_LOOP('',(#2195,#2196));
#3712=EDGE_LOOP('',(#2197,#2198,#2199,#2200));
#3713=EDGE_LOOP('',(#2201,#2202,#2203,#2204));
#3714=EDGE_LOOP('',(#2205,#2206,#2207));
#3715=EDGE_LOOP('',(#2208,#2209,#2210,#2211));
#3716=EDGE_LOOP('',(#2212,#2213,#2214,#2215));
#3717=EDGE_LOOP('',(#2216,#2217,#2218,#2219));
#3718=EDGE_LOOP('',(#2220,#2221,#2222,#2223));
#3719=EDGE_LOOP('',(#2224,#2225,#2226,#2227));
#3720=EDGE_LOOP('',(#2228,#2229,#2230));
#3721=EDGE_LOOP('',(#2231,#2232,#2233));
#3722=EDGE_LOOP('',(#2234,#2235,#2236,#2237));
#3723=EDGE_LOOP('',(#2238,#2239,#2240,#2241));
#3724=EDGE_LOOP('',(#2242,#2243,#2244,#2245));
#3725=EDGE_LOOP('',(#2246,#2247,#2248,#2249));
#3726=EDGE_LOOP('',(#2250,#2251,#2252,#2253));
#3727=EDGE_LOOP('',(#2254,#2255,#2256));
#3728=FACE_BOUND('',#3441,.T.);
#3729=FACE_BOUND('',#3442,.T.);
#3730=FACE_BOUND('',#3443,.T.);
#3731=FACE_BOUND('',#3444,.T.);
#3732=FACE_BOUND('',#3445,.T.);
#3733=FACE_BOUND('',#3446,.T.);
#3734=FACE_BOUND('',#3447,.T.);
#3735=FACE_BOUND('',#3448,.T.);
#3736=FACE_BOUND('',#3449,.T.);
#3737=FACE_BOUND('',#3450,.T.);
#3738=FACE_BOUND('',#3451,.T.);
#3739=FACE_BOUND('',#3452,.T.);
#3740=FACE_BOUND('',#3453,.T.);
#3741=FACE_BOUND('',#3454,.T.);
#3742=FACE_BOUND('',#3455,.T.);
#3743=FACE_BOUND('',#3456,.T.);
#3744=FACE_BOUND('',#3457,.T.);
#3745=FACE_BOUND('',#3458,.T.);
#3746=FACE_BOUND('',#3459,.T.);
#3747=FACE_BOUND('',#3460,.T.);
#3748=FACE_BOUND('',#3461,.T.);
#3749=FACE_BOUND('',#3462,.T.);
#3750=FACE_BOUND('',#3463,.T.);
#3751=FACE_BOUND('',#3464,.T.);
#3752=FACE_BOUND('',#3465,.T.);
#3753=FACE_BOUND('',#3466,.T.);
#3754=FACE_BOUND('',#3467,.T.);
#3755=FACE_BOUND('',#3468,.T.);
#3756=FACE_BOUND('',#3469,.T.);
#3757=FACE_BOUND('',#3470,.T.);
#3758=FACE_BOUND('',#3471,.T.);
#3759=FACE_BOUND('',#3472,.T.);
#3760=FACE_BOUND('',#3473,.T.);
#3761=FACE_BOUND('',#3474,.T.);
#3762=FACE_BOUND('',#3475,.T.);
#3763=FACE_BOUND('',#3476,.T.);
#3764=FACE_BOUND('',#3477,.T.);
#3765=FACE_BOUND('',#3478,.T.);
#3766=FACE_BOUND('',#3479,.T.);
#3767=FACE_BOUND('',#3480,.T.);
#3768=FACE_BOUND('',#3481,.T.);
#3769=FACE_BOUND('',#3482,.T.);
#3770=FACE_BOUND('',#3483,.T.);
#3771=FACE_BOUND('',#3484,.T.);
#3772=FACE_BOUND('',#3485,.T.);
#3773=FACE_BOUND('',#3486,.T.);
#3774=FACE_BOUND('',#3487,.T.);
#3775=FACE_BOUND('',#3488,.T.);
#3776=FACE_BOUND('',#3489,.T.);
#3777=FACE_BOUND('',#3490,.T.);
#3778=FACE_BOUND('',#3491,.T.);
#3779=FACE_BOUND('',#3492,.T.);
#3780=FACE_BOUND('',#3493,.T.);
#3781=FACE_BOUND('',#3494,.T.);
#3782=FACE_BOUND('',#3495,.T.);
#3783=FACE_BOUND('',#3496,.T.);
#3784=FACE_BOUND('',#3497,.T.);
#3785=FACE_BOUND('',#3498,.T.);
#3786=FACE_BOUND('',#3499,.T.);
#3787=FACE_BOUND('',#3500,.T.);
#3788=FACE_BOUND('',#3501,.T.);
#3789=FACE_BOUND('',#3502,.T.);
#3790=FACE_BOUND('',#3503,.T.);
#3791=FACE_BOUND('',#3504,.T.);
#3792=FACE_BOUND('',#3505,.T.);
#3793=FACE_BOUND('',#3506,.T.);
#3794=FACE_BOUND('',#3507,.T.);
#3795=FACE_BOUND('',#3508,.T.);
#3796=FACE_BOUND('',#3509,.T.);
#3797=FACE_BOUND('',#3510,.T.);
#3798=FACE_BOUND('',#3511,.T.);
#3799=FACE_BOUND('',#3512,.T.);
#3800=FACE_BOUND('',#3513,.T.);
#3801=FACE_BOUND('',#3514,.T.);
#3802=FACE_BOUND('',#3515,.T.);
#3803=FACE_BOUND('',#3516,.T.);
#3804=FACE_BOUND('',#3517,.T.);
#3805=FACE_BOUND('',#3518,.T.);
#3806=FACE_BOUND('',#3519,.T.);
#3807=FACE_BOUND('',#3520,.T.);
#3808=FACE_BOUND('',#3521,.T.);
#3809=FACE_BOUND('',#3522,.T.);
#3810=FACE_BOUND('',#3523,.T.);
#3811=FACE_BOUND('',#3524,.T.);
#3812=FACE_BOUND('',#3525,.T.);
#3813=FACE_BOUND('',#3526,.T.);
#3814=FACE_BOUND('',#3527,.T.);
#3815=FACE_BOUND('',#3528,.T.);
#3816=FACE_BOUND('',#3529,.T.);
#3817=FACE_BOUND('',#3530,.T.);
#3818=FACE_BOUND('',#3531,.T.);
#3819=FACE_BOUND('',#3532,.T.);
#3820=FACE_BOUND('',#3533,.T.);
#3821=FACE_BOUND('',#3534,.T.);
#3822=FACE_BOUND('',#3535,.T.);
#3823=FACE_BOUND('',#3536,.T.);
#3824=FACE_BOUND('',#3537,.T.);
#3825=FACE_BOUND('',#3538,.T.);
#3826=FACE_BOUND('',#3539,.T.);
#3827=FACE_BOUND('',#3540,.T.);
#3828=FACE_BOUND('',#3541,.T.);
#3829=FACE_BOUND('',#3542,.T.);
#3830=FACE_BOUND('',#3543,.T.);
#3831=FACE_BOUND('',#3544,.T.);
#3832=FACE_BOUND('',#3545,.T.);
#3833=FACE_BOUND('',#3546,.T.);
#3834=FACE_BOUND('',#3547,.T.);
#3835=FACE_BOUND('',#3548,.T.);
#3836=FACE_BOUND('',#3549,.T.);
#3837=FACE_BOUND('',#3550,.T.);
#3838=FACE_BOUND('',#3551,.T.);
#3839=FACE_BOUND('',#3552,.T.);
#3840=FACE_BOUND('',#3553,.T.);
#3841=FACE_BOUND('',#3554,.T.);
#3842=FACE_BOUND('',#3555,.T.);
#3843=FACE_BOUND('',#3556,.T.);
#3844=FACE_BOUND('',#3557,.T.);
#3845=FACE_BOUND('',#3558,.T.);
#3846=FACE_BOUND('',#3559,.T.);
#3847=FACE_BOUND('',#3560,.T.);
#3848=FACE_BOUND('',#3561,.T.);
#3849=FACE_BOUND('',#3562,.T.);
#3850=FACE_BOUND('',#3563,.T.);
#3851=FACE_BOUND('',#3564,.T.);
#3852=FACE_BOUND('',#3565,.T.);
#3853=FACE_BOUND('',#3566,.T.);
#3854=FACE_BOUND('',#3567,.T.);
#3855=FACE_BOUND('',#3568,.T.);
#3856=FACE_BOUND('',#3569,.T.);
#3857=FACE_BOUND('',#3570,.T.);
#3858=FACE_BOUND('',#3571,.T.);
#3859=FACE_BOUND('',#3572,.T.);
#3860=FACE_BOUND('',#3573,.T.);
#3861=FACE_BOUND('',#3574,.T.);
#3862=FACE_BOUND('',#3575,.T.);
#3863=FACE_BOUND('',#3576,.T.);
#3864=FACE_BOUND('',#3577,.T.);
#3865=FACE_BOUND('',#3578,.T.);
#3866=FACE_BOUND('',#3579,.T.);
#3867=FACE_BOUND('',#3580,.T.);
#3868=FACE_BOUND('',#3581,.T.);
#3869=FACE_BOUND('',#3582,.T.);
#3870=FACE_BOUND('',#3583,.T.);
#3871=FACE_BOUND('',#3584,.T.);
#3872=FACE_BOUND('',#3585,.T.);
#3873=FACE_BOUND('',#3586,.T.);
#3874=FACE_BOUND('',#3587,.T.);
#3875=FACE_BOUND('',#3588,.T.);
#3876=FACE_BOUND('',#3589,.T.);
#3877=FACE_BOUND('',#3590,.T.);
#3878=FACE_BOUND('',#3591,.T.);
#3879=FACE_BOUND('',#3592,.T.);
#3880=FACE_BOUND('',#3593,.T.);
#3881=FACE_BOUND('',#3594,.T.);
#3882=FACE_BOUND('',#3595,.T.);
#3883=FACE_BOUND('',#3596,.T.);
#3884=FACE_BOUND('',#3597,.T.);
#3885=FACE_BOUND('',#3598,.T.);
#3886=FACE_BOUND('',#3599,.T.);
#3887=FACE_BOUND('',#3600,.T.);
#3888=FACE_BOUND('',#3601,.T.);
#3889=FACE_BOUND('',#3602,.T.);
#3890=FACE_BOUND('',#3603,.T.);
#3891=FACE_BOUND('',#3604,.T.);
#3892=FACE_BOUND('',#3605,.T.);
#3893=FACE_BOUND('',#3606,.T.);
#3894=FACE_BOUND('',#3607,.T.);
#3895=FACE_BOUND('',#3608,.T.);
#3896=FACE_BOUND('',#3609,.T.);
#3897=FACE_BOUND('',#3610,.T.);
#3898=FACE_BOUND('',#3611,.T.);
#3899=FACE_BOUND('',#3612,.T.);
#3900=FACE_BOUND('',#3613,.T.);
#3901=FACE_BOUND('',#3614,.T.);
#3902=FACE_BOUND('',#3615,.T.);
#3903=FACE_BOUND('',#3616,.T.);
#3904=FACE_BOUND('',#3617,.T.);
#3905=FACE_BOUND('',#3618,.T.);
#3906=FACE_BOUND('',#3619,.T.);
#3907=FACE_BOUND('',#3620,.T.);
#3908=FACE_BOUND('',#3621,.T.);
#3909=FACE_BOUND('',#3622,.T.);
#3910=FACE_BOUND('',#3623,.T.);
#3911=FACE_BOUND('',#3624,.T.);
#3912=FACE_BOUND('',#3625,.T.);
#3913=FACE_BOUND('',#3626,.T.);
#3914=FACE_BOUND('',#3627,.T.);
#3915=FACE_BOUND('',#3628,.T.);
#3916=FACE_BOUND('',#3629,.T.);
#3917=FACE_BOUND('',#3630,.T.);
#3918=FACE_BOUND('',#3631,.T.);
#3919=FACE_BOUND('',#3632,.T.);
#3920=FACE_BOUND('',#3633,.T.);
#3921=FACE_BOUND('',#3634,.T.);
#3922=FACE_BOUND('',#3635,.T.);
#3923=FACE_BOUND('',#3636,.T.);
#3924=FACE_BOUND('',#3637,.T.);
#3925=FACE_BOUND('',#3638,.T.);
#3926=FACE_BOUND('',#3639,.T.);
#3927=FACE_BOUND('',#3640,.T.);
#3928=FACE_BOUND('',#3641,.T.);
#3929=FACE_BOUND('',#3642,.T.);
#3930=FACE_BOUND('',#3643,.T.);
#3931=FACE_BOUND('',#3644,.T.);
#3932=FACE_BOUND('',#3645,.T.);
#3933=FACE_BOUND('',#3646,.T.);
#3934=FACE_BOUND('',#3647,.T.);
#3935=FACE_BOUND('',#3648,.T.);
#3936=FACE_BOUND('',#3649,.T.);
#3937=FACE_BOUND('',#3650,.T.);
#3938=FACE_BOUND('',#3651,.T.);
#3939=FACE_BOUND('',#3652,.T.);
#3940=FACE_BOUND('',#3653,.T.);
#3941=FACE_BOUND('',#3654,.T.);
#3942=FACE_BOUND('',#3655,.T.);
#3943=FACE_BOUND('',#3656,.T.);
#3944=FACE_BOUND('',#3657,.T.);
#3945=FACE_BOUND('',#3658,.T.);
#3946=FACE_BOUND('',#3659,.T.);
#3947=FACE_BOUND('',#3660,.T.);
#3948=FACE_BOUND('',#3661,.T.);
#3949=FACE_BOUND('',#3662,.T.);
#3950=FACE_BOUND('',#3663,.T.);
#3951=FACE_BOUND('',#3664,.T.);
#3952=FACE_BOUND('',#3665,.T.);
#3953=FACE_BOUND('',#3666,.T.);
#3954=FACE_BOUND('',#3667,.T.);
#3955=FACE_BOUND('',#3668,.T.);
#3956=FACE_BOUND('',#3669,.T.);
#3957=FACE_BOUND('',#3670,.T.);
#3958=FACE_BOUND('',#3671,.T.);
#3959=FACE_BOUND('',#3672,.T.);
#3960=FACE_BOUND('',#3673,.T.);
#3961=FACE_BOUND('',#3674,.T.);
#3962=FACE_BOUND('',#3675,.T.);
#3963=FACE_BOUND('',#3676,.T.);
#3964=FACE_BOUND('',#3677,.T.);
#3965=FACE_BOUND('',#3678,.T.);
#3966=FACE_BOUND('',#3679,.T.);
#3967=FACE_BOUND('',#3680,.T.);
#3968=FACE_BOUND('',#3681,.T.);
#3969=FACE_BOUND('',#3682,.T.);
#3970=FACE_BOUND('',#3683,.T.);
#3971=FACE_BOUND('',#3684,.T.);
#3972=FACE_BOUND('',#3685,.T.);
#3973=FACE_BOUND('',#3686,.T.);
#3974=FACE_BOUND('',#3687,.T.);
#3975=FACE_BOUND('',#3688,.T.);
#3976=FACE_BOUND('',#3689,.T.);
#3977=FACE_BOUND('',#3690,.T.);
#3978=FACE_BOUND('',#3691,.T.);
#3979=FACE_BOUND('',#3692,.T.);
#3980=FACE_BOUND('',#3693,.T.);
#3981=FACE_BOUND('',#3694,.T.);
#3982=FACE_BOUND('',#3695,.T.);
#3983=FACE_BOUND('',#3696,.T.);
#3984=FACE_BOUND('',#3697,.T.);
#3985=FACE_BOUND('',#3698,.T.);
#3986=FACE_BOUND('',#3699,.T.);
#3987=FACE_BOUND('',#3700,.T.);
#3988=FACE_BOUND('',#3701,.T.);
#3989=FACE_BOUND('',#3702,.T.);
#3990=FACE_BOUND('',#3703,.T.);
#3991=FACE_BOUND('',#3704,.T.);
#3992=FACE_BOUND('',#3705,.T.);
#3993=FACE_BOUND('',#3706,.T.);
#3994=FACE_BOUND('',#3707,.T.);
#3995=FACE_BOUND('',#3708,.T.);
#3996=FACE_BOUND('',#3709,.T.);
#3997=FACE_BOUND('',#3710,.T.);
#3998=FACE_BOUND('',#3711,.T.);
#3999=FACE_BOUND('',#3712,.T.);
#4000=FACE_BOUND('',#3713,.T.);
#4001=FACE_BOUND('',#3714,.T.);
#4002=FACE_BOUND('',#3715,.T.);
#4003=FACE_BOUND('',#3716,.T.);
#4004=FACE_BOUND('',#3717,.T.);
#4005=FACE_BOUND('',#3718,.T.);
#4006=FACE_BOUND('',#3719,.T.);
#4007=FACE_BOUND('',#3720,.T.);
#4008=FACE_BOUND('',#3721,.T.);
#4009=FACE_BOUND('',#3722,.T.);
#4010=FACE_BOUND('',#3723,.T.);
#4011=FACE_BOUND('',#3724,.T.);
#4012=FACE_BOUND('',#3725,.T.);
#4013=FACE_BOUND('',#3726,.T.);
#4014=FACE_BOUND('',#3727,.T.);
#4015=CYLINDRICAL_SURFACE('',#5270,0.0119293679550145);
#4016=CYLINDRICAL_SURFACE('',#5273,0.0119293679550145);
#4017=CYLINDRICAL_SURFACE('',#5276,0.00964956449933821);
#4018=CYLINDRICAL_SURFACE('',#5279,0.00964956449933821);
#4019=CYLINDRICAL_SURFACE('',#5330,0.0057);
#4020=CYLINDRICAL_SURFACE('',#5332,0.0057);
#4021=CYLINDRICAL_SURFACE('',#5334,0.0057);
#4022=CYLINDRICAL_SURFACE('',#5336,0.0057);
#4023=CYLINDRICAL_SURFACE('',#5343,0.0037);
#4024=CYLINDRICAL_SURFACE('',#5348,0.0037);
#4025=CYLINDRICAL_SURFACE('',#5351,0.0037);
#4026=CYLINDRICAL_SURFACE('',#5353,0.0037);
#4027=CYLINDRICAL_SURFACE('',#5360,0.0035);
#4028=CYLINDRICAL_SURFACE('',#5364,0.0035);
#4029=CYLINDRICAL_SURFACE('',#5368,0.0035);
#4030=CYLINDRICAL_SURFACE('',#5372,0.0035);
#4031=CYLINDRICAL_SURFACE('',#5376,0.0023);
#4032=CYLINDRICAL_SURFACE('',#5380,0.0023);
#4033=CYLINDRICAL_SURFACE('',#5384,0.0023);
#4034=CYLINDRICAL_SURFACE('',#5388,0.0023);
#4035=CYLINDRICAL_SURFACE('',#5392,0.0014);
#4036=CYLINDRICAL_SURFACE('',#5393,0.0014);
#4037=CYLINDRICAL_SURFACE('',#5394,0.0014);
#4038=CYLINDRICAL_SURFACE('',#5395,0.0014);
#4039=CYLINDRICAL_SURFACE('',#5413,0.000941543289325507);
#4040=CYLINDRICAL_SURFACE('',#5416,0.000941543289325507);
#4041=CYLINDRICAL_SURFACE('',#5418,0.000941543289325507);
#4042=CYLINDRICAL_SURFACE('',#5424,0.000941543289325507);
#4043=CYLINDRICAL_SURFACE('',#5425,0.000434558441227157);
#4044=CYLINDRICAL_SURFACE('',#5428,0.000434558441227157);
#4045=CYLINDRICAL_SURFACE('',#5430,0.000434558441227157);
#4046=CYLINDRICAL_SURFACE('',#5436,0.000434558441227157);
#4047=CYLINDRICAL_SURFACE('',#5437,0.000434558441227157);
#4048=CYLINDRICAL_SURFACE('',#5440,0.000434558441227157);
#4049=CYLINDRICAL_SURFACE('',#5442,0.000434558441227157);
#4050=CYLINDRICAL_SURFACE('',#5448,0.000434558441227157);
#4051=CYLINDRICAL_SURFACE('',#5492,0.016);
#4052=CYLINDRICAL_SURFACE('',#5495,0.016);
#4053=CYLINDRICAL_SURFACE('',#5498,0.016);
#4054=CYLINDRICAL_SURFACE('',#5501,0.012);
#4055=CYLINDRICAL_SURFACE('',#5504,0.012);
#4056=CYLINDRICAL_SURFACE('',#5507,0.012);
#4057=CYLINDRICAL_SURFACE('',#5510,0.012);
#4058=CYLINDRICAL_SURFACE('',#5513,0.016);
#4059=CYLINDRICAL_SURFACE('',#5539,0.000410416305603426);
#4060=CYLINDRICAL_SURFACE('',#5542,0.000410416305603426);
#4061=CYLINDRICAL_SURFACE('',#5547,0.000410416305603426);
#4062=CYLINDRICAL_SURFACE('',#5550,0.000410416305603426);
#4063=CYLINDRICAL_SURFACE('',#5556,0.00057941);
#4064=CYLINDRICAL_SURFACE('',#5558,0.00057941);
#4065=CYLINDRICAL_SURFACE('',#5560,0.00057941);
#4066=CYLINDRICAL_SURFACE('',#5565,0.00057941);
#4067=CYLINDRICAL_SURFACE('',#5570,0.00057941);
#4068=CYLINDRICAL_SURFACE('',#5572,0.00057941);
#4069=CYLINDRICAL_SURFACE('',#5574,0.00057941);
#4070=CYLINDRICAL_SURFACE('',#5579,0.00057941);
#4071=CYLINDRICAL_SURFACE('',#5583,0.00057941);
#4072=CYLINDRICAL_SURFACE('',#5587,0.00057941);
#4073=CYLINDRICAL_SURFACE('',#5591,0.00057941);
#4074=CYLINDRICAL_SURFACE('',#5594,0.000217279220613579);
#4075=CYLINDRICAL_SURFACE('',#5597,0.000217279220613579);
#4076=CYLINDRICAL_SURFACE('',#5601,0.000217279220613579);
#4077=CYLINDRICAL_SURFACE('',#5603,0.000217279220613579);
#4078=CYLINDRICAL_SURFACE('',#5609,0.00050698484809835);
#4079=CYLINDRICAL_SURFACE('',#5611,0.00050698484809835);
#4080=CYLINDRICAL_SURFACE('',#5613,0.00050698484809835);
#4081=CYLINDRICAL_SURFACE('',#5618,0.00050698484809835);
#4082=CYLINDRICAL_SURFACE('',#5621,9.89827560572969E-5);
#4083=CYLINDRICAL_SURFACE('',#5625,9.89827560572969E-5);
#4084=CYLINDRICAL_SURFACE('',#5629,9.89827560572969E-5);
#4085=CYLINDRICAL_SURFACE('',#5634,0.000724264068711929);
#4086=CYLINDRICAL_SURFACE('',#5636,0.000724264068711929);
#4087=CYLINDRICAL_SURFACE('',#5638,0.000724264068711929);
#4088=CYLINDRICAL_SURFACE('',#5643,0.000724264068711929);
#4089=CYLINDRICAL_SURFACE('',#5646,0.000313847763108503);
#4090=CYLINDRICAL_SURFACE('',#5650,0.000313847763108503);
#4091=CYLINDRICAL_SURFACE('',#5654,0.000313847763108503);
#4092=CYLINDRICAL_SURFACE('',#5659,0.000772548339959391);
#4093=CYLINDRICAL_SURFACE('',#5661,0.000772548339959391);
#4094=CYLINDRICAL_SURFACE('',#5663,0.000772548339959391);
#4095=CYLINDRICAL_SURFACE('',#5668,0.000772548339959391);
#4096=CYLINDRICAL_SURFACE('',#5671,0.000410416305603426);
#4097=CYLINDRICAL_SURFACE('',#5675,0.000410416305603426);
#4098=CYLINDRICAL_SURFACE('',#5679,0.000410416305603426);
#4099=CYLINDRICAL_SURFACE('',#5684,0.00041042);
#4100=CYLINDRICAL_SURFACE('',#5686,0.00041042);
#4101=CYLINDRICAL_SURFACE('',#5688,0.00041042);
#4102=CYLINDRICAL_SURFACE('',#5693,0.00041042);
#4103=CYLINDRICAL_SURFACE('',#5696,0.000181066017177982);
#4104=CYLINDRICAL_SURFACE('',#5700,0.000181066017177982);
#4105=CYLINDRICAL_SURFACE('',#5704,0.000181066017177982);
#4106=CYLINDRICAL_SURFACE('',#5706,0.0138137988103058);
#4107=CYLINDRICAL_SURFACE('',#5708,0.0131791029350008);
#4108=CYLINDRICAL_SURFACE('',#5713,0.00201044079855421);
#4109=CYLINDRICAL_SURFACE('',#5714,0.00201044079855421);
#4110=CYLINDRICAL_SURFACE('',#5716,0.000482842712474619);
#4111=CYLINDRICAL_SURFACE('',#5720,0.000482842712474619);
#4112=CYLINDRICAL_SURFACE('',#5724,0.000482842712474619);
#4113=CYLINDRICAL_SURFACE('',#5727,0.000434558441227157);
#4114=CYLINDRICAL_SURFACE('',#5731,0.000434558441227157);
#4115=CYLINDRICAL_SURFACE('',#5735,0.000434558441227157);
#4116=ADVANCED_FACE('',(#3728),#4015,.F.);
#4117=ADVANCED_FACE('',(#3729),#4016,.F.);
#4118=ADVANCED_FACE('',(#3730),#4017,.F.);
#4119=ADVANCED_FACE('',(#3731),#4018,.F.);
#4120=ADVANCED_FACE('Face appearance 28',(#3732),#130,.T.);
#4121=ADVANCED_FACE('Face appearance 27',(#3733),#131,.T.);
#4122=ADVANCED_FACE('Face appearance 34',(#3734),#132,.F.);
#4123=ADVANCED_FACE('',(#3735,#3736,#3737),#133,.F.);
#4124=ADVANCED_FACE('',(#3738,#3739,#3740,#3741),#134,.T.);
#4125=ADVANCED_FACE('',(#3742),#135,.T.);
#4126=ADVANCED_FACE('',(#3743),#136,.T.);
#4127=ADVANCED_FACE('',(#3744),#137,.T.);
#4128=ADVANCED_FACE('',(#3745),#138,.T.);
#4129=ADVANCED_FACE('',(#3746),#139,.T.);
#4130=ADVANCED_FACE('',(#3747,#3748,#3749),#140,.F.);
#4131=ADVANCED_FACE('',(#3750,#3751,#3752),#141,.T.);
#4132=ADVANCED_FACE('',(#3753),#142,.T.);
#4133=ADVANCED_FACE('',(#3754),#143,.T.);
#4134=ADVANCED_FACE('',(#3755),#144,.F.);
#4135=ADVANCED_FACE('',(#3756),#145,.T.);
#4136=ADVANCED_FACE('',(#3757),#4019,.T.);
#4137=ADVANCED_FACE('',(#3758),#4020,.T.);
#4138=ADVANCED_FACE('',(#3759),#4021,.T.);
#4139=ADVANCED_FACE('',(#3760),#4022,.T.);
#4140=ADVANCED_FACE('',(#3761,#3762,#3763,#3764,#3765),#146,.F.);
#4141=ADVANCED_FACE('',(#3766),#4023,.F.);
#4142=ADVANCED_FACE('',(#3767),#147,.F.);
#4143=ADVANCED_FACE('',(#3768),#4024,.F.);
#4144=ADVANCED_FACE('',(#3769),#148,.F.);
#4145=ADVANCED_FACE('',(#3770),#4025,.F.);
#4146=ADVANCED_FACE('',(#3771),#4026,.F.);
#4147=ADVANCED_FACE('',(#3772,#3773,#3774,#3775,#3776),#149,.T.);
#4148=ADVANCED_FACE('',(#3777,#3778),#4027,.T.);
#4149=ADVANCED_FACE('',(#3779,#3780),#150,.T.);
#4150=ADVANCED_FACE('',(#3781,#3782),#4028,.T.);
#4151=ADVANCED_FACE('',(#3783,#3784),#151,.T.);
#4152=ADVANCED_FACE('',(#3785,#3786),#4029,.T.);
#4153=ADVANCED_FACE('',(#3787,#3788),#152,.T.);
#4154=ADVANCED_FACE('',(#3789,#3790),#4030,.T.);
#4155=ADVANCED_FACE('',(#3791,#3792),#153,.T.);
#4156=ADVANCED_FACE('',(#3793,#3794),#4031,.F.);
#4157=ADVANCED_FACE('',(#3795,#3796),#154,.T.);
#4158=ADVANCED_FACE('',(#3797,#3798),#4032,.F.);
#4159=ADVANCED_FACE('',(#3799,#3800),#155,.T.);
#4160=ADVANCED_FACE('',(#3801,#3802),#4033,.F.);
#4161=ADVANCED_FACE('',(#3803,#3804),#156,.T.);
#4162=ADVANCED_FACE('',(#3805,#3806),#4034,.F.);
#4163=ADVANCED_FACE('',(#3807,#3808),#157,.T.);
#4164=ADVANCED_FACE('',(#3809,#3810),#4035,.F.);
#4165=ADVANCED_FACE('',(#3811,#3812),#4036,.F.);
#4166=ADVANCED_FACE('',(#3813,#3814),#4037,.F.);
#4167=ADVANCED_FACE('',(#3815,#3816),#4038,.F.);
#4168=ADVANCED_FACE('',(#3817),#158,.T.);
#4169=ADVANCED_FACE('',(#3818),#159,.T.);
#4170=ADVANCED_FACE('',(#3819),#160,.T.);
#4171=ADVANCED_FACE('',(#3820),#161,.F.);
#4172=ADVANCED_FACE('',(#3821),#162,.T.);
#4173=ADVANCED_FACE('',(#3822),#163,.T.);
#4174=ADVANCED_FACE('',(#3823),#164,.F.);
#4175=ADVANCED_FACE('',(#3824),#165,.T.);
#4176=ADVANCED_FACE('',(#3825),#166,.F.);
#4177=ADVANCED_FACE('',(#3826),#167,.T.);
#4178=ADVANCED_FACE('',(#3827),#168,.T.);
#4179=ADVANCED_FACE('',(#3828),#169,.F.);
#4180=ADVANCED_FACE('',(#3829),#170,.T.);
#4181=ADVANCED_FACE('',(#3830),#171,.T.);
#4182=ADVANCED_FACE('',(#3831),#172,.T.);
#4183=ADVANCED_FACE('',(#3832),#173,.F.);
#4184=ADVANCED_FACE('',(#3833),#174,.T.);
#4185=ADVANCED_FACE('',(#3834),#4039,.T.);
#4186=ADVANCED_FACE('',(#3835),#4040,.T.);
#4187=ADVANCED_FACE('',(#3836),#4041,.T.);
#4188=ADVANCED_FACE('',(#3837),#26,.T.);
#4189=ADVANCED_FACE('',(#3838),#27,.T.);
#4190=ADVANCED_FACE('',(#3839),#4042,.F.);
#4191=ADVANCED_FACE('',(#3840),#4043,.T.);
#4192=ADVANCED_FACE('',(#3841),#4044,.T.);
#4193=ADVANCED_FACE('',(#3842),#4045,.T.);
#4194=ADVANCED_FACE('',(#3843),#28,.T.);
#4195=ADVANCED_FACE('',(#3844),#29,.T.);
#4196=ADVANCED_FACE('',(#3845),#4046,.F.);
#4197=ADVANCED_FACE('',(#3846),#4047,.T.);
#4198=ADVANCED_FACE('',(#3847),#4048,.T.);
#4199=ADVANCED_FACE('',(#3848),#4049,.T.);
#4200=ADVANCED_FACE('',(#3849),#30,.T.);
#4201=ADVANCED_FACE('',(#3850),#31,.T.);
#4202=ADVANCED_FACE('',(#3851),#4050,.F.);
#4203=ADVANCED_FACE('Face appearance 34',(#3852),#175,.F.);
#4204=ADVANCED_FACE('Face appearance 34',(#3853),#176,.T.);
#4205=ADVANCED_FACE('Face appearance 34',(#3854),#177,.F.);
#4206=ADVANCED_FACE('Face appearance 34',(#3855),#178,.T.);
#4207=ADVANCED_FACE('Face appearance 34',(#3856),#179,.F.);
#4208=ADVANCED_FACE('Face appearance 34',(#3857),#180,.T.);
#4209=ADVANCED_FACE('Face appearance 34',(#3858),#181,.F.);
#4210=ADVANCED_FACE('Face appearance 34',(#3859),#182,.T.);
#4211=ADVANCED_FACE('Face appearance 34',(#3860),#183,.T.);
#4212=ADVANCED_FACE('Face appearance 34',(#3861),#184,.F.);
#4213=ADVANCED_FACE('Face appearance 34',(#3862),#185,.T.);
#4214=ADVANCED_FACE('Face appearance 34',(#3863),#186,.F.);
#4215=ADVANCED_FACE('Face appearance 34',(#3864),#187,.T.);
#4216=ADVANCED_FACE('Face appearance 34',(#3865),#188,.F.);
#4217=ADVANCED_FACE('Face appearance 34',(#3866),#189,.T.);
#4218=ADVANCED_FACE('Face appearance 34',(#3867),#190,.F.);
#4219=ADVANCED_FACE('Face appearance 31',(#3868,#3869),#191,.T.);
#4220=ADVANCED_FACE('Face appearance 33',(#3870),#192,.F.);
#4221=ADVANCED_FACE('Face appearance 33',(#3871),#4051,.T.);
#4222=ADVANCED_FACE('Face appearance 33',(#3872),#193,.T.);
#4223=ADVANCED_FACE('Face appearance 33',(#3873),#4052,.T.);
#4224=ADVANCED_FACE('Face appearance 33',(#3874),#194,.T.);
#4225=ADVANCED_FACE('Face appearance 33',(#3875),#4053,.T.);
#4226=ADVANCED_FACE('Face appearance 33',(#3876),#195,.F.);
#4227=ADVANCED_FACE('',(#3877),#4054,.F.);
#4228=ADVANCED_FACE('',(#3878),#196,.T.);
#4229=ADVANCED_FACE('',(#3879),#4055,.F.);
#4230=ADVANCED_FACE('',(#3880),#197,.F.);
#4231=ADVANCED_FACE('',(#3881),#4056,.F.);
#4232=ADVANCED_FACE('',(#3882),#198,.F.);
#4233=ADVANCED_FACE('',(#3883),#4057,.F.);
#4234=ADVANCED_FACE('',(#3884),#199,.T.);
#4235=ADVANCED_FACE('Face appearance 33',(#3885),#4058,.T.);
#4236=ADVANCED_FACE('Face appearance 32',(#3886,#3887),#200,.F.);
#4237=ADVANCED_FACE('Face appearance 34',(#3888),#201,.F.);
#4238=ADVANCED_FACE('Face appearance 34',(#3889),#202,.F.);
#4239=ADVANCED_FACE('Face appearance 34',(#3890),#203,.T.);
#4240=ADVANCED_FACE('Face appearance 34',(#3891),#204,.F.);
#4241=ADVANCED_FACE('Face appearance 34',(#3892),#205,.F.);
#4242=ADVANCED_FACE('Face appearance 34',(#3893),#206,.T.);
#4243=ADVANCED_FACE('Face appearance 34',(#3894),#207,.F.);
#4244=ADVANCED_FACE('Face appearance 34',(#3895),#208,.T.);
#4245=ADVANCED_FACE('Face appearance 34',(#3896),#209,.F.);
#4246=ADVANCED_FACE('Face appearance 34',(#3897),#210,.F.);
#4247=ADVANCED_FACE('Face appearance 34',(#3898),#211,.T.);
#4248=ADVANCED_FACE('Face appearance 34',(#3899),#212,.F.);
#4249=ADVANCED_FACE('Face appearance 34',(#3900),#213,.F.);
#4250=ADVANCED_FACE('Face appearance 34',(#3901),#214,.T.);
#4251=ADVANCED_FACE('Face appearance 34',(#3902),#215,.F.);
#4252=ADVANCED_FACE('Face appearance 34',(#3903),#216,.T.);
#4253=ADVANCED_FACE('Face appearance 34',(#3904),#217,.F.);
#4254=ADVANCED_FACE('Face appearance 34',(#3905),#218,.T.);
#4255=ADVANCED_FACE('Face appearance 34',(#3906),#219,.F.);
#4256=ADVANCED_FACE('Face appearance 34',(#3907),#220,.F.);
#4257=ADVANCED_FACE('Face appearance 34',(#3908),#221,.T.);
#4258=ADVANCED_FACE('Face appearance 34',(#3909),#222,.F.);
#4259=ADVANCED_FACE('Face appearance 34',(#3910),#223,.F.);
#4260=ADVANCED_FACE('Face appearance 34',(#3911),#4059,.T.);
#4261=ADVANCED_FACE('Face appearance 34',(#3912),#4060,.T.);
#4262=ADVANCED_FACE('Face appearance 34',(#3913),#32,.F.);
#4263=ADVANCED_FACE('Face appearance 34',(#3914),#4061,.T.);
#4264=ADVANCED_FACE('Face appearance 34',(#3915),#4062,.F.);
#4265=ADVANCED_FACE('Face appearance 34',(#3916),#33,.F.);
#4266=ADVANCED_FACE('Face appearance 34',(#3917),#34,.F.);
#4267=ADVANCED_FACE('Face appearance 34',(#3918),#4063,.T.);
#4268=ADVANCED_FACE('Face appearance 34',(#3919),#4064,.F.);
#4269=ADVANCED_FACE('Face appearance 34',(#3920),#4065,.T.);
#4270=ADVANCED_FACE('Face appearance 34',(#3921),#35,.F.);
#4271=ADVANCED_FACE('Face appearance 34',(#3922),#4066,.T.);
#4272=ADVANCED_FACE('Face appearance 34',(#3923),#36,.F.);
#4273=ADVANCED_FACE('Face appearance 34',(#3924),#4067,.T.);
#4274=ADVANCED_FACE('Face appearance 34',(#3925),#4068,.F.);
#4275=ADVANCED_FACE('Face appearance 34',(#3926),#4069,.T.);
#4276=ADVANCED_FACE('Face appearance 34',(#3927),#37,.F.);
#4277=ADVANCED_FACE('Face appearance 34',(#3928),#4070,.T.);
#4278=ADVANCED_FACE('Face appearance 34',(#3929),#24,.T.);
#4279=ADVANCED_FACE('Face appearance 34',(#3930),#4071,.T.);
#4280=ADVANCED_FACE('Face appearance 34',(#3931),#38,.F.);
#4281=ADVANCED_FACE('Face appearance 34',(#3932),#4072,.F.);
#4282=ADVANCED_FACE('Face appearance 34',(#3933),#39,.F.);
#4283=ADVANCED_FACE('Face appearance 34',(#3934),#4073,.T.);
#4284=ADVANCED_FACE('Face appearance 34',(#3935),#25,.T.);
#4285=ADVANCED_FACE('Face appearance 34',(#3936),#4074,.T.);
#4286=ADVANCED_FACE('Face appearance 34',(#3937),#4075,.T.);
#4287=ADVANCED_FACE('Face appearance 34',(#3938),#40,.F.);
#4288=ADVANCED_FACE('Face appearance 34',(#3939),#4076,.T.);
#4289=ADVANCED_FACE('Face appearance 34',(#3940),#4077,.F.);
#4290=ADVANCED_FACE('Face appearance 34',(#3941),#41,.F.);
#4291=ADVANCED_FACE('Face appearance 34',(#3942),#42,.F.);
#4292=ADVANCED_FACE('Face appearance 34',(#3943),#4078,.T.);
#4293=ADVANCED_FACE('Face appearance 34',(#3944),#4079,.F.);
#4294=ADVANCED_FACE('Face appearance 34',(#3945),#4080,.T.);
#4295=ADVANCED_FACE('Face appearance 34',(#3946),#43,.F.);
#4296=ADVANCED_FACE('Face appearance 34',(#3947),#4081,.T.);
#4297=ADVANCED_FACE('Face appearance 34',(#3948),#12,.T.);
#4298=ADVANCED_FACE('Face appearance 34',(#3949),#4082,.T.);
#4299=ADVANCED_FACE('Face appearance 34',(#3950),#44,.F.);
#4300=ADVANCED_FACE('Face appearance 34',(#3951),#4083,.F.);
#4301=ADVANCED_FACE('Face appearance 34',(#3952),#45,.F.);
#4302=ADVANCED_FACE('Face appearance 34',(#3953),#4084,.T.);
#4303=ADVANCED_FACE('Face appearance 34',(#3954),#13,.T.);
#4304=ADVANCED_FACE('Face appearance 34',(#3955),#46,.F.);
#4305=ADVANCED_FACE('Face appearance 34',(#3956),#4085,.T.);
#4306=ADVANCED_FACE('Face appearance 34',(#3957),#4086,.F.);
#4307=ADVANCED_FACE('Face appearance 34',(#3958),#4087,.T.);
#4308=ADVANCED_FACE('Face appearance 34',(#3959),#47,.F.);
#4309=ADVANCED_FACE('Face appearance 34',(#3960),#4088,.T.);
#4310=ADVANCED_FACE('Face appearance 34',(#3961),#14,.T.);
#4311=ADVANCED_FACE('Face appearance 34',(#3962),#4089,.T.);
#4312=ADVANCED_FACE('Face appearance 34',(#3963),#48,.F.);
#4313=ADVANCED_FACE('Face appearance 34',(#3964),#4090,.F.);
#4314=ADVANCED_FACE('Face appearance 34',(#3965),#49,.F.);
#4315=ADVANCED_FACE('Face appearance 34',(#3966),#4091,.T.);
#4316=ADVANCED_FACE('Face appearance 34',(#3967),#15,.T.);
#4317=ADVANCED_FACE('Face appearance 34',(#3968),#50,.F.);
#4318=ADVANCED_FACE('Face appearance 34',(#3969),#4092,.T.);
#4319=ADVANCED_FACE('Face appearance 34',(#3970),#4093,.F.);
#4320=ADVANCED_FACE('Face appearance 34',(#3971),#4094,.T.);
#4321=ADVANCED_FACE('Face appearance 34',(#3972),#51,.F.);
#4322=ADVANCED_FACE('Face appearance 34',(#3973),#4095,.T.);
#4323=ADVANCED_FACE('Face appearance 34',(#3974),#16,.T.);
#4324=ADVANCED_FACE('Face appearance 34',(#3975),#4096,.T.);
#4325=ADVANCED_FACE('Face appearance 34',(#3976),#52,.F.);
#4326=ADVANCED_FACE('Face appearance 34',(#3977),#4097,.F.);
#4327=ADVANCED_FACE('Face appearance 34',(#3978),#53,.F.);
#4328=ADVANCED_FACE('Face appearance 34',(#3979),#4098,.T.);
#4329=ADVANCED_FACE('Face appearance 34',(#3980),#17,.T.);
#4330=ADVANCED_FACE('Face appearance 34',(#3981),#54,.F.);
#4331=ADVANCED_FACE('Face appearance 34',(#3982),#4099,.T.);
#4332=ADVANCED_FACE('Face appearance 34',(#3983),#4100,.F.);
#4333=ADVANCED_FACE('Face appearance 34',(#3984),#4101,.T.);
#4334=ADVANCED_FACE('Face appearance 34',(#3985),#55,.F.);
#4335=ADVANCED_FACE('Face appearance 34',(#3986),#4102,.T.);
#4336=ADVANCED_FACE('Face appearance 34',(#3987),#18,.T.);
#4337=ADVANCED_FACE('Face appearance 34',(#3988),#4103,.T.);
#4338=ADVANCED_FACE('Face appearance 34',(#3989),#56,.F.);
#4339=ADVANCED_FACE('Face appearance 34',(#3990),#4104,.F.);
#4340=ADVANCED_FACE('Face appearance 34',(#3991),#57,.F.);
#4341=ADVANCED_FACE('Face appearance 34',(#3992),#4105,.T.);
#4342=ADVANCED_FACE('Face appearance 34',(#3993),#19,.T.);
#4343=ADVANCED_FACE('',(#3994),#4106,.T.);
#4344=ADVANCED_FACE('',(#3995),#4107,.T.);
#4345=ADVANCED_FACE('',(#3996,#3997,#3998),#224,.T.);
#4346=ADVANCED_FACE('',(#3999),#4108,.T.);
#4347=ADVANCED_FACE('',(#4000),#4109,.T.);
#4348=ADVANCED_FACE('Face appearance 34',(#4001),#20,.T.);
#4349=ADVANCED_FACE('Face appearance 34',(#4002),#4110,.T.);
#4350=ADVANCED_FACE('Face appearance 34',(#4003),#58,.F.);
#4351=ADVANCED_FACE('Face appearance 34',(#4004),#4111,.F.);
#4352=ADVANCED_FACE('Face appearance 34',(#4005),#59,.F.);
#4353=ADVANCED_FACE('Face appearance 34',(#4006),#4112,.T.);
#4354=ADVANCED_FACE('Face appearance 34',(#4007),#21,.T.);
#4355=ADVANCED_FACE('Face appearance 34',(#4008),#22,.T.);
#4356=ADVANCED_FACE('Face appearance 34',(#4009),#4113,.T.);
#4357=ADVANCED_FACE('Face appearance 34',(#4010),#60,.F.);
#4358=ADVANCED_FACE('Face appearance 34',(#4011),#4114,.F.);
#4359=ADVANCED_FACE('Face appearance 34',(#4012),#61,.F.);
#4360=ADVANCED_FACE('Face appearance 34',(#4013),#4115,.T.);
#4361=ADVANCED_FACE('Face appearance 34',(#4014),#23,.T.);
#4362=CLOSED_SHELL('',(#4116,#4117,#4118,#4119,#4120,#4121,#4122,#4123,
#4124,#4125,#4126,#4127,#4128,#4129,#4130,#4131,#4132,#4133,#4134,#4135,
#4136,#4137,#4138,#4139,#4140,#4141,#4142,#4143,#4144,#4145,#4146,#4147,
#4148,#4149,#4150,#4151,#4152,#4153,#4154,#4155,#4156,#4157,#4158,#4159,
#4160,#4161,#4162,#4163,#4164,#4165,#4166,#4167,#4168,#4169,#4170,#4171,
#4172,#4173,#4174,#4175,#4176,#4177,#4178,#4179,#4180,#4181,#4182,#4183,
#4184,#4185,#4186,#4187,#4188,#4189,#4190,#4191,#4192,#4193,#4194,#4195,
#4196,#4197,#4198,#4199,#4200,#4201,#4202,#4203,#4204,#4205,#4206,#4207,
#4208,#4209,#4210,#4211,#4212,#4213,#4214,#4215,#4216,#4217,#4218,#4219,
#4220,#4221,#4222,#4223,#4224,#4225,#4226,#4227,#4228,#4229,#4230,#4231,
#4232,#4233,#4234,#4235,#4236,#4237,#4238,#4239,#4240,#4241,#4242,#4243,
#4244,#4245,#4246,#4247,#4248,#4249,#4250,#4251,#4252,#4253,#4254,#4255,
#4256,#4257,#4258,#4259,#4260,#4261,#4262,#4263,#4264,#4265,#4266,#4267,
#4268,#4269,#4270,#4271,#4272,#4273,#4274,#4275,#4276,#4277,#4278,#4279,
#4280,#4281,#4282,#4283,#4284,#4285,#4286,#4287,#4288,#4289,#4290,#4291,
#4292,#4293,#4294,#4295,#4296,#4297,#4298,#4299,#4300,#4301,#4302,#4303,
#4304,#4305,#4306,#4307,#4308,#4309,#4310,#4311,#4312,#4313,#4314,#4315,
#4316,#4317,#4318,#4319,#4320,#4321,#4322,#4323,#4324,#4325,#4326,#4327,
#4328,#4329,#4330,#4331,#4332,#4333,#4334,#4335,#4336,#4337,#4338,#4339,
#4340,#4341,#4342,#4343,#4344,#4345,#4346,#4347,#4348,#4349,#4350,#4351,
#4352,#4353,#4354,#4355,#4356,#4357,#4358,#4359,#4360,#4361));
#4363=STYLED_ITEM('',(#4364),#5266);
#4364=PRESENTATION_STYLE_ASSIGNMENT((#4514));
#4365=PRESENTATION_STYLE_ASSIGNMENT((#4515));
#4366=PRESENTATION_STYLE_ASSIGNMENT((#4516));
#4367=PRESENTATION_STYLE_ASSIGNMENT((#4517));
#4368=PRESENTATION_STYLE_ASSIGNMENT((#4518));
#4369=PRESENTATION_STYLE_ASSIGNMENT((#4519));
#4370=PRESENTATION_STYLE_ASSIGNMENT((#4520));
#4371=PRESENTATION_STYLE_ASSIGNMENT((#4521));
#4372=PRESENTATION_STYLE_ASSIGNMENT((#4522));
#4373=PRESENTATION_STYLE_ASSIGNMENT((#4523));
#4374=PRESENTATION_STYLE_ASSIGNMENT((#4524));
#4375=PRESENTATION_STYLE_ASSIGNMENT((#4525));
#4376=PRESENTATION_STYLE_ASSIGNMENT((#4526));
#4377=PRESENTATION_STYLE_ASSIGNMENT((#4527));
#4378=PRESENTATION_STYLE_ASSIGNMENT((#4528));
#4379=PRESENTATION_STYLE_ASSIGNMENT((#4529));
#4380=PRESENTATION_STYLE_ASSIGNMENT((#4530));
#4381=PRESENTATION_STYLE_ASSIGNMENT((#4531));
#4382=PRESENTATION_STYLE_ASSIGNMENT((#4532));
#4383=PRESENTATION_STYLE_ASSIGNMENT((#4533));
#4384=PRESENTATION_STYLE_ASSIGNMENT((#4534));
#4385=PRESENTATION_STYLE_ASSIGNMENT((#4535));
#4386=PRESENTATION_STYLE_ASSIGNMENT((#4536));
#4387=PRESENTATION_STYLE_ASSIGNMENT((#4537));
#4388=PRESENTATION_STYLE_ASSIGNMENT((#4538));
#4389=PRESENTATION_STYLE_ASSIGNMENT((#4539));
#4390=PRESENTATION_STYLE_ASSIGNMENT((#4540));
#4391=PRESENTATION_STYLE_ASSIGNMENT((#4541));
#4392=PRESENTATION_STYLE_ASSIGNMENT((#4542));
#4393=PRESENTATION_STYLE_ASSIGNMENT((#4543));
#4394=PRESENTATION_STYLE_ASSIGNMENT((#4544));
#4395=PRESENTATION_STYLE_ASSIGNMENT((#4545));
#4396=PRESENTATION_STYLE_ASSIGNMENT((#4546));
#4397=PRESENTATION_STYLE_ASSIGNMENT((#4547));
#4398=PRESENTATION_STYLE_ASSIGNMENT((#4548));
#4399=PRESENTATION_STYLE_ASSIGNMENT((#4549));
#4400=PRESENTATION_STYLE_ASSIGNMENT((#4550));
#4401=PRESENTATION_STYLE_ASSIGNMENT((#4551));
#4402=PRESENTATION_STYLE_ASSIGNMENT((#4552));
#4403=PRESENTATION_STYLE_ASSIGNMENT((#4553));
#4404=PRESENTATION_STYLE_ASSIGNMENT((#4554));
#4405=PRESENTATION_STYLE_ASSIGNMENT((#4555));
#4406=PRESENTATION_STYLE_ASSIGNMENT((#4556));
#4407=PRESENTATION_STYLE_ASSIGNMENT((#4557));
#4408=PRESENTATION_STYLE_ASSIGNMENT((#4558));
#4409=PRESENTATION_STYLE_ASSIGNMENT((#4559));
#4410=PRESENTATION_STYLE_ASSIGNMENT((#4560));
#4411=PRESENTATION_STYLE_ASSIGNMENT((#4561));
#4412=PRESENTATION_STYLE_ASSIGNMENT((#4562));
#4413=PRESENTATION_STYLE_ASSIGNMENT((#4563));
#4414=PRESENTATION_STYLE_ASSIGNMENT((#4564));
#4415=PRESENTATION_STYLE_ASSIGNMENT((#4565));
#4416=PRESENTATION_STYLE_ASSIGNMENT((#4566));
#4417=PRESENTATION_STYLE_ASSIGNMENT((#4567));
#4418=PRESENTATION_STYLE_ASSIGNMENT((#4568));
#4419=PRESENTATION_STYLE_ASSIGNMENT((#4569));
#4420=PRESENTATION_STYLE_ASSIGNMENT((#4570));
#4421=PRESENTATION_STYLE_ASSIGNMENT((#4571));
#4422=PRESENTATION_STYLE_ASSIGNMENT((#4572));
#4423=PRESENTATION_STYLE_ASSIGNMENT((#4573));
#4424=PRESENTATION_STYLE_ASSIGNMENT((#4574));
#4425=PRESENTATION_STYLE_ASSIGNMENT((#4575));
#4426=PRESENTATION_STYLE_ASSIGNMENT((#4576));
#4427=PRESENTATION_STYLE_ASSIGNMENT((#4577));
#4428=PRESENTATION_STYLE_ASSIGNMENT((#4578));
#4429=PRESENTATION_STYLE_ASSIGNMENT((#4579));
#4430=PRESENTATION_STYLE_ASSIGNMENT((#4580));
#4431=PRESENTATION_STYLE_ASSIGNMENT((#4581));
#4432=PRESENTATION_STYLE_ASSIGNMENT((#4582));
#4433=PRESENTATION_STYLE_ASSIGNMENT((#4583));
#4434=PRESENTATION_STYLE_ASSIGNMENT((#4584));
#4435=PRESENTATION_STYLE_ASSIGNMENT((#4585));
#4436=PRESENTATION_STYLE_ASSIGNMENT((#4586));
#4437=PRESENTATION_STYLE_ASSIGNMENT((#4587));
#4438=PRESENTATION_STYLE_ASSIGNMENT((#4588));
#4439=PRESENTATION_STYLE_ASSIGNMENT((#4589));
#4440=PRESENTATION_STYLE_ASSIGNMENT((#4590));
#4441=PRESENTATION_STYLE_ASSIGNMENT((#4591));
#4442=PRESENTATION_STYLE_ASSIGNMENT((#4592));
#4443=PRESENTATION_STYLE_ASSIGNMENT((#4593));
#4444=PRESENTATION_STYLE_ASSIGNMENT((#4594));
#4445=PRESENTATION_STYLE_ASSIGNMENT((#4595));
#4446=PRESENTATION_STYLE_ASSIGNMENT((#4596));
#4447=PRESENTATION_STYLE_ASSIGNMENT((#4597));
#4448=PRESENTATION_STYLE_ASSIGNMENT((#4598));
#4449=PRESENTATION_STYLE_ASSIGNMENT((#4599));
#4450=PRESENTATION_STYLE_ASSIGNMENT((#4600));
#4451=PRESENTATION_STYLE_ASSIGNMENT((#4601));
#4452=PRESENTATION_STYLE_ASSIGNMENT((#4602));
#4453=PRESENTATION_STYLE_ASSIGNMENT((#4603));
#4454=PRESENTATION_STYLE_ASSIGNMENT((#4604));
#4455=PRESENTATION_STYLE_ASSIGNMENT((#4605));
#4456=PRESENTATION_STYLE_ASSIGNMENT((#4606));
#4457=PRESENTATION_STYLE_ASSIGNMENT((#4607));
#4458=PRESENTATION_STYLE_ASSIGNMENT((#4608));
#4459=PRESENTATION_STYLE_ASSIGNMENT((#4609));
#4460=PRESENTATION_STYLE_ASSIGNMENT((#4610));
#4461=PRESENTATION_STYLE_ASSIGNMENT((#4611));
#4462=PRESENTATION_STYLE_ASSIGNMENT((#4612));
#4463=PRESENTATION_STYLE_ASSIGNMENT((#4613));
#4464=PRESENTATION_STYLE_ASSIGNMENT((#4614));
#4465=PRESENTATION_STYLE_ASSIGNMENT((#4615));
#4466=PRESENTATION_STYLE_ASSIGNMENT((#4616));
#4467=PRESENTATION_STYLE_ASSIGNMENT((#4617));
#4468=PRESENTATION_STYLE_ASSIGNMENT((#4618));
#4469=PRESENTATION_STYLE_ASSIGNMENT((#4619));
#4470=PRESENTATION_STYLE_ASSIGNMENT((#4620));
#4471=PRESENTATION_STYLE_ASSIGNMENT((#4621));
#4472=PRESENTATION_STYLE_ASSIGNMENT((#4622));
#4473=PRESENTATION_STYLE_ASSIGNMENT((#4623));
#4474=PRESENTATION_STYLE_ASSIGNMENT((#4624));
#4475=PRESENTATION_STYLE_ASSIGNMENT((#4625));
#4476=PRESENTATION_STYLE_ASSIGNMENT((#4626));
#4477=PRESENTATION_STYLE_ASSIGNMENT((#4627));
#4478=PRESENTATION_STYLE_ASSIGNMENT((#4628));
#4479=PRESENTATION_STYLE_ASSIGNMENT((#4629));
#4480=PRESENTATION_STYLE_ASSIGNMENT((#4630));
#4481=PRESENTATION_STYLE_ASSIGNMENT((#4631));
#4482=PRESENTATION_STYLE_ASSIGNMENT((#4632));
#4483=PRESENTATION_STYLE_ASSIGNMENT((#4633));
#4484=PRESENTATION_STYLE_ASSIGNMENT((#4634));
#4485=PRESENTATION_STYLE_ASSIGNMENT((#4635));
#4486=PRESENTATION_STYLE_ASSIGNMENT((#4636));
#4487=PRESENTATION_STYLE_ASSIGNMENT((#4637));
#4488=PRESENTATION_STYLE_ASSIGNMENT((#4638));
#4489=PRESENTATION_STYLE_ASSIGNMENT((#4639));
#4490=PRESENTATION_STYLE_ASSIGNMENT((#4640));
#4491=PRESENTATION_STYLE_ASSIGNMENT((#4641));
#4492=PRESENTATION_STYLE_ASSIGNMENT((#4642));
#4493=PRESENTATION_STYLE_ASSIGNMENT((#4643));
#4494=PRESENTATION_STYLE_ASSIGNMENT((#4644));
#4495=PRESENTATION_STYLE_ASSIGNMENT((#4645));
#4496=PRESENTATION_STYLE_ASSIGNMENT((#4646));
#4497=PRESENTATION_STYLE_ASSIGNMENT((#4647));
#4498=PRESENTATION_STYLE_ASSIGNMENT((#4648));
#4499=PRESENTATION_STYLE_ASSIGNMENT((#4649));
#4500=PRESENTATION_STYLE_ASSIGNMENT((#4650));
#4501=PRESENTATION_STYLE_ASSIGNMENT((#4651));
#4502=PRESENTATION_STYLE_ASSIGNMENT((#4652));
#4503=PRESENTATION_STYLE_ASSIGNMENT((#4653));
#4504=PRESENTATION_STYLE_ASSIGNMENT((#4654));
#4505=PRESENTATION_STYLE_ASSIGNMENT((#4655));
#4506=PRESENTATION_STYLE_ASSIGNMENT((#4656));
#4507=PRESENTATION_STYLE_ASSIGNMENT((#4657));
#4508=PRESENTATION_STYLE_ASSIGNMENT((#4658));
#4509=PRESENTATION_STYLE_ASSIGNMENT((#4659));
#4510=PRESENTATION_STYLE_ASSIGNMENT((#4660));
#4511=PRESENTATION_STYLE_ASSIGNMENT((#4661));
#4512=PRESENTATION_STYLE_ASSIGNMENT((#4662));
#4513=PRESENTATION_STYLE_ASSIGNMENT((#4663));
#4514=SURFACE_STYLE_USAGE(.BOTH.,#4664);
#4515=SURFACE_STYLE_USAGE(.BOTH.,#4665);
#4516=SURFACE_STYLE_USAGE(.BOTH.,#4666);
#4517=SURFACE_STYLE_USAGE(.BOTH.,#4667);
#4518=SURFACE_STYLE_USAGE(.BOTH.,#4668);
#4519=SURFACE_STYLE_USAGE(.BOTH.,#4669);
#4520=SURFACE_STYLE_USAGE(.BOTH.,#4670);
#4521=SURFACE_STYLE_USAGE(.BOTH.,#4671);
#4522=SURFACE_STYLE_USAGE(.BOTH.,#4672);
#4523=SURFACE_STYLE_USAGE(.BOTH.,#4673);
#4524=SURFACE_STYLE_USAGE(.BOTH.,#4674);
#4525=SURFACE_STYLE_USAGE(.BOTH.,#4675);
#4526=SURFACE_STYLE_USAGE(.BOTH.,#4676);
#4527=SURFACE_STYLE_USAGE(.BOTH.,#4677);
#4528=SURFACE_STYLE_USAGE(.BOTH.,#4678);
#4529=SURFACE_STYLE_USAGE(.BOTH.,#4679);
#4530=SURFACE_STYLE_USAGE(.BOTH.,#4680);
#4531=SURFACE_STYLE_USAGE(.BOTH.,#4681);
#4532=SURFACE_STYLE_USAGE(.BOTH.,#4682);
#4533=SURFACE_STYLE_USAGE(.BOTH.,#4683);
#4534=SURFACE_STYLE_USAGE(.BOTH.,#4684);
#4535=SURFACE_STYLE_USAGE(.BOTH.,#4685);
#4536=SURFACE_STYLE_USAGE(.BOTH.,#4686);
#4537=SURFACE_STYLE_USAGE(.BOTH.,#4687);
#4538=SURFACE_STYLE_USAGE(.BOTH.,#4688);
#4539=SURFACE_STYLE_USAGE(.BOTH.,#4689);
#4540=SURFACE_STYLE_USAGE(.BOTH.,#4690);
#4541=SURFACE_STYLE_USAGE(.BOTH.,#4691);
#4542=SURFACE_STYLE_USAGE(.BOTH.,#4692);
#4543=SURFACE_STYLE_USAGE(.BOTH.,#4693);
#4544=SURFACE_STYLE_USAGE(.BOTH.,#4694);
#4545=SURFACE_STYLE_USAGE(.BOTH.,#4695);
#4546=SURFACE_STYLE_USAGE(.BOTH.,#4696);
#4547=SURFACE_STYLE_USAGE(.BOTH.,#4697);
#4548=SURFACE_STYLE_USAGE(.BOTH.,#4698);
#4549=SURFACE_STYLE_USAGE(.BOTH.,#4699);
#4550=SURFACE_STYLE_USAGE(.BOTH.,#4700);
#4551=SURFACE_STYLE_USAGE(.BOTH.,#4701);
#4552=SURFACE_STYLE_USAGE(.BOTH.,#4702);
#4553=SURFACE_STYLE_USAGE(.BOTH.,#4703);
#4554=SURFACE_STYLE_USAGE(.BOTH.,#4704);
#4555=SURFACE_STYLE_USAGE(.BOTH.,#4705);
#4556=SURFACE_STYLE_USAGE(.BOTH.,#4706);
#4557=SURFACE_STYLE_USAGE(.BOTH.,#4707);
#4558=SURFACE_STYLE_USAGE(.BOTH.,#4708);
#4559=SURFACE_STYLE_USAGE(.BOTH.,#4709);
#4560=SURFACE_STYLE_USAGE(.BOTH.,#4710);
#4561=SURFACE_STYLE_USAGE(.BOTH.,#4711);
#4562=SURFACE_STYLE_USAGE(.BOTH.,#4712);
#4563=SURFACE_STYLE_USAGE(.BOTH.,#4713);
#4564=SURFACE_STYLE_USAGE(.BOTH.,#4714);
#4565=SURFACE_STYLE_USAGE(.BOTH.,#4715);
#4566=SURFACE_STYLE_USAGE(.BOTH.,#4716);
#4567=SURFACE_STYLE_USAGE(.BOTH.,#4717);
#4568=SURFACE_STYLE_USAGE(.BOTH.,#4718);
#4569=SURFACE_STYLE_USAGE(.BOTH.,#4719);
#4570=SURFACE_STYLE_USAGE(.BOTH.,#4720);
#4571=SURFACE_STYLE_USAGE(.BOTH.,#4721);
#4572=SURFACE_STYLE_USAGE(.BOTH.,#4722);
#4573=SURFACE_STYLE_USAGE(.BOTH.,#4723);
#4574=SURFACE_STYLE_USAGE(.BOTH.,#4724);
#4575=SURFACE_STYLE_USAGE(.BOTH.,#4725);
#4576=SURFACE_STYLE_USAGE(.BOTH.,#4726);
#4577=SURFACE_STYLE_USAGE(.BOTH.,#4727);
#4578=SURFACE_STYLE_USAGE(.BOTH.,#4728);
#4579=SURFACE_STYLE_USAGE(.BOTH.,#4729);
#4580=SURFACE_STYLE_USAGE(.BOTH.,#4730);
#4581=SURFACE_STYLE_USAGE(.BOTH.,#4731);
#4582=SURFACE_STYLE_USAGE(.BOTH.,#4732);
#4583=SURFACE_STYLE_USAGE(.BOTH.,#4733);
#4584=SURFACE_STYLE_USAGE(.BOTH.,#4734);
#4585=SURFACE_STYLE_USAGE(.BOTH.,#4735);
#4586=SURFACE_STYLE_USAGE(.BOTH.,#4736);
#4587=SURFACE_STYLE_USAGE(.BOTH.,#4737);
#4588=SURFACE_STYLE_USAGE(.BOTH.,#4738);
#4589=SURFACE_STYLE_USAGE(.BOTH.,#4739);
#4590=SURFACE_STYLE_USAGE(.BOTH.,#4740);
#4591=SURFACE_STYLE_USAGE(.BOTH.,#4741);
#4592=SURFACE_STYLE_USAGE(.BOTH.,#4742);
#4593=SURFACE_STYLE_USAGE(.BOTH.,#4743);
#4594=SURFACE_STYLE_USAGE(.BOTH.,#4744);
#4595=SURFACE_STYLE_USAGE(.BOTH.,#4745);
#4596=SURFACE_STYLE_USAGE(.BOTH.,#4746);
#4597=SURFACE_STYLE_USAGE(.BOTH.,#4747);
#4598=SURFACE_STYLE_USAGE(.BOTH.,#4748);
#4599=SURFACE_STYLE_USAGE(.BOTH.,#4749);
#4600=SURFACE_STYLE_USAGE(.BOTH.,#4750);
#4601=SURFACE_STYLE_USAGE(.BOTH.,#4751);
#4602=SURFACE_STYLE_USAGE(.BOTH.,#4752);
#4603=SURFACE_STYLE_USAGE(.BOTH.,#4753);
#4604=SURFACE_STYLE_USAGE(.BOTH.,#4754);
#4605=SURFACE_STYLE_USAGE(.BOTH.,#4755);
#4606=SURFACE_STYLE_USAGE(.BOTH.,#4756);
#4607=SURFACE_STYLE_USAGE(.BOTH.,#4757);
#4608=SURFACE_STYLE_USAGE(.BOTH.,#4758);
#4609=SURFACE_STYLE_USAGE(.BOTH.,#4759);
#4610=SURFACE_STYLE_USAGE(.BOTH.,#4760);
#4611=SURFACE_STYLE_USAGE(.BOTH.,#4761);
#4612=SURFACE_STYLE_USAGE(.BOTH.,#4762);
#4613=SURFACE_STYLE_USAGE(.BOTH.,#4763);
#4614=SURFACE_STYLE_USAGE(.BOTH.,#4764);
#4615=SURFACE_STYLE_USAGE(.BOTH.,#4765);
#4616=SURFACE_STYLE_USAGE(.BOTH.,#4766);
#4617=SURFACE_STYLE_USAGE(.BOTH.,#4767);
#4618=SURFACE_STYLE_USAGE(.BOTH.,#4768);
#4619=SURFACE_STYLE_USAGE(.BOTH.,#4769);
#4620=SURFACE_STYLE_USAGE(.BOTH.,#4770);
#4621=SURFACE_STYLE_USAGE(.BOTH.,#4771);
#4622=SURFACE_STYLE_USAGE(.BOTH.,#4772);
#4623=SURFACE_STYLE_USAGE(.BOTH.,#4773);
#4624=SURFACE_STYLE_USAGE(.BOTH.,#4774);
#4625=SURFACE_STYLE_USAGE(.BOTH.,#4775);
#4626=SURFACE_STYLE_USAGE(.BOTH.,#4776);
#4627=SURFACE_STYLE_USAGE(.BOTH.,#4777);
#4628=SURFACE_STYLE_USAGE(.BOTH.,#4778);
#4629=SURFACE_STYLE_USAGE(.BOTH.,#4779);
#4630=SURFACE_STYLE_USAGE(.BOTH.,#4780);
#4631=SURFACE_STYLE_USAGE(.BOTH.,#4781);
#4632=SURFACE_STYLE_USAGE(.BOTH.,#4782);
#4633=SURFACE_STYLE_USAGE(.BOTH.,#4783);
#4634=SURFACE_STYLE_USAGE(.BOTH.,#4784);
#4635=SURFACE_STYLE_USAGE(.BOTH.,#4785);
#4636=SURFACE_STYLE_USAGE(.BOTH.,#4786);
#4637=SURFACE_STYLE_USAGE(.BOTH.,#4787);
#4638=SURFACE_STYLE_USAGE(.BOTH.,#4788);
#4639=SURFACE_STYLE_USAGE(.BOTH.,#4789);
#4640=SURFACE_STYLE_USAGE(.BOTH.,#4790);
#4641=SURFACE_STYLE_USAGE(.BOTH.,#4791);
#4642=SURFACE_STYLE_USAGE(.BOTH.,#4792);
#4643=SURFACE_STYLE_USAGE(.BOTH.,#4793);
#4644=SURFACE_STYLE_USAGE(.BOTH.,#4794);
#4645=SURFACE_STYLE_USAGE(.BOTH.,#4795);
#4646=SURFACE_STYLE_USAGE(.BOTH.,#4796);
#4647=SURFACE_STYLE_USAGE(.BOTH.,#4797);
#4648=SURFACE_STYLE_USAGE(.BOTH.,#4798);
#4649=SURFACE_STYLE_USAGE(.BOTH.,#4799);
#4650=SURFACE_STYLE_USAGE(.BOTH.,#4800);
#4651=SURFACE_STYLE_USAGE(.BOTH.,#4801);
#4652=SURFACE_STYLE_USAGE(.BOTH.,#4802);
#4653=SURFACE_STYLE_USAGE(.BOTH.,#4803);
#4654=SURFACE_STYLE_USAGE(.BOTH.,#4804);
#4655=SURFACE_STYLE_USAGE(.BOTH.,#4805);
#4656=SURFACE_STYLE_USAGE(.BOTH.,#4806);
#4657=SURFACE_STYLE_USAGE(.BOTH.,#4807);
#4658=SURFACE_STYLE_USAGE(.BOTH.,#4808);
#4659=SURFACE_STYLE_USAGE(.BOTH.,#4809);
#4660=SURFACE_STYLE_USAGE(.BOTH.,#4810);
#4661=SURFACE_STYLE_USAGE(.BOTH.,#4811);
#4662=SURFACE_STYLE_USAGE(.BOTH.,#4812);
#4663=SURFACE_STYLE_USAGE(.BOTH.,#4813);
#4664=SURFACE_SIDE_STYLE('',(#4814));
#4665=SURFACE_SIDE_STYLE('',(#4815));
#4666=SURFACE_SIDE_STYLE('',(#4816));
#4667=SURFACE_SIDE_STYLE('',(#4817));
#4668=SURFACE_SIDE_STYLE('',(#4818));
#4669=SURFACE_SIDE_STYLE('',(#4819));
#4670=SURFACE_SIDE_STYLE('',(#4820));
#4671=SURFACE_SIDE_STYLE('',(#4821));
#4672=SURFACE_SIDE_STYLE('',(#4822));
#4673=SURFACE_SIDE_STYLE('',(#4823));
#4674=SURFACE_SIDE_STYLE('',(#4824));
#4675=SURFACE_SIDE_STYLE('',(#4825));
#4676=SURFACE_SIDE_STYLE('',(#4826));
#4677=SURFACE_SIDE_STYLE('',(#4827));
#4678=SURFACE_SIDE_STYLE('',(#4828));
#4679=SURFACE_SIDE_STYLE('',(#4829));
#4680=SURFACE_SIDE_STYLE('',(#4830));
#4681=SURFACE_SIDE_STYLE('',(#4831));
#4682=SURFACE_SIDE_STYLE('',(#4832));
#4683=SURFACE_SIDE_STYLE('',(#4833));
#4684=SURFACE_SIDE_STYLE('',(#4834));
#4685=SURFACE_SIDE_STYLE('',(#4835));
#4686=SURFACE_SIDE_STYLE('',(#4836));
#4687=SURFACE_SIDE_STYLE('',(#4837));
#4688=SURFACE_SIDE_STYLE('',(#4838));
#4689=SURFACE_SIDE_STYLE('',(#4839));
#4690=SURFACE_SIDE_STYLE('',(#4840));
#4691=SURFACE_SIDE_STYLE('',(#4841));
#4692=SURFACE_SIDE_STYLE('',(#4842));
#4693=SURFACE_SIDE_STYLE('',(#4843));
#4694=SURFACE_SIDE_STYLE('',(#4844));
#4695=SURFACE_SIDE_STYLE('',(#4845));
#4696=SURFACE_SIDE_STYLE('',(#4846));
#4697=SURFACE_SIDE_STYLE('',(#4847));
#4698=SURFACE_SIDE_STYLE('',(#4848));
#4699=SURFACE_SIDE_STYLE('',(#4849));
#4700=SURFACE_SIDE_STYLE('',(#4850));
#4701=SURFACE_SIDE_STYLE('',(#4851));
#4702=SURFACE_SIDE_STYLE('',(#4852));
#4703=SURFACE_SIDE_STYLE('',(#4853));
#4704=SURFACE_SIDE_STYLE('',(#4854));
#4705=SURFACE_SIDE_STYLE('',(#4855));
#4706=SURFACE_SIDE_STYLE('',(#4856));
#4707=SURFACE_SIDE_STYLE('',(#4857));
#4708=SURFACE_SIDE_STYLE('',(#4858));
#4709=SURFACE_SIDE_STYLE('',(#4859));
#4710=SURFACE_SIDE_STYLE('',(#4860));
#4711=SURFACE_SIDE_STYLE('',(#4861));
#4712=SURFACE_SIDE_STYLE('',(#4862));
#4713=SURFACE_SIDE_STYLE('',(#4863));
#4714=SURFACE_SIDE_STYLE('',(#4864));
#4715=SURFACE_SIDE_STYLE('',(#4865));
#4716=SURFACE_SIDE_STYLE('',(#4866));
#4717=SURFACE_SIDE_STYLE('',(#4867));
#4718=SURFACE_SIDE_STYLE('',(#4868));
#4719=SURFACE_SIDE_STYLE('',(#4869));
#4720=SURFACE_SIDE_STYLE('',(#4870));
#4721=SURFACE_SIDE_STYLE('',(#4871));
#4722=SURFACE_SIDE_STYLE('',(#4872));
#4723=SURFACE_SIDE_STYLE('',(#4873));
#4724=SURFACE_SIDE_STYLE('',(#4874));
#4725=SURFACE_SIDE_STYLE('',(#4875));
#4726=SURFACE_SIDE_STYLE('',(#4876));
#4727=SURFACE_SIDE_STYLE('',(#4877));
#4728=SURFACE_SIDE_STYLE('',(#4878));
#4729=SURFACE_SIDE_STYLE('',(#4879));
#4730=SURFACE_SIDE_STYLE('',(#4880));
#4731=SURFACE_SIDE_STYLE('',(#4881));
#4732=SURFACE_SIDE_STYLE('',(#4882));
#4733=SURFACE_SIDE_STYLE('',(#4883));
#4734=SURFACE_SIDE_STYLE('',(#4884));
#4735=SURFACE_SIDE_STYLE('',(#4885));
#4736=SURFACE_SIDE_STYLE('',(#4886));
#4737=SURFACE_SIDE_STYLE('',(#4887));
#4738=SURFACE_SIDE_STYLE('',(#4888));
#4739=SURFACE_SIDE_STYLE('',(#4889));
#4740=SURFACE_SIDE_STYLE('',(#4890));
#4741=SURFACE_SIDE_STYLE('',(#4891));
#4742=SURFACE_SIDE_STYLE('',(#4892));
#4743=SURFACE_SIDE_STYLE('',(#4893));
#4744=SURFACE_SIDE_STYLE('',(#4894));
#4745=SURFACE_SIDE_STYLE('',(#4895));
#4746=SURFACE_SIDE_STYLE('',(#4896));
#4747=SURFACE_SIDE_STYLE('',(#4897));
#4748=SURFACE_SIDE_STYLE('',(#4898));
#4749=SURFACE_SIDE_STYLE('',(#4899));
#4750=SURFACE_SIDE_STYLE('',(#4900));
#4751=SURFACE_SIDE_STYLE('',(#4901));
#4752=SURFACE_SIDE_STYLE('',(#4902));
#4753=SURFACE_SIDE_STYLE('',(#4903));
#4754=SURFACE_SIDE_STYLE('',(#4904));
#4755=SURFACE_SIDE_STYLE('',(#4905));
#4756=SURFACE_SIDE_STYLE('',(#4906));
#4757=SURFACE_SIDE_STYLE('',(#4907));
#4758=SURFACE_SIDE_STYLE('',(#4908));
#4759=SURFACE_SIDE_STYLE('',(#4909));
#4760=SURFACE_SIDE_STYLE('',(#4910));
#4761=SURFACE_SIDE_STYLE('',(#4911));
#4762=SURFACE_SIDE_STYLE('',(#4912));
#4763=SURFACE_SIDE_STYLE('',(#4913));
#4764=SURFACE_SIDE_STYLE('',(#4914));
#4765=SURFACE_SIDE_STYLE('',(#4915));
#4766=SURFACE_SIDE_STYLE('',(#4916));
#4767=SURFACE_SIDE_STYLE('',(#4917));
#4768=SURFACE_SIDE_STYLE('',(#4918));
#4769=SURFACE_SIDE_STYLE('',(#4919));
#4770=SURFACE_SIDE_STYLE('',(#4920));
#4771=SURFACE_SIDE_STYLE('',(#4921));
#4772=SURFACE_SIDE_STYLE('',(#4922));
#4773=SURFACE_SIDE_STYLE('',(#4923));
#4774=SURFACE_SIDE_STYLE('',(#4924));
#4775=SURFACE_SIDE_STYLE('',(#4925));
#4776=SURFACE_SIDE_STYLE('',(#4926));
#4777=SURFACE_SIDE_STYLE('',(#4927));
#4778=SURFACE_SIDE_STYLE('',(#4928));
#4779=SURFACE_SIDE_STYLE('',(#4929));
#4780=SURFACE_SIDE_STYLE('',(#4930));
#4781=SURFACE_SIDE_STYLE('',(#4931));
#4782=SURFACE_SIDE_STYLE('',(#4932));
#4783=SURFACE_SIDE_STYLE('',(#4933));
#4784=SURFACE_SIDE_STYLE('',(#4934));
#4785=SURFACE_SIDE_STYLE('',(#4935));
#4786=SURFACE_SIDE_STYLE('',(#4936));
#4787=SURFACE_SIDE_STYLE('',(#4937));
#4788=SURFACE_SIDE_STYLE('',(#4938));
#4789=SURFACE_SIDE_STYLE('',(#4939));
#4790=SURFACE_SIDE_STYLE('',(#4940));
#4791=SURFACE_SIDE_STYLE('',(#4941));
#4792=SURFACE_SIDE_STYLE('',(#4942));
#4793=SURFACE_SIDE_STYLE('',(#4943));
#4794=SURFACE_SIDE_STYLE('',(#4944));
#4795=SURFACE_SIDE_STYLE('',(#4945));
#4796=SURFACE_SIDE_STYLE('',(#4946));
#4797=SURFACE_SIDE_STYLE('',(#4947));
#4798=SURFACE_SIDE_STYLE('',(#4948));
#4799=SURFACE_SIDE_STYLE('',(#4949));
#4800=SURFACE_SIDE_STYLE('',(#4950));
#4801=SURFACE_SIDE_STYLE('',(#4951));
#4802=SURFACE_SIDE_STYLE('',(#4952));
#4803=SURFACE_SIDE_STYLE('',(#4953));
#4804=SURFACE_SIDE_STYLE('',(#4954));
#4805=SURFACE_SIDE_STYLE('',(#4955));
#4806=SURFACE_SIDE_STYLE('',(#4956));
#4807=SURFACE_SIDE_STYLE('',(#4957));
#4808=SURFACE_SIDE_STYLE('',(#4958));
#4809=SURFACE_SIDE_STYLE('',(#4959));
#4810=SURFACE_SIDE_STYLE('',(#4960));
#4811=SURFACE_SIDE_STYLE('',(#4961));
#4812=SURFACE_SIDE_STYLE('',(#4962));
#4813=SURFACE_SIDE_STYLE('',(#4963));
#4814=SURFACE_STYLE_FILL_AREA(#4964);
#4815=SURFACE_STYLE_FILL_AREA(#4965);
#4816=SURFACE_STYLE_FILL_AREA(#4966);
#4817=SURFACE_STYLE_FILL_AREA(#4967);
#4818=SURFACE_STYLE_FILL_AREA(#4968);
#4819=SURFACE_STYLE_FILL_AREA(#4969);
#4820=SURFACE_STYLE_FILL_AREA(#4970);
#4821=SURFACE_STYLE_FILL_AREA(#4971);
#4822=SURFACE_STYLE_FILL_AREA(#4972);
#4823=SURFACE_STYLE_FILL_AREA(#4973);
#4824=SURFACE_STYLE_FILL_AREA(#4974);
#4825=SURFACE_STYLE_FILL_AREA(#4975);
#4826=SURFACE_STYLE_FILL_AREA(#4976);
#4827=SURFACE_STYLE_FILL_AREA(#4977);
#4828=SURFACE_STYLE_FILL_AREA(#4978);
#4829=SURFACE_STYLE_FILL_AREA(#4979);
#4830=SURFACE_STYLE_FILL_AREA(#4980);
#4831=SURFACE_STYLE_FILL_AREA(#4981);
#4832=SURFACE_STYLE_FILL_AREA(#4982);
#4833=SURFACE_STYLE_FILL_AREA(#4983);
#4834=SURFACE_STYLE_FILL_AREA(#4984);
#4835=SURFACE_STYLE_FILL_AREA(#4985);
#4836=SURFACE_STYLE_FILL_AREA(#4986);
#4837=SURFACE_STYLE_FILL_AREA(#4987);
#4838=SURFACE_STYLE_FILL_AREA(#4988);
#4839=SURFACE_STYLE_FILL_AREA(#4989);
#4840=SURFACE_STYLE_FILL_AREA(#4990);
#4841=SURFACE_STYLE_FILL_AREA(#4991);
#4842=SURFACE_STYLE_FILL_AREA(#4992);
#4843=SURFACE_STYLE_FILL_AREA(#4993);
#4844=SURFACE_STYLE_FILL_AREA(#4994);
#4845=SURFACE_STYLE_FILL_AREA(#4995);
#4846=SURFACE_STYLE_FILL_AREA(#4996);
#4847=SURFACE_STYLE_FILL_AREA(#4997);
#4848=SURFACE_STYLE_FILL_AREA(#4998);
#4849=SURFACE_STYLE_FILL_AREA(#4999);
#4850=SURFACE_STYLE_FILL_AREA(#5000);
#4851=SURFACE_STYLE_FILL_AREA(#5001);
#4852=SURFACE_STYLE_FILL_AREA(#5002);
#4853=SURFACE_STYLE_FILL_AREA(#5003);
#4854=SURFACE_STYLE_FILL_AREA(#5004);
#4855=SURFACE_STYLE_FILL_AREA(#5005);
#4856=SURFACE_STYLE_FILL_AREA(#5006);
#4857=SURFACE_STYLE_FILL_AREA(#5007);
#4858=SURFACE_STYLE_FILL_AREA(#5008);
#4859=SURFACE_STYLE_FILL_AREA(#5009);
#4860=SURFACE_STYLE_FILL_AREA(#5010);
#4861=SURFACE_STYLE_FILL_AREA(#5011);
#4862=SURFACE_STYLE_FILL_AREA(#5012);
#4863=SURFACE_STYLE_FILL_AREA(#5013);
#4864=SURFACE_STYLE_FILL_AREA(#5014);
#4865=SURFACE_STYLE_FILL_AREA(#5015);
#4866=SURFACE_STYLE_FILL_AREA(#5016);
#4867=SURFACE_STYLE_FILL_AREA(#5017);
#4868=SURFACE_STYLE_FILL_AREA(#5018);
#4869=SURFACE_STYLE_FILL_AREA(#5019);
#4870=SURFACE_STYLE_FILL_AREA(#5020);
#4871=SURFACE_STYLE_FILL_AREA(#5021);
#4872=SURFACE_STYLE_FILL_AREA(#5022);
#4873=SURFACE_STYLE_FILL_AREA(#5023);
#4874=SURFACE_STYLE_FILL_AREA(#5024);
#4875=SURFACE_STYLE_FILL_AREA(#5025);
#4876=SURFACE_STYLE_FILL_AREA(#5026);
#4877=SURFACE_STYLE_FILL_AREA(#5027);
#4878=SURFACE_STYLE_FILL_AREA(#5028);
#4879=SURFACE_STYLE_FILL_AREA(#5029);
#4880=SURFACE_STYLE_FILL_AREA(#5030);
#4881=SURFACE_STYLE_FILL_AREA(#5031);
#4882=SURFACE_STYLE_FILL_AREA(#5032);
#4883=SURFACE_STYLE_FILL_AREA(#5033);
#4884=SURFACE_STYLE_FILL_AREA(#5034);
#4885=SURFACE_STYLE_FILL_AREA(#5035);
#4886=SURFACE_STYLE_FILL_AREA(#5036);
#4887=SURFACE_STYLE_FILL_AREA(#5037);
#4888=SURFACE_STYLE_FILL_AREA(#5038);
#4889=SURFACE_STYLE_FILL_AREA(#5039);
#4890=SURFACE_STYLE_FILL_AREA(#5040);
#4891=SURFACE_STYLE_FILL_AREA(#5041);
#4892=SURFACE_STYLE_FILL_AREA(#5042);
#4893=SURFACE_STYLE_FILL_AREA(#5043);
#4894=SURFACE_STYLE_FILL_AREA(#5044);
#4895=SURFACE_STYLE_FILL_AREA(#5045);
#4896=SURFACE_STYLE_FILL_AREA(#5046);
#4897=SURFACE_STYLE_FILL_AREA(#5047);
#4898=SURFACE_STYLE_FILL_AREA(#5048);
#4899=SURFACE_STYLE_FILL_AREA(#5049);
#4900=SURFACE_STYLE_FILL_AREA(#5050);
#4901=SURFACE_STYLE_FILL_AREA(#5051);
#4902=SURFACE_STYLE_FILL_AREA(#5052);
#4903=SURFACE_STYLE_FILL_AREA(#5053);
#4904=SURFACE_STYLE_FILL_AREA(#5054);
#4905=SURFACE_STYLE_FILL_AREA(#5055);
#4906=SURFACE_STYLE_FILL_AREA(#5056);
#4907=SURFACE_STYLE_FILL_AREA(#5057);
#4908=SURFACE_STYLE_FILL_AREA(#5058);
#4909=SURFACE_STYLE_FILL_AREA(#5059);
#4910=SURFACE_STYLE_FILL_AREA(#5060);
#4911=SURFACE_STYLE_FILL_AREA(#5061);
#4912=SURFACE_STYLE_FILL_AREA(#5062);
#4913=SURFACE_STYLE_FILL_AREA(#5063);
#4914=SURFACE_STYLE_FILL_AREA(#5064);
#4915=SURFACE_STYLE_FILL_AREA(#5065);
#4916=SURFACE_STYLE_FILL_AREA(#5066);
#4917=SURFACE_STYLE_FILL_AREA(#5067);
#4918=SURFACE_STYLE_FILL_AREA(#5068);
#4919=SURFACE_STYLE_FILL_AREA(#5069);
#4920=SURFACE_STYLE_FILL_AREA(#5070);
#4921=SURFACE_STYLE_FILL_AREA(#5071);
#4922=SURFACE_STYLE_FILL_AREA(#5072);
#4923=SURFACE_STYLE_FILL_AREA(#5073);
#4924=SURFACE_STYLE_FILL_AREA(#5074);
#4925=SURFACE_STYLE_FILL_AREA(#5075);
#4926=SURFACE_STYLE_FILL_AREA(#5076);
#4927=SURFACE_STYLE_FILL_AREA(#5077);
#4928=SURFACE_STYLE_FILL_AREA(#5078);
#4929=SURFACE_STYLE_FILL_AREA(#5079);
#4930=SURFACE_STYLE_FILL_AREA(#5080);
#4931=SURFACE_STYLE_FILL_AREA(#5081);
#4932=SURFACE_STYLE_FILL_AREA(#5082);
#4933=SURFACE_STYLE_FILL_AREA(#5083);
#4934=SURFACE_STYLE_FILL_AREA(#5084);
#4935=SURFACE_STYLE_FILL_AREA(#5085);
#4936=SURFACE_STYLE_FILL_AREA(#5086);
#4937=SURFACE_STYLE_FILL_AREA(#5087);
#4938=SURFACE_STYLE_FILL_AREA(#5088);
#4939=SURFACE_STYLE_FILL_AREA(#5089);
#4940=SURFACE_STYLE_FILL_AREA(#5090);
#4941=SURFACE_STYLE_FILL_AREA(#5091);
#4942=SURFACE_STYLE_FILL_AREA(#5092);
#4943=SURFACE_STYLE_FILL_AREA(#5093);
#4944=SURFACE_STYLE_FILL_AREA(#5094);
#4945=SURFACE_STYLE_FILL_AREA(#5095);
#4946=SURFACE_STYLE_FILL_AREA(#5096);
#4947=SURFACE_STYLE_FILL_AREA(#5097);
#4948=SURFACE_STYLE_FILL_AREA(#5098);
#4949=SURFACE_STYLE_FILL_AREA(#5099);
#4950=SURFACE_STYLE_FILL_AREA(#5100);
#4951=SURFACE_STYLE_FILL_AREA(#5101);
#4952=SURFACE_STYLE_FILL_AREA(#5102);
#4953=SURFACE_STYLE_FILL_AREA(#5103);
#4954=SURFACE_STYLE_FILL_AREA(#5104);
#4955=SURFACE_STYLE_FILL_AREA(#5105);
#4956=SURFACE_STYLE_FILL_AREA(#5106);
#4957=SURFACE_STYLE_FILL_AREA(#5107);
#4958=SURFACE_STYLE_FILL_AREA(#5108);
#4959=SURFACE_STYLE_FILL_AREA(#5109);
#4960=SURFACE_STYLE_FILL_AREA(#5110);
#4961=SURFACE_STYLE_FILL_AREA(#5111);
#4962=SURFACE_STYLE_FILL_AREA(#5112);
#4963=SURFACE_STYLE_FILL_AREA(#5113);
#4964=FILL_AREA_STYLE('',(#5114));
#4965=FILL_AREA_STYLE('',(#5115));
#4966=FILL_AREA_STYLE('',(#5116));
#4967=FILL_AREA_STYLE('',(#5117));
#4968=FILL_AREA_STYLE('',(#5118));
#4969=FILL_AREA_STYLE('',(#5119));
#4970=FILL_AREA_STYLE('',(#5120));
#4971=FILL_AREA_STYLE('',(#5121));
#4972=FILL_AREA_STYLE('',(#5122));
#4973=FILL_AREA_STYLE('',(#5123));
#4974=FILL_AREA_STYLE('',(#5124));
#4975=FILL_AREA_STYLE('',(#5125));
#4976=FILL_AREA_STYLE('',(#5126));
#4977=FILL_AREA_STYLE('',(#5127));
#4978=FILL_AREA_STYLE('',(#5128));
#4979=FILL_AREA_STYLE('',(#5129));
#4980=FILL_AREA_STYLE('',(#5130));
#4981=FILL_AREA_STYLE('',(#5131));
#4982=FILL_AREA_STYLE('',(#5132));
#4983=FILL_AREA_STYLE('',(#5133));
#4984=FILL_AREA_STYLE('',(#5134));
#4985=FILL_AREA_STYLE('',(#5135));
#4986=FILL_AREA_STYLE('',(#5136));
#4987=FILL_AREA_STYLE('',(#5137));
#4988=FILL_AREA_STYLE('',(#5138));
#4989=FILL_AREA_STYLE('',(#5139));
#4990=FILL_AREA_STYLE('',(#5140));
#4991=FILL_AREA_STYLE('',(#5141));
#4992=FILL_AREA_STYLE('',(#5142));
#4993=FILL_AREA_STYLE('',(#5143));
#4994=FILL_AREA_STYLE('',(#5144));
#4995=FILL_AREA_STYLE('',(#5145));
#4996=FILL_AREA_STYLE('',(#5146));
#4997=FILL_AREA_STYLE('',(#5147));
#4998=FILL_AREA_STYLE('',(#5148));
#4999=FILL_AREA_STYLE('',(#5149));
#5000=FILL_AREA_STYLE('',(#5150));
#5001=FILL_AREA_STYLE('',(#5151));
#5002=FILL_AREA_STYLE('',(#5152));
#5003=FILL_AREA_STYLE('',(#5153));
#5004=FILL_AREA_STYLE('',(#5154));
#5005=FILL_AREA_STYLE('',(#5155));
#5006=FILL_AREA_STYLE('',(#5156));
#5007=FILL_AREA_STYLE('',(#5157));
#5008=FILL_AREA_STYLE('',(#5158));
#5009=FILL_AREA_STYLE('',(#5159));
#5010=FILL_AREA_STYLE('',(#5160));
#5011=FILL_AREA_STYLE('',(#5161));
#5012=FILL_AREA_STYLE('',(#5162));
#5013=FILL_AREA_STYLE('',(#5163));
#5014=FILL_AREA_STYLE('',(#5164));
#5015=FILL_AREA_STYLE('',(#5165));
#5016=FILL_AREA_STYLE('',(#5166));
#5017=FILL_AREA_STYLE('',(#5167));
#5018=FILL_AREA_STYLE('',(#5168));
#5019=FILL_AREA_STYLE('',(#5169));
#5020=FILL_AREA_STYLE('',(#5170));
#5021=FILL_AREA_STYLE('',(#5171));
#5022=FILL_AREA_STYLE('',(#5172));
#5023=FILL_AREA_STYLE('',(#5173));
#5024=FILL_AREA_STYLE('',(#5174));
#5025=FILL_AREA_STYLE('',(#5175));
#5026=FILL_AREA_STYLE('',(#5176));
#5027=FILL_AREA_STYLE('',(#5177));
#5028=FILL_AREA_STYLE('',(#5178));
#5029=FILL_AREA_STYLE('',(#5179));
#5030=FILL_AREA_STYLE('',(#5180));
#5031=FILL_AREA_STYLE('',(#5181));
#5032=FILL_AREA_STYLE('',(#5182));
#5033=FILL_AREA_STYLE('',(#5183));
#5034=FILL_AREA_STYLE('',(#5184));
#5035=FILL_AREA_STYLE('',(#5185));
#5036=FILL_AREA_STYLE('',(#5186));
#5037=FILL_AREA_STYLE('',(#5187));
#5038=FILL_AREA_STYLE('',(#5188));
#5039=FILL_AREA_STYLE('',(#5189));
#5040=FILL_AREA_STYLE('',(#5190));
#5041=FILL_AREA_STYLE('',(#5191));
#5042=FILL_AREA_STYLE('',(#5192));
#5043=FILL_AREA_STYLE('',(#5193));
#5044=FILL_AREA_STYLE('',(#5194));
#5045=FILL_AREA_STYLE('',(#5195));
#5046=FILL_AREA_STYLE('',(#5196));
#5047=FILL_AREA_STYLE('',(#5197));
#5048=FILL_AREA_STYLE('',(#5198));
#5049=FILL_AREA_STYLE('',(#5199));
#5050=FILL_AREA_STYLE('',(#5200));
#5051=FILL_AREA_STYLE('',(#5201));
#5052=FILL_AREA_STYLE('',(#5202));
#5053=FILL_AREA_STYLE('',(#5203));
#5054=FILL_AREA_STYLE('',(#5204));
#5055=FILL_AREA_STYLE('',(#5205));
#5056=FILL_AREA_STYLE('',(#5206));
#5057=FILL_AREA_STYLE('',(#5207));
#5058=FILL_AREA_STYLE('',(#5208));
#5059=FILL_AREA_STYLE('',(#5209));
#5060=FILL_AREA_STYLE('',(#5210));
#5061=FILL_AREA_STYLE('',(#5211));
#5062=FILL_AREA_STYLE('',(#5212));
#5063=FILL_AREA_STYLE('',(#5213));
#5064=FILL_AREA_STYLE('',(#5214));
#5065=FILL_AREA_STYLE('',(#5215));
#5066=FILL_AREA_STYLE('',(#5216));
#5067=FILL_AREA_STYLE('',(#5217));
#5068=FILL_AREA_STYLE('',(#5218));
#5069=FILL_AREA_STYLE('',(#5219));
#5070=FILL_AREA_STYLE('',(#5220));
#5071=FILL_AREA_STYLE('',(#5221));
#5072=FILL_AREA_STYLE('',(#5222));
#5073=FILL_AREA_STYLE('',(#5223));
#5074=FILL_AREA_STYLE('',(#5224));
#5075=FILL_AREA_STYLE('',(#5225));
#5076=FILL_AREA_STYLE('',(#5226));
#5077=FILL_AREA_STYLE('',(#5227));
#5078=FILL_AREA_STYLE('',(#5228));
#5079=FILL_AREA_STYLE('',(#5229));
#5080=FILL_AREA_STYLE('',(#5230));
#5081=FILL_AREA_STYLE('',(#5231));
#5082=FILL_AREA_STYLE('',(#5232));
#5083=FILL_AREA_STYLE('',(#5233));
#5084=FILL_AREA_STYLE('',(#5234));
#5085=FILL_AREA_STYLE('',(#5235));
#5086=FILL_AREA_STYLE('',(#5236));
#5087=FILL_AREA_STYLE('',(#5237));
#5088=FILL_AREA_STYLE('',(#5238));
#5089=FILL_AREA_STYLE('',(#5239));
#5090=FILL_AREA_STYLE('',(#5240));
#5091=FILL_AREA_STYLE('',(#5241));
#5092=FILL_AREA_STYLE('',(#5242));
#5093=FILL_AREA_STYLE('',(#5243));
#5094=FILL_AREA_STYLE('',(#5244));
#5095=FILL_AREA_STYLE('',(#5245));
#5096=FILL_AREA_STYLE('',(#5246));
#5097=FILL_AREA_STYLE('',(#5247));
#5098=FILL_AREA_STYLE('',(#5248));
#5099=FILL_AREA_STYLE('',(#5249));
#5100=FILL_AREA_STYLE('',(#5250));
#5101=FILL_AREA_STYLE('',(#5251));
#5102=FILL_AREA_STYLE('',(#5252));
#5103=FILL_AREA_STYLE('',(#5253));
#5104=FILL_AREA_STYLE('',(#5254));
#5105=FILL_AREA_STYLE('',(#5255));
#5106=FILL_AREA_STYLE('',(#5256));
#5107=FILL_AREA_STYLE('',(#5257));
#5108=FILL_AREA_STYLE('',(#5258));
#5109=FILL_AREA_STYLE('',(#5259));
#5110=FILL_AREA_STYLE('',(#5260));
#5111=FILL_AREA_STYLE('',(#5261));
#5112=FILL_AREA_STYLE('',(#5262));
#5113=FILL_AREA_STYLE('',(#5263));
#5114=FILL_AREA_STYLE_COLOUR('',#5264);
#5115=FILL_AREA_STYLE_COLOUR('',#374);
#5116=FILL_AREA_STYLE_COLOUR('',#5265);
#5117=FILL_AREA_STYLE_COLOUR('',#374);
#5118=FILL_AREA_STYLE_COLOUR('',#374);
#5119=FILL_AREA_STYLE_COLOUR('',#374);
#5120=FILL_AREA_STYLE_COLOUR('',#374);
#5121=FILL_AREA_STYLE_COLOUR('',#374);
#5122=FILL_AREA_STYLE_COLOUR('',#374);
#5123=FILL_AREA_STYLE_COLOUR('',#374);
#5124=FILL_AREA_STYLE_COLOUR('',#374);
#5125=FILL_AREA_STYLE_COLOUR('',#374);
#5126=FILL_AREA_STYLE_COLOUR('',#374);
#5127=FILL_AREA_STYLE_COLOUR('',#374);
#5128=FILL_AREA_STYLE_COLOUR('',#374);
#5129=FILL_AREA_STYLE_COLOUR('',#374);
#5130=FILL_AREA_STYLE_COLOUR('',#374);
#5131=FILL_AREA_STYLE_COLOUR('',#374);
#5132=FILL_AREA_STYLE_COLOUR('',#374);
#5133=FILL_AREA_STYLE_COLOUR('',#374);
#5134=FILL_AREA_STYLE_COLOUR('',#5265);
#5135=FILL_AREA_STYLE_COLOUR('',#5265);
#5136=FILL_AREA_STYLE_COLOUR('',#5265);
#5137=FILL_AREA_STYLE_COLOUR('',#5265);
#5138=FILL_AREA_STYLE_COLOUR('',#5265);
#5139=FILL_AREA_STYLE_COLOUR('',#5265);
#5140=FILL_AREA_STYLE_COLOUR('',#5265);
#5141=FILL_AREA_STYLE_COLOUR('',#5265);
#5142=FILL_AREA_STYLE_COLOUR('',#5265);
#5143=FILL_AREA_STYLE_COLOUR('',#5265);
#5144=FILL_AREA_STYLE_COLOUR('',#374);
#5145=FILL_AREA_STYLE_COLOUR('',#374);
#5146=FILL_AREA_STYLE_COLOUR('',#374);
#5147=FILL_AREA_STYLE_COLOUR('',#374);
#5148=FILL_AREA_STYLE_COLOUR('',#374);
#5149=FILL_AREA_STYLE_COLOUR('',#374);
#5150=FILL_AREA_STYLE_COLOUR('',#374);
#5151=FILL_AREA_STYLE_COLOUR('',#374);
#5152=FILL_AREA_STYLE_COLOUR('',#374);
#5153=FILL_AREA_STYLE_COLOUR('',#374);
#5154=FILL_AREA_STYLE_COLOUR('',#374);
#5155=FILL_AREA_STYLE_COLOUR('',#374);
#5156=FILL_AREA_STYLE_COLOUR('',#374);
#5157=FILL_AREA_STYLE_COLOUR('',#374);
#5158=FILL_AREA_STYLE_COLOUR('',#374);
#5159=FILL_AREA_STYLE_COLOUR('',#374);
#5160=FILL_AREA_STYLE_COLOUR('',#374);
#5161=FILL_AREA_STYLE_COLOUR('',#374);
#5162=FILL_AREA_STYLE_COLOUR('',#374);
#5163=FILL_AREA_STYLE_COLOUR('',#374);
#5164=FILL_AREA_STYLE_COLOUR('',#374);
#5165=FILL_AREA_STYLE_COLOUR('',#374);
#5166=FILL_AREA_STYLE_COLOUR('',#374);
#5167=FILL_AREA_STYLE_COLOUR('',#374);
#5168=FILL_AREA_STYLE_COLOUR('',#374);
#5169=FILL_AREA_STYLE_COLOUR('',#374);
#5170=FILL_AREA_STYLE_COLOUR('',#374);
#5171=FILL_AREA_STYLE_COLOUR('',#374);
#5172=FILL_AREA_STYLE_COLOUR('',#374);
#5173=FILL_AREA_STYLE_COLOUR('',#374);
#5174=FILL_AREA_STYLE_COLOUR('',#374);
#5175=FILL_AREA_STYLE_COLOUR('',#374);
#5176=FILL_AREA_STYLE_COLOUR('',#374);
#5177=FILL_AREA_STYLE_COLOUR('',#374);
#5178=FILL_AREA_STYLE_COLOUR('',#374);
#5179=FILL_AREA_STYLE_COLOUR('',#374);
#5180=FILL_AREA_STYLE_COLOUR('',#374);
#5181=FILL_AREA_STYLE_COLOUR('',#374);
#5182=FILL_AREA_STYLE_COLOUR('',#374);
#5183=FILL_AREA_STYLE_COLOUR('',#374);
#5184=FILL_AREA_STYLE_COLOUR('',#374);
#5185=FILL_AREA_STYLE_COLOUR('',#374);
#5186=FILL_AREA_STYLE_COLOUR('',#374);
#5187=FILL_AREA_STYLE_COLOUR('',#374);
#5188=FILL_AREA_STYLE_COLOUR('',#374);
#5189=FILL_AREA_STYLE_COLOUR('',#374);
#5190=FILL_AREA_STYLE_COLOUR('',#374);
#5191=FILL_AREA_STYLE_COLOUR('',#374);
#5192=FILL_AREA_STYLE_COLOUR('',#374);
#5193=FILL_AREA_STYLE_COLOUR('',#374);
#5194=FILL_AREA_STYLE_COLOUR('',#374);
#5195=FILL_AREA_STYLE_COLOUR('',#374);
#5196=FILL_AREA_STYLE_COLOUR('',#374);
#5197=FILL_AREA_STYLE_COLOUR('',#374);
#5198=FILL_AREA_STYLE_COLOUR('',#374);
#5199=FILL_AREA_STYLE_COLOUR('',#374);
#5200=FILL_AREA_STYLE_COLOUR('',#374);
#5201=FILL_AREA_STYLE_COLOUR('',#374);
#5202=FILL_AREA_STYLE_COLOUR('',#374);
#5203=FILL_AREA_STYLE_COLOUR('',#374);
#5204=FILL_AREA_STYLE_COLOUR('',#374);
#5205=FILL_AREA_STYLE_COLOUR('',#374);
#5206=FILL_AREA_STYLE_COLOUR('',#374);
#5207=FILL_AREA_STYLE_COLOUR('',#374);
#5208=FILL_AREA_STYLE_COLOUR('',#374);
#5209=FILL_AREA_STYLE_COLOUR('',#374);
#5210=FILL_AREA_STYLE_COLOUR('',#374);
#5211=FILL_AREA_STYLE_COLOUR('',#374);
#5212=FILL_AREA_STYLE_COLOUR('',#374);
#5213=FILL_AREA_STYLE_COLOUR('',#374);
#5214=FILL_AREA_STYLE_COLOUR('',#374);
#5215=FILL_AREA_STYLE_COLOUR('',#374);
#5216=FILL_AREA_STYLE_COLOUR('',#374);
#5217=FILL_AREA_STYLE_COLOUR('',#374);
#5218=FILL_AREA_STYLE_COLOUR('',#374);
#5219=FILL_AREA_STYLE_COLOUR('',#374);
#5220=FILL_AREA_STYLE_COLOUR('',#374);
#5221=FILL_AREA_STYLE_COLOUR('',#374);
#5222=FILL_AREA_STYLE_COLOUR('',#374);
#5223=FILL_AREA_STYLE_COLOUR('',#374);
#5224=FILL_AREA_STYLE_COLOUR('',#374);
#5225=FILL_AREA_STYLE_COLOUR('',#374);
#5226=FILL_AREA_STYLE_COLOUR('',#374);
#5227=FILL_AREA_STYLE_COLOUR('',#374);
#5228=FILL_AREA_STYLE_COLOUR('',#374);
#5229=FILL_AREA_STYLE_COLOUR('',#374);
#5230=FILL_AREA_STYLE_COLOUR('',#374);
#5231=FILL_AREA_STYLE_COLOUR('',#374);
#5232=FILL_AREA_STYLE_COLOUR('',#374);
#5233=FILL_AREA_STYLE_COLOUR('',#374);
#5234=FILL_AREA_STYLE_COLOUR('',#374);
#5235=FILL_AREA_STYLE_COLOUR('',#374);
#5236=FILL_AREA_STYLE_COLOUR('',#374);
#5237=FILL_AREA_STYLE_COLOUR('',#374);
#5238=FILL_AREA_STYLE_COLOUR('',#374);
#5239=FILL_AREA_STYLE_COLOUR('',#374);
#5240=FILL_AREA_STYLE_COLOUR('',#374);
#5241=FILL_AREA_STYLE_COLOUR('',#374);
#5242=FILL_AREA_STYLE_COLOUR('',#374);
#5243=FILL_AREA_STYLE_COLOUR('',#374);
#5244=FILL_AREA_STYLE_COLOUR('',#374);
#5245=FILL_AREA_STYLE_COLOUR('',#374);
#5246=FILL_AREA_STYLE_COLOUR('',#374);
#5247=FILL_AREA_STYLE_COLOUR('',#374);
#5248=FILL_AREA_STYLE_COLOUR('',#374);
#5249=FILL_AREA_STYLE_COLOUR('',#374);
#5250=FILL_AREA_STYLE_COLOUR('',#374);
#5251=FILL_AREA_STYLE_COLOUR('',#374);
#5252=FILL_AREA_STYLE_COLOUR('',#374);
#5253=FILL_AREA_STYLE_COLOUR('',#374);
#5254=FILL_AREA_STYLE_COLOUR('',#374);
#5255=FILL_AREA_STYLE_COLOUR('',#374);
#5256=FILL_AREA_STYLE_COLOUR('',#374);
#5257=FILL_AREA_STYLE_COLOUR('',#374);
#5258=FILL_AREA_STYLE_COLOUR('',#374);
#5259=FILL_AREA_STYLE_COLOUR('',#374);
#5260=FILL_AREA_STYLE_COLOUR('',#374);
#5261=FILL_AREA_STYLE_COLOUR('',#374);
#5262=FILL_AREA_STYLE_COLOUR('',#374);
#5263=FILL_AREA_STYLE_COLOUR('',#374);
#5264=COLOUR_RGB('',0.992156862745098,0.992156862745098,0.992156862745098);
#5265=COLOUR_RGB('',0.980392156862745,0.713725490196078,0.00392156862745098);
#5266=MANIFOLD_SOLID_BREP('case_bottom',#4362);
#5267=SHAPE_DEFINITION_REPRESENTATION(#8557,#5268);
#5268=SHAPE_REPRESENTATION('case_bottom',(#5269),#8552);
#5269=AXIS2_PLACEMENT_3D('',#7009,#5737,#5738);
#5270=AXIS2_PLACEMENT_3D('',#7010,#5739,#5740);
#5271=AXIS2_PLACEMENT_3D('',#7011,#5741,#5742);
#5272=AXIS2_PLACEMENT_3D('',#7016,#5744,#5745);
#5273=AXIS2_PLACEMENT_3D('',#7019,#5747,#5748);
#5274=AXIS2_PLACEMENT_3D('',#7020,#5749,#5750);
#5275=AXIS2_PLACEMENT_3D('',#7025,#5752,#5753);
#5276=AXIS2_PLACEMENT_3D('',#7028,#5755,#5756);
#5277=AXIS2_PLACEMENT_3D('',#7029,#5757,#5758);
#5278=AXIS2_PLACEMENT_3D('',#7033,#5760,#5761);
#5279=AXIS2_PLACEMENT_3D('',#7034,#5762,#5763);
#5280=AXIS2_PLACEMENT_3D('',#7035,#5764,#5765);
#5281=AXIS2_PLACEMENT_3D('',#7039,#5767,#5768);
#5282=AXIS2_PLACEMENT_3D('',#7040,#5769,#5770);
#5283=AXIS2_PLACEMENT_3D('',#7041,#5771,#5772);
#5284=AXIS2_PLACEMENT_3D('',#7042,#5773,#5774);
#5285=AXIS2_PLACEMENT_3D('',#7043,#5775,#5776);
#5286=AXIS2_PLACEMENT_3D('',#7044,#5777,#5778);
#5287=AXIS2_PLACEMENT_3D('',#7045,#5779,#5780);
#5288=AXIS2_PLACEMENT_3D('',#7054,#5784,#5785);
#5289=AXIS2_PLACEMENT_3D('',#7057,#5787,#5788);
#5290=AXIS2_PLACEMENT_3D('',#7063,#5791,#5792);
#5291=AXIS2_PLACEMENT_3D('',#7067,#5794,#5795);
#5292=AXIS2_PLACEMENT_3D('',#7101,#5812,#5813);
#5293=AXIS2_PLACEMENT_3D('',#7109,#5817,#5818);
#5294=AXIS2_PLACEMENT_3D('',#7113,#5820,#5821);
#5295=AXIS2_PLACEMENT_3D('',#7116,#5823,#5824);
#5296=AXIS2_PLACEMENT_3D('',#7117,#5825,#5826);
#5297=AXIS2_PLACEMENT_3D('',#7120,#5827,#5828);
#5298=AXIS2_PLACEMENT_3D('',#7140,#5838,#5839);
#5299=AXIS2_PLACEMENT_3D('',#7148,#5843,#5844);
#5300=AXIS2_PLACEMENT_3D('',#7149,#5845,#5846);
#5301=AXIS2_PLACEMENT_3D('',#7157,#5850,#5851);
#5302=AXIS2_PLACEMENT_3D('',#7162,#5854,#5855);
#5303=AXIS2_PLACEMENT_3D('',#7163,#5856,#5857);
#5304=AXIS2_PLACEMENT_3D('',#7171,#5861,#5862);
#5305=AXIS2_PLACEMENT_3D('',#7172,#5863,#5864);
#5306=AXIS2_PLACEMENT_3D('',#7177,#5867,#5868);
#5307=AXIS2_PLACEMENT_3D('',#7181,#5870,#5871);
#5308=AXIS2_PLACEMENT_3D('',#7182,#5872,#5873);
#5309=AXIS2_PLACEMENT_3D('',#7190,#5877,#5878);
#5310=AXIS2_PLACEMENT_3D('',#7198,#5882,#5883);
#5311=AXIS2_PLACEMENT_3D('',#7199,#5884,#5885);
#5312=AXIS2_PLACEMENT_3D('',#7205,#5889,#5890);
#5313=AXIS2_PLACEMENT_3D('',#7211,#5894,#5895);
#5314=AXIS2_PLACEMENT_3D('',#7215,#5897,#5898);
#5315=AXIS2_PLACEMENT_3D('',#7219,#5900,#5901);
#5316=AXIS2_PLACEMENT_3D('',#7227,#5905,#5906);
#5317=AXIS2_PLACEMENT_3D('',#7231,#5908,#5909);
#5318=AXIS2_PLACEMENT_3D('',#7254,#5922,#5923);
#5319=AXIS2_PLACEMENT_3D('',#7258,#5925,#5926);
#5320=AXIS2_PLACEMENT_3D('',#7266,#5930,#5931);
#5321=AXIS2_PLACEMENT_3D('',#7270,#5933,#5934);
#5322=AXIS2_PLACEMENT_3D('',#7278,#5938,#5939);
#5323=AXIS2_PLACEMENT_3D('',#7281,#5941,#5942);
#5324=AXIS2_PLACEMENT_3D('',#7285,#5944,#5945);
#5325=AXIS2_PLACEMENT_3D('',#7293,#5950,#5951);
#5326=AXIS2_PLACEMENT_3D('',#7312,#5962,#5963);
#5327=AXIS2_PLACEMENT_3D('',#7319,#5967,#5968);
#5328=AXIS2_PLACEMENT_3D('',#7335,#5978,#5979);
#5329=AXIS2_PLACEMENT_3D('',#7338,#5982,#5983);
#5330=AXIS2_PLACEMENT_3D('',#7341,#5986,#5987);
#5331=AXIS2_PLACEMENT_3D('',#7342,#5988,#5989);
#5332=AXIS2_PLACEMENT_3D('',#7343,#5990,#5991);
#5333=AXIS2_PLACEMENT_3D('',#7344,#5992,#5993);
#5334=AXIS2_PLACEMENT_3D('',#7345,#5994,#5995);
#5335=AXIS2_PLACEMENT_3D('',#7346,#5996,#5997);
#5336=AXIS2_PLACEMENT_3D('',#7347,#5998,#5999);
#5337=AXIS2_PLACEMENT_3D('',#7348,#6000,#6001);
#5338=AXIS2_PLACEMENT_3D('',#7349,#6002,#6003);
#5339=AXIS2_PLACEMENT_3D('',#7350,#6004,#6005);
#5340=AXIS2_PLACEMENT_3D('',#7352,#6006,#6007);
#5341=AXIS2_PLACEMENT_3D('',#7354,#6008,#6009);
#5342=AXIS2_PLACEMENT_3D('',#7356,#6010,#6011);
#5343=AXIS2_PLACEMENT_3D('',#7358,#6012,#6013);
#5344=AXIS2_PLACEMENT_3D('',#7361,#6015,#6016);
#5345=AXIS2_PLACEMENT_3D('',#7362,#6017,#6018);
#5346=AXIS2_PLACEMENT_3D('',#7365,#6020,#6021);
#5347=AXIS2_PLACEMENT_3D('',#7369,#6023,#6024);
#5348=AXIS2_PLACEMENT_3D('',#7375,#6028,#6029);
#5349=AXIS2_PLACEMENT_3D('',#7378,#6031,#6032);
#5350=AXIS2_PLACEMENT_3D('',#7379,#6033,#6034);
#5351=AXIS2_PLACEMENT_3D('',#7383,#6037,#6038);
#5352=AXIS2_PLACEMENT_3D('',#7384,#6039,#6040);
#5353=AXIS2_PLACEMENT_3D('',#7385,#6041,#6042);
#5354=AXIS2_PLACEMENT_3D('',#7386,#6043,#6044);
#5355=AXIS2_PLACEMENT_3D('',#7387,#6045,#6046);
#5356=AXIS2_PLACEMENT_3D('',#7388,#6047,#6048);
#5357=AXIS2_PLACEMENT_3D('',#7390,#6049,#6050);
#5358=AXIS2_PLACEMENT_3D('',#7392,#6051,#6052);
#5359=AXIS2_PLACEMENT_3D('',#7394,#6053,#6054);
#5360=AXIS2_PLACEMENT_3D('',#7396,#6055,#6056);
#5361=AXIS2_PLACEMENT_3D('',#7397,#6057,#6058);
#5362=AXIS2_PLACEMENT_3D('',#7399,#6059,#6060);
#5363=AXIS2_PLACEMENT_3D('',#7400,#6061,#6062);
#5364=AXIS2_PLACEMENT_3D('',#7402,#6063,#6064);
#5365=AXIS2_PLACEMENT_3D('',#7403,#6065,#6066);
#5366=AXIS2_PLACEMENT_3D('',#7405,#6067,#6068);
#5367=AXIS2_PLACEMENT_3D('',#7406,#6069,#6070);
#5368=AXIS2_PLACEMENT_3D('',#7408,#6071,#6072);
#5369=AXIS2_PLACEMENT_3D('',#7409,#6073,#6074);
#5370=AXIS2_PLACEMENT_3D('',#7411,#6075,#6076);
#5371=AXIS2_PLACEMENT_3D('',#7412,#6077,#6078);
#5372=AXIS2_PLACEMENT_3D('',#7414,#6079,#6080);
#5373=AXIS2_PLACEMENT_3D('',#7415,#6081,#6082);
#5374=AXIS2_PLACEMENT_3D('',#7417,#6083,#6084);
#5375=AXIS2_PLACEMENT_3D('',#7418,#6085,#6086);
#5376=AXIS2_PLACEMENT_3D('',#7420,#6087,#6088);
#5377=AXIS2_PLACEMENT_3D('',#7421,#6089,#6090);
#5378=AXIS2_PLACEMENT_3D('',#7423,#6091,#6092);
#5379=AXIS2_PLACEMENT_3D('',#7424,#6093,#6094);
#5380=AXIS2_PLACEMENT_3D('',#7426,#6095,#6096);
#5381=AXIS2_PLACEMENT_3D('',#7427,#6097,#6098);
#5382=AXIS2_PLACEMENT_3D('',#7429,#6099,#6100);
#5383=AXIS2_PLACEMENT_3D('',#7430,#6101,#6102);
#5384=AXIS2_PLACEMENT_3D('',#7432,#6103,#6104);
#5385=AXIS2_PLACEMENT_3D('',#7433,#6105,#6106);
#5386=AXIS2_PLACEMENT_3D('',#7435,#6107,#6108);
#5387=AXIS2_PLACEMENT_3D('',#7436,#6109,#6110);
#5388=AXIS2_PLACEMENT_3D('',#7438,#6111,#6112);
#5389=AXIS2_PLACEMENT_3D('',#7439,#6113,#6114);
#5390=AXIS2_PLACEMENT_3D('',#7441,#6115,#6116);
#5391=AXIS2_PLACEMENT_3D('',#7442,#6117,#6118);
#5392=AXIS2_PLACEMENT_3D('',#7444,#6119,#6120);
#5393=AXIS2_PLACEMENT_3D('',#7445,#6121,#6122);
#5394=AXIS2_PLACEMENT_3D('',#7446,#6123,#6124);
#5395=AXIS2_PLACEMENT_3D('',#7447,#6125,#6126);
#5396=AXIS2_PLACEMENT_3D('',#7448,#6127,#6128);
#5397=AXIS2_PLACEMENT_3D('',#7449,#6129,#6130);
#5398=AXIS2_PLACEMENT_3D('',#7451,#6132,#6133);
#5399=AXIS2_PLACEMENT_3D('',#7453,#6135,#6136);
#5400=AXIS2_PLACEMENT_3D('',#7454,#6137,#6138);
#5401=AXIS2_PLACEMENT_3D('',#7455,#6139,#6140);
#5402=AXIS2_PLACEMENT_3D('',#7457,#6142,#6143);
#5403=AXIS2_PLACEMENT_3D('',#7459,#6145,#6146);
#5404=AXIS2_PLACEMENT_3D('',#7460,#6147,#6148);
#5405=AXIS2_PLACEMENT_3D('',#7462,#6150,#6151);
#5406=AXIS2_PLACEMENT_3D('',#7471,#6156,#6157);
#5407=AXIS2_PLACEMENT_3D('',#7485,#6159,#6160);
#5408=AXIS2_PLACEMENT_3D('',#7487,#6162,#6163);
#5409=AXIS2_PLACEMENT_3D('',#7489,#6165,#6166);
#5410=AXIS2_PLACEMENT_3D('',#7490,#6167,#6168);
#5411=AXIS2_PLACEMENT_3D('',#7499,#6173,#6174);
#5412=AXIS2_PLACEMENT_3D('',#7508,#6179,#6180);
#5413=AXIS2_PLACEMENT_3D('',#7531,#6183,#6184);
#5414=AXIS2_PLACEMENT_3D('',#7532,#6185,#6186);
#5415=AXIS2_PLACEMENT_3D('',#7533,#6187,#6188);
#5416=AXIS2_PLACEMENT_3D('',#7534,#6189,#6190);
#5417=AXIS2_PLACEMENT_3D('',#7535,#6191,#6192);
#5418=AXIS2_PLACEMENT_3D('',#7536,#6193,#6194);
#5419=AXIS2_PLACEMENT_3D('',#7537,#6195,#6196);
#5420=AXIS2_PLACEMENT_3D('',#7538,#6197,#6198);
#5421=AXIS2_PLACEMENT_3D('',#7539,#6199,#6200);
#5422=AXIS2_PLACEMENT_3D('',#7540,#6201,#6202);
#5423=AXIS2_PLACEMENT_3D('',#7541,#6203,#6204);
#5424=AXIS2_PLACEMENT_3D('',#7542,#6205,#6206);
#5425=AXIS2_PLACEMENT_3D('',#7543,#6207,#6208);
#5426=AXIS2_PLACEMENT_3D('',#7544,#6209,#6210);
#5427=AXIS2_PLACEMENT_3D('',#7545,#6211,#6212);
#5428=AXIS2_PLACEMENT_3D('',#7546,#6213,#6214);
#5429=AXIS2_PLACEMENT_3D('',#7547,#6215,#6216);
#5430=AXIS2_PLACEMENT_3D('',#7548,#6217,#6218);
#5431=AXIS2_PLACEMENT_3D('',#7549,#6219,#6220);
#5432=AXIS2_PLACEMENT_3D('',#7550,#6221,#6222);
#5433=AXIS2_PLACEMENT_3D('',#7551,#6223,#6224);
#5434=AXIS2_PLACEMENT_3D('',#7552,#6225,#6226);
#5435=AXIS2_PLACEMENT_3D('',#7553,#6227,#6228);
#5436=AXIS2_PLACEMENT_3D('',#7554,#6229,#6230);
#5437=AXIS2_PLACEMENT_3D('',#7555,#6231,#6232);
#5438=AXIS2_PLACEMENT_3D('',#7556,#6233,#6234);
#5439=AXIS2_PLACEMENT_3D('',#7557,#6235,#6236);
#5440=AXIS2_PLACEMENT_3D('',#7558,#6237,#6238);
#5441=AXIS2_PLACEMENT_3D('',#7559,#6239,#6240);
#5442=AXIS2_PLACEMENT_3D('',#7560,#6241,#6242);
#5443=AXIS2_PLACEMENT_3D('',#7561,#6243,#6244);
#5444=AXIS2_PLACEMENT_3D('',#7562,#6245,#6246);
#5445=AXIS2_PLACEMENT_3D('',#7563,#6247,#6248);
#5446=AXIS2_PLACEMENT_3D('',#7564,#6249,#6250);
#5447=AXIS2_PLACEMENT_3D('',#7565,#6251,#6252);
#5448=AXIS2_PLACEMENT_3D('',#7566,#6253,#6254);
#5449=AXIS2_PLACEMENT_3D('',#7567,#6255,#6256);
#5450=AXIS2_PLACEMENT_3D('',#7573,#6260,#6261);
#5451=AXIS2_PLACEMENT_3D('',#7589,#6265,#6266);
#5452=AXIS2_PLACEMENT_3D('',#7605,#6270,#6271);
#5453=AXIS2_PLACEMENT_3D('',#7614,#6276,#6277);
#5454=AXIS2_PLACEMENT_3D('',#7619,#6280,#6281);
#5455=AXIS2_PLACEMENT_3D('',#7622,#6283,#6284);
#5456=AXIS2_PLACEMENT_3D('',#7639,#6288,#6289);
#5457=AXIS2_PLACEMENT_3D('',#7656,#6293,#6294);
#5458=AXIS2_PLACEMENT_3D('',#7665,#6299,#6300);
#5459=AXIS2_PLACEMENT_3D('',#7684,#6305,#6306);
#5460=AXIS2_PLACEMENT_3D('',#7703,#6311,#6312);
#5461=AXIS2_PLACEMENT_3D('',#7712,#6317,#6318);
#5462=AXIS2_PLACEMENT_3D('',#7714,#6320,#6321);
#5463=AXIS2_PLACEMENT_3D('',#7732,#6326,#6327);
#5464=AXIS2_PLACEMENT_3D('',#7750,#6332,#6333);
#5465=AXIS2_PLACEMENT_3D('',#7759,#6338,#6339);
#5466=AXIS2_PLACEMENT_3D('',#7761,#6341,#6342);
#5467=AXIS2_PLACEMENT_3D('',#7765,#6344,#6345);
#5468=AXIS2_PLACEMENT_3D('',#7767,#6347,#6348);
#5469=AXIS2_PLACEMENT_3D('',#7771,#6350,#6351);
#5470=AXIS2_PLACEMENT_3D('',#7774,#6353,#6354);
#5471=AXIS2_PLACEMENT_3D('',#7780,#6357,#6358);
#5472=AXIS2_PLACEMENT_3D('',#7784,#6360,#6361);
#5473=AXIS2_PLACEMENT_3D('',#7792,#6365,#6366);
#5474=AXIS2_PLACEMENT_3D('',#7796,#6368,#6369);
#5475=AXIS2_PLACEMENT_3D('',#7802,#6372,#6373);
#5476=AXIS2_PLACEMENT_3D('',#7808,#6376,#6377);
#5477=AXIS2_PLACEMENT_3D('',#7812,#6379,#6380);
#5478=AXIS2_PLACEMENT_3D('',#7820,#6384,#6385);
#5479=AXIS2_PLACEMENT_3D('',#7824,#6387,#6388);
#5480=AXIS2_PLACEMENT_3D('',#7830,#6391,#6392);
#5481=AXIS2_PLACEMENT_3D('',#7833,#6394,#6395);
#5482=AXIS2_PLACEMENT_3D('',#7837,#6397,#6398);
#5483=AXIS2_PLACEMENT_3D('',#7839,#6400,#6401);
#5484=AXIS2_PLACEMENT_3D('',#7843,#6403,#6404);
#5485=AXIS2_PLACEMENT_3D('',#7846,#6406,#6407);
#5486=AXIS2_PLACEMENT_3D('',#7847,#6408,#6409);
#5487=AXIS2_PLACEMENT_3D('',#7851,#6411,#6412);
#5488=AXIS2_PLACEMENT_3D('',#7855,#6414,#6415);
#5489=AXIS2_PLACEMENT_3D('',#7859,#6417,#6418);
#5490=AXIS2_PLACEMENT_3D('',#7863,#6420,#6421);
#5491=AXIS2_PLACEMENT_3D('',#7864,#6422,#6423);
#5492=AXIS2_PLACEMENT_3D('',#7870,#6427,#6428);
#5493=AXIS2_PLACEMENT_3D('',#7871,#6429,#6430);
#5494=AXIS2_PLACEMENT_3D('',#7874,#6432,#6433);
#5495=AXIS2_PLACEMENT_3D('',#7878,#6436,#6437);
#5496=AXIS2_PLACEMENT_3D('',#7879,#6438,#6439);
#5497=AXIS2_PLACEMENT_3D('',#7882,#6441,#6442);
#5498=AXIS2_PLACEMENT_3D('',#7886,#6445,#6446);
#5499=AXIS2_PLACEMENT_3D('',#7887,#6447,#6448);
#5500=AXIS2_PLACEMENT_3D('',#7890,#6450,#6451);
#5501=AXIS2_PLACEMENT_3D('',#7894,#6454,#6455);
#5502=AXIS2_PLACEMENT_3D('',#7895,#6456,#6457);
#5503=AXIS2_PLACEMENT_3D('',#7900,#6460,#6461);
#5504=AXIS2_PLACEMENT_3D('',#7904,#6464,#6465);
#5505=AXIS2_PLACEMENT_3D('',#7905,#6466,#6467);
#5506=AXIS2_PLACEMENT_3D('',#7908,#6469,#6470);
#5507=AXIS2_PLACEMENT_3D('',#7912,#6473,#6474);
#5508=AXIS2_PLACEMENT_3D('',#7913,#6475,#6476);
#5509=AXIS2_PLACEMENT_3D('',#7916,#6478,#6479);
#5510=AXIS2_PLACEMENT_3D('',#7922,#6484,#6485);
#5511=AXIS2_PLACEMENT_3D('',#7923,#6486,#6487);
#5512=AXIS2_PLACEMENT_3D('',#7926,#6489,#6490);
#5513=AXIS2_PLACEMENT_3D('',#7930,#6494,#6495);
#5514=AXIS2_PLACEMENT_3D('',#7931,#6496,#6497);
#5515=AXIS2_PLACEMENT_3D('',#7932,#6498,#6499);
#5516=AXIS2_PLACEMENT_3D('',#7933,#6500,#6501);
#5517=AXIS2_PLACEMENT_3D('',#7942,#6506,#6507);
#5518=AXIS2_PLACEMENT_3D('',#7951,#6512,#6513);
#5519=AXIS2_PLACEMENT_3D('',#7966,#6517,#6518);
#5520=AXIS2_PLACEMENT_3D('',#7975,#6523,#6524);
#5521=AXIS2_PLACEMENT_3D('',#7990,#6528,#6529);
#5522=AXIS2_PLACEMENT_3D('',#7999,#6534,#6535);
#5523=AXIS2_PLACEMENT_3D('',#8000,#6536,#6537);
#5524=AXIS2_PLACEMENT_3D('',#8015,#6541,#6542);
#5525=AXIS2_PLACEMENT_3D('',#8024,#6547,#6548);
#5526=AXIS2_PLACEMENT_3D('',#8039,#6552,#6553);
#5527=AXIS2_PLACEMENT_3D('',#8048,#6558,#6559);
#5528=AXIS2_PLACEMENT_3D('',#8049,#6560,#6561);
#5529=AXIS2_PLACEMENT_3D('',#8052,#6564,#6565);
#5530=AXIS2_PLACEMENT_3D('',#8066,#6568,#6569);
#5531=AXIS2_PLACEMENT_3D('',#8080,#6572,#6573);
#5532=AXIS2_PLACEMENT_3D('',#8089,#6578,#6579);
#5533=AXIS2_PLACEMENT_3D('',#8092,#6582,#6583);
#5534=AXIS2_PLACEMENT_3D('',#8101,#6586,#6587);
#5535=AXIS2_PLACEMENT_3D('',#8110,#6592,#6593);
#5536=AXIS2_PLACEMENT_3D('',#8119,#6596,#6597);
#5537=AXIS2_PLACEMENT_3D('',#8121,#6599,#6600);
#5538=AXIS2_PLACEMENT_3D('',#8130,#6605,#6606);
#5539=AXIS2_PLACEMENT_3D('',#8139,#6611,#6612);
#5540=AXIS2_PLACEMENT_3D('',#8140,#6613,#6614);
#5541=AXIS2_PLACEMENT_3D('',#8141,#6615,#6616);
#5542=AXIS2_PLACEMENT_3D('',#8142,#6617,#6618);
#5543=AXIS2_PLACEMENT_3D('',#8143,#6619,#6620);
#5544=AXIS2_PLACEMENT_3D('',#8144,#6621,#6622);
#5545=AXIS2_PLACEMENT_3D('',#8145,#6623,#6624);
#5546=AXIS2_PLACEMENT_3D('',#8146,#6625,#6626);
#5547=AXIS2_PLACEMENT_3D('',#8147,#6627,#6628);
#5548=AXIS2_PLACEMENT_3D('',#8148,#6629,#6630);
#5549=AXIS2_PLACEMENT_3D('',#8149,#6631,#6632);
#5550=AXIS2_PLACEMENT_3D('',#8150,#6633,#6634);
#5551=AXIS2_PLACEMENT_3D('',#8151,#6635,#6636);
#5552=AXIS2_PLACEMENT_3D('',#8152,#6637,#6638);
#5553=AXIS2_PLACEMENT_3D('',#8153,#6639,#6640);
#5554=AXIS2_PLACEMENT_3D('',#8154,#6641,#6642);
#5555=AXIS2_PLACEMENT_3D('',#8155,#6643,#6644);
#5556=AXIS2_PLACEMENT_3D('',#8156,#6645,#6646);
#5557=AXIS2_PLACEMENT_3D('',#8157,#6647,#6648);
#5558=AXIS2_PLACEMENT_3D('',#8158,#6649,#6650);
#5559=AXIS2_PLACEMENT_3D('',#8159,#6651,#6652);
#5560=AXIS2_PLACEMENT_3D('',#8160,#6653,#6654);
#5561=AXIS2_PLACEMENT_3D('',#8161,#6655,#6656);
#5562=AXIS2_PLACEMENT_3D('',#8162,#6657,#6658);
#5563=AXIS2_PLACEMENT_3D('',#8163,#6659,#6660);
#5564=AXIS2_PLACEMENT_3D('',#8164,#6661,#6662);
#5565=AXIS2_PLACEMENT_3D('',#8165,#6663,#6664);
#5566=AXIS2_PLACEMENT_3D('',#8166,#6665,#6666);
#5567=AXIS2_PLACEMENT_3D('',#8167,#6667,#6668);
#5568=AXIS2_PLACEMENT_3D('',#8168,#6669,#6670);
#5569=AXIS2_PLACEMENT_3D('',#8169,#6671,#6672);
#5570=AXIS2_PLACEMENT_3D('',#8170,#6673,#6674);
#5571=AXIS2_PLACEMENT_3D('',#8171,#6675,#6676);
#5572=AXIS2_PLACEMENT_3D('',#8172,#6677,#6678);
#5573=AXIS2_PLACEMENT_3D('',#8173,#6679,#6680);
#5574=AXIS2_PLACEMENT_3D('',#8174,#6681,#6682);
#5575=AXIS2_PLACEMENT_3D('',#8175,#6683,#6684);
#5576=AXIS2_PLACEMENT_3D('',#8176,#6685,#6686);
#5577=AXIS2_PLACEMENT_3D('',#8177,#6687,#6688);
#5578=AXIS2_PLACEMENT_3D('',#8178,#6689,#6690);
#5579=AXIS2_PLACEMENT_3D('',#8179,#6691,#6692);
#5580=AXIS2_PLACEMENT_3D('',#8180,#6693,#6694);
#5581=AXIS2_PLACEMENT_3D('',#8181,#6695,#6696);
#5582=AXIS2_PLACEMENT_3D('',#8182,#6697,#6698);
#5583=AXIS2_PLACEMENT_3D('',#8183,#6699,#6700);
#5584=AXIS2_PLACEMENT_3D('',#8184,#6701,#6702);
#5585=AXIS2_PLACEMENT_3D('',#8185,#6703,#6704);
#5586=AXIS2_PLACEMENT_3D('',#8186,#6705,#6706);
#5587=AXIS2_PLACEMENT_3D('',#8187,#6707,#6708);
#5588=AXIS2_PLACEMENT_3D('',#8188,#6709,#6710);
#5589=AXIS2_PLACEMENT_3D('',#8189,#6711,#6712);
#5590=AXIS2_PLACEMENT_3D('',#8190,#6713,#6714);
#5591=AXIS2_PLACEMENT_3D('',#8191,#6715,#6716);
#5592=AXIS2_PLACEMENT_3D('',#8192,#6717,#6718);
#5593=AXIS2_PLACEMENT_3D('',#8193,#6719,#6720);
#5594=AXIS2_PLACEMENT_3D('',#8194,#6721,#6722);
#5595=AXIS2_PLACEMENT_3D('',#8195,#6723,#6724);
#5596=AXIS2_PLACEMENT_3D('',#8196,#6725,#6726);
#5597=AXIS2_PLACEMENT_3D('',#8197,#6727,#6728);
#5598=AXIS2_PLACEMENT_3D('',#8198,#6729,#6730);
#5599=AXIS2_PLACEMENT_3D('',#8199,#6731,#6732);
#5600=AXIS2_PLACEMENT_3D('',#8200,#6733,#6734);
#5601=AXIS2_PLACEMENT_3D('',#8201,#6735,#6736);
#5602=AXIS2_PLACEMENT_3D('',#8202,#6737,#6738);
#5603=AXIS2_PLACEMENT_3D('',#8203,#6739,#6740);
#5604=AXIS2_PLACEMENT_3D('',#8204,#6741,#6742);
#5605=AXIS2_PLACEMENT_3D('',#8205,#6743,#6744);
#5606=AXIS2_PLACEMENT_3D('',#8206,#6745,#6746);
#5607=AXIS2_PLACEMENT_3D('',#8207,#6747,#6748);
#5608=AXIS2_PLACEMENT_3D('',#8208,#6749,#6750);
#5609=AXIS2_PLACEMENT_3D('',#8209,#6751,#6752);
#5610=AXIS2_PLACEMENT_3D('',#8210,#6753,#6754);
#5611=AXIS2_PLACEMENT_3D('',#8211,#6755,#6756);
#5612=AXIS2_PLACEMENT_3D('',#8212,#6757,#6758);
#5613=AXIS2_PLACEMENT_3D('',#8213,#6759,#6760);
#5614=AXIS2_PLACEMENT_3D('',#8214,#6761,#6762);
#5615=AXIS2_PLACEMENT_3D('',#8215,#6763,#6764);
#5616=AXIS2_PLACEMENT_3D('',#8216,#6765,#6766);
#5617=AXIS2_PLACEMENT_3D('',#8217,#6767,#6768);
#5618=AXIS2_PLACEMENT_3D('',#8218,#6769,#6770);
#5619=AXIS2_PLACEMENT_3D('',#8219,#6771,#6772);
#5620=AXIS2_PLACEMENT_3D('',#8235,#6773,#6774);
#5621=AXIS2_PLACEMENT_3D('',#8236,#6775,#6776);
#5622=AXIS2_PLACEMENT_3D('',#8237,#6777,#6778);
#5623=AXIS2_PLACEMENT_3D('',#8238,#6779,#6780);
#5624=AXIS2_PLACEMENT_3D('',#8239,#6781,#6782);
#5625=AXIS2_PLACEMENT_3D('',#8240,#6783,#6784);
#5626=AXIS2_PLACEMENT_3D('',#8241,#6785,#6786);
#5627=AXIS2_PLACEMENT_3D('',#8242,#6787,#6788);
#5628=AXIS2_PLACEMENT_3D('',#8243,#6789,#6790);
#5629=AXIS2_PLACEMENT_3D('',#8244,#6791,#6792);
#5630=AXIS2_PLACEMENT_3D('',#8245,#6793,#6794);
#5631=AXIS2_PLACEMENT_3D('',#8261,#6795,#6796);
#5632=AXIS2_PLACEMENT_3D('',#8262,#6797,#6798);
#5633=AXIS2_PLACEMENT_3D('',#8263,#6799,#6800);
#5634=AXIS2_PLACEMENT_3D('',#8264,#6801,#6802);
#5635=AXIS2_PLACEMENT_3D('',#8265,#6803,#6804);
#5636=AXIS2_PLACEMENT_3D('',#8266,#6805,#6806);
#5637=AXIS2_PLACEMENT_3D('',#8267,#6807,#6808);
#5638=AXIS2_PLACEMENT_3D('',#8268,#6809,#6810);
#5639=AXIS2_PLACEMENT_3D('',#8269,#6811,#6812);
#5640=AXIS2_PLACEMENT_3D('',#8270,#6813,#6814);
#5641=AXIS2_PLACEMENT_3D('',#8271,#6815,#6816);
#5642=AXIS2_PLACEMENT_3D('',#8272,#6817,#6818);
#5643=AXIS2_PLACEMENT_3D('',#8273,#6819,#6820);
#5644=AXIS2_PLACEMENT_3D('',#8274,#6821,#6822);
#5645=AXIS2_PLACEMENT_3D('',#8293,#6823,#6824);
#5646=AXIS2_PLACEMENT_3D('',#8294,#6825,#6826);
#5647=AXIS2_PLACEMENT_3D('',#8295,#6827,#6828);
#5648=AXIS2_PLACEMENT_3D('',#8296,#6829,#6830);
#5649=AXIS2_PLACEMENT_3D('',#8297,#6831,#6832);
#5650=AXIS2_PLACEMENT_3D('',#8298,#6833,#6834);
#5651=AXIS2_PLACEMENT_3D('',#8299,#6835,#6836);
#5652=AXIS2_PLACEMENT_3D('',#8300,#6837,#6838);
#5653=AXIS2_PLACEMENT_3D('',#8301,#6839,#6840);
#5654=AXIS2_PLACEMENT_3D('',#8302,#6841,#6842);
#5655=AXIS2_PLACEMENT_3D('',#8303,#6843,#6844);
#5656=AXIS2_PLACEMENT_3D('',#8322,#6845,#6846);
#5657=AXIS2_PLACEMENT_3D('',#8323,#6847,#6848);
#5658=AXIS2_PLACEMENT_3D('',#8324,#6849,#6850);
#5659=AXIS2_PLACEMENT_3D('',#8325,#6851,#6852);
#5660=AXIS2_PLACEMENT_3D('',#8326,#6853,#6854);
#5661=AXIS2_PLACEMENT_3D('',#8327,#6855,#6856);
#5662=AXIS2_PLACEMENT_3D('',#8328,#6857,#6858);
#5663=AXIS2_PLACEMENT_3D('',#8329,#6859,#6860);
#5664=AXIS2_PLACEMENT_3D('',#8330,#6861,#6862);
#5665=AXIS2_PLACEMENT_3D('',#8331,#6863,#6864);
#5666=AXIS2_PLACEMENT_3D('',#8332,#6865,#6866);
#5667=AXIS2_PLACEMENT_3D('',#8333,#6867,#6868);
#5668=AXIS2_PLACEMENT_3D('',#8334,#6869,#6870);
#5669=AXIS2_PLACEMENT_3D('',#8335,#6871,#6872);
#5670=AXIS2_PLACEMENT_3D('',#8354,#6873,#6874);
#5671=AXIS2_PLACEMENT_3D('',#8355,#6875,#6876);
#5672=AXIS2_PLACEMENT_3D('',#8356,#6877,#6878);
#5673=AXIS2_PLACEMENT_3D('',#8357,#6879,#6880);
#5674=AXIS2_PLACEMENT_3D('',#8358,#6881,#6882);
#5675=AXIS2_PLACEMENT_3D('',#8359,#6883,#6884);
#5676=AXIS2_PLACEMENT_3D('',#8360,#6885,#6886);
#5677=AXIS2_PLACEMENT_3D('',#8361,#6887,#6888);
#5678=AXIS2_PLACEMENT_3D('',#8362,#6889,#6890);
#5679=AXIS2_PLACEMENT_3D('',#8363,#6891,#6892);
#5680=AXIS2_PLACEMENT_3D('',#8364,#6893,#6894);
#5681=AXIS2_PLACEMENT_3D('',#8383,#6895,#6896);
#5682=AXIS2_PLACEMENT_3D('',#8384,#6897,#6898);
#5683=AXIS2_PLACEMENT_3D('',#8385,#6899,#6900);
#5684=AXIS2_PLACEMENT_3D('',#8386,#6901,#6902);
#5685=AXIS2_PLACEMENT_3D('',#8387,#6903,#6904);
#5686=AXIS2_PLACEMENT_3D('',#8388,#6905,#6906);
#5687=AXIS2_PLACEMENT_3D('',#8389,#6907,#6908);
#5688=AXIS2_PLACEMENT_3D('',#8390,#6909,#6910);
#5689=AXIS2_PLACEMENT_3D('',#8391,#6911,#6912);
#5690=AXIS2_PLACEMENT_3D('',#8392,#6913,#6914);
#5691=AXIS2_PLACEMENT_3D('',#8393,#6915,#6916);
#5692=AXIS2_PLACEMENT_3D('',#8394,#6917,#6918);
#5693=AXIS2_PLACEMENT_3D('',#8395,#6919,#6920);
#5694=AXIS2_PLACEMENT_3D('',#8396,#6921,#6922);
#5695=AXIS2_PLACEMENT_3D('',#8412,#6923,#6924);
#5696=AXIS2_PLACEMENT_3D('',#8413,#6925,#6926);
#5697=AXIS2_PLACEMENT_3D('',#8414,#6927,#6928);
#5698=AXIS2_PLACEMENT_3D('',#8415,#6929,#6930);
#5699=AXIS2_PLACEMENT_3D('',#8416,#6931,#6932);
#5700=AXIS2_PLACEMENT_3D('',#8417,#6933,#6934);
#5701=AXIS2_PLACEMENT_3D('',#8418,#6935,#6936);
#5702=AXIS2_PLACEMENT_3D('',#8419,#6937,#6938);
#5703=AXIS2_PLACEMENT_3D('',#8420,#6939,#6940);
#5704=AXIS2_PLACEMENT_3D('',#8421,#6941,#6942);
#5705=AXIS2_PLACEMENT_3D('',#8422,#6943,#6944);
#5706=AXIS2_PLACEMENT_3D('',#8438,#6945,#6946);
#5707=AXIS2_PLACEMENT_3D('',#8441,#6948,#6949);
#5708=AXIS2_PLACEMENT_3D('',#8444,#6951,#6952);
#5709=AXIS2_PLACEMENT_3D('',#8445,#6953,#6954);
#5710=AXIS2_PLACEMENT_3D('',#8446,#6955,#6956);
#5711=AXIS2_PLACEMENT_3D('',#8447,#6957,#6958);
#5712=AXIS2_PLACEMENT_3D('',#8448,#6959,#6960);
#5713=AXIS2_PLACEMENT_3D('',#8449,#6961,#6962);
#5714=AXIS2_PLACEMENT_3D('',#8450,#6963,#6964);
#5715=AXIS2_PLACEMENT_3D('',#8472,#6965,#6966);
#5716=AXIS2_PLACEMENT_3D('',#8473,#6967,#6968);
#5717=AXIS2_PLACEMENT_3D('',#8474,#6969,#6970);
#5718=AXIS2_PLACEMENT_3D('',#8475,#6971,#6972);
#5719=AXIS2_PLACEMENT_3D('',#8476,#6973,#6974);
#5720=AXIS2_PLACEMENT_3D('',#8477,#6975,#6976);
#5721=AXIS2_PLACEMENT_3D('',#8478,#6977,#6978);
#5722=AXIS2_PLACEMENT_3D('',#8479,#6979,#6980);
#5723=AXIS2_PLACEMENT_3D('',#8480,#6981,#6982);
#5724=AXIS2_PLACEMENT_3D('',#8481,#6983,#6984);
#5725=AXIS2_PLACEMENT_3D('',#8482,#6985,#6986);
#5726=AXIS2_PLACEMENT_3D('',#8522,#6987,#6988);
#5727=AXIS2_PLACEMENT_3D('',#8523,#6989,#6990);
#5728=AXIS2_PLACEMENT_3D('',#8524,#6991,#6992);
#5729=AXIS2_PLACEMENT_3D('',#8525,#6993,#6994);
#5730=AXIS2_PLACEMENT_3D('',#8526,#6995,#6996);
#5731=AXIS2_PLACEMENT_3D('',#8527,#6997,#6998);
#5732=AXIS2_PLACEMENT_3D('',#8528,#6999,#7000);
#5733=AXIS2_PLACEMENT_3D('',#8529,#7001,#7002);
#5734=AXIS2_PLACEMENT_3D('',#8530,#7003,#7004);
#5735=AXIS2_PLACEMENT_3D('',#8531,#7005,#7006);
#5736=AXIS2_PLACEMENT_3D('',#8532,#7007,#7008);
#5737=DIRECTION('',(0.,0.,1.));
#5738=DIRECTION('',(1.,0.,0.));
#5739=DIRECTION('',(-1.,-3.8000514260171E-16,0.));
#5740=DIRECTION('',(3.8000514260171E-16,-1.,0.));
#5741=DIRECTION('',(1.,3.8000514260171E-16,0.));
#5742=DIRECTION('',(-3.8000514260171E-16,1.,0.));
#5743=DIRECTION('',(-1.,-3.8000514260171E-16,0.));
#5744=DIRECTION('',(1.,3.8000514260171E-16,0.));
#5745=DIRECTION('',(-3.8000514260171E-16,1.,0.));
#5746=DIRECTION('',(-1.,-3.8000514260171E-16,0.));
#5747=DIRECTION('',(-1.,-3.8000514260171E-16,0.));
#5748=DIRECTION('',(3.8000514260171E-16,-1.,0.));
#5749=DIRECTION('',(1.,3.8000514260171E-16,0.));
#5750=DIRECTION('',(-3.8000514260171E-16,1.,0.));
#5751=DIRECTION('',(-1.,-3.8000514260171E-16,0.));
#5752=DIRECTION('',(1.,3.8000514260171E-16,0.));
#5753=DIRECTION('',(-3.8000514260171E-16,1.,0.));
#5754=DIRECTION('',(-1.,-3.8000514260171E-16,0.));
#5755=DIRECTION('',(-1.,-3.8000514260171E-16,0.));
#5756=DIRECTION('',(3.8000514260171E-16,-1.,0.));
#5757=DIRECTION('',(1.,3.8000514260171E-16,0.));
#5758=DIRECTION('',(-3.8000514260171E-16,1.,0.));
#5759=DIRECTION('',(-1.,-3.8000514260171E-16,0.));
#5760=DIRECTION('',(1.,3.8000514260171E-16,0.));
#5761=DIRECTION('',(-3.8000514260171E-16,1.,0.));
#5762=DIRECTION('',(-1.,-3.8000514260171E-16,0.));
#5763=DIRECTION('',(3.8000514260171E-16,-1.,0.));
#5764=DIRECTION('',(1.,3.8000514260171E-16,0.));
#5765=DIRECTION('',(-3.8000514260171E-16,1.,0.));
#5766=DIRECTION('',(-1.,-3.8000514260171E-16,0.));
#5767=DIRECTION('',(1.,3.8000514260171E-16,0.));
#5768=DIRECTION('',(-3.8000514260171E-16,1.,0.));
#5769=DIRECTION('',(1.,3.8000514260171E-16,0.));
#5770=DIRECTION('',(-3.8000514260171E-16,1.,0.));
#5771=DIRECTION('',(1.,3.8000514260171E-16,0.));
#5772=DIRECTION('',(-3.8000514260171E-16,1.,0.));
#5773=DIRECTION('',(1.,3.8000514260171E-16,0.));
#5774=DIRECTION('',(-3.8000514260171E-16,1.,0.));
#5775=DIRECTION('',(1.,3.8000514260171E-16,0.));
#5776=DIRECTION('',(-3.8000514260171E-16,1.,0.));
#5777=DIRECTION('',(-1.,0.,0.));
#5778=DIRECTION('',(0.,0.,1.));
#5779=DIRECTION('',(-1.,0.,0.));
#5780=DIRECTION('',(0.,0.,1.));
#5781=DIRECTION('',(0.,0.,-1.));
#5782=DIRECTION('',(0.,1.,0.));
#5783=DIRECTION('',(0.,0.,-1.));
#5784=DIRECTION('',(-1.,0.,0.));
#5785=DIRECTION('',(0.,0.,1.));
#5786=DIRECTION('',(0.,1.,0.));
#5787=DIRECTION('',(9.39389421913631E-17,-1.,0.));
#5788=DIRECTION('',(1.,9.39389421913631E-17,0.));
#5789=DIRECTION('',(-1.,-9.39389421913631E-17,0.));
#5790=DIRECTION('',(0.,0.,1.));
#5791=DIRECTION('',(9.39389421913631E-17,-1.,0.));
#5792=DIRECTION('',(1.,9.39389421913631E-17,0.));
#5793=DIRECTION('',(-1.,-9.39389421913631E-17,0.));
#5794=DIRECTION('',(9.39389421913631E-17,-1.,0.));
#5795=DIRECTION('',(1.,9.39389421913631E-17,0.));
#5796=DIRECTION('',(0.,0.,1.));
#5797=DIRECTION('',(-1.,-9.39389421913631E-17,0.));
#5798=DIRECTION('',(0.,0.,-1.));
#5799=DIRECTION('',(-1.,-9.39389421913631E-17,0.));
#5800=DIRECTION('',(0.,0.,-1.));
#5801=DIRECTION('',(-1.,-9.39389421913631E-17,0.));
#5802=DIRECTION('',(0.,0.,-1.));
#5803=DIRECTION('',(-1.,-9.39389421913631E-17,0.));
#5804=DIRECTION('',(0.,0.,-1.));
#5805=DIRECTION('',(-1.,-9.39389421913631E-17,0.));
#5806=DIRECTION('',(0.,0.,-1.));
#5807=DIRECTION('',(-1.,-9.39389421913631E-17,0.));
#5808=DIRECTION('',(0.,0.,-1.));
#5809=DIRECTION('',(-1.,-9.39389421913631E-17,0.));
#5810=DIRECTION('',(0.,0.,-1.));
#5811=DIRECTION('',(-1.,-9.39389421913631E-17,0.));
#5812=DIRECTION('',(9.39389421913631E-17,-1.,0.));
#5813=DIRECTION('',(1.,9.39389421913631E-17,0.));
#5814=DIRECTION('',(0.,0.,-1.));
#5815=DIRECTION('',(-1.,-9.39389421913631E-17,0.));
#5816=DIRECTION('',(0.,0.,1.));
#5817=DIRECTION('',(9.39389421913631E-17,-1.,0.));
#5818=DIRECTION('',(1.,9.39389421913631E-17,0.));
#5819=DIRECTION('',(-1.,-9.39389421913631E-17,0.));
#5820=DIRECTION('',(9.39389421913631E-17,-1.,0.));
#5821=DIRECTION('',(1.,9.39389421913631E-17,0.));
#5822=DIRECTION('',(0.,0.,1.));
#5823=DIRECTION('',(1.,3.8000514260171E-16,0.));
#5824=DIRECTION('',(-3.8000514260171E-16,1.,0.));
#5825=DIRECTION('',(1.,3.8000514260171E-16,0.));
#5826=DIRECTION('',(-3.8000514260171E-16,1.,0.));
#5827=DIRECTION('',(1.,3.8000514260171E-16,0.));
#5828=DIRECTION('',(-3.8000514260171E-16,1.,0.));
#5829=DIRECTION('',(3.8000514260171E-16,-1.,0.));
#5830=DIRECTION('',(0.,0.,-1.));
#5831=DIRECTION('',(3.8000514260171E-16,-1.,0.));
#5832=DIRECTION('',(0.,0.,-1.));
#5833=DIRECTION('',(0.,0.,-1.));
#5834=DIRECTION('',(3.8000514260171E-16,-1.,0.));
#5835=DIRECTION('',(0.,0.,-1.));
#5836=DIRECTION('',(3.8000514260171E-16,-1.,0.));
#5837=DIRECTION('',(3.8000514260171E-16,-1.,0.));
#5838=DIRECTION('',(1.,3.8000514260171E-16,0.));
#5839=DIRECTION('',(-3.8000514260171E-16,1.,0.));
#5840=DIRECTION('',(0.,0.,-1.));
#5841=DIRECTION('',(3.8000514260171E-16,-1.,0.));
#5842=DIRECTION('',(0.,0.,-1.));
#5843=DIRECTION('',(1.,3.8000514260171E-16,0.));
#5844=DIRECTION('',(-3.8000514260171E-16,1.,0.));
#5845=DIRECTION('',(0.,0.,1.));
#5846=DIRECTION('',(1.,0.,0.));
#5847=DIRECTION('',(3.8000514260171E-16,-1.,0.));
#5848=DIRECTION('',(1.,0.,0.));
#5849=DIRECTION('',(-3.8000514260171E-16,1.,0.));
#5850=DIRECTION('',(0.,0.,1.));
#5851=DIRECTION('',(1.,0.,0.));
#5852=DIRECTION('',(1.,9.39389421913631E-17,0.));
#5853=DIRECTION('',(0.,-1.,0.));
#5854=DIRECTION('',(0.,0.,1.));
#5855=DIRECTION('',(1.,0.,0.));
#5856=DIRECTION('',(0.,0.,1.));
#5857=DIRECTION('',(1.,0.,0.));
#5858=DIRECTION('',(1.,9.39389421913631E-17,0.));
#5859=DIRECTION('',(0.,-1.,0.));
#5860=DIRECTION('',(-1.,-9.39389421913631E-17,0.));
#5861=DIRECTION('',(0.,0.,1.));
#5862=DIRECTION('',(1.,0.,0.));
#5863=DIRECTION('',(0.,0.,1.));
#5864=DIRECTION('',(1.,0.,0.));
#5865=DIRECTION('',(0.,-1.,0.));
#5866=DIRECTION('',(1.,9.39389421913631E-17,0.));
#5867=DIRECTION('',(0.,0.,1.));
#5868=DIRECTION('',(1.,0.,0.));
#5869=DIRECTION('',(-3.8000514260171E-16,1.,0.));
#5870=DIRECTION('',(0.,0.,1.));
#5871=DIRECTION('',(1.,0.,0.));
#5872=DIRECTION('',(0.,0.,1.));
#5873=DIRECTION('',(1.,0.,0.));
#5874=DIRECTION('',(-1.,-9.39389421913631E-17,0.));
#5875=DIRECTION('',(0.,-1.,0.));
#5876=DIRECTION('',(1.,9.39389421913631E-17,0.));
#5877=DIRECTION('',(0.,0.,1.));
#5878=DIRECTION('',(1.,0.,0.));
#5879=DIRECTION('',(-3.8000514260171E-16,1.,0.));
#5880=DIRECTION('',(1.,0.,0.));
#5881=DIRECTION('',(3.8000514260171E-16,-1.,0.));
#5882=DIRECTION('',(0.,0.,1.));
#5883=DIRECTION('',(1.,0.,0.));
#5884=DIRECTION('',(0.,0.,1.));
#5885=DIRECTION('',(1.,0.,0.));
#5886=DIRECTION('',(0.,-1.,0.));
#5887=DIRECTION('',(1.,9.39389421913631E-17,0.));
#5888=DIRECTION('',(0.,-1.,0.));
#5889=DIRECTION('',(0.,0.,1.));
#5890=DIRECTION('',(1.,0.,0.));
#5891=DIRECTION('',(0.,-1.,0.));
#5892=DIRECTION('',(0.,-1.,0.));
#5893=DIRECTION('',(1.,9.39389421913631E-17,0.));
#5894=DIRECTION('',(1.,3.8000514260171E-16,0.));
#5895=DIRECTION('',(-3.8000514260171E-16,1.,0.));
#5896=DIRECTION('',(0.,0.,1.));
#5897=DIRECTION('',(1.,3.8000514260171E-16,0.));
#5898=DIRECTION('',(-3.8000514260171E-16,1.,0.));
#5899=DIRECTION('',(3.8000514260171E-16,-1.,0.));
#5900=DIRECTION('',(1.,3.8000514260171E-16,0.));
#5901=DIRECTION('',(-3.8000514260171E-16,1.,0.));
#5902=DIRECTION('',(0.,0.,1.));
#5903=DIRECTION('',(3.8000514260171E-16,-1.,0.));
#5904=DIRECTION('',(0.,0.,1.));
#5905=DIRECTION('',(1.,3.8000514260171E-16,0.));
#5906=DIRECTION('',(-3.8000514260171E-16,1.,0.));
#5907=DIRECTION('',(3.8000514260171E-16,-1.,0.));
#5908=DIRECTION('',(1.,3.8000514260171E-16,0.));
#5909=DIRECTION('',(-3.8000514260171E-16,1.,0.));
#5910=DIRECTION('',(0.,0.,1.));
#5911=DIRECTION('',(3.8000514260171E-16,-1.,0.));
#5912=DIRECTION('',(0.,0.,-1.));
#5913=DIRECTION('',(0.,0.,-1.));
#5914=DIRECTION('',(3.8000514260171E-16,-1.,0.));
#5915=DIRECTION('',(0.,0.,-1.));
#5916=DIRECTION('',(0.,0.,-1.));
#5917=DIRECTION('',(3.8000514260171E-16,-1.,0.));
#5918=DIRECTION('',(0.,0.,-1.));
#5919=DIRECTION('',(3.8000514260171E-16,-1.,0.));
#5920=DIRECTION('',(0.,0.,-1.));
#5921=DIRECTION('',(3.8000514260171E-16,-1.,0.));
#5922=DIRECTION('',(9.39389421913631E-17,-1.,0.));
#5923=DIRECTION('',(1.,9.39389421913631E-17,0.));
#5924=DIRECTION('',(-1.,-9.39389421913631E-17,0.));
#5925=DIRECTION('',(9.39389421913631E-17,-1.,0.));
#5926=DIRECTION('',(1.,9.39389421913631E-17,0.));
#5927=DIRECTION('',(0.,0.,-1.));
#5928=DIRECTION('',(-1.,-9.39389421913631E-17,0.));
#5929=DIRECTION('',(0.,0.,-1.));
#5930=DIRECTION('',(9.39389421913631E-17,-1.,0.));
#5931=DIRECTION('',(1.,9.39389421913631E-17,0.));
#5932=DIRECTION('',(-1.,-9.39389421913631E-17,0.));
#5933=DIRECTION('',(9.39389421913631E-17,-1.,0.));
#5934=DIRECTION('',(1.,9.39389421913631E-17,0.));
#5935=DIRECTION('',(0.,0.,-1.));
#5936=DIRECTION('',(-1.,-9.39389421913631E-17,0.));
#5937=DIRECTION('',(0.,0.,-1.));
#5938=DIRECTION('',(9.39389421913631E-17,-1.,0.));
#5939=DIRECTION('',(1.,9.39389421913631E-17,0.));
#5940=DIRECTION('',(0.,0.,-1.));
#5941=DIRECTION('',(9.39389421913631E-17,-1.,0.));
#5942=DIRECTION('',(1.,9.39389421913631E-17,0.));
#5943=DIRECTION('',(-1.,-9.39389421913631E-17,0.));
#5944=DIRECTION('',(9.39389421913631E-17,-1.,0.));
#5945=DIRECTION('',(1.,9.39389421913631E-17,0.));
#5946=DIRECTION('',(0.,0.,-1.));
#5947=DIRECTION('',(0.,0.,-1.));
#5948=DIRECTION('',(-1.,-9.39389421913631E-17,0.));
#5949=DIRECTION('',(0.,0.,-1.));
#5950=DIRECTION('',(1.,3.8000514260171E-16,0.));
#5951=DIRECTION('',(-3.8000514260171E-16,1.,0.));
#5952=DIRECTION('',(0.,-1.,0.));
#5953=DIRECTION('',(0.,0.,1.));
#5954=DIRECTION('',(0.,0.,-1.));
#5955=DIRECTION('',(3.8000514260171E-16,-1.,0.));
#5956=DIRECTION('',(0.,0.,-1.));
#5957=DIRECTION('',(0.,0.,1.));
#5958=DIRECTION('',(3.8000514260171E-16,-1.,0.));
#5959=DIRECTION('',(0.,0.,-1.));
#5960=DIRECTION('',(3.8000514260171E-16,-1.,0.));
#5961=DIRECTION('',(0.,0.,1.));
#5962=DIRECTION('',(9.39389421913631E-17,-1.,0.));
#5963=DIRECTION('',(1.,9.39389421913631E-17,0.));
#5964=DIRECTION('',(1.,0.,0.));
#5965=DIRECTION('',(0.,0.,1.));
#5966=DIRECTION('',(0.,0.,1.));
#5967=DIRECTION('',(9.39389421913631E-17,-1.,0.));
#5968=DIRECTION('',(1.,9.39389421913631E-17,0.));
#5969=DIRECTION('',(1.,0.,0.));
#5970=DIRECTION('',(0.,0.,1.));
#5971=DIRECTION('',(0.,0.,1.));
#5972=DIRECTION('',(1.,0.,0.));
#5973=DIRECTION('',(0.,0.,1.));
#5974=DIRECTION('',(0.,0.,-1.));
#5975=DIRECTION('',(-1.,-9.39389421913631E-17,0.));
#5976=DIRECTION('',(0.,0.,-1.));
#5977=DIRECTION('',(0.,0.,1.));
#5978=DIRECTION('',(0.,0.,1.));
#5979=DIRECTION('',(1.,0.,0.));
#5980=DIRECTION('',(1.,0.,0.));
#5981=DIRECTION('',(1.,1.110223024625E-16,0.));
#5982=DIRECTION('',(0.,0.,1.));
#5983=DIRECTION('',(1.,0.,0.));
#5984=DIRECTION('',(1.,0.,0.));
#5985=DIRECTION('',(1.,1.110223024625E-16,0.));
#5986=DIRECTION('',(0.,0.,-1.));
#5987=DIRECTION('',(-1.,0.,0.));
#5988=DIRECTION('',(0.,0.,1.));
#5989=DIRECTION('',(1.,0.,0.));
#5990=DIRECTION('',(0.,0.,-1.));
#5991=DIRECTION('',(-1.,0.,0.));
#5992=DIRECTION('',(0.,0.,1.));
#5993=DIRECTION('',(1.,0.,0.));
#5994=DIRECTION('',(0.,0.,-1.));
#5995=DIRECTION('',(-1.,0.,0.));
#5996=DIRECTION('',(0.,0.,1.));
#5997=DIRECTION('',(1.,0.,0.));
#5998=DIRECTION('',(0.,0.,-1.));
#5999=DIRECTION('',(-1.,0.,0.));
#6000=DIRECTION('',(0.,0.,1.));
#6001=DIRECTION('',(1.,0.,0.));
#6002=DIRECTION('',(0.,0.,1.));
#6003=DIRECTION('',(1.,0.,0.));
#6004=DIRECTION('',(0.,0.,1.));
#6005=DIRECTION('',(1.,0.,0.));
#6006=DIRECTION('',(0.,0.,1.));
#6007=DIRECTION('',(1.,0.,0.));
#6008=DIRECTION('',(0.,0.,1.));
#6009=DIRECTION('',(1.,0.,0.));
#6010=DIRECTION('',(0.,0.,1.));
#6011=DIRECTION('',(1.,0.,0.));
#6012=DIRECTION('',(0.,0.,-1.));
#6013=DIRECTION('',(-1.,0.,0.));
#6014=DIRECTION('',(0.,0.,-1.));
#6015=DIRECTION('',(0.,0.,1.));
#6016=DIRECTION('',(1.,0.,0.));
#6017=DIRECTION('',(9.39389421913631E-17,-1.,0.));
#6018=DIRECTION('',(1.,9.39389421913631E-17,0.));
#6019=DIRECTION('',(0.,0.,1.));
#6020=DIRECTION('',(9.39389421913631E-17,-1.,0.));
#6021=DIRECTION('',(1.,9.39389421913631E-17,0.));
#6022=DIRECTION('',(1.,0.,0.));
#6023=DIRECTION('',(9.39389421913631E-17,-1.,0.));
#6024=DIRECTION('',(1.,9.39389421913631E-17,0.));
#6025=DIRECTION('',(0.,0.,1.));
#6026=DIRECTION('',(0.,0.,-1.));
#6027=DIRECTION('',(-1.,-9.39389421913631E-17,0.));
#6028=DIRECTION('',(0.,0.,-1.));
#6029=DIRECTION('',(-1.,0.,0.));
#6030=DIRECTION('',(0.,0.,-1.));
#6031=DIRECTION('',(0.,0.,1.));
#6032=DIRECTION('',(1.,0.,0.));
#6033=DIRECTION('',(1.,3.8000514260171E-16,0.));
#6034=DIRECTION('',(-3.8000514260171E-16,1.,0.));
#6035=DIRECTION('',(0.,0.,-1.));
#6036=DIRECTION('',(3.8000514260171E-16,-1.,0.));
#6037=DIRECTION('',(0.,0.,-1.));
#6038=DIRECTION('',(-1.,0.,0.));
#6039=DIRECTION('',(0.,0.,1.));
#6040=DIRECTION('',(1.,0.,0.));
#6041=DIRECTION('',(0.,0.,-1.));
#6042=DIRECTION('',(-1.,0.,0.));
#6043=DIRECTION('',(0.,0.,1.));
#6044=DIRECTION('',(1.,0.,0.));
#6045=DIRECTION('',(0.,0.,1.));
#6046=DIRECTION('',(1.,0.,0.));
#6047=DIRECTION('',(0.,0.,1.));
#6048=DIRECTION('',(1.,0.,0.));
#6049=DIRECTION('',(0.,0.,1.));
#6050=DIRECTION('',(1.,0.,0.));
#6051=DIRECTION('',(0.,0.,1.));
#6052=DIRECTION('',(1.,0.,0.));
#6053=DIRECTION('',(0.,0.,1.));
#6054=DIRECTION('',(1.,0.,0.));
#6055=DIRECTION('',(0.,0.,-1.));
#6056=DIRECTION('',(-1.,0.,0.));
#6057=DIRECTION('',(0.,0.,1.));
#6058=DIRECTION('',(1.,0.,0.));
#6059=DIRECTION('',(0.,0.,1.));
#6060=DIRECTION('',(1.,0.,0.));
#6061=DIRECTION('',(0.,0.,1.));
#6062=DIRECTION('',(1.,0.,0.));
#6063=DIRECTION('',(0.,0.,-1.));
#6064=DIRECTION('',(-1.,0.,0.));
#6065=DIRECTION('',(0.,0.,1.));
#6066=DIRECTION('',(1.,0.,0.));
#6067=DIRECTION('',(0.,0.,1.));
#6068=DIRECTION('',(1.,0.,0.));
#6069=DIRECTION('',(0.,0.,1.));
#6070=DIRECTION('',(1.,0.,0.));
#6071=DIRECTION('',(0.,0.,-1.));
#6072=DIRECTION('',(-1.,0.,0.));
#6073=DIRECTION('',(0.,0.,1.));
#6074=DIRECTION('',(1.,0.,0.));
#6075=DIRECTION('',(0.,0.,1.));
#6076=DIRECTION('',(1.,0.,0.));
#6077=DIRECTION('',(0.,0.,1.));
#6078=DIRECTION('',(1.,0.,0.));
#6079=DIRECTION('',(0.,0.,-1.));
#6080=DIRECTION('',(-1.,0.,0.));
#6081=DIRECTION('',(0.,0.,1.));
#6082=DIRECTION('',(1.,0.,0.));
#6083=DIRECTION('',(0.,0.,1.));
#6084=DIRECTION('',(1.,0.,0.));
#6085=DIRECTION('',(0.,0.,1.));
#6086=DIRECTION('',(1.,0.,0.));
#6087=DIRECTION('',(0.,0.,1.));
#6088=DIRECTION('',(1.,0.,0.));
#6089=DIRECTION('',(0.,0.,1.));
#6090=DIRECTION('',(1.,0.,0.));
#6091=DIRECTION('',(0.,0.,1.));
#6092=DIRECTION('',(1.,0.,0.));
#6093=DIRECTION('',(0.,0.,1.));
#6094=DIRECTION('',(1.,0.,0.));
#6095=DIRECTION('',(0.,0.,1.));
#6096=DIRECTION('',(1.,0.,0.));
#6097=DIRECTION('',(0.,0.,1.));
#6098=DIRECTION('',(1.,0.,0.));
#6099=DIRECTION('',(0.,0.,1.));
#6100=DIRECTION('',(1.,0.,0.));
#6101=DIRECTION('',(0.,0.,1.));
#6102=DIRECTION('',(1.,0.,0.));
#6103=DIRECTION('',(0.,0.,1.));
#6104=DIRECTION('',(1.,0.,0.));
#6105=DIRECTION('',(0.,0.,1.));
#6106=DIRECTION('',(1.,0.,0.));
#6107=DIRECTION('',(0.,0.,1.));
#6108=DIRECTION('',(1.,0.,0.));
#6109=DIRECTION('',(0.,0.,1.));
#6110=DIRECTION('',(1.,0.,0.));
#6111=DIRECTION('',(0.,0.,1.));
#6112=DIRECTION('',(1.,0.,0.));
#6113=DIRECTION('',(0.,0.,1.));
#6114=DIRECTION('',(1.,0.,0.));
#6115=DIRECTION('',(0.,0.,1.));
#6116=DIRECTION('',(1.,0.,0.));
#6117=DIRECTION('',(0.,0.,1.));
#6118=DIRECTION('',(1.,0.,0.));
#6119=DIRECTION('',(0.,0.,1.));
#6120=DIRECTION('',(1.,0.,0.));
#6121=DIRECTION('',(0.,0.,1.));
#6122=DIRECTION('',(1.,0.,0.));
#6123=DIRECTION('',(0.,0.,1.));
#6124=DIRECTION('',(1.,0.,0.));
#6125=DIRECTION('',(0.,0.,1.));
#6126=DIRECTION('',(1.,0.,0.));
#6127=DIRECTION('',(1.110223024625E-16,-1.,0.));
#6128=DIRECTION('',(1.,1.110223024625E-16,0.));
#6129=DIRECTION('',(0.,-1.,0.));
#6130=DIRECTION('',(0.,0.,-1.));
#6131=DIRECTION('',(1.,0.,0.));
#6132=DIRECTION('',(0.,0.,1.));
#6133=DIRECTION('',(1.,0.,0.));
#6134=DIRECTION('',(1.,0.,0.));
#6135=DIRECTION('',(0.,-1.,0.));
#6136=DIRECTION('',(0.,0.,-1.));
#6137=DIRECTION('',(0.,-1.,0.));
#6138=DIRECTION('',(0.,0.,-1.));
#6139=DIRECTION('',(-1.,0.,0.));
#6140=DIRECTION('',(0.,0.,1.));
#6141=DIRECTION('',(0.,-1.,0.));
#6142=DIRECTION('',(-1.,0.,0.));
#6143=DIRECTION('',(0.,0.,1.));
#6144=DIRECTION('',(0.,-1.,0.));
#6145=DIRECTION('',(0.,0.,1.));
#6146=DIRECTION('',(1.,0.,0.));
#6147=DIRECTION('',(-1.,0.,0.));
#6148=DIRECTION('',(0.,0.,1.));
#6149=DIRECTION('',(0.,-1.,0.));
#6150=DIRECTION('',(-1.,0.,0.));
#6151=DIRECTION('',(0.,0.,1.));
#6152=DIRECTION('',(0.,0.,-1.));
#6153=DIRECTION('',(0.,-1.,0.));
#6154=DIRECTION('',(0.,0.,1.));
#6155=DIRECTION('',(0.,-1.,0.));
#6156=DIRECTION('',(0.,0.,1.));
#6157=DIRECTION('',(1.,0.,0.));
#6158=DIRECTION('',(0.,-1.,0.));
#6159=DIRECTION('',(-1.,0.,0.));
#6160=DIRECTION('',(0.,0.,1.));
#6161=DIRECTION('',(0.,-1.,0.));
#6162=DIRECTION('',(-1.,0.,0.));
#6163=DIRECTION('',(0.,0.,1.));
#6164=DIRECTION('',(0.,-1.,0.));
#6165=DIRECTION('',(0.,0.,1.));
#6166=DIRECTION('',(1.,0.,0.));
#6167=DIRECTION('',(-1.,0.,0.));
#6168=DIRECTION('',(0.,0.,1.));
#6169=DIRECTION('',(0.,0.,1.));
#6170=DIRECTION('',(0.,-1.,0.));
#6171=DIRECTION('',(0.,0.,-1.));
#6172=DIRECTION('',(0.,-1.,0.));
#6173=DIRECTION('',(-1.,0.,0.));
#6174=DIRECTION('',(0.,0.,1.));
#6175=DIRECTION('',(0.,0.,-1.));
#6176=DIRECTION('',(0.,-1.,0.));
#6177=DIRECTION('',(0.,0.,1.));
#6178=DIRECTION('',(0.,-1.,0.));
#6179=DIRECTION('',(0.,0.,1.));
#6180=DIRECTION('',(1.,0.,0.));
#6181=DIRECTION('',(0.,-1.,0.));
#6182=DIRECTION('',(0.,-1.,0.));
#6183=DIRECTION('',(0.,-1.,0.));
#6184=DIRECTION('',(0.,0.,-1.));
#6185=DIRECTION('',(0.,-0.707106781186548,-0.707106781186548));
#6186=DIRECTION('',(0.,-0.707106781186548,0.707106781186548));
#6187=DIRECTION('',(0.,-0.707106781186548,0.707106781186548));
#6188=DIRECTION('',(0.,-0.707106781186548,-0.707106781186548));
#6189=DIRECTION('',(0.,0.,1.));
#6190=DIRECTION('',(1.,0.,0.));
#6191=DIRECTION('',(0.,0.,-1.));
#6192=DIRECTION('',(-1.,0.,0.));
#6193=DIRECTION('',(0.,0.,1.));
#6194=DIRECTION('',(1.,0.,0.));
#6195=DIRECTION('',(0.,0.,-1.));
#6196=DIRECTION('',(-1.,0.,0.));
#6197=DIRECTION('',(9.39389421913631E-17,-1.,0.));
#6198=DIRECTION('',(1.,9.39389421913631E-17,0.));
#6199=DIRECTION('',(9.39389421913631E-17,-1.,0.));
#6200=DIRECTION('',(1.,9.39389421913631E-17,0.));
#6201=DIRECTION('',(9.39389421913631E-17,-1.,0.));
#6202=DIRECTION('',(1.,9.39389421913631E-17,0.));
#6203=DIRECTION('',(9.39389421913631E-17,-1.,0.));
#6204=DIRECTION('',(1.,9.39389421913631E-17,0.));
#6205=DIRECTION('',(0.,1.,0.));
#6206=DIRECTION('',(0.,0.,1.));
#6207=DIRECTION('',(0.,-1.,0.));
#6208=DIRECTION('',(0.,0.,-1.));
#6209=DIRECTION('',(0.,-0.707106781186548,-0.707106781186548));
#6210=DIRECTION('',(0.,-0.707106781186548,0.707106781186548));
#6211=DIRECTION('',(0.,-0.707106781186548,0.707106781186548));
#6212=DIRECTION('',(0.,-0.707106781186548,-0.707106781186548));
#6213=DIRECTION('',(0.,0.,-1.));
#6214=DIRECTION('',(-1.,0.,0.));
#6215=DIRECTION('',(0.,0.,-1.));
#6216=DIRECTION('',(-1.,0.,0.));
#6217=DIRECTION('',(0.,0.,-1.));
#6218=DIRECTION('',(-1.,0.,0.));
#6219=DIRECTION('',(0.,0.,-1.));
#6220=DIRECTION('',(-1.,0.,0.));
#6221=DIRECTION('',(9.39389421913631E-17,-1.,0.));
#6222=DIRECTION('',(1.,9.39389421913631E-17,0.));
#6223=DIRECTION('',(9.39389421913631E-17,-1.,0.));
#6224=DIRECTION('',(1.,9.39389421913631E-17,0.));
#6225=DIRECTION('',(9.39389421913631E-17,-1.,0.));
#6226=DIRECTION('',(1.,9.39389421913631E-17,0.));
#6227=DIRECTION('',(9.39389421913631E-17,-1.,0.));
#6228=DIRECTION('',(1.,9.39389421913631E-17,0.));
#6229=DIRECTION('',(0.,1.,0.));
#6230=DIRECTION('',(0.,0.,1.));
#6231=DIRECTION('',(0.,1.,0.));
#6232=DIRECTION('',(0.,0.,1.));
#6233=DIRECTION('',(0.,0.707106781186548,0.707106781186548));
#6234=DIRECTION('',(0.,0.707106781186548,-0.707106781186548));
#6235=DIRECTION('',(0.,0.707106781186548,-0.707106781186548));
#6236=DIRECTION('',(0.,0.707106781186548,0.707106781186548));
#6237=DIRECTION('',(0.,0.,1.));
#6238=DIRECTION('',(1.,0.,0.));
#6239=DIRECTION('',(0.,0.,-1.));
#6240=DIRECTION('',(-1.,0.,0.));
#6241=DIRECTION('',(0.,0.,1.));
#6242=DIRECTION('',(1.,0.,0.));
#6243=DIRECTION('',(0.,0.,-1.));
#6244=DIRECTION('',(-1.,0.,0.));
#6245=DIRECTION('',(9.39389421913631E-17,-1.,0.));
#6246=DIRECTION('',(1.,9.39389421913631E-17,0.));
#6247=DIRECTION('',(9.39389421913631E-17,-1.,0.));
#6248=DIRECTION('',(1.,9.39389421913631E-17,0.));
#6249=DIRECTION('',(9.39389421913631E-17,-1.,0.));
#6250=DIRECTION('',(1.,9.39389421913631E-17,0.));
#6251=DIRECTION('',(9.39389421913631E-17,-1.,0.));
#6252=DIRECTION('',(1.,9.39389421913631E-17,0.));
#6253=DIRECTION('',(0.,-1.,0.));
#6254=DIRECTION('',(0.,0.,-1.));
#6255=DIRECTION('',(0.,0.,1.));
#6256=DIRECTION('',(1.,0.,0.));
#6257=DIRECTION('',(0.,-1.,0.));
#6258=DIRECTION('',(0.,-1.,0.));
#6259=DIRECTION('',(1.,0.,0.));
#6260=DIRECTION('',(1.,0.,0.));
#6261=DIRECTION('',(0.,0.,-1.));
#6262=DIRECTION('',(0.,0.,-1.));
#6263=DIRECTION('',(0.,-1.,0.));
#6264=DIRECTION('',(0.,-1.,0.));
#6265=DIRECTION('',(1.,0.,0.));
#6266=DIRECTION('',(0.,0.,-1.));
#6267=DIRECTION('',(0.,-1.,0.));
#6268=DIRECTION('',(0.,0.,-1.));
#6269=DIRECTION('',(0.,-1.,0.));
#6270=DIRECTION('',(0.,0.,1.));
#6271=DIRECTION('',(1.,0.,0.));
#6272=DIRECTION('',(0.,-1.,0.));
#6273=DIRECTION('',(-1.,-9.39389421913631E-17,0.));
#6274=DIRECTION('',(0.,-1.,0.));
#6275=DIRECTION('',(-1.,0.,0.));
#6276=DIRECTION('',(0.,0.,1.));
#6277=DIRECTION('',(1.,0.,0.));
#6278=DIRECTION('',(0.,-1.,0.));
#6279=DIRECTION('',(0.,-1.,0.));
#6280=DIRECTION('',(0.,0.,1.));
#6281=DIRECTION('',(1.,0.,0.));
#6282=DIRECTION('',(1.,0.,0.));
#6283=DIRECTION('',(1.,0.,0.));
#6284=DIRECTION('',(0.,0.,-1.));
#6285=DIRECTION('',(0.,0.,-1.));
#6286=DIRECTION('',(0.,-1.,0.));
#6287=DIRECTION('',(0.,-1.,0.));
#6288=DIRECTION('',(1.,0.,0.));
#6289=DIRECTION('',(0.,0.,-1.));
#6290=DIRECTION('',(0.,-1.,0.));
#6291=DIRECTION('',(0.,0.,-1.));
#6292=DIRECTION('',(0.,-1.,0.));
#6293=DIRECTION('',(0.,0.,1.));
#6294=DIRECTION('',(1.,0.,0.));
#6295=DIRECTION('',(0.,-1.,0.));
#6296=DIRECTION('',(-1.,-9.39389421913631E-17,0.));
#6297=DIRECTION('',(0.,-1.,0.));
#6298=DIRECTION('',(-1.,0.,0.));
#6299=DIRECTION('',(0.,1.,0.));
#6300=DIRECTION('',(0.,0.,1.));
#6301=DIRECTION('',(0.,0.,-1.));
#6302=DIRECTION('',(1.,0.,0.));
#6303=DIRECTION('',(1.,0.,0.));
#6304=DIRECTION('',(1.,0.,0.));
#6305=DIRECTION('',(0.,1.,0.));
#6306=DIRECTION('',(0.,0.,1.));
#6307=DIRECTION('',(1.,0.,0.));
#6308=DIRECTION('',(0.,0.,-1.));
#6309=DIRECTION('',(1.,0.,0.));
#6310=DIRECTION('',(1.,0.,0.));
#6311=DIRECTION('',(0.,0.,1.));
#6312=DIRECTION('',(1.,0.,0.));
#6313=DIRECTION('',(1.,0.,0.));
#6314=DIRECTION('',(3.8000514260171E-16,-1.,0.));
#6315=DIRECTION('',(1.,0.,0.));
#6316=DIRECTION('',(0.,-1.,0.));
#6317=DIRECTION('',(0.,0.,1.));
#6318=DIRECTION('',(1.,0.,0.));
#6319=DIRECTION('',(0.,-1.,0.));
#6320=DIRECTION('',(0.,1.,0.));
#6321=DIRECTION('',(0.,0.,1.));
#6322=DIRECTION('',(0.,0.,-1.));
#6323=DIRECTION('',(1.,0.,0.));
#6324=DIRECTION('',(1.,0.,0.));
#6325=DIRECTION('',(1.,0.,0.));
#6326=DIRECTION('',(0.,1.,0.));
#6327=DIRECTION('',(0.,0.,1.));
#6328=DIRECTION('',(1.,0.,0.));
#6329=DIRECTION('',(0.,0.,-1.));
#6330=DIRECTION('',(1.,0.,0.));
#6331=DIRECTION('',(1.,0.,0.));
#6332=DIRECTION('',(0.,0.,1.));
#6333=DIRECTION('',(1.,0.,0.));
#6334=DIRECTION('',(1.,0.,0.));
#6335=DIRECTION('',(3.8000514260171E-16,-1.,0.));
#6336=DIRECTION('',(1.,0.,0.));
#6337=DIRECTION('',(0.,-1.,0.));
#6338=DIRECTION('',(0.,0.,1.));
#6339=DIRECTION('',(1.,0.,0.));
#6340=DIRECTION('',(0.,-1.,0.));
#6341=DIRECTION('',(0.,0.,1.));
#6342=DIRECTION('',(1.,0.,0.));
#6343=DIRECTION('',(-1.,0.,0.));
#6344=DIRECTION('',(0.,0.,1.));
#6345=DIRECTION('',(1.,0.,0.));
#6346=DIRECTION('',(1.,0.,0.));
#6347=DIRECTION('',(0.,0.,1.));
#6348=DIRECTION('',(1.,0.,0.));
#6349=DIRECTION('',(-1.,0.,0.));
#6350=DIRECTION('',(0.,0.,1.));
#6351=DIRECTION('',(1.,0.,0.));
#6352=DIRECTION('',(1.,0.,0.));
#6353=DIRECTION('',(0.,0.,1.));
#6354=DIRECTION('',(1.,0.,0.));
#6355=DIRECTION('',(0.,-1.,0.));
#6356=DIRECTION('',(-1.,0.,0.));
#6357=DIRECTION('',(0.,0.,1.));
#6358=DIRECTION('',(1.,0.,0.));
#6359=DIRECTION('',(0.,1.,0.));
#6360=DIRECTION('',(0.,0.,1.));
#6361=DIRECTION('',(1.,0.,0.));
#6362=DIRECTION('',(-1.,0.,0.));
#6363=DIRECTION('',(0.,-1.,0.));
#6364=DIRECTION('',(-1.,0.,0.));
#6365=DIRECTION('',(0.,0.,1.));
#6366=DIRECTION('',(1.,0.,0.));
#6367=DIRECTION('',(0.,1.,0.));
#6368=DIRECTION('',(0.,0.,1.));
#6369=DIRECTION('',(1.,0.,0.));
#6370=DIRECTION('',(-1.,0.,0.));
#6371=DIRECTION('',(0.,-1.,0.));
#6372=DIRECTION('',(0.,0.,1.));
#6373=DIRECTION('',(1.,0.,0.));
#6374=DIRECTION('',(1.,0.,0.));
#6375=DIRECTION('',(0.,1.,0.));
#6376=DIRECTION('',(0.,0.,1.));
#6377=DIRECTION('',(1.,0.,0.));
#6378=DIRECTION('',(1.,0.,0.));
#6379=DIRECTION('',(0.,0.,1.));
#6380=DIRECTION('',(1.,0.,0.));
#6381=DIRECTION('',(0.,1.,0.));
#6382=DIRECTION('',(1.,0.,0.));
#6383=DIRECTION('',(0.,1.,0.));
#6384=DIRECTION('',(0.,0.,1.));
#6385=DIRECTION('',(1.,0.,0.));
#6386=DIRECTION('',(1.,0.,0.));
#6387=DIRECTION('',(0.,0.,1.));
#6388=DIRECTION('',(1.,0.,0.));
#6389=DIRECTION('',(0.,1.,0.));
#6390=DIRECTION('',(1.,0.,0.));
#6391=DIRECTION('',(0.,0.,1.));
#6392=DIRECTION('',(1.,0.,0.));
#6393=DIRECTION('',(0.,-1.,0.));
#6394=DIRECTION('',(0.,0.,1.));
#6395=DIRECTION('',(1.,0.,0.));
#6396=DIRECTION('',(0.,-1.,0.));
#6397=DIRECTION('',(0.,0.,1.));
#6398=DIRECTION('',(1.,0.,0.));
#6399=DIRECTION('',(0.,-1.,0.));
#6400=DIRECTION('',(0.,0.,1.));
#6401=DIRECTION('',(1.,0.,0.));
#6402=DIRECTION('',(0.,-1.,0.));
#6403=DIRECTION('',(0.,0.,1.));
#6404=DIRECTION('',(1.,0.,0.));
#6405=DIRECTION('',(0.,-1.,0.));
#6406=DIRECTION('',(0.,0.,1.));
#6407=DIRECTION('',(1.,0.,0.));
#6408=DIRECTION('',(0.,0.,1.));
#6409=DIRECTION('',(1.,0.,0.));
#6410=DIRECTION('',(0.,-1.,0.));
#6411=DIRECTION('',(0.,0.,1.));
#6412=DIRECTION('',(1.,0.,0.));
#6413=DIRECTION('',(-1.,0.,0.));
#6414=DIRECTION('',(0.,0.,1.));
#6415=DIRECTION('',(1.,0.,0.));
#6416=DIRECTION('',(0.,-1.,0.));
#6417=DIRECTION('',(0.,0.,1.));
#6418=DIRECTION('',(1.,0.,0.));
#6419=DIRECTION('',(-1.,0.,0.));
#6420=DIRECTION('',(0.,0.,1.));
#6421=DIRECTION('',(1.,0.,0.));
#6422=DIRECTION('',(1.,0.,0.));
#6423=DIRECTION('',(0.,0.,-1.));
#6424=DIRECTION('',(0.,-1.,0.));
#6425=DIRECTION('',(0.,0.,-1.));
#6426=DIRECTION('',(0.,0.,-1.));
#6427=DIRECTION('',(0.,0.,-1.));
#6428=DIRECTION('',(-1.,0.,0.));
#6429=DIRECTION('',(0.,0.,1.));
#6430=DIRECTION('',(1.,0.,0.));
#6431=DIRECTION('',(0.,0.,-1.));
#6432=DIRECTION('',(0.,-1.,0.));
#6433=DIRECTION('',(0.,0.,-1.));
#6434=DIRECTION('',(-1.,0.,0.));
#6435=DIRECTION('',(0.,0.,-1.));
#6436=DIRECTION('',(0.,0.,-1.));
#6437=DIRECTION('',(-1.,0.,0.));
#6438=DIRECTION('',(0.,0.,1.));
#6439=DIRECTION('',(1.,0.,0.));
#6440=DIRECTION('',(0.,0.,-1.));
#6441=DIRECTION('',(1.,0.,0.));
#6442=DIRECTION('',(0.,0.,-1.));
#6443=DIRECTION('',(0.,-1.,0.));
#6444=DIRECTION('',(0.,0.,-1.));
#6445=DIRECTION('',(0.,0.,-1.));
#6446=DIRECTION('',(-1.,0.,0.));
#6447=DIRECTION('',(0.,0.,1.));
#6448=DIRECTION('',(1.,0.,0.));
#6449=DIRECTION('',(0.,0.,-1.));
#6450=DIRECTION('',(0.,-1.,0.));
#6451=DIRECTION('',(0.,0.,-1.));
#6452=DIRECTION('',(-1.,0.,0.));
#6453=DIRECTION('',(0.,0.,-1.));
#6454=DIRECTION('',(0.,0.,-1.));
#6455=DIRECTION('',(-1.,0.,0.));
#6456=DIRECTION('',(0.,0.,1.));
#6457=DIRECTION('',(1.,0.,0.));
#6458=DIRECTION('',(0.,0.,-1.));
#6459=DIRECTION('',(0.,0.,-1.));
#6460=DIRECTION('',(1.,0.,0.));
#6461=DIRECTION('',(0.,0.,-1.));
#6462=DIRECTION('',(0.,-1.,0.));
#6463=DIRECTION('',(0.,0.,-1.));
#6464=DIRECTION('',(0.,0.,-1.));
#6465=DIRECTION('',(-1.,0.,0.));
#6466=DIRECTION('',(0.,0.,1.));
#6467=DIRECTION('',(1.,0.,0.));
#6468=DIRECTION('',(0.,0.,-1.));
#6469=DIRECTION('',(0.,1.,0.));
#6470=DIRECTION('',(0.,0.,1.));
#6471=DIRECTION('',(1.,0.,0.));
#6472=DIRECTION('',(0.,0.,-1.));
#6473=DIRECTION('',(0.,0.,-1.));
#6474=DIRECTION('',(-1.,0.,0.));
#6475=DIRECTION('',(0.,0.,1.));
#6476=DIRECTION('',(1.,0.,0.));
#6477=DIRECTION('',(0.,0.,-1.));
#6478=DIRECTION('',(1.,0.,0.));
#6479=DIRECTION('',(0.,0.,-1.));
#6480=DIRECTION('',(0.,-1.,0.));
#6481=DIRECTION('',(0.,0.,-1.));
#6482=DIRECTION('',(0.,-1.,0.));
#6483=DIRECTION('',(0.,-1.,0.));
#6484=DIRECTION('',(0.,0.,-1.));
#6485=DIRECTION('',(-1.,0.,0.));
#6486=DIRECTION('',(0.,0.,1.));
#6487=DIRECTION('',(1.,0.,0.));
#6488=DIRECTION('',(0.,0.,-1.));
#6489=DIRECTION('',(0.,1.,0.));
#6490=DIRECTION('',(0.,0.,1.));
#6491=DIRECTION('',(1.,0.,0.));
#6492=DIRECTION('',(1.,0.,0.));
#6493=DIRECTION('',(1.,0.,0.));
#6494=DIRECTION('',(0.,0.,-1.));
#6495=DIRECTION('',(-1.,0.,0.));
#6496=DIRECTION('',(0.,0.,1.));
#6497=DIRECTION('',(1.,0.,0.));
#6498=DIRECTION('',(0.,0.,1.));
#6499=DIRECTION('',(1.,0.,0.));
#6500=DIRECTION('',(1.,0.,0.));
#6501=DIRECTION('',(0.,0.,-1.));
#6502=DIRECTION('',(0.,-1.,0.));
#6503=DIRECTION('',(0.,0.,-1.));
#6504=DIRECTION('',(0.,-1.,0.));
#6505=DIRECTION('',(0.,0.,-1.));
#6506=DIRECTION('',(1.,0.,0.));
#6507=DIRECTION('',(0.,0.,-1.));
#6508=DIRECTION('',(0.,-1.,0.));
#6509=DIRECTION('',(0.,0.,-1.));
#6510=DIRECTION('',(0.,-1.,0.));
#6511=DIRECTION('',(0.,0.,-1.));
#6512=DIRECTION('',(-1.,0.,0.));
#6513=DIRECTION('',(0.,0.,1.));
#6514=DIRECTION('',(0.,0.,-1.));
#6515=DIRECTION('',(0.,1.,0.));
#6516=DIRECTION('',(0.,1.,0.));
#6517=DIRECTION('',(0.,1.,0.));
#6518=DIRECTION('',(0.,0.,1.));
#6519=DIRECTION('',(1.,0.,0.));
#6520=DIRECTION('',(0.,0.,-1.));
#6521=DIRECTION('',(1.,0.,0.));
#6522=DIRECTION('',(0.,0.,-1.));
#6523=DIRECTION('',(-1.,0.,0.));
#6524=DIRECTION('',(0.,0.,1.));
#6525=DIRECTION('',(0.,1.,0.));
#6526=DIRECTION('',(0.,0.,-1.));
#6527=DIRECTION('',(0.,1.,0.));
#6528=DIRECTION('',(0.,0.,1.));
#6529=DIRECTION('',(1.,0.,0.));
#6530=DIRECTION('',(0.,1.,0.));
#6531=DIRECTION('',(-1.,-9.39389421913631E-17,0.));
#6532=DIRECTION('',(0.,1.,0.));
#6533=DIRECTION('',(1.,0.,0.));
#6534=DIRECTION('',(0.,0.,1.));
#6535=DIRECTION('',(1.,0.,0.));
#6536=DIRECTION('',(-1.,0.,0.));
#6537=DIRECTION('',(0.,0.,1.));
#6538=DIRECTION('',(0.,0.,-1.));
#6539=DIRECTION('',(0.,1.,0.));
#6540=DIRECTION('',(0.,1.,0.));
#6541=DIRECTION('',(0.,1.,0.));
#6542=DIRECTION('',(0.,0.,1.));
#6543=DIRECTION('',(1.,0.,0.));
#6544=DIRECTION('',(0.,0.,-1.));
#6545=DIRECTION('',(1.,0.,0.));
#6546=DIRECTION('',(0.,0.,-1.));
#6547=DIRECTION('',(-1.,0.,0.));
#6548=DIRECTION('',(0.,0.,1.));
#6549=DIRECTION('',(0.,1.,0.));
#6550=DIRECTION('',(0.,0.,-1.));
#6551=DIRECTION('',(0.,1.,0.));
#6552=DIRECTION('',(0.,0.,1.));
#6553=DIRECTION('',(1.,0.,0.));
#6554=DIRECTION('',(0.,1.,0.));
#6555=DIRECTION('',(-1.,-9.39389421913631E-17,0.));
#6556=DIRECTION('',(0.,1.,0.));
#6557=DIRECTION('',(1.,0.,0.));
#6558=DIRECTION('',(0.,0.,1.));
#6559=DIRECTION('',(1.,0.,0.));
#6560=DIRECTION('',(0.,0.,1.));
#6561=DIRECTION('',(1.,0.,0.));
#6562=DIRECTION('',(-1.,0.,0.));
#6563=DIRECTION('',(-1.,0.,0.));
#6564=DIRECTION('',(0.,-1.,0.));
#6565=DIRECTION('',(0.,0.,-1.));
#6566=DIRECTION('',(0.,0.,-1.));
#6567=DIRECTION('',(-1.,0.,0.));
#6568=DIRECTION('',(0.,-1.,0.));
#6569=DIRECTION('',(0.,0.,-1.));
#6570=DIRECTION('',(-1.,0.,0.));
#6571=DIRECTION('',(0.,0.,-1.));
#6572=DIRECTION('',(0.,0.,1.));
#6573=DIRECTION('',(1.,0.,0.));
#6574=DIRECTION('',(0.,1.,0.));
#6575=DIRECTION('',(-1.,0.,0.));
#6576=DIRECTION('',(3.8000514260171E-16,-1.,0.));
#6577=DIRECTION('',(-1.,0.,0.));
#6578=DIRECTION('',(0.,0.,1.));
#6579=DIRECTION('',(1.,0.,0.));
#6580=DIRECTION('',(-1.,0.,0.));
#6581=DIRECTION('',(-1.,0.,0.));
#6582=DIRECTION('',(0.,-1.,0.));
#6583=DIRECTION('',(0.,0.,-1.));
#6584=DIRECTION('',(0.,0.,-1.));
#6585=DIRECTION('',(-1.,0.,0.));
#6586=DIRECTION('',(-1.,0.,0.));
#6587=DIRECTION('',(0.,0.,1.));
#6588=DIRECTION('',(0.,1.,0.));
#6589=DIRECTION('',(0.,0.,-1.));
#6590=DIRECTION('',(0.,1.,0.));
#6591=DIRECTION('',(0.,0.,-1.));
#6592=DIRECTION('',(0.,-1.,0.));
#6593=DIRECTION('',(0.,0.,-1.));
#6594=DIRECTION('',(0.,0.,-1.));
#6595=DIRECTION('',(-1.,0.,0.));
#6596=DIRECTION('',(0.,0.,1.));
#6597=DIRECTION('',(1.,0.,0.));
#6598=DIRECTION('',(0.,1.,0.));
#6599=DIRECTION('',(0.,-1.,0.));
#6600=DIRECTION('',(0.,0.,-1.));
#6601=DIRECTION('',(-1.,0.,0.));
#6602=DIRECTION('',(0.,0.,-1.));
#6603=DIRECTION('',(-1.,0.,0.));
#6604=DIRECTION('',(0.,0.,-1.));
#6605=DIRECTION('',(0.,-1.,0.));
#6606=DIRECTION('',(0.,0.,-1.));
#6607=DIRECTION('',(-1.,0.,0.));
#6608=DIRECTION('',(0.,0.,-1.));
#6609=DIRECTION('',(-1.,0.,0.));
#6610=DIRECTION('',(0.,0.,-1.));
#6611=DIRECTION('',(0.,0.,-1.));
#6612=DIRECTION('',(-1.,0.,0.));
#6613=DIRECTION('',(0.,0.,-1.));
#6614=DIRECTION('',(-1.,0.,0.));
#6615=DIRECTION('',(0.,0.,1.));
#6616=DIRECTION('',(1.,0.,0.));
#6617=DIRECTION('',(0.,-1.,0.));
#6618=DIRECTION('',(0.,0.,-1.));
#6619=DIRECTION('',(0.,1.,0.));
#6620=DIRECTION('',(0.,0.,1.));
#6621=DIRECTION('',(0.,-1.,0.));
#6622=DIRECTION('',(0.,0.,-1.));
#6623=DIRECTION('',(0.,0.,1.));
#6624=DIRECTION('',(1.,0.,0.));
#6625=DIRECTION('',(0.,1.,0.));
#6626=DIRECTION('',(0.,0.,1.));
#6627=DIRECTION('',(0.,0.,1.));
#6628=DIRECTION('',(1.,0.,0.));
#6629=DIRECTION('',(0.,0.,-1.));
#6630=DIRECTION('',(-1.,0.,0.));
#6631=DIRECTION('',(0.,0.,1.));
#6632=DIRECTION('',(1.,0.,0.));
#6633=DIRECTION('',(0.,1.,0.));
#6634=DIRECTION('',(0.,0.,1.));
#6635=DIRECTION('',(0.,1.,0.));
#6636=DIRECTION('',(0.,0.,1.));
#6637=DIRECTION('',(0.,0.,1.));
#6638=DIRECTION('',(1.,0.,0.));
#6639=DIRECTION('',(9.39389421913631E-17,-1.,0.));
#6640=DIRECTION('',(1.,9.39389421913631E-17,0.));
#6641=DIRECTION('',(9.39389421913631E-17,-1.,0.));
#6642=DIRECTION('',(1.,9.39389421913631E-17,0.));
#6643=DIRECTION('',(-1.,0.,0.));
#6644=DIRECTION('',(0.,0.,1.));
#6645=DIRECTION('',(0.,1.,0.));
#6646=DIRECTION('',(0.,0.,1.));
#6647=DIRECTION('',(0.164397255028476,-0.986394212543394,0.));
#6648=DIRECTION('',(-0.986394212543394,-0.164397255028476,0.));
#6649=DIRECTION('',(1.,9.39389421913631E-17,0.));
#6650=DIRECTION('',(-9.39389421913631E-17,1.,0.));
#6651=DIRECTION('',(-1.,0.,0.));
#6652=DIRECTION('',(0.,0.,1.));
#6653=DIRECTION('',(-1.,0.,0.));
#6654=DIRECTION('',(0.,0.,1.));
#6655=DIRECTION('',(0.986394212543394,0.164397255028476,0.));
#6656=DIRECTION('',(0.164397255028476,-0.986394212543394,0.));
#6657=DIRECTION('',(0.986394212543394,-0.164397255028476,0.));
#6658=DIRECTION('',(-0.164397255028476,-0.986394212543394,0.));
#6659=DIRECTION('',(9.39389421913631E-17,-1.,0.));
#6660=DIRECTION('',(1.,9.39389421913631E-17,0.));
#6661=DIRECTION('',(9.39389421913631E-17,-1.,0.));
#6662=DIRECTION('',(1.,9.39389421913631E-17,0.));
#6663=DIRECTION('',(0.,-1.,0.));
#6664=DIRECTION('',(0.,0.,-1.));
#6665=DIRECTION('',(0.164397255028476,0.986394212543394,0.));
#6666=DIRECTION('',(0.986394212543394,-0.164397255028476,0.));
#6667=DIRECTION('',(9.39389421913631E-17,-1.,0.));
#6668=DIRECTION('',(1.,9.39389421913631E-17,0.));
#6669=DIRECTION('',(9.39389421913631E-17,-1.,0.));
#6670=DIRECTION('',(1.,9.39389421913631E-17,0.));
#6671=DIRECTION('',(-1.,0.,0.));
#6672=DIRECTION('',(0.,0.,1.));
#6673=DIRECTION('',(0.,1.,0.));
#6674=DIRECTION('',(0.,0.,1.));
#6675=DIRECTION('',(0.242534141783098,-0.970142870957436,0.));
#6676=DIRECTION('',(-0.970142870957436,-0.242534141783098,0.));
#6677=DIRECTION('',(1.,9.39389421913631E-17,0.));
#6678=DIRECTION('',(-9.39389421913631E-17,1.,0.));
#6679=DIRECTION('',(-1.,0.,0.));
#6680=DIRECTION('',(0.,0.,1.));
#6681=DIRECTION('',(-1.,0.,0.));
#6682=DIRECTION('',(0.,0.,1.));
#6683=DIRECTION('',(0.970142870957436,0.242534141783098,0.));
#6684=DIRECTION('',(0.242534141783098,-0.970142870957436,0.));
#6685=DIRECTION('',(0.970142870957436,-0.242534141783098,0.));
#6686=DIRECTION('',(-0.242534141783098,-0.970142870957436,0.));
#6687=DIRECTION('',(9.39389421913631E-17,-1.,0.));
#6688=DIRECTION('',(1.,9.39389421913631E-17,0.));
#6689=DIRECTION('',(9.39389421913631E-17,-1.,0.));
#6690=DIRECTION('',(1.,9.39389421913631E-17,0.));
#6691=DIRECTION('',(0.,-1.,0.));
#6692=DIRECTION('',(0.,0.,-1.));
#6693=DIRECTION('',(0.242534141783098,0.970142870957436,0.));
#6694=DIRECTION('',(0.970142870957436,-0.242534141783098,0.));
#6695=DIRECTION('',(-1.,0.,0.));
#6696=DIRECTION('',(0.,0.,1.));
#6697=DIRECTION('',(-1.,0.,0.));
#6698=DIRECTION('',(0.,0.,1.));
#6699=DIRECTION('',(1.,0.,0.));
#6700=DIRECTION('',(0.,0.,-1.));
#6701=DIRECTION('',(1.,3.8000514260171E-16,0.));
#6702=DIRECTION('',(-3.8000514260171E-16,1.,0.));
#6703=DIRECTION('',(1.,3.8000514260171E-16,0.));
#6704=DIRECTION('',(-3.8000514260171E-16,1.,0.));
#6705=DIRECTION('',(0.,1.,0.));
#6706=DIRECTION('',(0.,0.,1.));
#6707=DIRECTION('',(-3.8000514260171E-16,1.,0.));
#6708=DIRECTION('',(-1.,-3.8000514260171E-16,0.));
#6709=DIRECTION('',(0.,1.,0.));
#6710=DIRECTION('',(0.,0.,1.));
#6711=DIRECTION('',(1.,3.8000514260171E-16,0.));
#6712=DIRECTION('',(-3.8000514260171E-16,1.,0.));
#6713=DIRECTION('',(1.,3.8000514260171E-16,0.));
#6714=DIRECTION('',(-3.8000514260171E-16,1.,0.));
#6715=DIRECTION('',(-1.,0.,0.));
#6716=DIRECTION('',(0.,0.,1.));
#6717=DIRECTION('',(-1.,0.,0.));
#6718=DIRECTION('',(0.,0.,1.));
#6719=DIRECTION('',(-1.,0.,0.));
#6720=DIRECTION('',(0.,0.,1.));
#6721=DIRECTION('',(0.,0.,-1.));
#6722=DIRECTION('',(-1.,0.,0.));
#6723=DIRECTION('',(0.,0.,1.));
#6724=DIRECTION('',(1.,0.,0.));
#6725=DIRECTION('',(0.,0.707106781186548,-0.707106781186548));
#6726=DIRECTION('',(0.,-0.707106781186548,-0.707106781186548));
#6727=DIRECTION('',(0.,-1.,0.));
#6728=DIRECTION('',(0.,0.,-1.));
#6729=DIRECTION('',(0.,0.707106781186548,0.707106781186548));
#6730=DIRECTION('',(0.,-0.707106781186548,0.707106781186548));
#6731=DIRECTION('',(0.,0.,1.));
#6732=DIRECTION('',(1.,0.,0.));
#6733=DIRECTION('',(0.,1.,0.));
#6734=DIRECTION('',(0.,0.,1.));
#6735=DIRECTION('',(0.,0.,1.));
#6736=DIRECTION('',(1.,0.,0.));
#6737=DIRECTION('',(0.,0.,1.));
#6738=DIRECTION('',(1.,0.,0.));
#6739=DIRECTION('',(0.,1.,0.));
#6740=DIRECTION('',(0.,0.,1.));
#6741=DIRECTION('',(0.,1.,0.));
#6742=DIRECTION('',(0.,0.,1.));
#6743=DIRECTION('',(0.,0.,1.));
#6744=DIRECTION('',(1.,0.,0.));
#6745=DIRECTION('',(9.39389421913631E-17,-1.,0.));
#6746=DIRECTION('',(1.,9.39389421913631E-17,0.));
#6747=DIRECTION('',(9.39389421913631E-17,-1.,0.));
#6748=DIRECTION('',(1.,9.39389421913631E-17,0.));
#6749=DIRECTION('',(1.,0.,0.));
#6750=DIRECTION('',(0.,0.,-1.));
#6751=DIRECTION('',(0.,-1.,0.));
#6752=DIRECTION('',(0.,0.,-1.));
#6753=DIRECTION('',(-0.626954493406348,0.77905587938067,0.));
#6754=DIRECTION('',(0.77905587938067,0.626954493406348,0.));
#6755=DIRECTION('',(-1.,-9.39389421913631E-17,0.));
#6756=DIRECTION('',(9.39389421913631E-17,-1.,0.));
#6757=DIRECTION('',(1.,0.,0.));
#6758=DIRECTION('',(0.,0.,-1.));
#6759=DIRECTION('',(1.,0.,0.));
#6760=DIRECTION('',(0.,0.,-1.));
#6761=DIRECTION('',(-0.77905587938067,-0.626954493406348,0.));
#6762=DIRECTION('',(-0.626954493406348,0.77905587938067,0.));
#6763=DIRECTION('',(-0.77905587938067,0.626954493406348,0.));
#6764=DIRECTION('',(0.626954493406348,0.77905587938067,0.));
#6765=DIRECTION('',(9.39389421913631E-17,-1.,0.));
#6766=DIRECTION('',(1.,9.39389421913631E-17,0.));
#6767=DIRECTION('',(9.39389421913631E-17,-1.,0.));
#6768=DIRECTION('',(1.,9.39389421913631E-17,0.));
#6769=DIRECTION('',(0.,1.,0.));
#6770=DIRECTION('',(0.,0.,1.));
#6771=DIRECTION('',(-0.626954493406348,-0.77905587938067,0.));
#6772=DIRECTION('',(-0.77905587938067,0.626954493406348,0.));
#6773=DIRECTION('',(0.,0.,-1.));
#6774=DIRECTION('',(-1.,0.,0.));
#6775=DIRECTION('',(0.,0.,1.));
#6776=DIRECTION('',(1.,0.,0.));
#6777=DIRECTION('',(0.,0.,1.));
#6778=DIRECTION('',(1.,0.,0.));
#6779=DIRECTION('',(0.,0.,1.));
#6780=DIRECTION('',(1.,0.,0.));
#6781=DIRECTION('',(1.,0.,0.));
#6782=DIRECTION('',(0.,0.,-1.));
#6783=DIRECTION('',(-1.,0.,0.));
#6784=DIRECTION('',(0.,0.,1.));
#6785=DIRECTION('',(1.,0.,0.));
#6786=DIRECTION('',(0.,0.,-1.));
#6787=DIRECTION('',(0.,0.,1.));
#6788=DIRECTION('',(1.,0.,0.));
#6789=DIRECTION('',(0.,0.,1.));
#6790=DIRECTION('',(1.,0.,0.));
#6791=DIRECTION('',(0.,0.,-1.));
#6792=DIRECTION('',(-1.,0.,0.));
#6793=DIRECTION('',(0.,0.,1.));
#6794=DIRECTION('',(1.,0.,0.));
#6795=DIRECTION('',(9.39389421913631E-17,-1.,0.));
#6796=DIRECTION('',(1.,9.39389421913631E-17,0.));
#6797=DIRECTION('',(9.39389421913631E-17,-1.,0.));
#6798=DIRECTION('',(1.,9.39389421913631E-17,0.));
#6799=DIRECTION('',(1.,0.,0.));
#6800=DIRECTION('',(0.,0.,-1.));
#6801=DIRECTION('',(0.,-1.,0.));
#6802=DIRECTION('',(0.,0.,-1.));
#6803=DIRECTION('',(-0.49301257198088,0.870022185848613,0.));
#6804=DIRECTION('',(0.870022185848613,0.49301257198088,0.));
#6805=DIRECTION('',(-1.,-9.39389421913631E-17,0.));
#6806=DIRECTION('',(9.39389421913631E-17,-1.,0.));
#6807=DIRECTION('',(1.,0.,0.));
#6808=DIRECTION('',(0.,0.,-1.));
#6809=DIRECTION('',(1.,0.,0.));
#6810=DIRECTION('',(0.,0.,-1.));
#6811=DIRECTION('',(-0.870022185848611,-0.493012571980883,0.));
#6812=DIRECTION('',(-0.493012571980883,0.870022185848611,0.));
#6813=DIRECTION('',(-0.870022185848611,0.493012571980883,0.));
#6814=DIRECTION('',(0.493012571980883,0.870022185848611,0.));
#6815=DIRECTION('',(9.39389421913631E-17,-1.,0.));
#6816=DIRECTION('',(1.,9.39389421913631E-17,0.));
#6817=DIRECTION('',(9.39389421913631E-17,-1.,0.));
#6818=DIRECTION('',(1.,9.39389421913631E-17,0.));
#6819=DIRECTION('',(0.,1.,0.));
#6820=DIRECTION('',(0.,0.,1.));
#6821=DIRECTION('',(-0.49301257198088,-0.870022185848613,0.));
#6822=DIRECTION('',(-0.870022185848613,0.49301257198088,0.));
#6823=DIRECTION('',(0.,0.,-1.));
#6824=DIRECTION('',(-1.,0.,0.));
#6825=DIRECTION('',(0.,0.,1.));
#6826=DIRECTION('',(1.,0.,0.));
#6827=DIRECTION('',(0.,0.,1.));
#6828=DIRECTION('',(1.,0.,0.));
#6829=DIRECTION('',(0.,0.,1.));
#6830=DIRECTION('',(1.,0.,0.));
#6831=DIRECTION('',(1.,0.,0.));
#6832=DIRECTION('',(0.,0.,-1.));
#6833=DIRECTION('',(-1.,0.,0.));
#6834=DIRECTION('',(0.,0.,1.));
#6835=DIRECTION('',(1.,0.,0.));
#6836=DIRECTION('',(0.,0.,-1.));
#6837=DIRECTION('',(0.,0.,1.));
#6838=DIRECTION('',(1.,0.,0.));
#6839=DIRECTION('',(0.,0.,1.));
#6840=DIRECTION('',(1.,0.,0.));
#6841=DIRECTION('',(0.,0.,-1.));
#6842=DIRECTION('',(-1.,0.,0.));
#6843=DIRECTION('',(0.,0.,1.));
#6844=DIRECTION('',(1.,0.,0.));
#6845=DIRECTION('',(1.,3.8000514260171E-16,0.));
#6846=DIRECTION('',(-3.8000514260171E-16,1.,0.));
#6847=DIRECTION('',(1.,3.8000514260171E-16,0.));
#6848=DIRECTION('',(-3.8000514260171E-16,1.,0.));
#6849=DIRECTION('',(0.,1.,0.));
#6850=DIRECTION('',(0.,0.,1.));
#6851=DIRECTION('',(1.,0.,0.));
#6852=DIRECTION('',(0.,0.,-1.));
#6853=DIRECTION('',(-0.905458935958868,-0.424433876230719,0.));
#6854=DIRECTION('',(-0.424433876230719,0.905458935958869,0.));
#6855=DIRECTION('',(3.8000514260171E-16,-1.,0.));
#6856=DIRECTION('',(1.,3.8000514260171E-16,0.));
#6857=DIRECTION('',(0.,1.,0.));
#6858=DIRECTION('',(0.,0.,1.));
#6859=DIRECTION('',(0.,1.,0.));
#6860=DIRECTION('',(0.,0.,1.));
#6861=DIRECTION('',(0.424433876230718,-0.905458935958869,0.));
#6862=DIRECTION('',(-0.905458935958869,-0.424433876230718,0.));
#6863=DIRECTION('',(-0.424433876230718,-0.905458935958869,0.));
#6864=DIRECTION('',(-0.905458935958869,0.424433876230718,0.));
#6865=DIRECTION('',(1.,3.8000514260171E-16,0.));
#6866=DIRECTION('',(-3.8000514260171E-16,1.,0.));
#6867=DIRECTION('',(1.,3.8000514260171E-16,0.));
#6868=DIRECTION('',(-3.8000514260171E-16,1.,0.));
#6869=DIRECTION('',(-1.,0.,0.));
#6870=DIRECTION('',(0.,0.,1.));
#6871=DIRECTION('',(0.905458935958868,-0.424433876230719,0.));
#6872=DIRECTION('',(-0.424433876230719,-0.905458935958869,0.));
#6873=DIRECTION('',(0.,0.,-1.));
#6874=DIRECTION('',(-1.,0.,0.));
#6875=DIRECTION('',(0.,0.,1.));
#6876=DIRECTION('',(1.,0.,0.));
#6877=DIRECTION('',(0.,0.,1.));
#6878=DIRECTION('',(1.,0.,0.));
#6879=DIRECTION('',(0.,0.,1.));
#6880=DIRECTION('',(1.,0.,0.));
#6881=DIRECTION('',(0.,1.,0.));
#6882=DIRECTION('',(0.,0.,1.));
#6883=DIRECTION('',(0.,-1.,0.));
#6884=DIRECTION('',(0.,0.,-1.));
#6885=DIRECTION('',(0.,1.,0.));
#6886=DIRECTION('',(0.,0.,1.));
#6887=DIRECTION('',(0.,0.,1.));
#6888=DIRECTION('',(1.,0.,0.));
#6889=DIRECTION('',(0.,0.,1.));
#6890=DIRECTION('',(1.,0.,0.));
#6891=DIRECTION('',(0.,0.,-1.));
#6892=DIRECTION('',(-1.,0.,0.));
#6893=DIRECTION('',(0.,0.,1.));
#6894=DIRECTION('',(1.,0.,0.));
#6895=DIRECTION('',(1.,3.8000514260171E-16,0.));
#6896=DIRECTION('',(-3.8000514260171E-16,1.,0.));
#6897=DIRECTION('',(1.,3.8000514260171E-16,0.));
#6898=DIRECTION('',(-3.8000514260171E-16,1.,0.));
#6899=DIRECTION('',(0.,1.,0.));
#6900=DIRECTION('',(0.,0.,1.));
#6901=DIRECTION('',(1.,0.,0.));
#6902=DIRECTION('',(0.,0.,-1.));
#6903=DIRECTION('',(-0.872942005884089,-0.487823999371763,0.));
#6904=DIRECTION('',(-0.487823999371763,0.87294200588409,0.));
#6905=DIRECTION('',(3.8000514260171E-16,-1.,0.));
#6906=DIRECTION('',(1.,3.8000514260171E-16,0.));
#6907=DIRECTION('',(0.,1.,0.));
#6908=DIRECTION('',(0.,0.,1.));
#6909=DIRECTION('',(0.,1.,0.));
#6910=DIRECTION('',(0.,0.,1.));
#6911=DIRECTION('',(0.487823999371759,-0.872942005884092,0.));
#6912=DIRECTION('',(-0.872942005884092,-0.487823999371759,0.));
#6913=DIRECTION('',(-0.487823999371759,-0.872942005884092,0.));
#6914=DIRECTION('',(-0.872942005884092,0.487823999371759,0.));
#6915=DIRECTION('',(1.,3.8000514260171E-16,0.));
#6916=DIRECTION('',(-3.8000514260171E-16,1.,0.));
#6917=DIRECTION('',(1.,3.8000514260171E-16,0.));
#6918=DIRECTION('',(-3.8000514260171E-16,1.,0.));
#6919=DIRECTION('',(-1.,0.,0.));
#6920=DIRECTION('',(0.,0.,1.));
#6921=DIRECTION('',(0.872942005884089,-0.487823999371763,0.));
#6922=DIRECTION('',(-0.487823999371763,-0.87294200588409,0.));
#6923=DIRECTION('',(0.,0.,-1.));
#6924=DIRECTION('',(-1.,0.,0.));
#6925=DIRECTION('',(0.,0.,1.));
#6926=DIRECTION('',(1.,0.,0.));
#6927=DIRECTION('',(0.,0.,1.));
#6928=DIRECTION('',(1.,0.,0.));
#6929=DIRECTION('',(0.,0.,1.));
#6930=DIRECTION('',(1.,0.,0.));
#6931=DIRECTION('',(0.,1.,0.));
#6932=DIRECTION('',(0.,0.,1.));
#6933=DIRECTION('',(0.,-1.,0.));
#6934=DIRECTION('',(0.,0.,-1.));
#6935=DIRECTION('',(0.,1.,0.));
#6936=DIRECTION('',(0.,0.,1.));
#6937=DIRECTION('',(0.,0.,1.));
#6938=DIRECTION('',(1.,0.,0.));
#6939=DIRECTION('',(0.,0.,1.));
#6940=DIRECTION('',(1.,0.,0.));
#6941=DIRECTION('',(0.,0.,-1.));
#6942=DIRECTION('',(-1.,0.,0.));
#6943=DIRECTION('',(0.,0.,1.));
#6944=DIRECTION('',(1.,0.,0.));
#6945=DIRECTION('',(-1.,-3.8000514260171E-16,0.));
#6946=DIRECTION('',(3.8000514260171E-16,-1.,0.));
#6947=DIRECTION('',(-1.,-3.8000514260171E-16,0.));
#6948=DIRECTION('',(1.,3.8000514260171E-16,0.));
#6949=DIRECTION('',(-3.8000514260171E-16,1.,0.));
#6950=DIRECTION('',(-1.,-3.8000514260171E-16,0.));
#6951=DIRECTION('',(-1.,-3.8000514260171E-16,0.));
#6952=DIRECTION('',(3.8000514260171E-16,-1.,0.));
#6953=DIRECTION('',(1.,3.8000514260171E-16,0.));
#6954=DIRECTION('',(-3.8000514260171E-16,1.,0.));
#6955=DIRECTION('',(1.,3.8000514260171E-16,0.));
#6956=DIRECTION('',(-3.8000514260171E-16,1.,0.));
#6957=DIRECTION('',(1.,3.8000514260171E-16,0.));
#6958=DIRECTION('',(-3.8000514260171E-16,1.,0.));
#6959=DIRECTION('',(1.,3.8000514260171E-16,0.));
#6960=DIRECTION('',(-3.8000514260171E-16,1.,0.));
#6961=DIRECTION('',(-1.,-3.8000514260171E-16,0.));
#6962=DIRECTION('',(3.8000514260171E-16,-1.,0.));
#6963=DIRECTION('',(-1.,-3.8000514260171E-16,0.));
#6964=DIRECTION('',(3.8000514260171E-16,-1.,0.));
#6965=DIRECTION('',(0.,0.,-1.));
#6966=DIRECTION('',(-1.,0.,0.));
#6967=DIRECTION('',(0.,0.,1.));
#6968=DIRECTION('',(1.,0.,0.));
#6969=DIRECTION('',(0.,0.,1.));
#6970=DIRECTION('',(1.,0.,0.));
#6971=DIRECTION('',(0.,0.,1.));
#6972=DIRECTION('',(1.,0.,0.));
#6973=DIRECTION('',(-1.,0.,0.));
#6974=DIRECTION('',(0.,0.,1.));
#6975=DIRECTION('',(1.,0.,0.));
#6976=DIRECTION('',(0.,0.,-1.));
#6977=DIRECTION('',(-1.,0.,0.));
#6978=DIRECTION('',(0.,0.,1.));
#6979=DIRECTION('',(0.,0.,1.));
#6980=DIRECTION('',(1.,0.,0.));
#6981=DIRECTION('',(0.,0.,1.));
#6982=DIRECTION('',(1.,0.,0.));
#6983=DIRECTION('',(0.,0.,-1.));
#6984=DIRECTION('',(-1.,0.,0.));
#6985=DIRECTION('',(0.,0.,1.));
#6986=DIRECTION('',(1.,0.,0.));
#6987=DIRECTION('',(0.,0.,-1.));
#6988=DIRECTION('',(-1.,0.,0.));
#6989=DIRECTION('',(0.,0.,1.));
#6990=DIRECTION('',(1.,0.,0.));
#6991=DIRECTION('',(0.,0.,1.));
#6992=DIRECTION('',(1.,0.,0.));
#6993=DIRECTION('',(0.,0.,1.));
#6994=DIRECTION('',(1.,0.,0.));
#6995=DIRECTION('',(-1.,0.,0.));
#6996=DIRECTION('',(0.,0.,1.));
#6997=DIRECTION('',(1.,0.,0.));
#6998=DIRECTION('',(0.,0.,-1.));
#6999=DIRECTION('',(-1.,0.,0.));
#7000=DIRECTION('',(0.,0.,1.));
#7001=DIRECTION('',(0.,0.,1.));
#7002=DIRECTION('',(1.,0.,0.));
#7003=DIRECTION('',(0.,0.,1.));
#7004=DIRECTION('',(1.,0.,0.));
#7005=DIRECTION('',(0.,0.,-1.));
#7006=DIRECTION('',(-1.,0.,0.));
#7007=DIRECTION('',(0.,0.,1.));
#7008=DIRECTION('',(1.,0.,0.));
#7009=CARTESIAN_POINT('',(0.,0.,0.));
#7010=CARTESIAN_POINT('',(0.043383,-0.000124098493644131,-0.00627640327694849));
#7011=CARTESIAN_POINT('',(0.043383,-0.000124098493644131,-0.00627640327694849));
#7012=CARTESIAN_POINT('',(0.043383,0.00595010367208409,0.00399072328582406));
#7013=CARTESIAN_POINT('',(0.043383,0.000729397424982905,0.00562239349091902));
#7014=CARTESIAN_POINT('',(0.043008,0.000729397424982905,0.00562239349091902));
#7015=CARTESIAN_POINT('',(0.042633,0.000729397424982905,0.00562239349091902));
#7016=CARTESIAN_POINT('',(0.042633,-0.000124098493644132,-0.00627640327694849));
#7017=CARTESIAN_POINT('',(0.042633,0.00595010367208409,0.00399072328582406));
#7018=CARTESIAN_POINT('',(0.043383,0.00595010367208409,0.00399072328582406));
#7019=CARTESIAN_POINT('',(0.043383,-0.000124098493644131,-0.00627640327694849));
#7020=CARTESIAN_POINT('',(0.042633,-0.000124098493644132,-0.00627640327694849));
#7021=CARTESIAN_POINT('',(0.042633,-0.00112429557560902,0.00561096083808375));
#7022=CARTESIAN_POINT('',(0.042633,-0.00619830065937235,0.00399072328582406));
#7023=CARTESIAN_POINT('',(0.043008,-0.00112429557560902,0.00561096083808375));
#7024=CARTESIAN_POINT('',(0.043383,-0.00112429557560902,0.00561096083808375));
#7025=CARTESIAN_POINT('',(0.043383,-0.000124098493644131,-0.00627640327694849));
#7026=CARTESIAN_POINT('',(0.043383,-0.00619830065937235,0.00399072328582406));
#7027=CARTESIAN_POINT('',(0.043383,-0.00619830065937235,0.00399072328582406));
#7028=CARTESIAN_POINT('',(0.043383,-0.000124098493644133,0.0114886005238662));
#7029=CARTESIAN_POINT('',(0.043383,-0.000124098493644133,0.0114886005238662));
#7030=CARTESIAN_POINT('',(0.043383,-0.000495996890012736,0.00184620525040504));
#7031=CARTESIAN_POINT('',(0.043008,-0.000495996890012736,0.00184620525040504));
#7032=CARTESIAN_POINT('',(0.042633,-0.000495996890012736,0.00184620525040504));
#7033=CARTESIAN_POINT('',(0.042633,-0.000124098493644133,0.0114886005238662));
#7034=CARTESIAN_POINT('',(0.043383,-0.000124098493644133,0.0114886005238662));
#7035=CARTESIAN_POINT('',(0.042633,-0.000124098493644133,0.0114886005238662));
#7036=CARTESIAN_POINT('',(0.042633,9.07110779315188E-5,0.00184142726560826));
#7037=CARTESIAN_POINT('',(0.043008,9.0711077931519E-5,0.00184142726560826));
#7038=CARTESIAN_POINT('',(0.043383,9.07110779315196E-5,0.00184142726560826));
#7039=CARTESIAN_POINT('',(0.043383,-0.000124098493644133,0.0114886005238662));
#7040=CARTESIAN_POINT('',(0.042633,6.93889390390723E-18,0.0103));
#7041=CARTESIAN_POINT('',(0.042633,-0.000186446222939803,0.0038326721111923));
#7042=CARTESIAN_POINT('',(0.042633,6.93889390390723E-18,0.0103));
#7043=CARTESIAN_POINT('',(0.042633,-0.000186446222939803,0.0038326721111923));
#7044=CARTESIAN_POINT('',(0.0481483079493046,-0.0122667378745973,0.0006));
#7045=CARTESIAN_POINT('',(0.0481483079493046,-0.0132875277192855,2.0589999999999E-5));
#7046=CARTESIAN_POINT('',(0.0481483079493046,-0.0134565214136821,2.05899999999987E-5));
#7047=CARTESIAN_POINT('',(0.0481483079493046,-0.0132875277192855,0.000189583694396573));
#7048=CARTESIAN_POINT('',(0.0481483079493046,-0.0134565214136821,-0.0028));
#7049=CARTESIAN_POINT('',(0.0481483079493046,-0.0134565214136821,-0.00238958369439658));
#7050=CARTESIAN_POINT('',(0.0481483079493046,-0.0122667378745973,-0.00238958369439658));
#7051=CARTESIAN_POINT('',(0.0481483079493046,-0.0110769543355126,-0.00238958369439658));
#7052=CARTESIAN_POINT('',(0.0481483079493046,-0.0110769543355126,0.0006));
#7053=CARTESIAN_POINT('',(0.0481483079493046,-0.0110769543355126,2.0589999999999E-5));
#7054=CARTESIAN_POINT('',(0.0481483079493046,-0.0112459480299091,2.0589999999999E-5));
#7055=CARTESIAN_POINT('',(0.0481483079493046,-0.0112459480299091,0.000189583694396573));
#7056=CARTESIAN_POINT('',(0.0481483079493046,-0.0138669377192855,0.000189583694396573));
#7057=CARTESIAN_POINT('',(0.,0.02396,0.0103));
#7058=CARTESIAN_POINT('',(0.,0.02396,-0.0028));
#7059=CARTESIAN_POINT('',(-0.0317174978554249,0.02396,-0.0028));
#7060=CARTESIAN_POINT('',(-0.0349178984761238,0.02396,-0.0028));
#7061=CARTESIAN_POINT('',(-0.0317174978554249,0.02396,0.0103));
#7062=CARTESIAN_POINT('',(-0.0317174978554249,0.02396,-0.00137872623381755));
#7063=CARTESIAN_POINT('',(-0.0324417619241368,0.02396,-0.00012426406871193));
#7064=CARTESIAN_POINT('',(-0.0324417619241368,0.02396,0.00132426406871193));
#7065=CARTESIAN_POINT('',(0.,0.02396,0.00132426406871193));
#7066=CARTESIAN_POINT('',(-0.0341936344074119,0.02396,0.00132426406871193));
#7067=CARTESIAN_POINT('',(-0.0341936344074119,0.02396,-0.00012426406871193));
#7068=CARTESIAN_POINT('',(-0.0349178984761238,0.02396,-0.00137872623381755));
#7069=CARTESIAN_POINT('',(-0.0349178984761238,0.02396,0.0103));
#7070=CARTESIAN_POINT('',(0.,0.02396,0.0103));
#7071=CARTESIAN_POINT('',(0.0154774049296975,0.02396,0.0103));
#7072=CARTESIAN_POINT('',(0.00913606063356188,0.02396,0.0103));
#7073=CARTESIAN_POINT('',(0.0154774049296975,0.02396,0.0103));
#7074=CARTESIAN_POINT('',(0.0154774049296975,0.02396,0.0003));
#7075=CARTESIAN_POINT('',(0.,0.02396,0.0003));
#7076=CARTESIAN_POINT('',(0.0306541658937931,0.02396,0.0003));
#7077=CARTESIAN_POINT('',(0.0306541658937931,0.02396,0.0103));
#7078=CARTESIAN_POINT('',(0.0306541658937931,0.02396,0.0103));
#7079=CARTESIAN_POINT('',(0.,0.02396,0.0103));
#7080=CARTESIAN_POINT('',(0.036933,0.02396,0.0103));
#7081=CARTESIAN_POINT('',(0.036933,0.02396,0.0103));
#7082=CARTESIAN_POINT('',(0.036933,0.02396,-0.0062));
#7083=CARTESIAN_POINT('',(0.,0.02396,-0.0062));
#7084=CARTESIAN_POINT('',(-0.036933,0.02396,-0.0062));
#7085=CARTESIAN_POINT('',(-0.036933,0.02396,0.0103));
#7086=CARTESIAN_POINT('',(-0.036933,0.02396,0.0103));
#7087=CARTESIAN_POINT('',(0.,0.02396,0.0103));
#7088=CARTESIAN_POINT('',(-0.0276958723636088,0.02396,0.0103));
#7089=CARTESIAN_POINT('',(-0.0276958723636088,0.02396,0.0103));
#7090=CARTESIAN_POINT('',(-0.0276958723636088,0.02396,0.0003));
#7091=CARTESIAN_POINT('',(0.,0.02396,0.0003));
#7092=CARTESIAN_POINT('',(-0.0115749576074711,0.02396,0.0003));
#7093=CARTESIAN_POINT('',(-0.0115749576074711,0.02396,0.0103));
#7094=CARTESIAN_POINT('',(-0.0115749576074711,0.02396,0.0103));
#7095=CARTESIAN_POINT('',(0.,0.02396,0.0103));
#7096=CARTESIAN_POINT('',(-0.00303534558042884,0.02396,0.0103));
#7097=CARTESIAN_POINT('',(-0.00303534558042884,0.02396,0.0103));
#7098=CARTESIAN_POINT('',(-0.00303534558042884,0.02396,0.0003));
#7099=CARTESIAN_POINT('',(0.,0.02396,0.0003));
#7100=CARTESIAN_POINT('',(0.00562217324027356,0.02396,0.0003));
#7101=CARTESIAN_POINT('',(0.00725297405491087,0.02396,0.00124154328932551));
#7102=CARTESIAN_POINT('',(0.00913606063356188,0.02396,0.00124154328932551));
#7103=CARTESIAN_POINT('',(0.00913606063356188,0.02396,0.0103));
#7104=CARTESIAN_POINT('',(0.,0.02396,-0.0028));
#7105=CARTESIAN_POINT('',(0.0342744030058384,0.02396,-0.0028));
#7106=CARTESIAN_POINT('',(0.0320617817342281,0.02396,-0.0028));
#7107=CARTESIAN_POINT('',(0.0342744030058384,0.02396,0.0103));
#7108=CARTESIAN_POINT('',(0.0342744030058384,0.02396,-0.000785108363672283));
#7109=CARTESIAN_POINT('',(0.0337674181577401,0.02396,9.30151519016488E-5));
#7110=CARTESIAN_POINT('',(0.0337674181577401,0.02396,0.00110698484809835));
#7111=CARTESIAN_POINT('',(0.,0.02396,0.00110698484809835));
#7112=CARTESIAN_POINT('',(0.0325687665823265,0.02396,0.00110698484809835));
#7113=CARTESIAN_POINT('',(0.0325687665823265,0.02396,9.30151519016488E-5));
#7114=CARTESIAN_POINT('',(0.0320617817342281,0.02396,-0.000785108363672283));
#7115=CARTESIAN_POINT('',(0.0320617817342281,0.02396,0.0103));
#7116=CARTESIAN_POINT('',(0.042633,6.93889390390723E-18,0.0103));
#7117=CARTESIAN_POINT('',(0.042633,-0.000287175924255116,-0.00680459773769428));
#7118=CARTESIAN_POINT('',(0.042633,0.00776623655110597,0.00362762645818293));
#7119=CARTESIAN_POINT('',(0.042633,-0.00784692447632551,0.00399072328582406));
#7120=CARTESIAN_POINT('',(0.042633,0.000224583789911767,0.015201066361737));
#7121=CARTESIAN_POINT('',(0.042633,6.93889390390723E-18,-0.0062));
#7122=CARTESIAN_POINT('',(0.042633,0.01826,-0.0062));
#7123=CARTESIAN_POINT('',(0.042633,-0.01826,-0.0062));
#7124=CARTESIAN_POINT('',(0.042633,0.01826,0.0103));
#7125=CARTESIAN_POINT('',(0.042633,0.01826,0.0103));
#7126=CARTESIAN_POINT('',(0.042633,6.93889390390723E-18,0.0103));
#7127=CARTESIAN_POINT('',(0.042633,-0.01826,0.0103));
#7128=CARTESIAN_POINT('',(0.042633,-0.01826,0.0103));
#7129=CARTESIAN_POINT('',(0.042633,0.0147786065936089,0.0103));
#7130=CARTESIAN_POINT('',(0.042633,0.0147786065936089,0.0006));
#7131=CARTESIAN_POINT('',(0.042633,0.0147786065936089,-0.0028));
#7132=CARTESIAN_POINT('',(0.042633,6.93889390390723E-18,-0.0028));
#7133=CARTESIAN_POINT('',(0.042633,0.0115782078355551,-0.0028));
#7134=CARTESIAN_POINT('',(0.042633,0.0115782078355551,0.0103));
#7135=CARTESIAN_POINT('',(0.042633,0.0115782078355551,0.0006));
#7136=CARTESIAN_POINT('',(0.042633,6.93889390390723E-18,0.0006));
#7137=CARTESIAN_POINT('',(0.042633,-0.0106665380299091,0.00117941));
#7138=CARTESIAN_POINT('',(0.042633,-0.0132875277192855,0.00117941));
#7139=CARTESIAN_POINT('',(0.042633,-0.0112459480299091,0.00117941));
#7140=CARTESIAN_POINT('',(0.042633,-0.0112459480299091,2.0589999999999E-5));
#7141=CARTESIAN_POINT('',(0.042633,-0.0106665380299091,-0.000982977558413483));
#7142=CARTESIAN_POINT('',(0.042633,-0.0106665380299091,0.0103));
#7143=CARTESIAN_POINT('',(0.042633,-0.0106665380299091,-0.0028));
#7144=CARTESIAN_POINT('',(0.042633,6.93889390390723E-18,-0.0028));
#7145=CARTESIAN_POINT('',(0.042633,-0.0138669377192855,-0.0028));
#7146=CARTESIAN_POINT('',(0.042633,-0.0138669377192855,0.0103));
#7147=CARTESIAN_POINT('',(0.042633,-0.0138669377192855,-0.000982977558413483));
#7148=CARTESIAN_POINT('',(0.042633,-0.0132875277192855,2.0589999999999E-5));
#7149=CARTESIAN_POINT('',(6.93889390390723E-18,-3.46944695195361E-18,0.0103));
#7150=CARTESIAN_POINT('',(-0.042633,-6.93889390390723E-18,0.0103));
#7151=CARTESIAN_POINT('',(-0.042633,0.01826,0.0103));
#7152=CARTESIAN_POINT('',(-0.042633,0.00425908388569951,0.0103));
#7153=CARTESIAN_POINT('',(-0.0420614814081192,0.00425908388569951,0.0103));
#7154=CARTESIAN_POINT('',(-0.040633,0.00425908388569951,0.0103));
#7155=CARTESIAN_POINT('',(-0.040633,-1.89101959112889E-17,0.0103));
#7156=CARTESIAN_POINT('',(-0.040633,0.01826,0.0103));
#7157=CARTESIAN_POINT('',(-0.036933,0.01826,0.0103));
#7158=CARTESIAN_POINT('',(-0.036933,0.02196,0.0103));
#7159=CARTESIAN_POINT('',(4.87599473338489E-18,0.02196,0.0103));
#7160=CARTESIAN_POINT('',(-0.0276958723636088,0.02196,0.0103));
#7161=CARTESIAN_POINT('',(-0.0276958723636088,0.0234499116985967,0.0103));
#7162=CARTESIAN_POINT('',(-0.036933,0.01826,0.0103));
#7163=CARTESIAN_POINT('',(6.93889390390723E-18,-3.46944695195361E-18,0.0103));
#7164=CARTESIAN_POINT('',(9.00179307442956E-18,-0.02196,0.0103));
#7165=CARTESIAN_POINT('',(0.00800833578530498,-0.02196,0.0103));
#7166=CARTESIAN_POINT('',(0.036933,-0.02196,0.0103));
#7167=CARTESIAN_POINT('',(0.00800833578530498,-3.46944695195361E-18,0.0103));
#7168=CARTESIAN_POINT('',(0.00800833578530498,-0.02396,0.0103));
#7169=CARTESIAN_POINT('',(6.93889390390723E-18,-0.02396,0.0103));
#7170=CARTESIAN_POINT('',(0.036933,-0.02396,0.0103));
#7171=CARTESIAN_POINT('',(0.036933,-0.01826,0.0103));
#7172=CARTESIAN_POINT('',(0.036933,0.01826,0.0103));
#7173=CARTESIAN_POINT('',(0.0306541658937931,0.0237135228025914,0.0103));
#7174=CARTESIAN_POINT('',(0.0306541658937931,0.02196,0.0103));
#7175=CARTESIAN_POINT('',(4.87599473338489E-18,0.02196,0.0103));
#7176=CARTESIAN_POINT('',(0.036933,0.02196,0.0103));
#7177=CARTESIAN_POINT('',(0.036933,0.01826,0.0103));
#7178=CARTESIAN_POINT('',(0.040633,0.01826,0.0103));
#7179=CARTESIAN_POINT('',(0.040633,1.19713020073817E-17,0.0103));
#7180=CARTESIAN_POINT('',(0.040633,-0.01826,0.0103));
#7181=CARTESIAN_POINT('',(0.036933,-0.01826,0.0103));
#7182=CARTESIAN_POINT('',(6.93889390390723E-18,-3.46944695195361E-18,0.0103));
#7183=CARTESIAN_POINT('',(6.93889390390723E-18,-0.02396,0.0103));
#7184=CARTESIAN_POINT('',(-0.00532138028491088,-0.02396,0.0103));
#7185=CARTESIAN_POINT('',(-0.036933,-0.02396,0.0103));
#7186=CARTESIAN_POINT('',(-0.00532138028491088,-0.02196,0.0103));
#7187=CARTESIAN_POINT('',(-0.00532138028491088,-0.02196,0.0103));
#7188=CARTESIAN_POINT('',(9.00179307442956E-18,-0.02196,0.0103));
#7189=CARTESIAN_POINT('',(-0.036933,-0.02196,0.0103));
#7190=CARTESIAN_POINT('',(-0.036933,-0.01826,0.0103));
#7191=CARTESIAN_POINT('',(-0.040633,-0.01826,0.0103));
#7192=CARTESIAN_POINT('',(-0.040633,-1.89101959112889E-17,0.0103));
#7193=CARTESIAN_POINT('',(-0.040633,-0.00658107828348875,0.0103));
#7194=CARTESIAN_POINT('',(-0.0420614814081192,-0.00658107828348875,0.0103));
#7195=CARTESIAN_POINT('',(-0.042633,-0.00658107828348875,0.0103));
#7196=CARTESIAN_POINT('',(-0.042633,-6.93889390390723E-18,0.0103));
#7197=CARTESIAN_POINT('',(-0.042633,-0.01826,0.0103));
#7198=CARTESIAN_POINT('',(-0.036933,-0.01826,0.0103));
#7199=CARTESIAN_POINT('',(6.93889390390723E-18,-3.46944695195361E-18,0.0103));
#7200=CARTESIAN_POINT('',(0.00913606063356188,-3.46944695195361E-18,0.0103));
#7201=CARTESIAN_POINT('',(0.00913606063356188,0.02196,0.0103));
#7202=CARTESIAN_POINT('',(4.87599473338489E-18,0.02196,0.0103));
#7203=CARTESIAN_POINT('',(0.0154774049296975,0.02196,0.0103));
#7204=CARTESIAN_POINT('',(0.0154774049296975,0.0237135228025914,0.0103));
#7205=CARTESIAN_POINT('',(6.93889390390723E-18,-3.46944695195361E-18,0.0103));
#7206=CARTESIAN_POINT('',(-0.00303534558042884,0.0235191781330109,0.0103));
#7207=CARTESIAN_POINT('',(-0.00303534558042884,0.02196,0.0103));
#7208=CARTESIAN_POINT('',(-0.0115749576074711,0.0234499116985967,0.0103));
#7209=CARTESIAN_POINT('',(-0.0115749576074711,0.02196,0.0103));
#7210=CARTESIAN_POINT('',(4.87599473338489E-18,0.02196,0.0103));
#7211=CARTESIAN_POINT('',(-0.042633,-6.93889390390723E-18,0.0103));
#7212=CARTESIAN_POINT('',(-0.042633,0.015511017292738,0.0103));
#7213=CARTESIAN_POINT('',(-0.042633,0.015511017292738,-0.0028));
#7214=CARTESIAN_POINT('',(-0.042633,0.015511017292738,-0.00151064131607205));
#7215=CARTESIAN_POINT('',(-0.042633,0.0147384689527786,-0.000172548339959392));
#7216=CARTESIAN_POINT('',(-0.042633,0.0147384689527786,0.00137254833995939));
#7217=CARTESIAN_POINT('',(-0.042633,-6.93889390390723E-18,0.00137254833995939));
#7218=CARTESIAN_POINT('',(-0.042633,0.0135968108323181,0.00137254833995939));
#7219=CARTESIAN_POINT('',(-0.042633,0.0135968108323181,-0.000172548339959392));
#7220=CARTESIAN_POINT('',(-0.042633,0.0128242624923587,-0.00151064131607205));
#7221=CARTESIAN_POINT('',(-0.042633,0.0128242624923587,0.0103));
#7222=CARTESIAN_POINT('',(-0.042633,0.0128242624923587,-0.0028));
#7223=CARTESIAN_POINT('',(-0.042633,-6.93889390390723E-18,-0.0028));
#7224=CARTESIAN_POINT('',(-0.042633,-0.0129215428605676,0.0103));
#7225=CARTESIAN_POINT('',(-0.042633,-0.0129215428605676,-0.0028));
#7226=CARTESIAN_POINT('',(-0.042633,-0.0129215428605676,-0.000521288292442419));
#7227=CARTESIAN_POINT('',(-0.042633,-0.0133319628605676,0.00018958));
#7228=CARTESIAN_POINT('',(-0.042633,-0.0133319628605676,0.00101042));
#7229=CARTESIAN_POINT('',(-0.042633,-6.93889390390723E-18,0.00101042));
#7230=CARTESIAN_POINT('',(-0.042633,-0.0147704052558112,0.00101042));
#7231=CARTESIAN_POINT('',(-0.042633,-0.0147704052558112,0.00018958));
#7232=CARTESIAN_POINT('',(-0.042633,-0.0151808252558112,-0.000521288292442419));
#7233=CARTESIAN_POINT('',(-0.042633,-0.0151808252558112,0.0103));
#7234=CARTESIAN_POINT('',(-0.042633,-0.0151808252558112,-0.0028));
#7235=CARTESIAN_POINT('',(-0.042633,-6.93889390390723E-18,-0.0028));
#7236=CARTESIAN_POINT('',(-0.042633,0.00425908388569951,0.0103));
#7237=CARTESIAN_POINT('',(-0.042633,0.00425908388569951,0.00557034798414964));
#7238=CARTESIAN_POINT('',(-0.042633,0.01826,0.0103));
#7239=CARTESIAN_POINT('',(-0.042633,0.01826,-0.0062));
#7240=CARTESIAN_POINT('',(-0.042633,-6.93889390390723E-18,-0.0062));
#7241=CARTESIAN_POINT('',(-0.042633,-0.01826,-0.0062));
#7242=CARTESIAN_POINT('',(-0.042633,-0.01826,0.0103));
#7243=CARTESIAN_POINT('',(-0.042633,-0.00658107828348875,0.0103));
#7244=CARTESIAN_POINT('',(-0.042633,-0.00658107828348875,0.0003));
#7245=CARTESIAN_POINT('',(-0.042633,-6.93889390390723E-18,0.0003));
#7246=CARTESIAN_POINT('',(-0.042633,0.00425908388569951,0.0003));
#7247=CARTESIAN_POINT('',(-0.042633,0.00425908388569951,0.0103));
#7248=CARTESIAN_POINT('',(-0.042633,0.00425908388569951,0.000810347952343861));
#7249=CARTESIAN_POINT('',(-0.042633,-6.93889390390723E-18,0.000810347952343861));
#7250=CARTESIAN_POINT('',(-0.042633,0.00428815846003086,0.000810347952343861));
#7251=CARTESIAN_POINT('',(-0.042633,0.00428815846003086,0.0103));
#7252=CARTESIAN_POINT('',(-0.042633,0.00428815846003085,0.00557034798414964));
#7253=CARTESIAN_POINT('',(-0.042633,-6.93889390390723E-18,0.00557034798414964));
#7254=CARTESIAN_POINT('',(6.93889390390723E-18,-0.02396,0.0103));
#7255=CARTESIAN_POINT('',(-0.0270699877291918,-0.02396,0.00117941));
#7256=CARTESIAN_POINT('',(-0.0305696066932345,-0.02396,0.00117941));
#7257=CARTESIAN_POINT('',(-0.0276493977291918,-0.02396,0.00117941));
#7258=CARTESIAN_POINT('',(-0.0276493977291918,-0.02396,2.0589999999999E-5));
#7259=CARTESIAN_POINT('',(-0.0270699877291918,-0.02396,-0.000982977558413485));
#7260=CARTESIAN_POINT('',(-0.0270699877291918,-0.02396,0.0103));
#7261=CARTESIAN_POINT('',(-0.0270699877291918,-0.02396,-0.0028));
#7262=CARTESIAN_POINT('',(6.93889390390723E-18,-0.02396,-0.0028));
#7263=CARTESIAN_POINT('',(-0.0311490166932345,-0.02396,-0.0028));
#7264=CARTESIAN_POINT('',(-0.0311490166932345,-0.02396,0.0103));
#7265=CARTESIAN_POINT('',(-0.0311490166932345,-0.02396,-0.000982977558413485));
#7266=CARTESIAN_POINT('',(-0.0305696066932345,-0.02396,2.0589999999999E-5));
#7267=CARTESIAN_POINT('',(0.0243997760117054,-0.02396,0.00117941));
#7268=CARTESIAN_POINT('',(0.0209490552081204,-0.02396,0.00117941));
#7269=CARTESIAN_POINT('',(0.0238203660117054,-0.02396,0.00117941));
#7270=CARTESIAN_POINT('',(0.0238203660117054,-0.02396,2.0589999999999E-5));
#7271=CARTESIAN_POINT('',(0.0243997760117054,-0.02396,-0.000982977558413485));
#7272=CARTESIAN_POINT('',(0.0243997760117054,-0.02396,0.0103));
#7273=CARTESIAN_POINT('',(0.0243997760117054,-0.02396,-0.0028));
#7274=CARTESIAN_POINT('',(6.93889390390723E-18,-0.02396,-0.0028));
#7275=CARTESIAN_POINT('',(0.0203696452081204,-0.02396,-0.0028));
#7276=CARTESIAN_POINT('',(0.0203696452081204,-0.02396,0.0103));
#7277=CARTESIAN_POINT('',(0.0203696452081204,-0.02396,-0.000982977558413485));
#7278=CARTESIAN_POINT('',(0.0209490552081204,-0.02396,2.0589999999999E-5));
#7279=CARTESIAN_POINT('',(0.00800833578530498,-0.02396,0.0103));
#7280=CARTESIAN_POINT('',(0.00800833578530498,-0.02396,0.000734558441227157));
#7281=CARTESIAN_POINT('',(0.00713921890285067,-0.02396,0.000734558441227157));
#7282=CARTESIAN_POINT('',(0.0063865416037873,-0.02396,0.0003));
#7283=CARTESIAN_POINT('',(6.93889390390723E-18,-0.02396,0.0003));
#7284=CARTESIAN_POINT('',(-0.00369958610339319,-0.02396,0.0003));
#7285=CARTESIAN_POINT('',(-0.00445226340245657,-0.02396,0.000734558441227157));
#7286=CARTESIAN_POINT('',(-0.00532138028491088,-0.02396,0.000734558441227157));
#7287=CARTESIAN_POINT('',(-0.00532138028491088,-0.02396,0.0103));
#7288=CARTESIAN_POINT('',(-0.036933,-0.02396,0.0103));
#7289=CARTESIAN_POINT('',(-0.036933,-0.02396,-0.0062));
#7290=CARTESIAN_POINT('',(6.93889390390723E-18,-0.02396,-0.0062));
#7291=CARTESIAN_POINT('',(0.036933,-0.02396,-0.0062));
#7292=CARTESIAN_POINT('',(0.036933,-0.02396,0.0103));
#7293=CARTESIAN_POINT('',(-0.040633,-3.46944695195361E-18,0.0113));
#7294=CARTESIAN_POINT('',(-0.040633,-0.00116099719889462,0.0003));
#7295=CARTESIAN_POINT('',(-0.040633,0.00425908388569951,0.0003));
#7296=CARTESIAN_POINT('',(-0.040633,-0.00658107828348875,0.0003));
#7297=CARTESIAN_POINT('',(-0.040633,-0.00658107828348875,0.0003));
#7298=CARTESIAN_POINT('',(-0.040633,-0.01826,0.0113));
#7299=CARTESIAN_POINT('',(-0.040633,-0.01826,-0.0042));
#7300=CARTESIAN_POINT('',(-0.040633,-3.46944695195361E-18,-0.0042));
#7301=CARTESIAN_POINT('',(-0.040633,0.01826,-0.0042));
#7302=CARTESIAN_POINT('',(-0.040633,0.01826,0.0113));
#7303=CARTESIAN_POINT('',(-0.040633,0.00425908388569951,0.0003));
#7304=CARTESIAN_POINT('',(-0.040633,0.00425908388569951,0.00557034798414964));
#7305=CARTESIAN_POINT('',(-0.040633,-3.46944695195361E-18,0.00557034798414964));
#7306=CARTESIAN_POINT('',(-0.040633,0.00428815846003085,0.00557034798414964));
#7307=CARTESIAN_POINT('',(-0.040633,0.00428815846003086,0.0113));
#7308=CARTESIAN_POINT('',(-0.040633,0.00428815846003086,0.000810347952343861));
#7309=CARTESIAN_POINT('',(-0.040633,-3.46944695195361E-18,0.000810347952343861));
#7310=CARTESIAN_POINT('',(-0.040633,0.00425908388569951,0.000810347952343861));
#7311=CARTESIAN_POINT('',(-0.040633,0.00425908388569951,0.0003));
#7312=CARTESIAN_POINT('',(-6.93889390390723E-18,0.02196,0.0113));
#7313=CARTESIAN_POINT('',(0.0230657854117453,0.02196,0.0003));
#7314=CARTESIAN_POINT('',(0.0154774049296975,0.02196,0.0003));
#7315=CARTESIAN_POINT('',(0.0306541658937931,0.02196,0.0003));
#7316=CARTESIAN_POINT('',(0.0154774049296975,0.02196,0.0003));
#7317=CARTESIAN_POINT('',(0.00913606063356188,0.02196,0.0113));
#7318=CARTESIAN_POINT('',(0.00913606063356188,0.02196,0.00124154328932551));
#7319=CARTESIAN_POINT('',(0.00725297405491087,0.02196,0.00124154328932551));
#7320=CARTESIAN_POINT('',(0.00562217324027356,0.02196,0.0003));
#7321=CARTESIAN_POINT('',(0.00257958588190377,0.02196,0.0003));
#7322=CARTESIAN_POINT('',(-0.00303534558042884,0.02196,0.0003));
#7323=CARTESIAN_POINT('',(-0.00303534558042884,0.02196,0.0003));
#7324=CARTESIAN_POINT('',(-0.0115749576074711,0.02196,0.0003));
#7325=CARTESIAN_POINT('',(-0.0115749576074711,0.02196,0.0003));
#7326=CARTESIAN_POINT('',(-0.01963541498554,0.02196,0.0003));
#7327=CARTESIAN_POINT('',(-0.0276958723636088,0.02196,0.0003));
#7328=CARTESIAN_POINT('',(-0.0276958723636088,0.02196,0.0003));
#7329=CARTESIAN_POINT('',(-0.036933,0.02196,0.0113));
#7330=CARTESIAN_POINT('',(-0.036933,0.02196,-0.0042));
#7331=CARTESIAN_POINT('',(-6.93889390390723E-18,0.02196,-0.0042));
#7332=CARTESIAN_POINT('',(0.036933,0.02196,-0.0042));
#7333=CARTESIAN_POINT('',(0.036933,0.02196,0.0113));
#7334=CARTESIAN_POINT('',(0.0306541658937931,0.02196,0.0003));
#7335=CARTESIAN_POINT('',(-0.135441055753381,-0.000981841584960153,0.00557034798414964));
#7336=CARTESIAN_POINT('',(-0.135441055753381,0.00425908388569951,0.00557034798414964));
#7337=CARTESIAN_POINT('',(-0.135441055753381,0.00428815846003085,0.00557034798414964));
#7338=CARTESIAN_POINT('',(-0.135441055753381,-0.000981841584960152,0.000810347952343861));
#7339=CARTESIAN_POINT('',(-0.135441055753381,0.00425908388569951,0.000810347952343861));
#7340=CARTESIAN_POINT('',(-0.135441055753381,0.00428815846003085,0.000810347952343861));
#7341=CARTESIAN_POINT('',(0.036933,0.01826,0.0103));
#7342=CARTESIAN_POINT('',(0.036933,0.01826,-0.0062));
#7343=CARTESIAN_POINT('',(-0.036933,0.01826,0.0103));
#7344=CARTESIAN_POINT('',(-0.036933,0.01826,-0.0062));
#7345=CARTESIAN_POINT('',(-0.036933,-0.01826,0.0103));
#7346=CARTESIAN_POINT('',(-0.036933,-0.01826,-0.0062));
#7347=CARTESIAN_POINT('',(0.036933,-0.01826,0.0103));
#7348=CARTESIAN_POINT('',(0.036933,-0.01826,-0.0062));
#7349=CARTESIAN_POINT('',(6.93889390390723E-18,-3.46944695195361E-18,-0.0062));
#7350=CARTESIAN_POINT('',(-0.034428988569977,0.016573075692151,-0.0062));
#7351=CARTESIAN_POINT('',(-0.033028988569977,0.016573075692151,-0.0062));
#7352=CARTESIAN_POINT('',(-0.034428988569977,-0.016446990347981,-0.0062));
#7353=CARTESIAN_POINT('',(-0.033028988569977,-0.016446990347981,-0.0062));
#7354=CARTESIAN_POINT('',(0.034024148336297,-0.016446990347981,-0.0062));
#7355=CARTESIAN_POINT('',(0.035424148336297,-0.016446990347981,-0.0062));
#7356=CARTESIAN_POINT('',(0.034024148336297,0.016573075692151,-0.0062));
#7357=CARTESIAN_POINT('',(0.035424148336297,0.016573075692151,-0.0062));
#7358=CARTESIAN_POINT('',(-0.036933,-0.01826,0.0113));
#7359=CARTESIAN_POINT('',(-0.036933,-0.02196,0.0113));
#7360=CARTESIAN_POINT('',(-0.036933,-0.02196,-0.0042));
#7361=CARTESIAN_POINT('',(-0.036933,-0.01826,-0.0042));
#7362=CARTESIAN_POINT('',(6.93889390390723E-18,-0.02196,0.0113));
#7363=CARTESIAN_POINT('',(-0.00532138028491088,-0.02196,0.0113));
#7364=CARTESIAN_POINT('',(-0.00532138028491088,-0.02196,0.000734558441227157));
#7365=CARTESIAN_POINT('',(-0.00445226340245657,-0.02196,0.000734558441227157));
#7366=CARTESIAN_POINT('',(-0.00369958610339319,-0.02196,0.0003));
#7367=CARTESIAN_POINT('',(0.00134347775019705,-0.02196,0.0003));
#7368=CARTESIAN_POINT('',(0.0063865416037873,-0.02196,0.0003));
#7369=CARTESIAN_POINT('',(0.00713921890285067,-0.02196,0.000734558441227157));
#7370=CARTESIAN_POINT('',(0.00800833578530498,-0.02196,0.000734558441227157));
#7371=CARTESIAN_POINT('',(0.00800833578530498,-0.02196,0.0103));
#7372=CARTESIAN_POINT('',(0.036933,-0.02196,0.0113));
#7373=CARTESIAN_POINT('',(0.036933,-0.02196,-0.0042));
#7374=CARTESIAN_POINT('',(6.93889390390723E-18,-0.02196,-0.0042));
#7375=CARTESIAN_POINT('',(0.036933,-0.01826,0.0113));
#7376=CARTESIAN_POINT('',(0.040633,-0.01826,0.0113));
#7377=CARTESIAN_POINT('',(0.040633,-0.01826,-0.0042));
#7378=CARTESIAN_POINT('',(0.036933,-0.01826,-0.0042));
#7379=CARTESIAN_POINT('',(0.040633,3.46944695195361E-18,0.0113));
#7380=CARTESIAN_POINT('',(0.040633,0.01826,0.0113));
#7381=CARTESIAN_POINT('',(0.040633,0.01826,-0.0042));
#7382=CARTESIAN_POINT('',(0.040633,3.46944695195361E-18,-0.0042));
#7383=CARTESIAN_POINT('',(0.036933,0.01826,0.0113));
#7384=CARTESIAN_POINT('',(0.036933,0.01826,-0.0042));
#7385=CARTESIAN_POINT('',(-0.036933,0.01826,0.0113));
#7386=CARTESIAN_POINT('',(-0.036933,0.01826,-0.0042));
#7387=CARTESIAN_POINT('',(0.,0.,-0.0042));
#7388=CARTESIAN_POINT('',(0.034024148336297,0.016573075692151,-0.0042));
#7389=CARTESIAN_POINT('',(0.037524148336297,0.016573075692151,-0.0042));
#7390=CARTESIAN_POINT('',(0.034024148336297,-0.016446990347981,-0.0042));
#7391=CARTESIAN_POINT('',(0.037524148336297,-0.016446990347981,-0.0042));
#7392=CARTESIAN_POINT('',(-0.034428988569977,-0.016446990347981,-0.0042));
#7393=CARTESIAN_POINT('',(-0.030928988569977,-0.016446990347981,-0.0042));
#7394=CARTESIAN_POINT('',(-0.034428988569977,0.016573075692151,-0.0042));
#7395=CARTESIAN_POINT('',(-0.030928988569977,0.016573075692151,-0.0042));
#7396=CARTESIAN_POINT('',(-0.034428988569977,0.016573075692151,0.));
#7397=CARTESIAN_POINT('',(-0.034428988569977,0.016573075692151,0.));
#7398=CARTESIAN_POINT('',(-0.030928988569977,0.016573075692151,0.));
#7399=CARTESIAN_POINT('',(-0.000202420116839998,6.30426720850015E-5,0.));
#7400=CARTESIAN_POINT('',(-0.034428988569977,0.016573075692151,0.));
#7401=CARTESIAN_POINT('',(-0.032128988569977,0.016573075692151,0.));
#7402=CARTESIAN_POINT('',(-0.034428988569977,-0.016446990347981,0.));
#7403=CARTESIAN_POINT('',(-0.034428988569977,-0.016446990347981,0.));
#7404=CARTESIAN_POINT('',(-0.030928988569977,-0.016446990347981,0.));
#7405=CARTESIAN_POINT('',(-0.000202420116839998,6.30426720850015E-5,0.));
#7406=CARTESIAN_POINT('',(-0.034428988569977,-0.016446990347981,0.));
#7407=CARTESIAN_POINT('',(-0.032128988569977,-0.016446990347981,0.));
#7408=CARTESIAN_POINT('',(0.034024148336297,-0.016446990347981,0.));
#7409=CARTESIAN_POINT('',(0.034024148336297,-0.016446990347981,0.));
#7410=CARTESIAN_POINT('',(0.037524148336297,-0.016446990347981,0.));
#7411=CARTESIAN_POINT('',(-0.000202420116839998,6.30426720850015E-5,0.));
#7412=CARTESIAN_POINT('',(0.034024148336297,-0.016446990347981,0.));
#7413=CARTESIAN_POINT('',(0.036324148336297,-0.016446990347981,0.));
#7414=CARTESIAN_POINT('',(0.034024148336297,0.016573075692151,0.));
#7415=CARTESIAN_POINT('',(0.034024148336297,0.016573075692151,0.));
#7416=CARTESIAN_POINT('',(0.037524148336297,0.016573075692151,0.));
#7417=CARTESIAN_POINT('',(-0.000202420116839998,6.30426720850015E-5,0.));
#7418=CARTESIAN_POINT('',(0.034024148336297,0.016573075692151,0.));
#7419=CARTESIAN_POINT('',(0.036324148336297,0.016573075692151,0.));
#7420=CARTESIAN_POINT('',(0.034024148336297,0.016573075692151,-0.0034));
#7421=CARTESIAN_POINT('',(0.034024148336297,0.016573075692151,-0.0034));
#7422=CARTESIAN_POINT('',(0.036324148336297,0.016573075692151,-0.0034));
#7423=CARTESIAN_POINT('',(-0.000802420116840001,0.000663042672085005,-0.0034));
#7424=CARTESIAN_POINT('',(0.034024148336297,0.016573075692151,-0.0034));
#7425=CARTESIAN_POINT('',(0.035424148336297,0.016573075692151,-0.0034));
#7426=CARTESIAN_POINT('',(0.034024148336297,-0.016446990347981,-0.0034));
#7427=CARTESIAN_POINT('',(0.034024148336297,-0.016446990347981,-0.0034));
#7428=CARTESIAN_POINT('',(0.036324148336297,-0.016446990347981,-0.0034));
#7429=CARTESIAN_POINT('',(-0.000802420116840001,0.000663042672085005,-0.0034));
#7430=CARTESIAN_POINT('',(0.034024148336297,-0.016446990347981,-0.0034));
#7431=CARTESIAN_POINT('',(0.035424148336297,-0.016446990347981,-0.0034));
#7432=CARTESIAN_POINT('',(-0.034428988569977,-0.016446990347981,-0.0034));
#7433=CARTESIAN_POINT('',(-0.034428988569977,-0.016446990347981,-0.0034));
#7434=CARTESIAN_POINT('',(-0.032128988569977,-0.016446990347981,-0.0034));
#7435=CARTESIAN_POINT('',(-0.000802420116840001,0.000663042672085005,-0.0034));
#7436=CARTESIAN_POINT('',(-0.034428988569977,-0.016446990347981,-0.0034));
#7437=CARTESIAN_POINT('',(-0.033028988569977,-0.016446990347981,-0.0034));
#7438=CARTESIAN_POINT('',(-0.034428988569977,0.016573075692151,-0.0034));
#7439=CARTESIAN_POINT('',(-0.034428988569977,0.016573075692151,-0.0034));
#7440=CARTESIAN_POINT('',(-0.032128988569977,0.016573075692151,-0.0034));
#7441=CARTESIAN_POINT('',(-0.000802420116840001,0.000663042672085005,-0.0034));
#7442=CARTESIAN_POINT('',(-0.034428988569977,0.016573075692151,-0.0034));
#7443=CARTESIAN_POINT('',(-0.033028988569977,0.016573075692151,-0.0034));
#7444=CARTESIAN_POINT('',(-0.034428988569977,0.016573075692151,-0.0992010638918648));
#7445=CARTESIAN_POINT('',(-0.034428988569977,-0.016446990347981,-0.0992010638918648));
#7446=CARTESIAN_POINT('',(0.034024148336297,-0.016446990347981,-0.0992010638918648));
#7447=CARTESIAN_POINT('',(0.034024148336297,0.016573075692151,-0.0992010638918648));
#7448=CARTESIAN_POINT('',(-0.135441055753381,0.00428815846003085,0.00319034796824675));
#7449=CARTESIAN_POINT('',(-0.0420614814081192,0.00425908388569951,0.0003));
#7450=CARTESIAN_POINT('',(-0.0420614814081192,0.00425908388569951,0.0003));
#7451=CARTESIAN_POINT('',(-0.000428481408119199,0.000355263240635395,0.0003));
#7452=CARTESIAN_POINT('',(-0.0420614814081192,-0.00658107828348875,0.0003));
#7453=CARTESIAN_POINT('',(-0.0420614814081192,-0.00658107828348875,0.0003));
#7454=CARTESIAN_POINT('',(-0.0420614814081192,0.00425908388569951,0.0003));
#7455=CARTESIAN_POINT('',(-0.0115749576074711,0.0234499116985967,0.0003));
#7456=CARTESIAN_POINT('',(-0.0115749576074711,0.0234499116985967,0.0003));
#7457=CARTESIAN_POINT('',(-0.0276958723636088,0.0234499116985967,0.0003));
#7458=CARTESIAN_POINT('',(-0.0276958723636088,0.0234499116985967,0.0003));
#7459=CARTESIAN_POINT('',(-0.000428481408119199,0.000355263240635395,0.0003));
#7460=CARTESIAN_POINT('',(-0.00303534558042884,0.0235191781330109,0.0003));
#7461=CARTESIAN_POINT('',(-0.00303534558042884,0.0235191781330109,0.0003));
#7462=CARTESIAN_POINT('',(0.00819451734423637,0.0235191781330109,0.0003));
#7463=CARTESIAN_POINT('',(0.00819451734423637,0.0230184567106745,0.0003));
#7464=CARTESIAN_POINT('',(0.00819451734423637,0.0230184567106745,0.00935845671067449));
#7465=CARTESIAN_POINT('',(0.00819451734423637,0.0230184567106745,0.00124154328932551));
#7466=CARTESIAN_POINT('',(0.00819451734423637,0.02196,0.00124154328932551));
#7467=CARTESIAN_POINT('',(0.00819451734423637,0.0229015432893255,0.00124154328932551));
#7468=CARTESIAN_POINT('',(0.00819451734423637,0.0229015432893255,0.0003));
#7469=CARTESIAN_POINT('',(0.00819451734423637,0.0229015432893255,0.00935845671067449));
#7470=CARTESIAN_POINT('',(0.00819451734423637,0.0235191781330109,0.00935845671067449));
#7471=CARTESIAN_POINT('',(-0.000428481408119199,0.000355263240635395,0.0003));
#7472=CARTESIAN_POINT('',(0.00562217324027356,0.02196,0.0003));
#7473=CARTESIAN_POINT('',(0.00594856313078917,0.02196,0.0003));
#7474=CARTESIAN_POINT('',(0.00656361078316763,0.0222115377327576,0.0003));
#7475=CARTESIAN_POINT('',(0.00702578059726246,0.0226743510381717,0.0003));
#7476=CARTESIAN_POINT('',(0.00725297405491087,0.0229015432893255,0.0003));
#7477=CARTESIAN_POINT('',(0.00725297405491087,0.0229015432893255,0.0003));
#7478=CARTESIAN_POINT('',(0.00725297405491087,0.02396,0.0003));
#7479=CARTESIAN_POINT('',(0.00725297405491087,0.0230184567106745,0.0003));
#7480=CARTESIAN_POINT('',(0.00562217324027356,0.02396,0.0003));
#7481=CARTESIAN_POINT('',(0.00594856313078917,0.02396,0.0003));
#7482=CARTESIAN_POINT('',(0.00656361078316758,0.0237084622672424,0.0003));
#7483=CARTESIAN_POINT('',(0.00702578059726255,0.0232456489618284,0.0003));
#7484=CARTESIAN_POINT('',(0.00725297405491087,0.0230184567106745,0.0003));
#7485=CARTESIAN_POINT('',(0.0154774049296975,0.0237135228025914,0.0003));
#7486=CARTESIAN_POINT('',(0.0154774049296975,0.0237135228025914,0.0003));
#7487=CARTESIAN_POINT('',(0.0306541658937931,0.0237135228025914,0.0003));
#7488=CARTESIAN_POINT('',(0.0306541658937931,0.0237135228025914,0.0003));
#7489=CARTESIAN_POINT('',(-0.000428481408119199,0.000355263240635395,0.0003));
#7490=CARTESIAN_POINT('',(0.00757377734407783,-0.0233582595619559,0.0003));
#7491=CARTESIAN_POINT('',(0.00757377734407783,-0.0223945584412272,0.0003));
#7492=CARTESIAN_POINT('',(0.00757377734407783,-0.0223945584412272,0.00986544155877284));
#7493=CARTESIAN_POINT('',(0.00757377734407783,-0.0223945584412272,0.000734558441227157));
#7494=CARTESIAN_POINT('',(0.00757377734407783,-0.02396,0.000734558441227157));
#7495=CARTESIAN_POINT('',(0.00757377734407783,-0.0235254415587729,0.000734558441227157));
#7496=CARTESIAN_POINT('',(0.00757377734407783,-0.0235254415587729,0.0003));
#7497=CARTESIAN_POINT('',(0.00757377734407783,-0.0235254415587729,0.00986544155877284));
#7498=CARTESIAN_POINT('',(0.00757377734407783,-0.0233582595619559,0.00986544155877284));
#7499=CARTESIAN_POINT('',(-0.00488682184368372,-0.0233582595619559,0.0003));
#7500=CARTESIAN_POINT('',(-0.00488682184368372,-0.0235254415587729,0.0003));
#7501=CARTESIAN_POINT('',(-0.00488682184368372,-0.0235254415587729,0.00986544155877284));
#7502=CARTESIAN_POINT('',(-0.00488682184368372,-0.0235254415587729,0.000734558441227157));
#7503=CARTESIAN_POINT('',(-0.00488682184368372,-0.0233582595619559,0.000734558441227157));
#7504=CARTESIAN_POINT('',(-0.00488682184368372,-0.0223945584412272,0.000734558441227157));
#7505=CARTESIAN_POINT('',(-0.00488682184368372,-0.0223945584412272,0.0003));
#7506=CARTESIAN_POINT('',(-0.00488682184368372,-0.0223945584412272,0.00986544155877284));
#7507=CARTESIAN_POINT('',(-0.00488682184368372,-0.02396,0.00986544155877284));
#7508=CARTESIAN_POINT('',(-0.000428481408119199,0.000355263240635395,0.0003));
#7509=CARTESIAN_POINT('',(0.00713921890285067,-0.02196,0.0003));
#7510=CARTESIAN_POINT('',(0.00713921890285067,-0.0235254415587729,0.0003));
#7511=CARTESIAN_POINT('',(0.00713921890285067,-0.0223945584412272,0.0003));
#7512=CARTESIAN_POINT('',(0.0063865416037873,-0.02196,0.0003));
#7513=CARTESIAN_POINT('',(0.00668782521979567,-0.02196,0.0003));
#7514=CARTESIAN_POINT('',(0.00692950077051875,-0.0221848427204075,0.0003));
#7515=CARTESIAN_POINT('',(0.00713921890285067,-0.0223945584412272,0.0003));
#7516=CARTESIAN_POINT('',(-0.0036995861033932,-0.02196,0.0003));
#7517=CARTESIAN_POINT('',(-0.00400086971940157,-0.02196,0.0003));
#7518=CARTESIAN_POINT('',(-0.0042425452701248,-0.0221848427204074,0.0003));
#7519=CARTESIAN_POINT('',(-0.00445226340245657,-0.0223945584412272,0.0003));
#7520=CARTESIAN_POINT('',(-0.00445226340245657,-0.0223945584412272,0.0003));
#7521=CARTESIAN_POINT('',(-0.00445226340245657,0.000355263240635395,0.0003));
#7522=CARTESIAN_POINT('',(-0.00445226340245657,-0.0235254415587729,0.0003));
#7523=CARTESIAN_POINT('',(-0.0036995861033932,-0.02396,0.0003));
#7524=CARTESIAN_POINT('',(-0.00400086971940156,-0.02396,0.0003));
#7525=CARTESIAN_POINT('',(-0.00424254527012464,-0.0237351572795925,0.0003));
#7526=CARTESIAN_POINT('',(-0.00445226340245657,-0.0235254415587729,0.0003));
#7527=CARTESIAN_POINT('',(0.0063865416037873,-0.02396,0.0003));
#7528=CARTESIAN_POINT('',(0.00668782521979567,-0.02396,0.0003));
#7529=CARTESIAN_POINT('',(0.00692950077051874,-0.0237351572795925,0.0003));
#7530=CARTESIAN_POINT('',(0.00713921890285067,-0.0235254415587729,0.0003));
#7531=CARTESIAN_POINT('',(0.00913606063356188,-3.46944695195361E-18,0.00935845671067449));
#7532=CARTESIAN_POINT('',(0.00913606063356188,0.0229015432893255,0.00935845671067449));
#7533=CARTESIAN_POINT('',(0.00913606063356188,0.0230184567106745,0.00935845671067449));
#7534=CARTESIAN_POINT('',(0.00913606063356188,0.0230184567106745,0.0003));
#7535=CARTESIAN_POINT('',(0.00913606063356188,0.0230184567106745,0.00124154328932551));
#7536=CARTESIAN_POINT('',(0.00913606063356188,0.0229015432893255,0.0003));
#7537=CARTESIAN_POINT('',(0.00913606063356188,0.0229015432893255,0.00124154328932551));
#7538=CARTESIAN_POINT('',(0.00725297405491087,0.0230184567106745,0.00124154328932551));
#7539=CARTESIAN_POINT('',(0.00725297405491087,0.0230184567106745,0.00124154328932551));
#7540=CARTESIAN_POINT('',(0.00725297405491087,0.0229015432893255,0.00124154328932551));
#7541=CARTESIAN_POINT('',(0.00725297405491087,0.0229015432893255,0.00124154328932551));
#7542=CARTESIAN_POINT('',(0.00725297405491087,0.0235191781330109,0.00124154328932551));
#7543=CARTESIAN_POINT('',(0.00800833578530498,-3.46944695195361E-18,0.00986544155877284));
#7544=CARTESIAN_POINT('',(0.00800833578530498,-0.0235254415587729,0.00986544155877284));
#7545=CARTESIAN_POINT('',(0.00800833578530498,-0.0223945584412272,0.00986544155877284));
#7546=CARTESIAN_POINT('',(0.00800833578530498,-0.0223945584412272,0.0113));
#7547=CARTESIAN_POINT('',(0.00800833578530498,-0.0223945584412272,0.000734558441227157));
#7548=CARTESIAN_POINT('',(0.00800833578530498,-0.0235254415587729,0.0103));
#7549=CARTESIAN_POINT('',(0.00800833578530498,-0.0235254415587729,0.000734558441227157));
#7550=CARTESIAN_POINT('',(0.00713921890285067,-0.0223945584412272,0.000734558441227157));
#7551=CARTESIAN_POINT('',(0.00713921890285067,-0.0223945584412272,0.000734558441227157));
#7552=CARTESIAN_POINT('',(0.00713921890285067,-0.0235254415587729,0.000734558441227157));
#7553=CARTESIAN_POINT('',(0.00713921890285067,-0.0235254415587729,0.000734558441227157));
#7554=CARTESIAN_POINT('',(0.00713921890285067,-0.0233582595619559,0.000734558441227157));
#7555=CARTESIAN_POINT('',(-0.00532138028491088,-0.0233582595619559,0.00986544155877284));
#7556=CARTESIAN_POINT('',(-0.00532138028491088,-0.0235254415587729,0.00986544155877284));
#7557=CARTESIAN_POINT('',(-0.00532138028491088,-0.0223945584412272,0.00986544155877284));
#7558=CARTESIAN_POINT('',(-0.00532138028491088,-0.0223945584412272,0.0003));
#7559=CARTESIAN_POINT('',(-0.00532138028491088,-0.0223945584412272,0.000734558441227157));
#7560=CARTESIAN_POINT('',(-0.00532138028491088,-0.0235254415587729,0.0003));
#7561=CARTESIAN_POINT('',(-0.00532138028491088,-0.0235254415587729,0.000734558441227157));
#7562=CARTESIAN_POINT('',(-0.00445226340245657,-0.0223945584412272,0.000734558441227157));
#7563=CARTESIAN_POINT('',(-0.00445226340245657,-0.0223945584412272,0.000734558441227157));
#7564=CARTESIAN_POINT('',(-0.00445226340245657,-0.0235254415587729,0.000734558441227157));
#7565=CARTESIAN_POINT('',(-0.00445226340245657,-0.0235254415587729,0.000734558441227157));
#7566=CARTESIAN_POINT('',(-0.00445226340245657,0.000355263240635395,0.000734558441227157));
#7567=CARTESIAN_POINT('',(6.93889390390723E-18,0.,-0.0028));
#7568=CARTESIAN_POINT('',(0.0342744030058384,0.0255385050550103,-0.0028));
#7569=CARTESIAN_POINT('',(0.0342744030058384,0.02796,-0.0028));
#7570=CARTESIAN_POINT('',(0.0320617817342281,0.0255385050550103,-0.0028));
#7571=CARTESIAN_POINT('',(0.0320617817342281,0.02796,-0.0028));
#7572=CARTESIAN_POINT('',(0.,0.02796,-0.0028));
#7573=CARTESIAN_POINT('',(0.0342744030058384,0.0255385050550103,0.0006));
#7574=CARTESIAN_POINT('',(0.0342744030058384,0.0281326327294877,-0.0028));
#7575=CARTESIAN_POINT('',(0.0342744030058384,0.0282012589525036,-0.00280000000000001));
#7576=CARTESIAN_POINT('',(0.0342744030058384,0.0282563054811804,-0.00274878525470678));
#7577=CARTESIAN_POINT('',(0.0342744030058384,0.0283040758920522,-0.00270101724394271));
#7578=CARTESIAN_POINT('',(0.0342744030058384,0.0281326327294877,-0.0028));
#7579=CARTESIAN_POINT('',(0.0342744030058384,0.0283040758920522,-0.00270101724394271));
#7580=CARTESIAN_POINT('',(0.0342744030058384,0.0283040758920522,9.30151519016488E-5));
#7581=CARTESIAN_POINT('',(0.0342744030058384,0.0283040758920522,9.30151519016488E-5));
#7582=CARTESIAN_POINT('',(0.0342744030058384,0.0255385050550103,9.30151519016488E-5));
#7583=CARTESIAN_POINT('',(0.0342744030058384,0.0244669848480984,9.30151519016488E-5));
#7584=CARTESIAN_POINT('',(0.0342744030058384,0.02396,-0.000785108363672283));
#7585=CARTESIAN_POINT('',(0.0342744030058384,0.02396,-0.000433610985177686));
#7586=CARTESIAN_POINT('',(0.0342744030058384,0.0242223164248282,-0.000151655678613592));
#7587=CARTESIAN_POINT('',(0.0342744030058384,0.0244669848480984,9.30151519016488E-5));
#7588=CARTESIAN_POINT('',(0.0342744030058384,0.0255385050550103,-0.0028));
#7589=CARTESIAN_POINT('',(0.0320617817342281,0.0255385050550103,0.0006));
#7590=CARTESIAN_POINT('',(0.0320617817342281,0.0284030586481094,9.30151519016488E-5));
#7591=CARTESIAN_POINT('',(0.0320617817342281,0.0244669848480984,9.30151519016488E-5));
#7592=CARTESIAN_POINT('',(0.0320617817342281,0.0283040758920522,9.30151519016488E-5));
#7593=CARTESIAN_POINT('',(0.0320617817342281,0.0283040758920522,0.0006));
#7594=CARTESIAN_POINT('',(0.0320617817342281,0.0283040758920522,-0.00270101724394271));
#7595=CARTESIAN_POINT('',(0.0320617817342281,0.0281326327294877,-0.0028));
#7596=CARTESIAN_POINT('',(0.0320617817342281,0.0282012589525036,-0.00280000000000001));
#7597=CARTESIAN_POINT('',(0.0320617817342281,0.0282563054811804,-0.00274878525470678));
#7598=CARTESIAN_POINT('',(0.0320617817342281,0.0283040758920522,-0.00270101724394271));
#7599=CARTESIAN_POINT('',(0.0320617817342281,0.0281326327294877,-0.0028));
#7600=CARTESIAN_POINT('',(0.0320617817342281,0.0255385050550103,-0.0028));
#7601=CARTESIAN_POINT('',(0.0320617817342281,0.02396,-0.000785108363672283));
#7602=CARTESIAN_POINT('',(0.0320617817342281,0.02396,-0.000433610985177686));
#7603=CARTESIAN_POINT('',(0.0320617817342281,0.0242223164248281,-0.000151655678613537));
#7604=CARTESIAN_POINT('',(0.0320617817342281,0.0244669848480984,9.30151519016488E-5));
#7605=CARTESIAN_POINT('',(6.93889390390723E-18,0.,0.0006));
#7606=CARTESIAN_POINT('',(0.0325687665823265,0.02396,0.0006));
#7607=CARTESIAN_POINT('',(0.0325687665823265,0.0278960738000111,0.0006));
#7608=CARTESIAN_POINT('',(0.0325687665823265,0.0244669848480984,0.0006));
#7609=CARTESIAN_POINT('',(4.64049122866476E-18,0.0244669848480984,0.0006));
#7610=CARTESIAN_POINT('',(0.0337674181577401,0.0244669848480984,0.0006));
#7611=CARTESIAN_POINT('',(0.0337674181577401,0.,0.0006));
#7612=CARTESIAN_POINT('',(0.0337674181577401,0.0278960738000111,0.0006));
#7613=CARTESIAN_POINT('',(0.0320617817342281,0.0278960738000111,0.0006));
#7614=CARTESIAN_POINT('',(6.93889390390723E-18,0.,-0.0028));
#7615=CARTESIAN_POINT('',(-0.0317174978554249,0.0258649475872516,-0.0028));
#7616=CARTESIAN_POINT('',(-0.0317174978554249,0.02796,-0.0028));
#7617=CARTESIAN_POINT('',(-0.0349178984761238,0.0258649475872516,-0.0028));
#7618=CARTESIAN_POINT('',(-0.0349178984761238,0.0279566175590582,-0.0028));
#7619=CARTESIAN_POINT('',(-0.034633,0.01596,-0.0028));
#7620=CARTESIAN_POINT('',(-0.034633,0.02796,-0.0028));
#7621=CARTESIAN_POINT('',(0.,0.02796,-0.0028));
#7622=CARTESIAN_POINT('',(-0.0317174978554249,0.0258649475872516,0.0006));
#7623=CARTESIAN_POINT('',(-0.0317174978554249,0.0279905872263807,-0.0028));
#7624=CARTESIAN_POINT('',(-0.0317174978554249,0.0282081812060214,-0.00279999999999999));
#7625=CARTESIAN_POINT('',(-0.0317174978554249,0.0283827238878369,-0.00263761343403528));
#7626=CARTESIAN_POINT('',(-0.0317174978554249,0.0285341874979265,-0.0024861522368915));
#7627=CARTESIAN_POINT('',(-0.0317174978554249,0.0279905872263807,-0.0028));
#7628=CARTESIAN_POINT('',(-0.0317174978554249,0.0285341874979265,-0.0024861522368915));
#7629=CARTESIAN_POINT('',(-0.0317174978554249,0.0285341874979265,-0.00012426406871193));
#7630=CARTESIAN_POINT('',(-0.0317174978554249,0.0285341874979265,-0.00012426406871193));
#7631=CARTESIAN_POINT('',(-0.0317174978554249,0.0258649475872516,-0.00012426406871193));
#7632=CARTESIAN_POINT('',(-0.0317174978554249,0.024684264068712,-0.00012426406871193));
#7633=CARTESIAN_POINT('',(-0.0317174978554249,0.02396,-0.00137872623381755));
#7634=CARTESIAN_POINT('',(-0.0317174978554249,0.02396,-0.00112765692943738));
#7635=CARTESIAN_POINT('',(-0.0317174978554249,0.0241534910660475,-0.000654542685573534));
#7636=CARTESIAN_POINT('',(-0.0317174978554249,0.0245095008279494,-0.000299028515981559));
#7637=CARTESIAN_POINT('',(-0.0317174978554249,0.0246842640687119,-0.00012426406871193));
#7638=CARTESIAN_POINT('',(-0.0317174978554249,0.0258649475872516,-0.0028));
#7639=CARTESIAN_POINT('',(-0.0349178984761238,0.0258649475872516,0.0006));
#7640=CARTESIAN_POINT('',(-0.0349178984761238,0.028848035261035,-0.00012426406871193));
#7641=CARTESIAN_POINT('',(-0.0349178984761238,0.0246842640687119,-0.00012426406871193));
#7642=CARTESIAN_POINT('',(-0.0349178984761238,0.0285341874979265,-0.00012426406871193));
#7643=CARTESIAN_POINT('',(-0.0349178984761238,0.0285341874979265,0.0006));
#7644=CARTESIAN_POINT('',(-0.0349178984761238,0.0285341874979265,-0.0024861522368915));
#7645=CARTESIAN_POINT('',(-0.0349178984761238,0.0279905872263807,-0.0028));
#7646=CARTESIAN_POINT('',(-0.0349178984761238,0.0282081812060214,-0.00279999999999999));
#7647=CARTESIAN_POINT('',(-0.0349178984761238,0.0283827238878369,-0.00263761343403528));
#7648=CARTESIAN_POINT('',(-0.0349178984761238,0.0285341874979265,-0.0024861522368915));
#7649=CARTESIAN_POINT('',(-0.0349178984761238,0.0279905872263807,-0.0028));
#7650=CARTESIAN_POINT('',(-0.0349178984761238,0.0258649475872516,-0.0028));
#7651=CARTESIAN_POINT('',(-0.0349178984761238,0.02396,-0.00137872623381755));
#7652=CARTESIAN_POINT('',(-0.0349178984761238,0.02396,-0.00112765692943737));
#7653=CARTESIAN_POINT('',(-0.0349178984761238,0.0241534910660475,-0.000654542685573517));
#7654=CARTESIAN_POINT('',(-0.0349178984761238,0.0245095008279494,-0.000299028515981569));
#7655=CARTESIAN_POINT('',(-0.0349178984761238,0.0246842640687119,-0.00012426406871193));
#7656=CARTESIAN_POINT('',(6.93889390390723E-18,0.,0.0006));
#7657=CARTESIAN_POINT('',(-0.0341936344074119,0.02396,0.0006));
#7658=CARTESIAN_POINT('',(-0.0341936344074119,0.028123771192323,0.0006));
#7659=CARTESIAN_POINT('',(-0.0341936344074119,0.0246842640687119,0.0006));
#7660=CARTESIAN_POINT('',(4.62008024852016E-18,0.024684264068712,0.0006));
#7661=CARTESIAN_POINT('',(-0.0324417619241368,0.0246842640687119,0.0006));
#7662=CARTESIAN_POINT('',(-0.0324417619241368,0.,0.0006));
#7663=CARTESIAN_POINT('',(-0.0324417619241368,0.028123771192323,0.0006));
#7664=CARTESIAN_POINT('',(-0.0349178984761238,0.028123771192323,0.0006));
#7665=CARTESIAN_POINT('',(-0.044254943728447,0.015511017292738,0.0006));
#7666=CARTESIAN_POINT('',(-0.0466896637354223,0.015511017292738,-0.0028));
#7667=CARTESIAN_POINT('',(-0.0469742094277583,0.015511017292738,-0.00279999999999997));
#7668=CARTESIAN_POINT('',(-0.0472024583984387,0.015511017292738,-0.00258764851283457));
#7669=CARTESIAN_POINT('',(-0.0474005256289821,0.015511017292738,-0.00238958369439658));
#7670=CARTESIAN_POINT('',(-0.0466896637354223,0.015511017292738,-0.0028));
#7671=CARTESIAN_POINT('',(-0.0474005256289821,0.015511017292738,-0.00238958369439658));
#7672=CARTESIAN_POINT('',(-0.0474005256289821,0.015511017292738,-0.000172548339959392));
#7673=CARTESIAN_POINT('',(-0.0474005256289821,0.015511017292738,-0.000172548339959392));
#7674=CARTESIAN_POINT('',(-0.044254943728447,0.015511017292738,-0.000172548339959392));
#7675=CARTESIAN_POINT('',(-0.0434055483399594,0.015511017292738,-0.000172548339959392));
#7676=CARTESIAN_POINT('',(-0.042633,0.015511017292738,-0.00151064131607205));
#7677=CARTESIAN_POINT('',(-0.042633,0.015511017292738,-0.00124283410160181));
#7678=CARTESIAN_POINT('',(-0.0428393903327834,0.0155110172927379,-0.000738179092519273));
#7679=CARTESIAN_POINT('',(-0.0432191342065621,0.015511017292738,-0.000358963679855373));
#7680=CARTESIAN_POINT('',(-0.0434055483399594,0.015511017292738,-0.000172548339959392));
#7681=CARTESIAN_POINT('',(-0.044254943728447,0.015511017292738,-0.0028));
#7682=CARTESIAN_POINT('',(-0.046633,0.015511017292738,-0.0028));
#7683=CARTESIAN_POINT('',(-0.044254943728447,0.015511017292738,-0.0028));
#7684=CARTESIAN_POINT('',(-0.044254943728447,0.0128242624923587,0.0006));
#7685=CARTESIAN_POINT('',(-0.0478109419345856,0.0128242624923587,-0.000172548339959392));
#7686=CARTESIAN_POINT('',(-0.0434055483399594,0.0128242624923587,-0.000172548339959392));
#7687=CARTESIAN_POINT('',(-0.0474005256289821,0.0128242624923587,-0.000172548339959392));
#7688=CARTESIAN_POINT('',(-0.0474005256289821,0.0128242624923587,0.0006));
#7689=CARTESIAN_POINT('',(-0.0474005256289821,0.0128242624923587,-0.00238958369439658));
#7690=CARTESIAN_POINT('',(-0.0466896637354223,0.0128242624923587,-0.0028));
#7691=CARTESIAN_POINT('',(-0.0469742094277583,0.0128242624923587,-0.00279999999999997));
#7692=CARTESIAN_POINT('',(-0.0472024583984387,0.0128242624923587,-0.00258764851283457));
#7693=CARTESIAN_POINT('',(-0.0474005256289821,0.0128242624923587,-0.00238958369439658));
#7694=CARTESIAN_POINT('',(-0.0466896637354223,0.0128242624923587,-0.0028));
#7695=CARTESIAN_POINT('',(-0.044254943728447,0.0128242624923587,-0.0028));
#7696=CARTESIAN_POINT('',(-0.046633,0.0128242624923587,-0.0028));
#7697=CARTESIAN_POINT('',(-0.044254943728447,0.0128242624923587,-0.0028));
#7698=CARTESIAN_POINT('',(-0.042633,0.0128242624923587,-0.00151064131607205));
#7699=CARTESIAN_POINT('',(-0.042633,0.0128242624923587,-0.00124283410160181));
#7700=CARTESIAN_POINT('',(-0.0428393903327834,0.0128242624923587,-0.000738179092519275));
#7701=CARTESIAN_POINT('',(-0.0432191342065621,0.0128242624923587,-0.000358963679855385));
#7702=CARTESIAN_POINT('',(-0.0434055483399594,0.0128242624923587,-0.000172548339959392));
#7703=CARTESIAN_POINT('',(6.93889390390723E-18,0.,0.0006));
#7704=CARTESIAN_POINT('',(-0.042633,0.0135968108323181,0.0006));
#7705=CARTESIAN_POINT('',(-0.0470383935946262,0.0135968108323181,0.0006));
#7706=CARTESIAN_POINT('',(-0.0434055483399594,0.0135968108323181,0.0006));
#7707=CARTESIAN_POINT('',(-0.0434055483399594,-1.64943315866317E-17,0.0006));
#7708=CARTESIAN_POINT('',(-0.0434055483399594,0.0147384689527786,0.0006));
#7709=CARTESIAN_POINT('',(6.93889390390723E-18,0.0147384689527786,0.0006));
#7710=CARTESIAN_POINT('',(-0.0470383935946262,0.0147384689527786,0.0006));
#7711=CARTESIAN_POINT('',(-0.0470383935946262,0.0128242624923587,0.0006));
#7712=CARTESIAN_POINT('',(6.93889390390723E-18,0.,-0.0028));
#7713=CARTESIAN_POINT('',(-0.046633,0.,-0.0028));
#7714=CARTESIAN_POINT('',(-0.0442118309438228,-0.0129215428605676,0.0006));
#7715=CARTESIAN_POINT('',(-0.0467239876474496,-0.0129215428605676,-0.0028));
#7716=CARTESIAN_POINT('',(-0.0468495229512196,-0.0129215428605676,-0.0028));
#7717=CARTESIAN_POINT('',(-0.0469502196066764,-0.0129215428605676,-0.00270631515187397));
#7718=CARTESIAN_POINT('',(-0.047037603188726,-0.0129215428605676,-0.00261893398282202));
#7719=CARTESIAN_POINT('',(-0.0467239876474496,-0.0129215428605676,-0.0028));
#7720=CARTESIAN_POINT('',(-0.047037603188726,-0.0129215428605676,-0.00261893398282202));
#7721=CARTESIAN_POINT('',(-0.047037603188726,-0.0129215428605676,0.00018958));
#7722=CARTESIAN_POINT('',(-0.047037603188726,-0.0129215428605676,0.00018958));
#7723=CARTESIAN_POINT('',(-0.0442118309438228,-0.0129215428605676,0.00018958));
#7724=CARTESIAN_POINT('',(-0.04304342,-0.0129215428605676,0.00018958));
#7725=CARTESIAN_POINT('',(-0.042633,-0.0129215428605676,-0.00052128829244242));
#7726=CARTESIAN_POINT('',(-0.042633,-0.0129215428605676,-0.000236740038753471));
#7727=CARTESIAN_POINT('',(-0.0428453533986625,-0.0129215428605676,-8.48901344731989E-6));
#7728=CARTESIAN_POINT('',(-0.04304342,-0.0129215428605676,0.00018958));
#7729=CARTESIAN_POINT('',(-0.0442118309438228,-0.0129215428605676,-0.0028));
#7730=CARTESIAN_POINT('',(-0.046633,-0.0129215428605676,-0.0028));
#7731=CARTESIAN_POINT('',(-0.0442118309438228,-0.0129215428605676,-0.0028));
#7732=CARTESIAN_POINT('',(-0.0442118309438228,-0.0151808252558112,0.0006));
#7733=CARTESIAN_POINT('',(-0.047218669205904,-0.0151808252558112,0.00018958));
#7734=CARTESIAN_POINT('',(-0.04304342,-0.0151808252558112,0.00018958));
#7735=CARTESIAN_POINT('',(-0.047037603188726,-0.0151808252558112,0.00018958));
#7736=CARTESIAN_POINT('',(-0.047037603188726,-0.0151808252558112,0.0006));
#7737=CARTESIAN_POINT('',(-0.047037603188726,-0.0151808252558112,-0.00261893398282202));
#7738=CARTESIAN_POINT('',(-0.0467239876474496,-0.0151808252558112,-0.0028));
#7739=CARTESIAN_POINT('',(-0.0468495229512196,-0.0151808252558112,-0.0028));
#7740=CARTESIAN_POINT('',(-0.0469502196066764,-0.0151808252558112,-0.00270631515187397));
#7741=CARTESIAN_POINT('',(-0.047037603188726,-0.0151808252558112,-0.00261893398282202));
#7742=CARTESIAN_POINT('',(-0.0467239876474496,-0.0151808252558112,-0.0028));
#7743=CARTESIAN_POINT('',(-0.0442118309438228,-0.0151808252558112,-0.0028));
#7744=CARTESIAN_POINT('',(-0.046633,-0.0151808252558112,-0.0028));
#7745=CARTESIAN_POINT('',(-0.0442118309438228,-0.0151808252558112,-0.0028));
#7746=CARTESIAN_POINT('',(-0.042633,-0.0151808252558112,-0.00052128829244242));
#7747=CARTESIAN_POINT('',(-0.042633,-0.0151808252558112,-0.000236740038753475));
#7748=CARTESIAN_POINT('',(-0.0428453533986625,-0.0151808252558112,-8.48901344731777E-6));
#7749=CARTESIAN_POINT('',(-0.04304342,-0.0151808252558112,0.00018958));
#7750=CARTESIAN_POINT('',(6.93889390390723E-18,0.,0.0006));
#7751=CARTESIAN_POINT('',(-0.042633,-0.0147704052558112,0.0006));
#7752=CARTESIAN_POINT('',(-0.046808249205904,-0.0147704052558112,0.0006));
#7753=CARTESIAN_POINT('',(-0.04304342,-0.0147704052558112,0.0006));
#7754=CARTESIAN_POINT('',(-0.04304342,-1.63567209551653E-17,0.0006));
#7755=CARTESIAN_POINT('',(-0.04304342,-0.0133319628605676,0.0006));
#7756=CARTESIAN_POINT('',(6.93889390390723E-18,-0.0133319628605676,0.0006));
#7757=CARTESIAN_POINT('',(-0.046808249205904,-0.0133319628605676,0.0006));
#7758=CARTESIAN_POINT('',(-0.046808249205904,-0.0151808252558112,0.0006));
#7759=CARTESIAN_POINT('',(6.93889390390723E-18,0.,-0.0028));
#7760=CARTESIAN_POINT('',(-0.046633,0.,-0.0028));
#7761=CARTESIAN_POINT('',(6.93889390390723E-18,6.93889390390723E-18,-0.0028));
#7762=CARTESIAN_POINT('',(6.93889390390723E-18,0.0291618830241435,-0.0028));
#7763=CARTESIAN_POINT('',(-0.0346040507130153,0.0291618830241435,-0.0028));
#7764=CARTESIAN_POINT('',(-0.0320313456185334,0.0291618830241435,-0.0028));
#7765=CARTESIAN_POINT('',(-0.0320313456185334,0.0285341874979265,-0.0028));
#7766=CARTESIAN_POINT('',(0.,0.02796,-0.0028));
#7767=CARTESIAN_POINT('',(0.0321607644902855,0.0283040758920522,-0.0028));
#7768=CARTESIAN_POINT('',(0.0321607644902855,0.0285020414041668,-0.0028));
#7769=CARTESIAN_POINT('',(6.93889390390723E-18,0.0285020414041668,-0.0028));
#7770=CARTESIAN_POINT('',(0.0341754202497811,0.0285020414041668,-0.0028));
#7771=CARTESIAN_POINT('',(0.0341754202497811,0.0283040758920522,-0.0028));
#7772=CARTESIAN_POINT('',(0.,0.02796,-0.0028));
#7773=CARTESIAN_POINT('',(0.034633,0.02796,-0.0028));
#7774=CARTESIAN_POINT('',(0.034633,0.01596,-0.0028));
#7775=CARTESIAN_POINT('',(0.046633,0.01596,-0.0028));
#7776=CARTESIAN_POINT('',(0.046633,-6.93889390390723E-18,-0.0028));
#7777=CARTESIAN_POINT('',(0.046633,0.0147786065936089,-0.0028));
#7778=CARTESIAN_POINT('',(0.0445330440998078,0.0147786065936089,-0.0028));
#7779=CARTESIAN_POINT('',(0.0470015366239019,0.0147786065936089,-0.0028));
#7780=CARTESIAN_POINT('',(0.0473778752734336,0.0145613273729953,-0.0028));
#7781=CARTESIAN_POINT('',(0.0478124337146607,0.0145613273729953,-0.0028));
#7782=CARTESIAN_POINT('',(0.0478124337146607,6.93889390390723E-18,-0.0028));
#7783=CARTESIAN_POINT('',(0.0478124337146607,0.0117954870561687,-0.0028));
#7784=CARTESIAN_POINT('',(0.0473778752734336,0.0117954870561687,-0.0028));
#7785=CARTESIAN_POINT('',(0.0470015366239019,0.0115782078355551,-0.0028));
#7786=CARTESIAN_POINT('',(0.0445330440998078,0.0115782078355551,-0.0028));
#7787=CARTESIAN_POINT('',(0.046633,0.0115782078355551,-0.0028));
#7788=CARTESIAN_POINT('',(0.046633,-6.93889390390723E-18,-0.0028));
#7789=CARTESIAN_POINT('',(0.046633,-0.0106665380299091,-0.0028));
#7790=CARTESIAN_POINT('',(0.044928153976798,-0.0106665380299091,-0.0028));
#7791=CARTESIAN_POINT('',(0.0470270297501413,-0.0106665380299091,-0.0028));
#7792=CARTESIAN_POINT('',(0.0477378916437012,-0.0110769543355126,-0.0028));
#7793=CARTESIAN_POINT('',(0.048558724254908,-0.0110769543355126,-0.0028));
#7794=CARTESIAN_POINT('',(0.048558724254908,6.93889390390723E-18,-0.0028));
#7795=CARTESIAN_POINT('',(0.048558724254908,-0.0134565214136821,-0.0028));
#7796=CARTESIAN_POINT('',(0.0477378916437012,-0.0134565214136821,-0.0028));
#7797=CARTESIAN_POINT('',(0.0470270297501413,-0.0138669377192855,-0.0028));
#7798=CARTESIAN_POINT('',(0.044928153976798,-0.0138669377192855,-0.0028));
#7799=CARTESIAN_POINT('',(0.046633,-0.0138669377192855,-0.0028));
#7800=CARTESIAN_POINT('',(0.046633,-6.93889390390723E-18,-0.0028));
#7801=CARTESIAN_POINT('',(0.046633,-0.01596,-0.0028));
#7802=CARTESIAN_POINT('',(0.034633,-0.01596,-0.0028));
#7803=CARTESIAN_POINT('',(0.034633,-0.02796,-0.0028));
#7804=CARTESIAN_POINT('',(0.,-0.02796,-0.0028));
#7805=CARTESIAN_POINT('',(0.0243997760117054,-0.02796,-0.0028));
#7806=CARTESIAN_POINT('',(0.0243997760117054,-0.0260219564661383,-0.0028));
#7807=CARTESIAN_POINT('',(0.0243997760117054,-0.0281141412730352,-0.0028));
#7808=CARTESIAN_POINT('',(0.0239652175704783,-0.0288668185720985,-0.0028));
#7809=CARTESIAN_POINT('',(0.0239652175704783,-0.0297359354545528,-0.0028));
#7810=CARTESIAN_POINT('',(6.93889390390723E-18,-0.0297359354545528,-0.0028));
#7811=CARTESIAN_POINT('',(0.0208042036493475,-0.0297359354545528,-0.0028));
#7812=CARTESIAN_POINT('',(0.0208042036493475,-0.0288668185720985,-0.0028));
#7813=CARTESIAN_POINT('',(0.0203696452081204,-0.0281141412730352,-0.0028));
#7814=CARTESIAN_POINT('',(0.0203696452081204,-0.0260219564661383,-0.0028));
#7815=CARTESIAN_POINT('',(0.0203696452081204,-0.02796,-0.0028));
#7816=CARTESIAN_POINT('',(0.,-0.02796,-0.0028));
#7817=CARTESIAN_POINT('',(-0.0270699877291918,-0.02796,-0.0028));
#7818=CARTESIAN_POINT('',(-0.0270699877291918,-0.0263742422685027,-0.0028));
#7819=CARTESIAN_POINT('',(-0.0270699877291918,-0.0284635951646318,-0.0028));
#7820=CARTESIAN_POINT('',(-0.0275528304416664,-0.0292999032747023,-0.0028));
#7821=CARTESIAN_POINT('',(-0.0275528304416664,-0.0302655886996515,-0.0028));
#7822=CARTESIAN_POINT('',(6.93889390390723E-18,-0.0302655886996515,-0.0028));
#7823=CARTESIAN_POINT('',(-0.0306661739807598,-0.0302655886996515,-0.0028));
#7824=CARTESIAN_POINT('',(-0.0306661739807598,-0.0292999032747023,-0.0028));
#7825=CARTESIAN_POINT('',(-0.0311490166932345,-0.0284635951646318,-0.0028));
#7826=CARTESIAN_POINT('',(-0.0311490166932345,-0.0263742422685027,-0.0028));
#7827=CARTESIAN_POINT('',(-0.0311490166932345,-0.02796,-0.0028));
#7828=CARTESIAN_POINT('',(0.,-0.02796,-0.0028));
#7829=CARTESIAN_POINT('',(-0.034633,-0.02796,-0.0028));
#7830=CARTESIAN_POINT('',(-0.034633,-0.01596,-0.0028));
#7831=CARTESIAN_POINT('',(-0.046633,-0.01596,-0.0028));
#7832=CARTESIAN_POINT('',(-0.046633,0.,-0.0028));
#7833=CARTESIAN_POINT('',(-0.047037603188726,-0.0149997592386332,-0.0028));
#7834=CARTESIAN_POINT('',(-0.047399735223082,-0.0149997592386332,-0.0028));
#7835=CARTESIAN_POINT('',(-0.047399735223082,6.93889390390723E-18,-0.0028));
#7836=CARTESIAN_POINT('',(-0.047399735223082,-0.0131026088777455,-0.0028));
#7837=CARTESIAN_POINT('',(-0.047037603188726,-0.0131026088777455,-0.0028));
#7838=CARTESIAN_POINT('',(-0.046633,0.,-0.0028));
#7839=CARTESIAN_POINT('',(-0.0474005256289821,0.0132346787979621,-0.0028));
#7840=CARTESIAN_POINT('',(-0.048221358240189,0.0132346787979621,-0.0028));
#7841=CARTESIAN_POINT('',(-0.048221358240189,6.93889390390723E-18,-0.0028));
#7842=CARTESIAN_POINT('',(-0.048221358240189,0.0151006009871345,-0.0028));
#7843=CARTESIAN_POINT('',(-0.0474005256289821,0.0151006009871345,-0.0028));
#7844=CARTESIAN_POINT('',(-0.046633,0.,-0.0028));
#7845=CARTESIAN_POINT('',(-0.046633,0.01596,-0.0028));
#7846=CARTESIAN_POINT('',(-0.034633,0.01596,-0.0028));
#7847=CARTESIAN_POINT('',(-0.0346040507130153,0.0285341874979265,-0.0028));
#7848=CARTESIAN_POINT('',(-0.050833,3.46944695195361E-18,-0.0028));
#7849=CARTESIAN_POINT('',(-0.050833,0.01616,-0.0028));
#7850=CARTESIAN_POINT('',(-0.050833,-0.01616,-0.0028));
#7851=CARTESIAN_POINT('',(-0.034833,-0.01616,-0.0028));
#7852=CARTESIAN_POINT('',(-0.034833,-0.03216,-0.0028));
#7853=CARTESIAN_POINT('',(6.93889390390723E-18,-0.03216,-0.0028));
#7854=CARTESIAN_POINT('',(0.034833,-0.03216,-0.0028));
#7855=CARTESIAN_POINT('',(0.034833,-0.01616,-0.0028));
#7856=CARTESIAN_POINT('',(0.050833,-0.01616,-0.0028));
#7857=CARTESIAN_POINT('',(0.050833,1.04083408558608E-17,-0.0028));
#7858=CARTESIAN_POINT('',(0.050833,0.01616,-0.0028));
#7859=CARTESIAN_POINT('',(0.034833,0.01616,-0.0028));
#7860=CARTESIAN_POINT('',(0.034833,0.03216,-0.0028));
#7861=CARTESIAN_POINT('',(6.93889390390723E-18,0.03216,-0.0028));
#7862=CARTESIAN_POINT('',(-0.034833,0.03216,-0.0028));
#7863=CARTESIAN_POINT('',(-0.034833,0.01616,-0.0028));
#7864=CARTESIAN_POINT('',(-0.050833,3.46944695195361E-18,-0.0028));
#7865=CARTESIAN_POINT('',(-0.050833,3.46944695195361E-18,-0.0062));
#7866=CARTESIAN_POINT('',(-0.050833,0.01616,-0.0062));
#7867=CARTESIAN_POINT('',(-0.050833,-0.01616,-0.0062));
#7868=CARTESIAN_POINT('',(-0.050833,-0.01616,-0.0028));
#7869=CARTESIAN_POINT('',(-0.050833,0.01616,-0.0028));
#7870=CARTESIAN_POINT('',(-0.034833,-0.01616,-0.0028));
#7871=CARTESIAN_POINT('',(-0.034833,-0.01616,-0.0062));
#7872=CARTESIAN_POINT('',(-0.034833,-0.03216,-0.0062));
#7873=CARTESIAN_POINT('',(-0.034833,-0.03216,-0.0028));
#7874=CARTESIAN_POINT('',(6.93889390390723E-18,-0.03216,-0.0028));
#7875=CARTESIAN_POINT('',(6.93889390390723E-18,-0.03216,-0.0062));
#7876=CARTESIAN_POINT('',(0.034833,-0.03216,-0.0062));
#7877=CARTESIAN_POINT('',(0.034833,-0.03216,-0.0028));
#7878=CARTESIAN_POINT('',(0.034833,-0.01616,-0.0028));
#7879=CARTESIAN_POINT('',(0.034833,-0.01616,-0.0062));
#7880=CARTESIAN_POINT('',(0.050833,-0.01616,-0.0062));
#7881=CARTESIAN_POINT('',(0.050833,-0.01616,-0.0028));
#7882=CARTESIAN_POINT('',(0.050833,1.04083408558608E-17,-0.0028));
#7883=CARTESIAN_POINT('',(0.050833,1.04083408558608E-17,-0.0062));
#7884=CARTESIAN_POINT('',(0.050833,0.01616,-0.0062));
#7885=CARTESIAN_POINT('',(0.050833,0.01616,-0.0028));
#7886=CARTESIAN_POINT('',(0.034833,0.01616,-0.0028));
#7887=CARTESIAN_POINT('',(0.034833,0.01616,-0.0062));
#7888=CARTESIAN_POINT('',(0.034833,0.03216,-0.0062));
#7889=CARTESIAN_POINT('',(0.034833,0.03216,-0.0028));
#7890=CARTESIAN_POINT('',(6.93889390390723E-18,0.03216,-0.0028));
#7891=CARTESIAN_POINT('',(6.93889390390723E-18,0.03216,-0.0062));
#7892=CARTESIAN_POINT('',(-0.034833,0.03216,-0.0062));
#7893=CARTESIAN_POINT('',(-0.034833,0.03216,-0.0028));
#7894=CARTESIAN_POINT('',(-0.034633,-0.01596,-0.0028));
#7895=CARTESIAN_POINT('',(-0.034633,-0.01596,-0.0062));
#7896=CARTESIAN_POINT('',(-0.046633,-0.01596,-0.0062));
#7897=CARTESIAN_POINT('',(-0.034633,-0.02796,-0.0062));
#7898=CARTESIAN_POINT('',(-0.046633,-0.01596,-0.0028));
#7899=CARTESIAN_POINT('',(-0.034633,-0.02796,-0.0028));
#7900=CARTESIAN_POINT('',(-0.046633,0.,-0.0028));
#7901=CARTESIAN_POINT('',(-0.046633,0.,-0.0062));
#7902=CARTESIAN_POINT('',(-0.046633,0.01596,-0.0062));
#7903=CARTESIAN_POINT('',(-0.046633,0.01596,-0.0028));
#7904=CARTESIAN_POINT('',(-0.034633,0.01596,-0.0028));
#7905=CARTESIAN_POINT('',(-0.034633,0.01596,-0.0062));
#7906=CARTESIAN_POINT('',(-0.034633,0.02796,-0.0062));
#7907=CARTESIAN_POINT('',(-0.034633,0.02796,-0.0028));
#7908=CARTESIAN_POINT('',(0.,0.02796,-0.0028));
#7909=CARTESIAN_POINT('',(0.,0.02796,-0.0062));
#7910=CARTESIAN_POINT('',(0.034633,0.02796,-0.0062));
#7911=CARTESIAN_POINT('',(0.034633,0.02796,-0.0028));
#7912=CARTESIAN_POINT('',(0.034633,0.01596,-0.0028));
#7913=CARTESIAN_POINT('',(0.034633,0.01596,-0.0062));
#7914=CARTESIAN_POINT('',(0.046633,0.01596,-0.0062));
#7915=CARTESIAN_POINT('',(0.046633,0.01596,-0.0028));
#7916=CARTESIAN_POINT('',(0.046633,-6.93889390390723E-18,-0.0028));
#7917=CARTESIAN_POINT('',(0.046633,-6.93889390390723E-18,-0.0062));
#7918=CARTESIAN_POINT('',(0.046633,-0.01596,-0.0062));
#7919=CARTESIAN_POINT('',(0.046633,-0.01596,-0.0028));
#7920=CARTESIAN_POINT('',(0.046633,-6.93889390390723E-18,-0.0028));
#7921=CARTESIAN_POINT('',(0.046633,-6.93889390390723E-18,-0.0028));
#7922=CARTESIAN_POINT('',(0.034633,-0.01596,-0.0028));
#7923=CARTESIAN_POINT('',(0.034633,-0.01596,-0.0062));
#7924=CARTESIAN_POINT('',(0.034633,-0.02796,-0.0062));
#7925=CARTESIAN_POINT('',(0.034633,-0.02796,-0.0028));
#7926=CARTESIAN_POINT('',(0.,-0.02796,-0.0028));
#7927=CARTESIAN_POINT('',(0.,-0.02796,-0.0062));
#7928=CARTESIAN_POINT('',(0.,-0.02796,-0.0028));
#7929=CARTESIAN_POINT('',(0.,-0.02796,-0.0028));
#7930=CARTESIAN_POINT('',(-0.034833,0.01616,-0.0028));
#7931=CARTESIAN_POINT('',(-0.034833,0.01616,-0.0062));
#7932=CARTESIAN_POINT('',(6.93889390390723E-18,6.93889390390723E-18,-0.0062));
#7933=CARTESIAN_POINT('',(-0.0478109419345856,0.0141676398925483,0.0006));
#7934=CARTESIAN_POINT('',(-0.0478109419345856,0.0141676398925483,-0.00238958369439658));
#7935=CARTESIAN_POINT('',(-0.0478109419345856,0.0151006009871345,-0.00238958369439658));
#7936=CARTESIAN_POINT('',(-0.0478109419345856,0.0132346787979621,-0.00238958369439658));
#7937=CARTESIAN_POINT('',(-0.0478109419345856,0.0132346787979621,0.0006));
#7938=CARTESIAN_POINT('',(-0.0478109419345856,0.0132346787979621,-0.000172548339959392));
#7939=CARTESIAN_POINT('',(-0.0478109419345856,0.015511017292738,-0.000172548339959392));
#7940=CARTESIAN_POINT('',(-0.0478109419345856,0.0151006009871345,-0.000172548339959392));
#7941=CARTESIAN_POINT('',(-0.0478109419345856,0.0151006009871345,-0.0028));
#7942=CARTESIAN_POINT('',(-0.047218669205904,-0.0140511840581894,0.0006));
#7943=CARTESIAN_POINT('',(-0.047218669205904,-0.0140511840581894,-0.00261893398282202));
#7944=CARTESIAN_POINT('',(-0.047218669205904,-0.0131026088777455,-0.00261893398282202));
#7945=CARTESIAN_POINT('',(-0.047218669205904,-0.0149997592386332,-0.00261893398282202));
#7946=CARTESIAN_POINT('',(-0.047218669205904,-0.0149997592386332,0.0006));
#7947=CARTESIAN_POINT('',(-0.047218669205904,-0.0149997592386332,0.00018958));
#7948=CARTESIAN_POINT('',(-0.047218669205904,-0.0129215428605676,0.00018958));
#7949=CARTESIAN_POINT('',(-0.047218669205904,-0.0131026088777455,0.00018958));
#7950=CARTESIAN_POINT('',(-0.047218669205904,-0.0131026088777455,-0.0028));
#7951=CARTESIAN_POINT('',(-0.0311490166932345,-0.0263742422685027,0.0006));
#7952=CARTESIAN_POINT('',(-0.0311490166932345,-0.0284635951646318,-0.0028));
#7953=CARTESIAN_POINT('',(-0.0311490166932345,-0.0287983546236101,-0.00280000000000002));
#7954=CARTESIAN_POINT('',(-0.0311490166932345,-0.0290668833423793,-0.00255017481060362));
#7955=CARTESIAN_POINT('',(-0.0311490166932345,-0.0292999032747023,-0.00231715728752538));
#7956=CARTESIAN_POINT('',(-0.0311490166932345,-0.0292999032747023,-0.00231715728752538));
#7957=CARTESIAN_POINT('',(-0.0311490166932345,-0.0292999032747023,2.0589999999999E-5));
#7958=CARTESIAN_POINT('',(-0.0311490166932345,-0.0292999032747023,2.0589999999999E-5));
#7959=CARTESIAN_POINT('',(-0.0311490166932345,-0.0263742422685027,2.0589999999999E-5));
#7960=CARTESIAN_POINT('',(-0.0311490166932345,-0.02453941,2.0589999999999E-5));
#7961=CARTESIAN_POINT('',(-0.0311490166932345,-0.02396,-0.000982977558413485));
#7962=CARTESIAN_POINT('',(-0.0311490166932345,-0.02396,-0.000581267298265947));
#7963=CARTESIAN_POINT('',(-0.0311490166932345,-0.0242597894835011,-0.000259032911662644));
#7964=CARTESIAN_POINT('',(-0.0311490166932345,-0.02453941,2.0589999999999E-5));
#7965=CARTESIAN_POINT('',(-0.0311490166932345,-0.0263742422685027,-0.0028));
#7966=CARTESIAN_POINT('',(-0.0291095022112131,-0.0297827459871769,0.0006));
#7967=CARTESIAN_POINT('',(-0.0291095022112131,-0.0297827459871769,-0.00231715728752538));
#7968=CARTESIAN_POINT('',(-0.0306661739807598,-0.0297827459871769,-0.00231715728752538));
#7969=CARTESIAN_POINT('',(-0.0275528304416664,-0.0297827459871769,-0.00231715728752538));
#7970=CARTESIAN_POINT('',(-0.0275528304416664,-0.0297827459871769,0.0006));
#7971=CARTESIAN_POINT('',(-0.0275528304416664,-0.0297827459871769,2.0589999999999E-5));
#7972=CARTESIAN_POINT('',(-0.0311490166932345,-0.0297827459871769,2.0589999999999E-5));
#7973=CARTESIAN_POINT('',(-0.0306661739807598,-0.0297827459871769,2.0589999999999E-5));
#7974=CARTESIAN_POINT('',(-0.0306661739807598,-0.0297827459871769,-0.0028));
#7975=CARTESIAN_POINT('',(-0.0270699877291918,-0.0263742422685027,0.0006));
#7976=CARTESIAN_POINT('',(-0.0270699877291918,-0.0297827459871769,2.0589999999999E-5));
#7977=CARTESIAN_POINT('',(-0.0270699877291918,-0.02453941,2.0589999999999E-5));
#7978=CARTESIAN_POINT('',(-0.0270699877291918,-0.0292999032747023,2.0589999999999E-5));
#7979=CARTESIAN_POINT('',(-0.0270699877291918,-0.0292999032747023,0.0006));
#7980=CARTESIAN_POINT('',(-0.0270699877291918,-0.0292999032747023,-0.00231715728752538));
#7981=CARTESIAN_POINT('',(-0.0270699877291918,-0.0284635951646318,-0.0028));
#7982=CARTESIAN_POINT('',(-0.0270699877291918,-0.0287983546236101,-0.00280000000000002));
#7983=CARTESIAN_POINT('',(-0.0270699877291918,-0.0290668833423793,-0.00255017481060362));
#7984=CARTESIAN_POINT('',(-0.0270699877291918,-0.0292999032747023,-0.00231715728752538));
#7985=CARTESIAN_POINT('',(-0.0270699877291918,-0.0263742422685027,-0.0028));
#7986=CARTESIAN_POINT('',(-0.0270699877291918,-0.02396,-0.000982977558413485));
#7987=CARTESIAN_POINT('',(-0.0270699877291918,-0.02396,-0.000581267298265946));
#7988=CARTESIAN_POINT('',(-0.0270699877291918,-0.0242597894835011,-0.000259032911662714));
#7989=CARTESIAN_POINT('',(-0.0270699877291918,-0.02453941,2.0589999999999E-5));
#7990=CARTESIAN_POINT('',(6.93889390390723E-18,0.,0.0006));
#7991=CARTESIAN_POINT('',(-0.0276493977291918,-0.02396,0.0006));
#7992=CARTESIAN_POINT('',(-0.0276493977291918,-0.0292033359871769,0.0006));
#7993=CARTESIAN_POINT('',(-0.0276493977291918,-0.02453941,0.0006));
#7994=CARTESIAN_POINT('',(-0.0311490166932345,-0.02453941,0.0006));
#7995=CARTESIAN_POINT('',(-0.0305696066932345,-0.02453941,0.0006));
#7996=CARTESIAN_POINT('',(-0.0305696066932345,0.,0.0006));
#7997=CARTESIAN_POINT('',(-0.0305696066932345,-0.0292033359871769,0.0006));
#7998=CARTESIAN_POINT('',(-0.0270699877291918,-0.0292033359871769,0.0006));
#7999=CARTESIAN_POINT('',(6.93889390390723E-18,0.,-0.0028));
#8000=CARTESIAN_POINT('',(0.0203696452081204,-0.0260219564661383,0.0006));
#8001=CARTESIAN_POINT('',(0.0203696452081204,-0.0281141412730352,-0.0028));
#8002=CARTESIAN_POINT('',(0.0203696452081204,-0.0284154248890435,-0.00280000000000001));
#8003=CARTESIAN_POINT('',(0.0203696452081204,-0.028657100439766,-0.00257515727959191));
#8004=CARTESIAN_POINT('',(0.0203696452081204,-0.0288668185720985,-0.00236544155877285));
#8005=CARTESIAN_POINT('',(0.0203696452081204,-0.0288668185720985,-0.00236544155877285));
#8006=CARTESIAN_POINT('',(0.0203696452081204,-0.0288668185720985,2.0589999999999E-5));
#8007=CARTESIAN_POINT('',(0.0203696452081204,-0.0288668185720985,2.0589999999999E-5));
#8008=CARTESIAN_POINT('',(0.0203696452081204,-0.0260219564661383,2.0589999999999E-5));
#8009=CARTESIAN_POINT('',(0.0203696452081204,-0.02453941,2.0589999999999E-5));
#8010=CARTESIAN_POINT('',(0.0203696452081204,-0.02396,-0.000982977558413485));
#8011=CARTESIAN_POINT('',(0.0203696452081204,-0.02396,-0.000581267298265948));
#8012=CARTESIAN_POINT('',(0.0203696452081204,-0.0242597894835011,-0.000259032911662643));
#8013=CARTESIAN_POINT('',(0.0203696452081204,-0.02453941,2.0589999999999E-5));
#8014=CARTESIAN_POINT('',(0.0203696452081204,-0.0260219564661383,-0.0028));
#8015=CARTESIAN_POINT('',(0.0223847106099128,-0.0293013770133257,0.0006));
#8016=CARTESIAN_POINT('',(0.0223847106099128,-0.0293013770133257,-0.00236544155877285));
#8017=CARTESIAN_POINT('',(0.0208042036493475,-0.0293013770133257,-0.00236544155877285));
#8018=CARTESIAN_POINT('',(0.0239652175704783,-0.0293013770133257,-0.00236544155877285));
#8019=CARTESIAN_POINT('',(0.0239652175704783,-0.0293013770133257,0.0006));
#8020=CARTESIAN_POINT('',(0.0239652175704783,-0.0293013770133257,2.0589999999999E-5));
#8021=CARTESIAN_POINT('',(0.0203696452081204,-0.0293013770133257,2.0589999999999E-5));
#8022=CARTESIAN_POINT('',(0.0208042036493475,-0.0293013770133257,2.0589999999999E-5));
#8023=CARTESIAN_POINT('',(0.0208042036493475,-0.0293013770133257,-0.0028));
#8024=CARTESIAN_POINT('',(0.0243997760117054,-0.0260219564661383,0.0006));
#8025=CARTESIAN_POINT('',(0.0243997760117054,-0.0293013770133257,2.0589999999999E-5));
#8026=CARTESIAN_POINT('',(0.0243997760117054,-0.02453941,2.0589999999999E-5));
#8027=CARTESIAN_POINT('',(0.0243997760117054,-0.0288668185720985,2.0589999999999E-5));
#8028=CARTESIAN_POINT('',(0.0243997760117054,-0.0288668185720985,0.0006));
#8029=CARTESIAN_POINT('',(0.0243997760117054,-0.0288668185720985,-0.00236544155877285));
#8030=CARTESIAN_POINT('',(0.0243997760117054,-0.0281141412730352,-0.0028));
#8031=CARTESIAN_POINT('',(0.0243997760117054,-0.0284154248890435,-0.00280000000000001));
#8032=CARTESIAN_POINT('',(0.0243997760117054,-0.028657100439766,-0.00257515727959191));
#8033=CARTESIAN_POINT('',(0.0243997760117054,-0.0288668185720985,-0.00236544155877285));
#8034=CARTESIAN_POINT('',(0.0243997760117054,-0.0260219564661383,-0.0028));
#8035=CARTESIAN_POINT('',(0.0243997760117054,-0.02396,-0.000982977558413485));
#8036=CARTESIAN_POINT('',(0.0243997760117054,-0.02396,-0.000581267298265948));
#8037=CARTESIAN_POINT('',(0.0243997760117054,-0.0242597894835011,-0.000259032911662713));
#8038=CARTESIAN_POINT('',(0.0243997760117054,-0.02453941,2.0589999999999E-5));
#8039=CARTESIAN_POINT('',(6.93889390390723E-18,0.,0.0006));
#8040=CARTESIAN_POINT('',(0.0238203660117054,-0.02396,0.0006));
#8041=CARTESIAN_POINT('',(0.0238203660117054,-0.0287219670133257,0.0006));
#8042=CARTESIAN_POINT('',(0.0238203660117054,-0.02453941,0.0006));
#8043=CARTESIAN_POINT('',(0.0203696452081204,-0.02453941,0.0006));
#8044=CARTESIAN_POINT('',(0.0209490552081204,-0.02453941,0.0006));
#8045=CARTESIAN_POINT('',(0.0209490552081204,0.,0.0006));
#8046=CARTESIAN_POINT('',(0.0209490552081204,-0.0287219670133257,0.0006));
#8047=CARTESIAN_POINT('',(0.0243997760117054,-0.0287219670133257,0.0006));
#8048=CARTESIAN_POINT('',(6.93889390390723E-18,0.,-0.0028));
#8049=CARTESIAN_POINT('',(6.93889390390723E-18,0.,-0.0028));
#8050=CARTESIAN_POINT('',(0.044928153976798,-0.0106665380299091,-0.0028));
#8051=CARTESIAN_POINT('',(0.044928153976798,-0.0138669377192855,-0.0028));
#8052=CARTESIAN_POINT('',(0.044928153976798,-0.0138669377192855,0.0006));
#8053=CARTESIAN_POINT('',(0.0477378916437012,-0.0138669377192855,0.0006));
#8054=CARTESIAN_POINT('',(0.0477378916437012,-0.0138669377192855,-0.00238958369439658));
#8055=CARTESIAN_POINT('',(0.0477378916437012,-0.0138669377192855,2.0589999999999E-5));
#8056=CARTESIAN_POINT('',(0.044928153976798,-0.0138669377192855,2.0589999999999E-5));
#8057=CARTESIAN_POINT('',(0.04321241,-0.0138669377192855,2.0589999999999E-5));
#8058=CARTESIAN_POINT('',(0.042633,-0.0138669377192855,-0.000982977558413484));
#8059=CARTESIAN_POINT('',(0.042633,-0.0138669377192855,-0.000581267298265949));
#8060=CARTESIAN_POINT('',(0.0429327894834885,-0.0138669377192855,-0.000259032911650118));
#8061=CARTESIAN_POINT('',(0.04321241,-0.0138669377192855,2.0589999999999E-5));
#8062=CARTESIAN_POINT('',(0.0470270297501413,-0.0138669377192855,-0.0028));
#8063=CARTESIAN_POINT('',(0.0473115754424773,-0.0138669377192855,-0.00280000000000003));
#8064=CARTESIAN_POINT('',(0.0475398244131578,-0.0138669377192855,-0.0025876485128346));
#8065=CARTESIAN_POINT('',(0.0477378916437012,-0.0138669377192855,-0.00238958369439658));
#8066=CARTESIAN_POINT('',(0.044928153976798,-0.0106665380299091,0.0006));
#8067=CARTESIAN_POINT('',(0.042633,-0.0106665380299091,-0.000982977558413484));
#8068=CARTESIAN_POINT('',(0.042633,-0.0106665380299091,-0.000581267298265945));
#8069=CARTESIAN_POINT('',(0.0429327894834886,-0.0106665380299091,-0.000259032911650198));
#8070=CARTESIAN_POINT('',(0.04321241,-0.0106665380299091,2.0589999999999E-5));
#8071=CARTESIAN_POINT('',(0.04321241,-0.0106665380299091,2.0589999999999E-5));
#8072=CARTESIAN_POINT('',(0.0477378916437012,-0.0106665380299091,2.0589999999999E-5));
#8073=CARTESIAN_POINT('',(0.0477378916437012,-0.0106665380299091,2.0589999999999E-5));
#8074=CARTESIAN_POINT('',(0.0477378916437012,-0.0106665380299091,0.0006));
#8075=CARTESIAN_POINT('',(0.0477378916437012,-0.0106665380299091,-0.00238958369439658));
#8076=CARTESIAN_POINT('',(0.0470270297501413,-0.0106665380299091,-0.0028));
#8077=CARTESIAN_POINT('',(0.0473115754424773,-0.0106665380299091,-0.00280000000000003));
#8078=CARTESIAN_POINT('',(0.0475398244131578,-0.0106665380299091,-0.0025876485128346));
#8079=CARTESIAN_POINT('',(0.0477378916437012,-0.0106665380299091,-0.00238958369439658));
#8080=CARTESIAN_POINT('',(6.93889390390723E-18,0.,0.0006));
#8081=CARTESIAN_POINT('',(0.0477378916437012,-0.0106665380299091,0.0006));
#8082=CARTESIAN_POINT('',(0.0477378916437012,-0.0132875277192855,0.0006));
#8083=CARTESIAN_POINT('',(0.0477378916437012,-0.0112459480299091,0.0006));
#8084=CARTESIAN_POINT('',(0.042633,-0.0112459480299091,0.0006));
#8085=CARTESIAN_POINT('',(0.04321241,-0.0112459480299091,0.0006));
#8086=CARTESIAN_POINT('',(0.04321241,-0.0138669377192855,0.0006));
#8087=CARTESIAN_POINT('',(0.04321241,-0.0132875277192855,0.0006));
#8088=CARTESIAN_POINT('',(6.93889390390723E-18,-0.0132875277192855,0.0006));
#8089=CARTESIAN_POINT('',(6.93889390390723E-18,0.,-0.0028));
#8090=CARTESIAN_POINT('',(0.0445330440998078,0.0147786065936089,-0.0028));
#8091=CARTESIAN_POINT('',(0.0445330440998078,0.0115782078355551,-0.0028));
#8092=CARTESIAN_POINT('',(0.0445330440998078,0.0115782078355551,0.0006));
#8093=CARTESIAN_POINT('',(0.0470015366239019,0.0115782078355551,-0.0028));
#8094=CARTESIAN_POINT('',(0.0471521788506612,0.0115782078355551,-0.00280000000000001));
#8095=CARTESIAN_POINT('',(0.0472730153121674,0.0115782078355551,-0.00268757832765818));
#8096=CARTESIAN_POINT('',(0.0473778752734336,0.0115782078355551,-0.00258272077938642));
#8097=CARTESIAN_POINT('',(0.0473778752734336,0.0115782078355551,-0.00258272077938642));
#8098=CARTESIAN_POINT('',(0.0473778752734336,0.0115782078355551,0.0006));
#8099=CARTESIAN_POINT('',(0.0473778752734336,0.0115782078355551,0.0006));
#8100=CARTESIAN_POINT('',(0.0445330440998078,0.0115782078355551,0.0006));
#8101=CARTESIAN_POINT('',(0.0475951544940472,0.013178407214582,0.0006));
#8102=CARTESIAN_POINT('',(0.0475951544940472,0.013178407214582,-0.00258272077938642));
#8103=CARTESIAN_POINT('',(0.0475951544940472,0.0117954870561687,-0.00258272077938642));
#8104=CARTESIAN_POINT('',(0.0475951544940472,0.0145613273729953,-0.00258272077938642));
#8105=CARTESIAN_POINT('',(0.0475951544940472,0.0145613273729953,0.0006));
#8106=CARTESIAN_POINT('',(0.0475951544940472,0.0145613273729953,0.00038272077938642));
#8107=CARTESIAN_POINT('',(0.0475951544940472,0.0115782078355551,0.00038272077938642));
#8108=CARTESIAN_POINT('',(0.0475951544940472,0.0117954870561687,0.00038272077938642));
#8109=CARTESIAN_POINT('',(0.0475951544940472,0.0117954870561687,-0.0028));
#8110=CARTESIAN_POINT('',(0.0445330440998078,0.0147786065936089,0.0006));
#8111=CARTESIAN_POINT('',(0.0473778752734336,0.0147786065936089,0.0006));
#8112=CARTESIAN_POINT('',(0.0473778752734336,0.0147786065936089,0.0006));
#8113=CARTESIAN_POINT('',(0.0473778752734336,0.0147786065936089,-0.00258272077938642));
#8114=CARTESIAN_POINT('',(0.0470015366239019,0.0147786065936089,-0.0028));
#8115=CARTESIAN_POINT('',(0.0471521788506612,0.0147786065936089,-0.00280000000000001));
#8116=CARTESIAN_POINT('',(0.0472730153121674,0.0147786065936089,-0.00268757832765818));
#8117=CARTESIAN_POINT('',(0.0473778752734336,0.0147786065936089,-0.00258272077938643));
#8118=CARTESIAN_POINT('',(0.0445330440998078,0.0147786065936089,0.0006));
#8119=CARTESIAN_POINT('',(6.93889390390723E-18,0.,0.0006));
#8120=CARTESIAN_POINT('',(0.0473778752734336,0.0147786065936089,0.0006));
#8121=CARTESIAN_POINT('',(0.0331680923700333,0.0284030586481094,0.0006));
#8122=CARTESIAN_POINT('',(0.0331680923700333,0.0284030586481094,-0.00270101724394271));
#8123=CARTESIAN_POINT('',(0.0341754202497811,0.0284030586481094,-0.00270101724394271));
#8124=CARTESIAN_POINT('',(0.0321607644902855,0.0284030586481094,-0.00270101724394271));
#8125=CARTESIAN_POINT('',(0.0321607644902855,0.0284030586481094,0.0006));
#8126=CARTESIAN_POINT('',(0.0321607644902855,0.0284030586481094,9.30151519016488E-5));
#8127=CARTESIAN_POINT('',(0.0342744030058384,0.0284030586481094,9.30151519016488E-5));
#8128=CARTESIAN_POINT('',(0.0341754202497811,0.0284030586481094,9.30151519016488E-5));
#8129=CARTESIAN_POINT('',(0.0341754202497811,0.0284030586481094,-0.0028));
#8130=CARTESIAN_POINT('',(-0.0333176981657744,0.028848035261035,0.0006));
#8131=CARTESIAN_POINT('',(-0.0333176981657744,0.028848035261035,-0.0024861522368915));
#8132=CARTESIAN_POINT('',(-0.0320313456185334,0.028848035261035,-0.0024861522368915));
#8133=CARTESIAN_POINT('',(-0.0346040507130153,0.028848035261035,-0.0024861522368915));
#8134=CARTESIAN_POINT('',(-0.0346040507130153,0.028848035261035,0.0006));
#8135=CARTESIAN_POINT('',(-0.0346040507130153,0.028848035261035,-0.00012426406871193));
#8136=CARTESIAN_POINT('',(-0.0317174978554249,0.028848035261035,-0.00012426406871193));
#8137=CARTESIAN_POINT('',(-0.0320313456185334,0.028848035261035,-0.00012426406871193));
#8138=CARTESIAN_POINT('',(-0.0320313456185334,0.028848035261035,-0.0028));
#8139=CARTESIAN_POINT('',(0.0477378916437012,-0.0110769543355126,0.0006));
#8140=CARTESIAN_POINT('',(0.0477378916437012,-0.0110769543355126,2.0589999999999E-5));
#8141=CARTESIAN_POINT('',(0.0477378916437012,-0.0110769543355126,-0.00238958369439658));
#8142=CARTESIAN_POINT('',(0.0477378916437012,0.,0.000189583694396573));
#8143=CARTESIAN_POINT('',(0.0477378916437012,-0.0132875277192855,0.000189583694396573));
#8144=CARTESIAN_POINT('',(0.0477378916437012,-0.0112459480299091,0.000189583694396573));
#8145=CARTESIAN_POINT('',(0.0477378916437012,-0.0110769543355126,-0.00238958369439658));
#8146=CARTESIAN_POINT('',(0.048558724254908,-0.0110769543355126,-0.00238958369439658));
#8147=CARTESIAN_POINT('',(0.0477378916437012,-0.0134565214136821,0.0006));
#8148=CARTESIAN_POINT('',(0.0477378916437012,-0.0134565214136821,2.0589999999999E-5));
#8149=CARTESIAN_POINT('',(0.0477378916437012,-0.0134565214136821,-0.00238958369439658));
#8150=CARTESIAN_POINT('',(0.048558724254908,-0.0122667378745973,-0.00238958369439658));
#8151=CARTESIAN_POINT('',(0.048558724254908,-0.0134565214136821,-0.00238958369439658));
#8152=CARTESIAN_POINT('',(0.0477378916437012,-0.0134565214136821,-0.00238958369439658));
#8153=CARTESIAN_POINT('',(-0.0305696066932345,-0.02453941,2.0589999999999E-5));
#8154=CARTESIAN_POINT('',(-0.0305696066932345,-0.02453941,2.0589999999999E-5));
#8155=CARTESIAN_POINT('',(-0.0305696066932345,-0.02453941,0.00117941));
#8156=CARTESIAN_POINT('',(-0.0305696066932345,-0.0263742422685027,2.0589999999999E-5));
#8157=CARTESIAN_POINT('',(-0.0305696066932345,-0.0292033359871769,2.0589999999999E-5));
#8158=CARTESIAN_POINT('',(9.24410012130739E-18,-0.02453941,0.00117941));
#8159=CARTESIAN_POINT('',(-0.0276493977291918,-0.02453941,0.00117941));
#8160=CARTESIAN_POINT('',(6.93889390390723E-18,-0.0292033359871769,2.0589999999999E-5));
#8161=CARTESIAN_POINT('',(-0.0276493977291918,-0.0292033359871769,2.0589999999999E-5));
#8162=CARTESIAN_POINT('',(-0.0305696066932345,-0.0292033359871769,2.0589999999999E-5));
#8163=CARTESIAN_POINT('',(-0.0276493977291918,-0.02453941,2.0589999999999E-5));
#8164=CARTESIAN_POINT('',(-0.0276493977291918,-0.02453941,2.0589999999999E-5));
#8165=CARTESIAN_POINT('',(-0.0276493977291918,0.,2.0589999999999E-5));
#8166=CARTESIAN_POINT('',(-0.0276493977291918,-0.0292033359871769,2.0589999999999E-5));
#8167=CARTESIAN_POINT('',(0.0209490552081204,-0.02453941,2.0589999999999E-5));
#8168=CARTESIAN_POINT('',(0.0209490552081204,-0.02453941,2.0589999999999E-5));
#8169=CARTESIAN_POINT('',(0.0209490552081204,-0.02453941,0.00117941));
#8170=CARTESIAN_POINT('',(0.0209490552081204,-0.0260219564661383,2.0589999999999E-5));
#8171=CARTESIAN_POINT('',(0.0209490552081204,-0.0287219670133257,2.0589999999999E-5));
#8172=CARTESIAN_POINT('',(9.24410012130739E-18,-0.02453941,0.00117941));
#8173=CARTESIAN_POINT('',(0.0238203660117054,-0.02453941,0.00117941));
#8174=CARTESIAN_POINT('',(6.93889390390723E-18,-0.0287219670133257,2.0589999999999E-5));
#8175=CARTESIAN_POINT('',(0.0238203660117054,-0.0287219670133257,2.0589999999999E-5));
#8176=CARTESIAN_POINT('',(0.0209490552081204,-0.0287219670133257,2.0589999999999E-5));
#8177=CARTESIAN_POINT('',(0.0238203660117054,-0.02453941,2.0589999999999E-5));
#8178=CARTESIAN_POINT('',(0.0238203660117054,-0.02453941,2.0589999999999E-5));
#8179=CARTESIAN_POINT('',(0.0238203660117054,0.,2.0589999999999E-5));
#8180=CARTESIAN_POINT('',(0.0238203660117054,-0.0287219670133257,2.0589999999999E-5));
#8181=CARTESIAN_POINT('',(0.0477378916437012,-0.0112459480299091,2.0589999999999E-5));
#8182=CARTESIAN_POINT('',(0.0477378916437012,-0.0112459480299091,2.0589999999999E-5));
#8183=CARTESIAN_POINT('',(6.93889390390723E-18,-0.0112459480299091,2.0589999999999E-5));
#8184=CARTESIAN_POINT('',(0.04321241,-0.0112459480299091,2.0589999999999E-5));
#8185=CARTESIAN_POINT('',(0.04321241,-0.0112459480299091,2.0589999999999E-5));
#8186=CARTESIAN_POINT('',(0.04321241,-0.0112459480299091,0.00117941));
#8187=CARTESIAN_POINT('',(0.04321241,1.64209380242135E-17,0.00117941));
#8188=CARTESIAN_POINT('',(0.04321241,-0.0132875277192855,0.00117941));
#8189=CARTESIAN_POINT('',(0.04321241,-0.0132875277192855,2.0589999999999E-5));
#8190=CARTESIAN_POINT('',(0.04321241,-0.0132875277192855,2.0589999999999E-5));
#8191=CARTESIAN_POINT('',(0.044928153976798,-0.0132875277192855,2.0589999999999E-5));
#8192=CARTESIAN_POINT('',(0.0477378916437012,-0.0132875277192855,2.0589999999999E-5));
#8193=CARTESIAN_POINT('',(0.0477378916437012,-0.0132875277192855,2.0589999999999E-5));
#8194=CARTESIAN_POINT('',(0.0473778752734336,0.0145613273729953,0.0006));
#8195=CARTESIAN_POINT('',(0.0473778752734336,0.0145613273729953,-0.00258272077938642));
#8196=CARTESIAN_POINT('',(0.0473778752734336,0.0145613273729953,0.00038272077938642));
#8197=CARTESIAN_POINT('',(0.0473778752734336,0.,0.00038272077938642));
#8198=CARTESIAN_POINT('',(0.0473778752734336,0.0117954870561687,0.00038272077938642));
#8199=CARTESIAN_POINT('',(0.0473778752734336,0.0145613273729953,-0.00258272077938642));
#8200=CARTESIAN_POINT('',(0.0478124337146608,0.0145613273729953,-0.00258272077938642));
#8201=CARTESIAN_POINT('',(0.0473778752734336,0.0117954870561687,0.0006));
#8202=CARTESIAN_POINT('',(0.0473778752734336,0.0117954870561687,-0.00258272077938642));
#8203=CARTESIAN_POINT('',(0.0478124337146607,0.013178407214582,-0.00258272077938642));
#8204=CARTESIAN_POINT('',(0.0478124337146607,0.0117954870561687,-0.00258272077938642));
#8205=CARTESIAN_POINT('',(0.0473778752734336,0.0117954870561687,-0.00258272077938642));
#8206=CARTESIAN_POINT('',(0.0337674181577401,0.0244669848480984,9.30151519016488E-5));
#8207=CARTESIAN_POINT('',(0.0337674181577401,0.0244669848480984,9.30151519016488E-5));
#8208=CARTESIAN_POINT('',(0.0337674181577401,0.0244669848480984,0.00110698484809835));
#8209=CARTESIAN_POINT('',(0.0337674181577401,0.0255385050550103,9.30151519016488E-5));
#8210=CARTESIAN_POINT('',(0.0337674181577401,0.0278960738000111,9.30151519016488E-5));
#8211=CARTESIAN_POINT('',(-4.76256203374079E-20,0.0244669848480984,0.00110698484809835));
#8212=CARTESIAN_POINT('',(0.0325687665823265,0.0244669848480984,0.00110698484809835));
#8213=CARTESIAN_POINT('',(6.93889390390723E-18,0.0278960738000111,9.30151519016488E-5));
#8214=CARTESIAN_POINT('',(0.0325687665823265,0.0278960738000111,9.30151519016488E-5));
#8215=CARTESIAN_POINT('',(0.0337674181577401,0.0278960738000111,9.30151519016488E-5));
#8216=CARTESIAN_POINT('',(0.0325687665823265,0.0244669848480984,9.30151519016488E-5));
#8217=CARTESIAN_POINT('',(0.0325687665823265,0.0244669848480984,9.30151519016488E-5));
#8218=CARTESIAN_POINT('',(0.0325687665823265,0.,9.30151519016488E-5));
#8219=CARTESIAN_POINT('',(0.0325687665823265,0.0278960738000111,9.30151519016488E-5));
#8220=CARTESIAN_POINT('',(0.0341754202497811,0.0284030586481094,9.30151519016488E-5));
#8221=CARTESIAN_POINT('',(0.0342744030058384,0.0284030586481095,9.30151519016488E-5));
#8222=CARTESIAN_POINT('',(0.0342744030058384,0.0283040758920522,9.30151519016488E-5));
#8223=CARTESIAN_POINT('',(0.0341754202493879,0.0284030586481094,0.000225743740533791));
#8224=CARTESIAN_POINT('',(0.0342744030052289,0.0284030586474997,0.000251657085972753));
#8225=CARTESIAN_POINT('',(0.0342744030058384,0.0283040758916591,0.000225743740533791));
#8226=CARTESIAN_POINT('',(0.0340870118015275,0.0282932019961884,0.000490143281634752));
#8227=CARTESIAN_POINT('',(0.0341560197252524,0.0282846753675228,0.000493446917756239));
#8228=CARTESIAN_POINT('',(0.0341645463539182,0.0282156674437978,0.000490143281634753));
#8229=CARTESIAN_POINT('',(0.0338742329625995,0.0280288022557548,0.0006));
#8230=CARTESIAN_POINT('',(0.0338871898901299,0.0280158455324023,0.000599955088836569));
#8231=CARTESIAN_POINT('',(0.0339001466134822,0.0280028886048718,0.0006));
#8232=CARTESIAN_POINT('',(0.0337674181577401,0.0278960738000111,0.0006));
#8233=CARTESIAN_POINT('',(0.0337674181577401,0.0278960738000111,0.0006));
#8234=CARTESIAN_POINT('',(0.0337674181577401,0.0278960738000111,0.0006));
#8235=CARTESIAN_POINT('',(0.0341754202497811,0.0283040758920522,9.30151519016488E-5));
#8236=CARTESIAN_POINT('',(0.0341754202497811,0.0283040758920522,0.0006));
#8237=CARTESIAN_POINT('',(0.0341754202497811,0.0283040758920522,-0.00270101724394271));
#8238=CARTESIAN_POINT('',(0.0341754202497811,0.0283040758920522,-0.00270101724394271));
#8239=CARTESIAN_POINT('',(0.0341754202497811,0.0285020414041668,-0.00270101724394271));
#8240=CARTESIAN_POINT('',(0.0331680923700333,0.0285020414041668,-0.00270101724394271));
#8241=CARTESIAN_POINT('',(0.0321607644902855,0.0285020414041668,-0.00270101724394271));
#8242=CARTESIAN_POINT('',(0.0321607644902855,0.0283040758920522,-0.00270101724394271));
#8243=CARTESIAN_POINT('',(0.0321607644902855,0.0283040758920522,-0.00270101724394271));
#8244=CARTESIAN_POINT('',(0.0321607644902855,0.0283040758920522,0.0006));
#8245=CARTESIAN_POINT('',(0.0321607644902855,0.0283040758920522,9.30151519016488E-5));
#8246=CARTESIAN_POINT('',(0.0320617817342281,0.0283040758920522,9.30151519016488E-5));
#8247=CARTESIAN_POINT('',(0.0320617817342281,0.0284030586481095,9.30151519016488E-5));
#8248=CARTESIAN_POINT('',(0.0321607644902854,0.0284030586481094,9.30151519016488E-5));
#8249=CARTESIAN_POINT('',(0.0320617817342281,0.0283040758916591,0.000225743740533791));
#8250=CARTESIAN_POINT('',(0.032061781734838,0.0284030586474997,0.000251657085972753));
#8251=CARTESIAN_POINT('',(0.0321607644906786,0.0284030586481094,0.000225743740533791));
#8252=CARTESIAN_POINT('',(0.0321716383861484,0.0282156674437978,0.000490143281634753));
#8253=CARTESIAN_POINT('',(0.0321801650148136,0.0282846753675228,0.000493446917756239));
#8254=CARTESIAN_POINT('',(0.0322491729385391,0.0282932019961884,0.000490143281634752));
#8255=CARTESIAN_POINT('',(0.0324360381265844,0.0280028886048718,0.0006));
#8256=CARTESIAN_POINT('',(0.0324489948499372,0.0280158455324023,0.000599955088836569));
#8257=CARTESIAN_POINT('',(0.0324619517774671,0.0280288022557548,0.0006));
#8258=CARTESIAN_POINT('',(0.0325687665823265,0.0278960738000111,0.0006));
#8259=CARTESIAN_POINT('',(0.0325687665823265,0.0278960738000111,0.0006));
#8260=CARTESIAN_POINT('',(0.0325687665823265,0.0278960738000111,0.0006));
#8261=CARTESIAN_POINT('',(-0.0324417619241368,0.0246842640687119,-0.00012426406871193));
#8262=CARTESIAN_POINT('',(-0.0324417619241368,0.0246842640687119,-0.00012426406871193));
#8263=CARTESIAN_POINT('',(-0.0324417619241368,0.0246842640687119,0.00132426406871193));
#8264=CARTESIAN_POINT('',(-0.0324417619241368,0.0258649475872516,-0.00012426406871193));
#8265=CARTESIAN_POINT('',(-0.0324417619241368,0.028123771192323,-0.00012426406871193));
#8266=CARTESIAN_POINT('',(-6.80366004820113E-20,0.024684264068712,0.00132426406871193));
#8267=CARTESIAN_POINT('',(-0.0341936344074119,0.0246842640687119,0.00132426406871193));
#8268=CARTESIAN_POINT('',(6.93889390390723E-18,0.028123771192323,-0.00012426406871193));
#8269=CARTESIAN_POINT('',(-0.0341936344074119,0.028123771192323,-0.00012426406871193));
#8270=CARTESIAN_POINT('',(-0.0324417619241368,0.028123771192323,-0.00012426406871193));
#8271=CARTESIAN_POINT('',(-0.0341936344074119,0.0246842640687119,-0.00012426406871193));
#8272=CARTESIAN_POINT('',(-0.0341936344074119,0.0246842640687119,-0.00012426406871193));
#8273=CARTESIAN_POINT('',(-0.0341936344074119,0.,-0.00012426406871193));
#8274=CARTESIAN_POINT('',(-0.0341936344074119,0.028123771192323,-0.00012426406871193));
#8275=CARTESIAN_POINT('',(-0.0320313456185334,0.028848035261035,-0.00012426406871193));
#8276=CARTESIAN_POINT('',(-0.0317174978554249,0.028848035261035,-0.00012426406871193));
#8277=CARTESIAN_POINT('',(-0.0317174978554249,0.0285341874979265,-0.00012426406871193));
#8278=CARTESIAN_POINT('',(-0.0320313456187281,0.028848035261035,-2.94579362015303E-5));
#8279=CARTESIAN_POINT('',(-0.0317174978584657,0.0288480352579951,1.16248896063745E-5));
#8280=CARTESIAN_POINT('',(-0.0317174978554249,0.0285341874977324,-2.94579362015299E-5));
#8281=CARTESIAN_POINT('',(-0.032052742860646,0.0288102754218566,0.000159989059676237));
#8282=CARTESIAN_POINT('',(-0.0317867515138916,0.0287787816025679,0.000259238444514512));
#8283=CARTESIAN_POINT('',(-0.0317552576946033,0.0285127902558136,0.000159989059676238));
#8284=CARTESIAN_POINT('',(-0.0321742880559611,0.0285957839009621,0.00048216890235352));
#8285=CARTESIAN_POINT('',(-0.0320466111437645,0.0285189219726953,0.000531128668545799));
#8286=CARTESIAN_POINT('',(-0.0319697492154977,0.028391245060499,0.000482168902353518));
#8287=CARTESIAN_POINT('',(-0.0323343150802724,0.028313383269731,0.0006));
#8288=CARTESIAN_POINT('',(-0.0322932324868925,0.0282723006295685,0.000599858437646896));
#8289=CARTESIAN_POINT('',(-0.0322521498467291,0.0282312180361874,0.0006));
#8290=CARTESIAN_POINT('',(-0.0324417619241368,0.028123771192323,0.0006));
#8291=CARTESIAN_POINT('',(-0.0324417619241368,0.028123771192323,0.0006));
#8292=CARTESIAN_POINT('',(-0.0324417619241368,0.028123771192323,0.0006));
#8293=CARTESIAN_POINT('',(-0.0320313456185334,0.0285341874979265,-0.00012426406871193));
#8294=CARTESIAN_POINT('',(-0.0320313456185334,0.0285341874979265,0.0006));
#8295=CARTESIAN_POINT('',(-0.0320313456185334,0.0285341874979265,-0.0024861522368915));
#8296=CARTESIAN_POINT('',(-0.0320313456185334,0.0285341874979265,-0.0024861522368915));
#8297=CARTESIAN_POINT('',(-0.0320313456185334,0.0291618830241435,-0.0024861522368915));
#8298=CARTESIAN_POINT('',(-0.0333176981657744,0.0291618830241435,-0.0024861522368915));
#8299=CARTESIAN_POINT('',(-0.0346040507130153,0.0291618830241435,-0.0024861522368915));
#8300=CARTESIAN_POINT('',(-0.0346040507130153,0.0285341874979265,-0.0024861522368915));
#8301=CARTESIAN_POINT('',(-0.0346040507130153,0.0285341874979265,-0.0024861522368915));
#8302=CARTESIAN_POINT('',(-0.0346040507130153,0.0285341874979265,0.0006));
#8303=CARTESIAN_POINT('',(-0.0346040507130153,0.0285341874979265,-0.00012426406871193));
#8304=CARTESIAN_POINT('',(-0.0349178984761238,0.0285341874979265,-0.00012426406871193));
#8305=CARTESIAN_POINT('',(-0.0349178984761238,0.028848035261035,-0.00012426406871193));
#8306=CARTESIAN_POINT('',(-0.0346040507130153,0.028848035261035,-0.00012426406871193));
#8307=CARTESIAN_POINT('',(-0.0349178984761238,0.0285341874977324,-2.94579362015299E-5));
#8308=CARTESIAN_POINT('',(-0.0349178984730833,0.0288480352579951,1.16248896063745E-5));
#8309=CARTESIAN_POINT('',(-0.0346040507128206,0.028848035261035,-2.94579362015303E-5));
#8310=CARTESIAN_POINT('',(-0.0348801386369454,0.0285127902558136,0.000159989059676238));
#8311=CARTESIAN_POINT('',(-0.034848644817657,0.0287787816025679,0.000259238444514512));
#8312=CARTESIAN_POINT('',(-0.0345826534709028,0.0288102754218566,0.000159989059676237));
#8313=CARTESIAN_POINT('',(-0.034665647116051,0.028391245060499,0.000482168902353518));
#8314=CARTESIAN_POINT('',(-0.034588785187784,0.0285189219726953,0.000531128668545799));
#8315=CARTESIAN_POINT('',(-0.0344611082755876,0.0285957839009621,0.00048216890235352));
#8316=CARTESIAN_POINT('',(-0.0343832464848196,0.0282312180361874,0.0006));
#8317=CARTESIAN_POINT('',(-0.0343421638446573,0.0282723006295685,0.000599858437646896));
#8318=CARTESIAN_POINT('',(-0.0343010812512762,0.028313383269731,0.0006));
#8319=CARTESIAN_POINT('',(-0.0341936344074119,0.028123771192323,0.0006));
#8320=CARTESIAN_POINT('',(-0.0341936344074119,0.028123771192323,0.0006));
#8321=CARTESIAN_POINT('',(-0.0341936344074119,0.028123771192323,0.0006));
#8322=CARTESIAN_POINT('',(-0.0434055483399594,0.0147384689527786,-0.000172548339959392));
#8323=CARTESIAN_POINT('',(-0.0434055483399594,0.0147384689527786,-0.000172548339959392));
#8324=CARTESIAN_POINT('',(-0.0434055483399594,0.0147384689527786,0.00137254833995939));
#8325=CARTESIAN_POINT('',(-0.044254943728447,0.0147384689527786,-0.000172548339959392));
#8326=CARTESIAN_POINT('',(-0.0470383935946262,0.0147384689527786,-0.000172548339959392));
#8327=CARTESIAN_POINT('',(-0.0434055483399594,-7.23246624600021E-18,0.00137254833995939));
#8328=CARTESIAN_POINT('',(-0.0434055483399594,0.0135968108323181,0.00137254833995939));
#8329=CARTESIAN_POINT('',(-0.0470383935946262,0.,-0.000172548339959392));
#8330=CARTESIAN_POINT('',(-0.0470383935946262,0.0135968108323181,-0.000172548339959392));
#8331=CARTESIAN_POINT('',(-0.0470383935946262,0.0147384689527786,-0.000172548339959392));
#8332=CARTESIAN_POINT('',(-0.0434055483399594,0.0135968108323181,-0.000172548339959392));
#8333=CARTESIAN_POINT('',(-0.0434055483399594,0.0135968108323181,-0.000172548339959392));
#8334=CARTESIAN_POINT('',(6.93889390390723E-18,0.0135968108323181,-0.000172548339959392));
#8335=CARTESIAN_POINT('',(-0.0470383935946262,0.0135968108323181,-0.000172548339959392));
#8336=CARTESIAN_POINT('',(-0.0478109419345856,0.0151006009871345,-0.000172548339959392));
#8337=CARTESIAN_POINT('',(-0.0478109419345856,0.015511017292738,-0.000172548339959392));
#8338=CARTESIAN_POINT('',(-0.0474005256289822,0.015511017292738,-0.000172548339959392));
#8339=CARTESIAN_POINT('',(-0.0478109419345856,0.015100600986885,-7.14217416917727E-5));
#8340=CARTESIAN_POINT('',(-0.0478109419281969,0.0155110172863491,-1.76977792879501E-5));
#8341=CARTESIAN_POINT('',(-0.0474005256287327,0.015511017292738,-7.14217416917727E-5));
#8342=CARTESIAN_POINT('',(-0.0477706647753826,0.0150817210688716,0.000130654971113807));
#8343=CARTESIAN_POINT('',(-0.047728466008373,0.0154285413665255,0.000263554556192118));
#8344=CARTESIAN_POINT('',(-0.0473816457107192,0.015470740133535,0.000130654971113808));
#8345=CARTESIAN_POINT('',(-0.0475418738042379,0.0149744753009658,0.000474313511368264));
#8346=CARTESIAN_POINT('',(-0.0474357835629885,0.0151358589211404,0.000543724158370959));
#8347=CARTESIAN_POINT('',(-0.0472743999428137,0.0152419491623899,0.000474313511368261));
#8348=CARTESIAN_POINT('',(-0.0472406465341159,0.0148332750181651,0.0006));
#8349=CARTESIAN_POINT('',(-0.0471869231754725,0.0148869985336267,0.00060000000135643));
#8350=CARTESIAN_POINT('',(-0.0471331996600117,0.0149407218922696,0.0006));
#8351=CARTESIAN_POINT('',(-0.0470383935946262,0.0147384689527786,0.0006));
#8352=CARTESIAN_POINT('',(-0.0470383935946262,0.0147384689527786,0.0006));
#8353=CARTESIAN_POINT('',(-0.0470383935946262,0.0147384689527786,0.0006));
#8354=CARTESIAN_POINT('',(-0.0474005256289821,0.0151006009871345,-0.000172548339959392));
#8355=CARTESIAN_POINT('',(-0.0474005256289821,0.0151006009871345,0.0006));
#8356=CARTESIAN_POINT('',(-0.0474005256289821,0.0151006009871345,-0.00238958369439658));
#8357=CARTESIAN_POINT('',(-0.0474005256289821,0.0151006009871345,-0.00238958369439658));
#8358=CARTESIAN_POINT('',(-0.048221358240189,0.0151006009871345,-0.00238958369439658));
#8359=CARTESIAN_POINT('',(-0.048221358240189,0.0141676398925483,-0.00238958369439658));
#8360=CARTESIAN_POINT('',(-0.048221358240189,0.0132346787979621,-0.00238958369439658));
#8361=CARTESIAN_POINT('',(-0.0474005256289821,0.0132346787979621,-0.00238958369439658));
#8362=CARTESIAN_POINT('',(-0.0474005256289821,0.0132346787979621,-0.00238958369439658));
#8363=CARTESIAN_POINT('',(-0.0474005256289821,0.0132346787979621,0.0006));
#8364=CARTESIAN_POINT('',(-0.0474005256289821,0.0132346787979621,-0.000172548339959392));
#8365=CARTESIAN_POINT('',(-0.0474005256289822,0.0128242624923587,-0.000172548339959392));
#8366=CARTESIAN_POINT('',(-0.0478109419345856,0.0128242624923587,-0.000172548339959392));
#8367=CARTESIAN_POINT('',(-0.0478109419345856,0.0132346787979621,-0.000172548339959392));
#8368=CARTESIAN_POINT('',(-0.0474005256287327,0.0128242624923587,-7.14217416917727E-5));
#8369=CARTESIAN_POINT('',(-0.0478109419281966,0.0128242624987475,-1.76977792878962E-5));
#8370=CARTESIAN_POINT('',(-0.0478109419345856,0.0132346787982116,-7.14217416917727E-5));
#8371=CARTESIAN_POINT('',(-0.0473816457107192,0.0128645396515616,0.000130654971113808));
#8372=CARTESIAN_POINT('',(-0.0477284660083731,0.0129067384185711,0.000263554556192054));
#8373=CARTESIAN_POINT('',(-0.0477706647753826,0.0132535587162251,0.000130654971113807));
#8374=CARTESIAN_POINT('',(-0.0472743999428137,0.0130933306227067,0.000474313511368261));
#8375=CARTESIAN_POINT('',(-0.0474357835629884,0.0131994208639563,0.000543724158371012));
#8376=CARTESIAN_POINT('',(-0.0475418738042379,0.0133608044841308,0.000474313511368264));
#8377=CARTESIAN_POINT('',(-0.0471331996600117,0.013394557892827,0.0006));
#8378=CARTESIAN_POINT('',(-0.0471869231754725,0.0134482812514699,0.00060000000135643));
#8379=CARTESIAN_POINT('',(-0.0472406465341159,0.0135020047669316,0.0006));
#8380=CARTESIAN_POINT('',(-0.0470383935946262,0.0135968108323181,0.0006));
#8381=CARTESIAN_POINT('',(-0.0470383935946262,0.0135968108323181,0.0006));
#8382=CARTESIAN_POINT('',(-0.0470383935946262,0.0135968108323181,0.0006));
#8383=CARTESIAN_POINT('',(-0.04304342,-0.0133319628605676,0.00018958));
#8384=CARTESIAN_POINT('',(-0.04304342,-0.0133319628605676,0.00018958));
#8385=CARTESIAN_POINT('',(-0.04304342,-0.0133319628605676,0.00101042));
#8386=CARTESIAN_POINT('',(-0.0442118309438228,-0.0133319628605676,0.00018958));
#8387=CARTESIAN_POINT('',(-0.046808249205904,-0.0133319628605676,0.00018958));
#8388=CARTESIAN_POINT('',(-0.04304342,-7.09485561453382E-18,0.00101042));
#8389=CARTESIAN_POINT('',(-0.04304342,-0.0147704052558112,0.00101042));
#8390=CARTESIAN_POINT('',(-0.046808249205904,0.,0.00018958));
#8391=CARTESIAN_POINT('',(-0.046808249205904,-0.0147704052558112,0.00018958));
#8392=CARTESIAN_POINT('',(-0.046808249205904,-0.0133319628605676,0.00018958));
#8393=CARTESIAN_POINT('',(-0.04304342,-0.0147704052558112,0.00018958));
#8394=CARTESIAN_POINT('',(-0.04304342,-0.0147704052558112,0.00018958));
#8395=CARTESIAN_POINT('',(6.93889390390723E-18,-0.0147704052558112,0.00018958));
#8396=CARTESIAN_POINT('',(-0.046808249205904,-0.0147704052558112,0.00018958));
#8397=CARTESIAN_POINT('',(-0.047218669205904,-0.0131026088777455,0.00018958));
#8398=CARTESIAN_POINT('',(-0.047218669205904,-0.0129215428605676,0.00018958));
#8399=CARTESIAN_POINT('',(-0.047037603188726,-0.0129215428605676,0.00018958));
#8400=CARTESIAN_POINT('',(-0.047218669205904,-0.0131026088789897,0.000297028385604612));
#8401=CARTESIAN_POINT('',(-0.0472186691856059,-0.0129215428808657,0.000344432313184218));
#8402=CARTESIAN_POINT('',(-0.0470376031874815,-0.0129215428605676,0.000297028385604612));
#8403=CARTESIAN_POINT('',(-0.0471297367135867,-0.0131523067995331,0.00051106733746686));
#8404=CARTESIAN_POINT('',(-0.0470834477297111,-0.0130567643367594,0.000549992129661841));
#8405=CARTESIAN_POINT('',(-0.0469879052669389,-0.0130104753528852,0.000511067337466858));
#8406=CARTESIAN_POINT('',(-0.0469156972510768,-0.013271917938032,0.0006));
#8407=CARTESIAN_POINT('',(-0.0468919958626774,-0.0132482162037959,0.000599999999176292));
#8408=CARTESIAN_POINT('',(-0.0468682941284391,-0.013224514815394,0.0006));
#8409=CARTESIAN_POINT('',(-0.046808249205904,-0.0133319628605676,0.0006));
#8410=CARTESIAN_POINT('',(-0.046808249205904,-0.0133319628605676,0.0006));
#8411=CARTESIAN_POINT('',(-0.046808249205904,-0.0133319628605676,0.0006));
#8412=CARTESIAN_POINT('',(-0.047037603188726,-0.0131026088777455,0.00018958));
#8413=CARTESIAN_POINT('',(-0.047037603188726,-0.0131026088777455,0.0006));
#8414=CARTESIAN_POINT('',(-0.047037603188726,-0.0131026088777455,-0.00261893398282202));
#8415=CARTESIAN_POINT('',(-0.047037603188726,-0.0131026088777455,-0.00261893398282202));
#8416=CARTESIAN_POINT('',(-0.047399735223082,-0.0131026088777455,-0.00261893398282202));
#8417=CARTESIAN_POINT('',(-0.047399735223082,-0.0140511840581894,-0.00261893398282202));
#8418=CARTESIAN_POINT('',(-0.047399735223082,-0.0149997592386332,-0.00261893398282202));
#8419=CARTESIAN_POINT('',(-0.047037603188726,-0.0149997592386332,-0.00261893398282202));
#8420=CARTESIAN_POINT('',(-0.047037603188726,-0.0149997592386332,-0.00261893398282202));
#8421=CARTESIAN_POINT('',(-0.047037603188726,-0.0149997592386332,0.0006));
#8422=CARTESIAN_POINT('',(-0.047037603188726,-0.0149997592386332,0.00018958));
#8423=CARTESIAN_POINT('',(-0.047037603188726,-0.0151808252558112,0.00018958));
#8424=CARTESIAN_POINT('',(-0.047218669205904,-0.0151808252558112,0.00018958));
#8425=CARTESIAN_POINT('',(-0.047218669205904,-0.0149997592386332,0.00018958));
#8426=CARTESIAN_POINT('',(-0.0470376031874815,-0.0151808252558112,0.000297028385604612));
#8427=CARTESIAN_POINT('',(-0.0472186691856063,-0.0151808252355132,0.000344432313184285));
#8428=CARTESIAN_POINT('',(-0.047218669205904,-0.0149997592373891,0.000297028385604612));
#8429=CARTESIAN_POINT('',(-0.0469879052669389,-0.0150918927634936,0.000511067337466858));
#8430=CARTESIAN_POINT('',(-0.0470834477297108,-0.0150456037796194,0.000549992129657317));
#8431=CARTESIAN_POINT('',(-0.0471297367135867,-0.0149500613168457,0.00051106733746686));
#8432=CARTESIAN_POINT('',(-0.0468682941284391,-0.0148778533009848,0.0006));
#8433=CARTESIAN_POINT('',(-0.0468919958626777,-0.0148541519125827,0.000599999999184131));
#8434=CARTESIAN_POINT('',(-0.0469156972510768,-0.0148304501783467,0.0006));
#8435=CARTESIAN_POINT('',(-0.046808249205904,-0.0147704052558112,0.0006));
#8436=CARTESIAN_POINT('',(-0.046808249205904,-0.0147704052558112,0.0006));
#8437=CARTESIAN_POINT('',(-0.046808249205904,-0.0147704052558112,0.0006));
#8438=CARTESIAN_POINT('',(0.043383,0.000224583789911767,0.015201066361737));
#8439=CARTESIAN_POINT('',(0.043383,0.00776623655110597,0.00362762645818293));
#8440=CARTESIAN_POINT('',(0.043383,0.00776623655110597,0.00362762645818293));
#8441=CARTESIAN_POINT('',(0.043383,0.000224583789911767,0.015201066361737));
#8442=CARTESIAN_POINT('',(0.043383,-0.00784692447632551,0.00399072328582406));
#8443=CARTESIAN_POINT('',(0.043383,-0.00784692447632551,0.00399072328582406));
#8444=CARTESIAN_POINT('',(0.043383,-0.000287175924255115,-0.00680459773769428));
#8445=CARTESIAN_POINT('',(0.043383,-0.000287175924255115,-0.00680459773769428));
#8446=CARTESIAN_POINT('',(0.043383,6.07742224562915E-18,0.00205));
#8447=CARTESIAN_POINT('',(0.043383,-0.000186446222939803,0.0038326721111923));
#8448=CARTESIAN_POINT('',(0.043383,-0.000186446222939803,0.0038326721111923));
#8449=CARTESIAN_POINT('',(0.043383,-0.000186446222939803,0.0038326721111923));
#8450=CARTESIAN_POINT('',(0.043383,-0.000186446222939803,0.0038326721111923));
#8451=CARTESIAN_POINT('',(-0.0306661739807598,-0.0297827459871769,2.0589999999999E-5));
#8452=CARTESIAN_POINT('',(-0.0311490166932345,-0.0297827459871769,2.0589999999999E-5));
#8453=CARTESIAN_POINT('',(-0.0311490166932345,-0.0292999032747023,2.0589999999999E-5));
#8454=CARTESIAN_POINT('',(-0.0306661739772506,-0.0297827459871769,9.64373026266165E-5));
#8455=CARTESIAN_POINT('',(-0.0311490162372501,-0.0297827455311925,0.000159655677666068));
#8456=CARTESIAN_POINT('',(-0.0311490166932345,-0.0292999032711931,9.64373026266165E-5));
#8457=CARTESIAN_POINT('',(-0.0306611458356425,-0.0297525767799729,0.000248087159170974));
#8458=CARTESIAN_POINT('',(-0.0310671061479777,-0.0297008354419202,0.00040987880052839));
#8459=CARTESIAN_POINT('',(-0.0311188474860305,-0.0292948751295849,0.000248087159170974));
#8460=CARTESIAN_POINT('',(-0.0306396680115112,-0.0296237084519851,0.000440962634241582));
#8461=CARTESIAN_POINT('',(-0.0308668866359311,-0.0295006159298736,0.000558518789097177));
#8462=CARTESIAN_POINT('',(-0.0309899791580427,-0.0292733973054536,0.000440962634241582));
#8463=CARTESIAN_POINT('',(-0.0306075225808194,-0.0294308337756719,0.000569830744386461));
#8464=CARTESIAN_POINT('',(-0.0307059552392911,-0.0293396845332336,0.000595559540128989));
#8465=CARTESIAN_POINT('',(-0.0307971044817294,-0.0292412518747619,0.000569830744386461));
#8466=CARTESIAN_POINT('',(-0.0305822475475293,-0.0292791819343365,0.000599999999999999));
#8467=CARTESIAN_POINT('',(-0.0306138495863302,-0.0292475788802726,0.000600000013639528));
#8468=CARTESIAN_POINT('',(-0.0306454526403941,-0.0292159768414718,0.000599999999999999));
#8469=CARTESIAN_POINT('',(-0.0305696066932345,-0.0292033359871769,0.000599999999999999));
#8470=CARTESIAN_POINT('',(-0.0305696066932344,-0.0292033359871769,0.000599999999999999));
#8471=CARTESIAN_POINT('',(-0.0305696066932345,-0.0292033359871769,0.000599999999999999));
#8472=CARTESIAN_POINT('',(-0.0306661739807598,-0.0292999032747023,2.0589999999999E-5));
#8473=CARTESIAN_POINT('',(-0.0306661739807598,-0.0292999032747023,0.0006));
#8474=CARTESIAN_POINT('',(-0.0306661739807598,-0.0292999032747023,-0.00231715728752538));
#8475=CARTESIAN_POINT('',(-0.0306661739807598,-0.0292999032747023,-0.00231715728752538));
#8476=CARTESIAN_POINT('',(-0.0306661739807598,-0.0302655886996515,-0.00231715728752538));
#8477=CARTESIAN_POINT('',(-0.0291095022112131,-0.0302655886996515,-0.00231715728752538));
#8478=CARTESIAN_POINT('',(-0.0275528304416664,-0.0302655886996515,-0.00231715728752538));
#8479=CARTESIAN_POINT('',(-0.0275528304416664,-0.0292999032747023,-0.00231715728752538));
#8480=CARTESIAN_POINT('',(-0.0275528304416664,-0.0292999032747023,-0.00231715728752538));
#8481=CARTESIAN_POINT('',(-0.0275528304416664,-0.0292999032747023,0.0006));
#8482=CARTESIAN_POINT('',(-0.0275528304416664,-0.0292999032747023,2.0589999999999E-5));
#8483=CARTESIAN_POINT('',(-0.0270699877291918,-0.0292999032747023,2.0589999999999E-5));
#8484=CARTESIAN_POINT('',(-0.0270699877291918,-0.0297827459871769,2.0589999999999E-5));
#8485=CARTESIAN_POINT('',(-0.0275528304416664,-0.0297827459871769,2.0589999999999E-5));
#8486=CARTESIAN_POINT('',(-0.0270699877291918,-0.0292999032711931,9.64373026266165E-5));
#8487=CARTESIAN_POINT('',(-0.0270699881851763,-0.0297827455311925,0.000159655677666068));
#8488=CARTESIAN_POINT('',(-0.0275528304451756,-0.0297827459871769,9.64373026266165E-5));
#8489=CARTESIAN_POINT('',(-0.0271001569363958,-0.0292948751295849,0.000248087159170974));
#8490=CARTESIAN_POINT('',(-0.0271518982744485,-0.0297008354419202,0.00040987880052839));
#8491=CARTESIAN_POINT('',(-0.0275578585867838,-0.0297525767799729,0.000248087159170974));
#8492=CARTESIAN_POINT('',(-0.0272290252643836,-0.0292733973054536,0.000440962634241582));
#8493=CARTESIAN_POINT('',(-0.0273521177864951,-0.0295006159298736,0.000558518789097177));
#8494=CARTESIAN_POINT('',(-0.027579336410915,-0.0296237084519851,0.000440962634241582));
#8495=CARTESIAN_POINT('',(-0.0274218999406969,-0.0292412518747619,0.000569830744386461));
#8496=CARTESIAN_POINT('',(-0.0275130491831351,-0.0293396845332336,0.000595559540128989));
#8497=CARTESIAN_POINT('',(-0.0276114818416069,-0.0294308337756719,0.000569830744386461));
#8498=CARTESIAN_POINT('',(-0.0275735517820322,-0.0292159768414718,0.000599999999999999));
#8499=CARTESIAN_POINT('',(-0.0276051548360961,-0.0292475788802726,0.000600000013639528));
#8500=CARTESIAN_POINT('',(-0.0276367568748969,-0.0292791819343365,0.000599999999999999));
#8501=CARTESIAN_POINT('',(-0.0276493977291918,-0.0292033359871769,0.000599999999999999));
#8502=CARTESIAN_POINT('',(-0.0276493977291918,-0.0292033359871769,0.000599999999999999));
#8503=CARTESIAN_POINT('',(-0.0276493977291918,-0.0292033359871769,0.000599999999999999));
#8504=CARTESIAN_POINT('',(0.0208042036493475,-0.0293013770133257,2.0589999999999E-5));
#8505=CARTESIAN_POINT('',(0.0203696452081204,-0.0293013770133257,2.0589999999999E-5));
#8506=CARTESIAN_POINT('',(0.0203696452081204,-0.0288668185720985,2.0589999999999E-5));
#8507=CARTESIAN_POINT('',(0.0208042036509071,-0.0293013770133257,9.64357965389319E-5));
#8508=CARTESIAN_POINT('',(0.0203696453266295,-0.0293013768948165,0.000153324773569011));
#8509=CARTESIAN_POINT('',(0.0203696452081204,-0.028866818570539,9.64357965389319E-5));
#8510=CARTESIAN_POINT('',(0.0208117555390594,-0.0292711692553575,0.000247991530713237));
#8511=CARTESIAN_POINT('',(0.0204459205944219,-0.0292251016270243,0.000392944576748332));
#8512=CARTESIAN_POINT('',(0.0203998529660886,-0.0288592666823866,0.000247991530713237));
#8513=CARTESIAN_POINT('',(0.0208546535446308,-0.0290995761226256,0.000505735613729186));
#8514=CARTESIAN_POINT('',(0.0206914009856429,-0.0289796212358027,0.000586654819166664));
#8515=CARTESIAN_POINT('',(0.0205714460988204,-0.0288163686768152,0.000505735613729186));
#8516=CARTESIAN_POINT('',(0.0209111328574873,-0.0288736574015165,0.000599999999999999));
#8517=CARTESIAN_POINT('',(0.0208542490637474,-0.0288167731577006,0.000600000005487919));
#8518=CARTESIAN_POINT('',(0.0207973648199295,-0.0287598893639587,0.000599999999999999));
#8519=CARTESIAN_POINT('',(0.0209490552081204,-0.0287219670133257,0.000599999999999999));
#8520=CARTESIAN_POINT('',(0.0209490552081204,-0.0287219670133257,0.000599999999999999));
#8521=CARTESIAN_POINT('',(0.0209490552081204,-0.0287219670133257,0.000599999999999999));
#8522=CARTESIAN_POINT('',(0.0208042036493475,-0.0288668185720985,2.0589999999999E-5));
#8523=CARTESIAN_POINT('',(0.0208042036493475,-0.0288668185720985,0.0006));
#8524=CARTESIAN_POINT('',(0.0208042036493475,-0.0288668185720985,-0.00236544155877285));
#8525=CARTESIAN_POINT('',(0.0208042036493475,-0.0288668185720985,-0.00236544155877285));
#8526=CARTESIAN_POINT('',(0.0208042036493475,-0.0297359354545528,-0.00236544155877285));
#8527=CARTESIAN_POINT('',(0.0223847106099128,-0.0297359354545528,-0.00236544155877285));
#8528=CARTESIAN_POINT('',(0.0239652175704783,-0.0297359354545528,-0.00236544155877285));
#8529=CARTESIAN_POINT('',(0.0239652175704783,-0.0288668185720985,-0.00236544155877285));
#8530=CARTESIAN_POINT('',(0.0239652175704783,-0.0288668185720985,-0.00236544155877285));
#8531=CARTESIAN_POINT('',(0.0239652175704783,-0.0288668185720985,0.0006));
#8532=CARTESIAN_POINT('',(0.0239652175704783,-0.0288668185720985,2.0589999999999E-5));
#8533=CARTESIAN_POINT('',(0.0243997760117054,-0.0288668185720985,2.0589999999999E-5));
#8534=CARTESIAN_POINT('',(0.0243997760117054,-0.0293013770133257,2.0589999999999E-5));
#8535=CARTESIAN_POINT('',(0.0239652175704782,-0.0293013770133257,2.0589999999999E-5));
#8536=CARTESIAN_POINT('',(0.0243997760117054,-0.028866818570539,9.64357965389319E-5));
#8537=CARTESIAN_POINT('',(0.0243997758931963,-0.0293013768948166,0.000153324773569037));
#8538=CARTESIAN_POINT('',(0.0239652175689187,-0.0293013770133257,9.64357965389319E-5));
#8539=CARTESIAN_POINT('',(0.0243695682537372,-0.0288592666823866,0.000247991530713237));
#8540=CARTESIAN_POINT('',(0.0243235006254038,-0.0292251016270242,0.000392944576748302));
#8541=CARTESIAN_POINT('',(0.0239576656807663,-0.0292711692553575,0.000247991530713237));
#8542=CARTESIAN_POINT('',(0.0241979751210053,-0.0288163686768152,0.000505735613729186));
#8543=CARTESIAN_POINT('',(0.0240780202341828,-0.0289796212358027,0.000586654819166685));
#8544=CARTESIAN_POINT('',(0.0239147676751949,-0.0290995761226256,0.000505735613729186));
#8545=CARTESIAN_POINT('',(0.0239720563998962,-0.0287598893639587,0.000599999999999999));
#8546=CARTESIAN_POINT('',(0.0239151721560786,-0.0288167731577006,0.000600000005487919));
#8547=CARTESIAN_POINT('',(0.0238582883623384,-0.0288736574015165,0.000599999999999999));
#8548=CARTESIAN_POINT('',(0.0238203660117054,-0.0287219670133257,0.000599999999999999));
#8549=CARTESIAN_POINT('',(0.0238203660117054,-0.0287219670133257,0.000599999999999999));
#8550=CARTESIAN_POINT('',(0.0238203660117054,-0.0287219670133257,0.000599999999999999));
#8551=MECHANICAL_DESIGN_GEOMETRIC_PRESENTATION_REPRESENTATION('',(#4363,
#225,#226,#227,#228,#229,#230,#231,#232,#233,#234,#235,#236,#237,#238,#239,
#240,#241,#242,#243,#244,#245,#246,#247,#248,#249,#250,#251,#252,#253,#254,
#255,#256,#257,#258,#259,#260,#261,#262,#263,#264,#265,#266,#267,#268,#269,
#270,#271,#272,#273,#274,#275,#276,#277,#278,#279,#280,#281,#282,#283,#284,
#285,#286,#287,#288,#289,#290,#291,#292,#293,#294,#295,#296,#297,#298,#299,
#300,#301,#302,#303,#304,#305,#306,#307,#308,#309,#310,#311,#312,#313,#314,
#315,#316,#317,#318,#319,#320,#321,#322,#323,#324,#325,#326,#327,#328,#329,
#330,#331,#332,#333,#334,#335,#336,#337,#338,#339,#340,#341,#342,#343,#344,
#345,#346,#347,#348,#349,#350,#351,#352,#353,#354,#355,#356,#357,#358,#359,
#360,#361,#362,#363,#364,#365,#366,#367,#368,#369,#370,#371,#372,#373),
#8552);
#8552=(
GEOMETRIC_REPRESENTATION_CONTEXT(3)
GLOBAL_UNCERTAINTY_ASSIGNED_CONTEXT((#8553))
GLOBAL_UNIT_ASSIGNED_CONTEXT((#8556,#8555,#8554))
REPRESENTATION_CONTEXT('case_bottom','TOP_LEVEL_ASSEMBLY_PART')
);
#8553=UNCERTAINTY_MEASURE_WITH_UNIT(LENGTH_MEASURE(2.E-5),#8556,
'DISTANCE_ACCURACY_VALUE','Maximum Tolerance applied to model');
#8554=(
NAMED_UNIT(*)
SI_UNIT($,.STERADIAN.)
SOLID_ANGLE_UNIT()
);
#8555=(
NAMED_UNIT(*)
PLANE_ANGLE_UNIT()
SI_UNIT($,.RADIAN.)
);
#8556=(
LENGTH_UNIT()
NAMED_UNIT(*)
SI_UNIT($,.METRE.)
);
#8557=PRODUCT_DEFINITION_SHAPE('','',#8558);
#8558=PRODUCT_DEFINITION('','',#8560,#8559);
#8559=PRODUCT_DEFINITION_CONTEXT('',#8566,'design');
#8560=PRODUCT_DEFINITION_FORMATION_WITH_SPECIFIED_SOURCE('','',#8562,
 .NOT_KNOWN.);
#8561=PRODUCT_RELATED_PRODUCT_CATEGORY('','',(#8562));
#8562=PRODUCT('case_bottom','case_bottom','case_bottom',(#8564));
#8563=PRODUCT_CATEGORY('','');
#8564=PRODUCT_CONTEXT('',#8566,'mechanical');
#8565=APPLICATION_PROTOCOL_DEFINITION('international standard',
'ap242_managed_model_based_3d_engineering',2020,#8566);
#8566=APPLICATION_CONTEXT('managed model based 3d engineering');
ENDSEC;
END-ISO-10303-21;
