ISO-10303-21;
HEADER;
/* Generated by software containing ST-Developer
 * from STEP Tools, Inc. (www.steptools.com) 
 */
/* OPTION: using custom renumber hook */

FILE_DESCRIPTION(
/* description */ ('STEP AP242 Edition 2',
'CAx-IF Rec.Pracs.---Representation and Presentation of Product Manufa
cturing Information (PMI)---4.0---2014-10-13',
'CAx-IF Rec.Pracs.---3D Tessellated Geometry---0.4---2014-09-14','2;1',
'CAx-IF Rec.Pracs.---User Defined Attributes---1.5---2016-08-15'),
/* implementation_level */ '2;1');

FILE_NAME(
/* name */ 'USB_Hub 3d-Model - top_cover',
/* time_stamp */ '2026-06-02T14:50:45Z',
/* author */ (''),
/* organization */ (''),
/* preprocessor_version */ 'ST-DEVELOPER v20',
/* originating_system */ 'ONSHAPE BY PTC INC, 1.215',
/* authorisation */ '  ');

FILE_SCHEMA (('AP242_MANAGED_MODEL_BASED_3D_ENGINEERING_MIM_LF { 1 0 10303 442 3 1 4 }'));
ENDSEC;

DATA;
#10=SHAPE_REPRESENTATION_RELATIONSHIP('','',#9398,#11);
#11=ADVANCED_BREP_SHAPE_REPRESENTATION('',(#9396),#15499);
#12=(
BOUNDED_SURFACE()
B_SPLINE_SURFACE(3,2,((#15302,#15303,#15304),(#15305,#15306,#15307),(#15308,
#15309,#15310),(#15311,#15312,#15313),(#15314,#15315,#15316)),
 .UNSPECIFIED.,.F.,.F.,.F.)
B_SPLINE_SURFACE_WITH_KNOTS((4,1,4),(3,3),(1.06929439261383E-17,8.91380503588221E-5,
0.000178276100717634),(0.,1.),.UNSPECIFIED.)
GEOMETRIC_REPRESENTATION_ITEM()
RATIONAL_B_SPLINE_SURFACE(((1.,0.707106781186588,1.),(1.,0.820893388059672,
1.),(1.,0.957098705538336,1.),(1.,1.00000002668257,1.),(1.,1.,1.)))
REPRESENTATION_ITEM('')
SURFACE()
);
#13=(
BOUNDED_SURFACE()
B_SPLINE_SURFACE(3,2,((#15318,#15319,#15320),(#15321,#15322,#15323),(#15324,
#15325,#15326),(#15327,#15328,#15329)),.UNSPECIFIED.,.F.,.F.,.F.)
B_SPLINE_SURFACE_WITH_KNOTS((4,4),(3,3),(7.48990460902323,7.85398163397448),
(0.,1.),.PIECEWISE_BEZIER_KNOTS.)
GEOMETRIC_REPRESENTATION_ITEM()
RATIONAL_B_SPLINE_SURFACE(((1.,0.967781501697458,1.),(1.,0.988664345746289,
1.),(1.,0.999998692605169,1.),(1.,1.,1.)))
REPRESENTATION_ITEM('')
SURFACE()
);
#14=(
BOUNDED_SURFACE()
B_SPLINE_SURFACE(3,2,((#15333,#15334,#15335),(#15336,#15337,#15338),(#15339,
#15340,#15341),(#15342,#15343,#15344)),.UNSPECIFIED.,.F.,.F.,.F.)
B_SPLINE_SURFACE_WITH_KNOTS((4,4),(3,3),(0.364077024951188,1.5707963267949),
(0.,1.),.PIECEWISE_BEZIER_KNOTS.)
GEOMETRIC_REPRESENTATION_ITEM()
RATIONAL_B_SPLINE_SURFACE(((1.,0.967781501697479,1.),(1.,0.933202722302576,
1.),(1.,0.840002394913151,1.),(1.,0.707106781186546,1.)))
REPRESENTATION_ITEM('')
SURFACE()
);
#15=(
BOUNDED_SURFACE()
B_SPLINE_SURFACE(3,2,((#15367,#15368,#15369),(#15370,#15371,#15372),(#15373,
#15374,#15375),(#15376,#15377,#15378)),.UNSPECIFIED.,.F.,.F.,.F.)
B_SPLINE_SURFACE_WITH_KNOTS((4,4),(3,3),(9.83913471530595E-18,0.000609567497308496),
(0.,1.),.PIECEWISE_BEZIER_KNOTS.)
GEOMETRIC_REPRESENTATION_ITEM()
RATIONAL_B_SPLINE_SURFACE(((1.,0.707106781186568,1.),(1.,0.842158492351641,
1.),(1.,0.999999999134429,1.),(1.,1.,1.)))
REPRESENTATION_ITEM('')
SURFACE()
);
#16=(
BOUNDED_SURFACE()
B_SPLINE_SURFACE(3,2,((#15382,#15383,#15384),(#15385,#15386,#15387),(#15388,
#15389,#15390),(#15391,#15392,#15393)),.UNSPECIFIED.,.F.,.F.,.F.)
B_SPLINE_SURFACE_WITH_KNOTS((4,4),(3,3),(1.5707963267949,1.93487335174599),
(0.,1.),.PIECEWISE_BEZIER_KNOTS.)
GEOMETRIC_REPRESENTATION_ITEM()
RATIONAL_B_SPLINE_SURFACE(((1.,0.707106781186548,1.),(1.,0.722385415027218,
1.),(1.,0.7371491821062,1.),(1.,0.750599070724283,1.)))
REPRESENTATION_ITEM('')
SURFACE()
);
#17=(
BOUNDED_SURFACE()
B_SPLINE_SURFACE(3,2,((#15395,#15396,#15397),(#15398,#15399,#15400),(#15401,
#15402,#15403),(#15404,#15405,#15406)),.UNSPECIFIED.,.F.,.F.,.F.)
B_SPLINE_SURFACE_WITH_KNOTS((4,4),(3,3),(6.64726233213064,7.85398163397448),
(0.,1.),.PIECEWISE_BEZIER_KNOTS.)
GEOMETRIC_REPRESENTATION_ITEM()
RATIONAL_B_SPLINE_SURFACE(((1.,0.750599070724277,1.),(1.,0.839758973926286,
1.),(1.,0.999999998059917,1.),(1.,1.,1.)))
REPRESENTATION_ITEM('')
SURFACE()
);
#18=(
BOUNDED_SURFACE()
B_SPLINE_SURFACE(3,2,((#15407,#15408,#15409),(#15410,#15411,#15412),(#15413,
#15414,#15415),(#15416,#15417,#15418)),.UNSPECIFIED.,.F.,.F.,.F.)
B_SPLINE_SURFACE_WITH_KNOTS((4,4),(3,3),(-6.23416249179165E-19,0.000654333175264338),
(0.,1.),.PIECEWISE_BEZIER_KNOTS.)
GEOMETRIC_REPRESENTATION_ITEM()
RATIONAL_B_SPLINE_SURFACE(((1.,0.707106781186521,1.),(1.,0.840390688837419,
1.),(1.,0.999999999211384,1.),(1.,1.,1.)))
REPRESENTATION_ITEM('')
SURFACE()
);
#19=(
BOUNDED_SURFACE()
B_SPLINE_SURFACE(3,2,((#15422,#15423,#15424),(#15425,#15426,#15427),(#15428,
#15429,#15430),(#15431,#15432,#15433),(#15434,#15435,#15436)),
 .UNSPECIFIED.,.F.,.F.,.F.)
B_SPLINE_SURFACE_WITH_KNOTS((4,1,4),(3,3),(1.57079632679487,2.35619449019233,
3.14159265358979),(0.,1.),.UNSPECIFIED.)
GEOMETRIC_REPRESENTATION_ITEM()
RATIONAL_B_SPLINE_SURFACE(((1.,1.,1.),(1.,0.999999998396748,1.),(1.,0.878497408799869,
1.),(1.,0.707106799141272,1.),(1.,0.707106781186526,1.)))
REPRESENTATION_ITEM('')
SURFACE()
);
#20=SPHERICAL_SURFACE('',#10098,0.000364546247918337);
#21=SPHERICAL_SURFACE('',#10137,0.000364546247918337);
#22=SPHERICAL_SURFACE('',#10141,0.000364546247918337);
#23=SPHERICAL_SURFACE('',#10147,0.00034281832585698);
#24=TOROIDAL_SURFACE('',#9911,0.000434558441227157,0.000217279220613579);
#25=TOROIDAL_SURFACE('',#9913,0.000434558441227157,0.000217279220613579);
#26=TOROIDAL_SURFACE('',#9966,0.00528793196473876,0.000217279220613579);
#27=TOROIDAL_SURFACE('',#9972,0.00528793196473876,0.000217279220613579);
#28=TOROIDAL_SURFACE('',#9975,0.00612872283129573,0.000217279220613579);
#29=TOROIDAL_SURFACE('',#9989,0.00528793196473876,0.000217279220613579);
#30=TOROIDAL_SURFACE('',#9994,0.00528793196473876,0.000217279220613579);
#31=TOROIDAL_SURFACE('',#9997,0.00612872283129573,0.000217279220613579);
#32=TOROIDAL_SURFACE('',#10048,0.00188308657865102,0.000941543289325507);
#33=TOROIDAL_SURFACE('',#10050,0.00188308657865102,0.000941543289325507);
#34=TOROIDAL_SURFACE('',#10058,0.00188308657865102,0.000941543289325507);
#35=TOROIDAL_SURFACE('',#10066,0.00188308657865102,0.000941543289325507);
#36=TOROIDAL_SURFACE('',#10072,0.000869116882454315,0.000434558441227157);
#37=TOROIDAL_SURFACE('',#10074,0.000869116882454315,0.000434558441227157);
#38=TOROIDAL_SURFACE('',#10082,0.000869116882454315,0.000434558441227157);
#39=TOROIDAL_SURFACE('',#10090,0.000869116882454315,0.000434558441227157);
#40=TOROIDAL_SURFACE('',#10096,0.000729092495836675,0.000364546247918337);
#41=TOROIDAL_SURFACE('',#10114,0.000729092495836675,0.000364546247918337);
#42=TOROIDAL_SURFACE('',#10116,0.000729092495836675,0.000364546247918337);
#43=TOROIDAL_SURFACE('',#10129,0.000729092495836675,0.000364546247918337);
#44=TOROIDAL_SURFACE('',#10131,0.000729092495836675,0.000364546247918337);
#45=TOROIDAL_SURFACE('',#10156,0.000685636651713959,0.00034281832585698);
#46=TOROIDAL_SURFACE('',#10163,0.000685636651713959,0.00034281832585698);
#47=ELLIPSE('',#9633,0.00108720054309153,0.000941543289325507);
#48=ELLIPSE('',#9634,0.00108720054309153,0.000941543289325507);
#49=ELLIPSE('',#9636,0.00108720054309153,0.000941543289325507);
#50=ELLIPSE('',#9637,0.00108720054309153,0.000941543289325507);
#51=ELLIPSE('',#9658,0.000501784866042247,0.000434558441227157);
#52=ELLIPSE('',#9659,0.000501784866042247,0.000434558441227157);
#53=ELLIPSE('',#9661,0.000501784866042247,0.000434558441227157);
#54=ELLIPSE('',#9662,0.000501784866042247,0.000434558441227157);
#55=ELLIPSE('',#9751,0.000303924640039674,0.000284003236505306);
#56=ELLIPSE('',#9754,6.10185822963119E-5,2.17279220613578E-5);
#57=ELLIPSE('',#9799,0.000294269454689685,0.000217279220613579);
#58=ELLIPSE('',#9802,0.000369061732231388,0.000217279220613579);
#59=ELLIPSE('',#9902,0.000307279220613579,0.000217279220613579);
#60=ELLIPSE('',#9903,0.000307279220613579,0.000217279220613579);
#61=ELLIPSE('',#9916,0.000307279220613579,0.000217279220613579);
#62=ELLIPSE('',#9918,0.000332395179025638,0.000217279220613579);
#63=ELLIPSE('',#9920,0.000302000359557163,0.000217279220613579);
#64=ELLIPSE('',#9923,0.000238513547768349,0.000217279220613579);
#65=ELLIPSE('',#9924,0.000307279220613579,0.000217279220613579);
#66=ELLIPSE('',#9926,0.000307279220613579,0.000217279220613579);
#67=ELLIPSE('',#9928,0.000307279220613579,0.000217279220613579);
#68=ELLIPSE('',#9930,0.000307279220613579,0.000217279220613579);
#69=ELLIPSE('',#9932,0.000307279220613579,0.000217279220613579);
#70=ELLIPSE('',#9934,0.000232182223171102,0.000217279220613579);
#71=ELLIPSE('',#10020,0.000962737631786257,0.00034281832585698);
#72=ELLIPSE('',#10022,0.000366865313111104,0.00034281832585698);
#73=ELLIPSE('',#10053,0.00133154328932551,0.000941543289325507);
#74=ELLIPSE('',#10057,0.00133154328932551,0.000941543289325507);
#75=ELLIPSE('',#10061,0.00133154328932551,0.000941543289325507);
#76=ELLIPSE('',#10065,0.00133154328932551,0.000941543289325507);
#77=ELLIPSE('',#10077,0.000614558441227157,0.000434558441227157);
#78=ELLIPSE('',#10081,0.000614558441227157,0.000434558441227157);
#79=ELLIPSE('',#10085,0.000614558441227157,0.000434558441227157);
#80=ELLIPSE('',#10089,0.000614558441227157,0.000434558441227157);
#81=ELLIPSE('',#10102,0.000462116657584238,0.000364546247918337);
#82=ELLIPSE('',#10108,0.000380271370667178,0.000364546247918337);
#83=ELLIPSE('',#10109,0.000462116657584237,0.000364546247918337);
#84=ELLIPSE('',#10123,0.000365193194718141,0.000364546247918337);
#85=ELLIPSE('',#10124,0.00036897849755736,0.000364546247918337);
#86=ELLIPSE('',#10127,0.000365193194718141,0.000364546247918337);
#87=ELLIPSE('',#10155,0.000431639600952061,0.00034281832585698);
#88=ELLIPSE('',#10159,0.000431639600952061,0.00034281832585698);
#89=DRAUGHTING_PRE_DEFINED_COLOUR('black');
#90=OVER_RIDING_STYLED_ITEM('',(#9089),#8659,#9087);
#91=OVER_RIDING_STYLED_ITEM('',(#9090),#8662,#9087);
#92=OVER_RIDING_STYLED_ITEM('',(#9091),#8665,#9087);
#93=OVER_RIDING_STYLED_ITEM('',(#9092),#8666,#9087);
#94=OVER_RIDING_STYLED_ITEM('',(#9093),#8667,#9087);
#95=OVER_RIDING_STYLED_ITEM('',(#9094),#8668,#9087);
#96=OVER_RIDING_STYLED_ITEM('',(#9095),#8669,#9087);
#97=OVER_RIDING_STYLED_ITEM('',(#9096),#8670,#9087);
#98=OVER_RIDING_STYLED_ITEM('',(#9097),#8671,#9087);
#99=OVER_RIDING_STYLED_ITEM('',(#9098),#8672,#9087);
#100=OVER_RIDING_STYLED_ITEM('',(#9099),#8673,#9087);
#101=OVER_RIDING_STYLED_ITEM('',(#9100),#8674,#9087);
#102=OVER_RIDING_STYLED_ITEM('',(#9101),#8675,#9087);
#103=OVER_RIDING_STYLED_ITEM('',(#9102),#8676,#9087);
#104=OVER_RIDING_STYLED_ITEM('',(#9103),#8677,#9087);
#105=OVER_RIDING_STYLED_ITEM('',(#9104),#8678,#9087);
#106=OVER_RIDING_STYLED_ITEM('',(#9105),#8697,#9087);
#107=OVER_RIDING_STYLED_ITEM('',(#9106),#8710,#9087);
#108=OVER_RIDING_STYLED_ITEM('',(#9107),#8717,#9087);
#109=OVER_RIDING_STYLED_ITEM('',(#9108),#8728,#9087);
#110=OVER_RIDING_STYLED_ITEM('',(#9109),#8734,#9087);
#111=OVER_RIDING_STYLED_ITEM('',(#9110),#8747,#9087);
#112=OVER_RIDING_STYLED_ITEM('',(#9111),#8782,#9087);
#113=OVER_RIDING_STYLED_ITEM('',(#9112),#8785,#9087);
#114=OVER_RIDING_STYLED_ITEM('',(#9113),#8788,#9087);
#115=OVER_RIDING_STYLED_ITEM('',(#9114),#8791,#9087);
#116=OVER_RIDING_STYLED_ITEM('',(#9115),#8793,#9087);
#117=OVER_RIDING_STYLED_ITEM('',(#9116),#8795,#9087);
#118=OVER_RIDING_STYLED_ITEM('',(#9117),#8797,#9087);
#119=OVER_RIDING_STYLED_ITEM('',(#9118),#8799,#9087);
#120=OVER_RIDING_STYLED_ITEM('',(#9119),#8831,#9087);
#121=OVER_RIDING_STYLED_ITEM('',(#9120),#8837,#9087);
#122=OVER_RIDING_STYLED_ITEM('',(#9121),#8854,#9087);
#123=OVER_RIDING_STYLED_ITEM('',(#9122),#8864,#9087);
#124=OVER_RIDING_STYLED_ITEM('',(#9123),#8954,#9087);
#125=OVER_RIDING_STYLED_ITEM('',(#9124),#8964,#9087);
#126=OVER_RIDING_STYLED_ITEM('',(#9125),#8965,#9087);
#127=OVER_RIDING_STYLED_ITEM('',(#9126),#9001,#9087);
#128=OVER_RIDING_STYLED_ITEM('',(#9127),#9066,#9087);
#129=OVER_RIDING_STYLED_ITEM('',(#9128),#9067,#9087);
#130=OVER_RIDING_STYLED_ITEM('',(#9129),#9068,#9087);
#131=OVER_RIDING_STYLED_ITEM('',(#9130),#9069,#9087);
#132=OVER_RIDING_STYLED_ITEM('',(#9131),#9070,#9087);
#133=OVER_RIDING_STYLED_ITEM('',(#9132),#9071,#9087);
#134=OVER_RIDING_STYLED_ITEM('',(#9133),#9072,#9087);
#135=OVER_RIDING_STYLED_ITEM('',(#9134),#9073,#9087);
#136=OVER_RIDING_STYLED_ITEM('',(#9135),#9074,#9087);
#137=OVER_RIDING_STYLED_ITEM('',(#9136),#9075,#9087);
#138=OVER_RIDING_STYLED_ITEM('',(#9137),#9076,#9087);
#139=OVER_RIDING_STYLED_ITEM('',(#9138),#9077,#9087);
#140=CYLINDRICAL_SURFACE('',#9521,0.0057);
#141=CYLINDRICAL_SURFACE('',#9523,0.0057);
#142=CYLINDRICAL_SURFACE('',#9525,0.0057);
#143=CYLINDRICAL_SURFACE('',#9527,0.0057);
#144=CYLINDRICAL_SURFACE('',#9528,0.0017);
#145=CYLINDRICAL_SURFACE('',#9530,0.0017);
#146=CYLINDRICAL_SURFACE('',#9532,0.0017);
#147=CYLINDRICAL_SURFACE('',#9534,0.0017);
#148=CYLINDRICAL_SURFACE('',#9556,0.0243560136420236);
#149=CYLINDRICAL_SURFACE('',#9558,0.0239013055466633);
#150=CYLINDRICAL_SURFACE('',#9568,0.003);
#151=CYLINDRICAL_SURFACE('',#9571,0.005);
#152=CYLINDRICAL_SURFACE('',#9576,0.002);
#153=CYLINDRICAL_SURFACE('',#9592,0.018121733990115);
#154=CYLINDRICAL_SURFACE('',#9594,0.0183017525345871);
#155=CYLINDRICAL_SURFACE('',#9596,0.0065575263565844);
#156=CYLINDRICAL_SURFACE('',#9599,0.0183017525345871);
#157=CYLINDRICAL_SURFACE('',#9601,0.018121733990115);
#158=CYLINDRICAL_SURFACE('',#9603,0.0065575263565844);
#159=CYLINDRICAL_SURFACE('',#9684,0.00321559779277615);
#160=CYLINDRICAL_SURFACE('',#9694,0.00321559779277615);
#161=CYLINDRICAL_SURFACE('',#9703,0.00296219704844705);
#162=CYLINDRICAL_SURFACE('',#9714,0.00321559779277615);
#163=CYLINDRICAL_SURFACE('',#9717,0.00323867861231452);
#164=CYLINDRICAL_SURFACE('',#9719,0.00372446323885988);
#165=CYLINDRICAL_SURFACE('',#9722,0.00297087151342022);
#166=CYLINDRICAL_SURFACE('',#9724,0.00415542436485839);
#167=CYLINDRICAL_SURFACE('',#9727,0.00324475367120701);
#168=CYLINDRICAL_SURFACE('',#9729,0.00429662727769784);
#169=CYLINDRICAL_SURFACE('',#9732,0.00322199384667436);
#170=CYLINDRICAL_SURFACE('',#9734,0.00367794144885407);
#171=CYLINDRICAL_SURFACE('',#9737,0.00236793485477086);
#172=CYLINDRICAL_SURFACE('',#9740,0.00176899253731321);
#173=CYLINDRICAL_SURFACE('',#9743,0.00174148920219256);
#174=CYLINDRICAL_SURFACE('',#9746,0.00191714458691907);
#175=CYLINDRICAL_SURFACE('',#9774,0.00460798998309613);
#176=CYLINDRICAL_SURFACE('',#9776,0.000406648766019912);
#177=CYLINDRICAL_SURFACE('',#9778,0.00412416103640868);
#178=CYLINDRICAL_SURFACE('',#9783,0.00463772480234109);
#179=CYLINDRICAL_SURFACE('',#9789,0.00496234010111931);
#180=CYLINDRICAL_SURFACE('',#9821,0.00101699576287871);
#181=CYLINDRICAL_SURFACE('',#9831,0.000688745643349763);
#182=CYLINDRICAL_SURFACE('',#9839,0.0103914854142485);
#183=CYLINDRICAL_SURFACE('',#9844,0.0128733991876069);
#184=CYLINDRICAL_SURFACE('',#9850,0.0038182460403928);
#185=CYLINDRICAL_SURFACE('',#9852,0.00426902086533393);
#186=CYLINDRICAL_SURFACE('',#9854,0.00040572458964698);
#187=CYLINDRICAL_SURFACE('',#9856,0.00426902086533398);
#188=CYLINDRICAL_SURFACE('',#9860,0.00110899877678094);
#189=CYLINDRICAL_SURFACE('',#9863,0.00110899877677951);
#190=CYLINDRICAL_SURFACE('',#9866,0.00110899877677924);
#191=CYLINDRICAL_SURFACE('',#9870,0.00110899877677941);
#192=CYLINDRICAL_SURFACE('',#9873,0.00110899877677913);
#193=CYLINDRICAL_SURFACE('',#9876,0.00110899877677959);
#194=CYLINDRICAL_SURFACE('',#9880,0.00110899877677964);
#195=CYLINDRICAL_SURFACE('',#9884,0.00110899877677986);
#196=CYLINDRICAL_SURFACE('',#9887,0.0011089987767794);
#197=CYLINDRICAL_SURFACE('',#9890,0.00110899877677937);
#198=CYLINDRICAL_SURFACE('',#9893,0.00110899877677938);
#199=CYLINDRICAL_SURFACE('',#9896,0.00110899877678071);
#200=CYLINDRICAL_SURFACE('',#9899,0.00110899877678087);
#201=CYLINDRICAL_SURFACE('',#9901,0.000217279220613579);
#202=CYLINDRICAL_SURFACE('',#9904,0.000217279220613579);
#203=CYLINDRICAL_SURFACE('',#9906,0.000217279220613579);
#204=CYLINDRICAL_SURFACE('',#9909,0.000217279220613579);
#205=CYLINDRICAL_SURFACE('',#9915,0.000217279220613579);
#206=CYLINDRICAL_SURFACE('',#9917,0.000217279220613579);
#207=CYLINDRICAL_SURFACE('',#9919,0.000217279220613579);
#208=CYLINDRICAL_SURFACE('',#9921,0.000217279220613579);
#209=CYLINDRICAL_SURFACE('',#9922,0.000217279220613579);
#210=CYLINDRICAL_SURFACE('',#9925,0.000217279220613579);
#211=CYLINDRICAL_SURFACE('',#9927,0.000217279220613579);
#212=CYLINDRICAL_SURFACE('',#9929,0.000217279220613579);
#213=CYLINDRICAL_SURFACE('',#9931,0.000217279220613579);
#214=CYLINDRICAL_SURFACE('',#9933,0.000217279220613579);
#215=CYLINDRICAL_SURFACE('',#9935,0.000217279220613579);
#216=CYLINDRICAL_SURFACE('',#9944,0.00353705673745059);
#217=CYLINDRICAL_SURFACE('',#9946,0.00321234756244526);
#218=CYLINDRICAL_SURFACE('',#9949,0.00321234756244522);
#219=CYLINDRICAL_SURFACE('',#9952,0.00321234756244522);
#220=CYLINDRICAL_SURFACE('',#9955,0.00324645538666018);
#221=CYLINDRICAL_SURFACE('',#9958,0.00324645538666017);
#222=CYLINDRICAL_SURFACE('',#9961,0.00321234756244522);
#223=CYLINDRICAL_SURFACE('',#9964,0.00348483041379045);
#224=CYLINDRICAL_SURFACE('',#9969,0.00507065274412518);
#225=CYLINDRICAL_SURFACE('',#9978,0.00591144361068215);
#226=CYLINDRICAL_SURFACE('',#9980,0.00507065274412518);
#227=CYLINDRICAL_SURFACE('',#9992,0.00507065274412518);
#228=CYLINDRICAL_SURFACE('',#10000,0.00591144361068215);
#229=CYLINDRICAL_SURFACE('',#10001,0.00507065274412518);
#230=CYLINDRICAL_SURFACE('',#10004,0.000591600132942384);
#231=CYLINDRICAL_SURFACE('',#10045,0.000941543289325507);
#232=CYLINDRICAL_SURFACE('',#10052,0.000941543289325507);
#233=CYLINDRICAL_SURFACE('',#10054,0.000941543289325507);
#234=CYLINDRICAL_SURFACE('',#10056,0.000941543289325507);
#235=CYLINDRICAL_SURFACE('',#10060,0.000941543289325507);
#236=CYLINDRICAL_SURFACE('',#10062,0.000941543289325507);
#237=CYLINDRICAL_SURFACE('',#10064,0.000941543289325507);
#238=CYLINDRICAL_SURFACE('',#10068,0.000941543289325507);
#239=CYLINDRICAL_SURFACE('',#10069,0.000434558441227157);
#240=CYLINDRICAL_SURFACE('',#10076,0.000434558441227157);
#241=CYLINDRICAL_SURFACE('',#10078,0.000434558441227157);
#242=CYLINDRICAL_SURFACE('',#10080,0.000434558441227157);
#243=CYLINDRICAL_SURFACE('',#10084,0.000434558441227157);
#244=CYLINDRICAL_SURFACE('',#10086,0.000434558441227157);
#245=CYLINDRICAL_SURFACE('',#10088,0.000434558441227157);
#246=CYLINDRICAL_SURFACE('',#10092,0.000434558441227157);
#247=CYLINDRICAL_SURFACE('',#10093,0.000364546247918337);
#248=CYLINDRICAL_SURFACE('',#10101,0.000364546247918337);
#249=CYLINDRICAL_SURFACE('',#10103,0.000364546247918337);
#250=CYLINDRICAL_SURFACE('',#10105,0.000364546247918337);
#251=CYLINDRICAL_SURFACE('',#10107,0.000364546247918337);
#252=CYLINDRICAL_SURFACE('',#10111,0.000364546247918337);
#253=CYLINDRICAL_SURFACE('',#10119,0.000364546247918337);
#254=CYLINDRICAL_SURFACE('',#10120,0.000364546247918337);
#255=CYLINDRICAL_SURFACE('',#10122,0.000364546247918337);
#256=CYLINDRICAL_SURFACE('',#10126,0.000364546247918337);
#257=CYLINDRICAL_SURFACE('',#10133,0.000364546247918337);
#258=CYLINDRICAL_SURFACE('',#10135,0.000364546247918337);
#259=CYLINDRICAL_SURFACE('',#10139,0.000364546247918337);
#260=CYLINDRICAL_SURFACE('',#10144,0.00034281832585698);
#261=CYLINDRICAL_SURFACE('',#10150,0.00034281832585698);
#262=CYLINDRICAL_SURFACE('',#10152,0.00034281832585698);
#263=CYLINDRICAL_SURFACE('',#10154,0.00034281832585698);
#264=CYLINDRICAL_SURFACE('',#10158,0.00034281832585698);
#265=CYLINDRICAL_SURFACE('',#10161,0.00034281832585698);
#266=CYLINDRICAL_SURFACE('',#10165,8.05430114130314E-5);
#267=CYLINDRICAL_SURFACE('',#10169,8.05430114130314E-5);
#268=CYLINDRICAL_SURFACE('',#10183,0.0024);
#269=CYLINDRICAL_SURFACE('',#10186,0.0024);
#270=CYLINDRICAL_SURFACE('',#10189,0.0024);
#271=CYLINDRICAL_SURFACE('',#10192,0.0024);
#272=B_SPLINE_CURVE_WITH_KNOTS('',3,(#13607,#13608,#13609,#13610),
 .UNSPECIFIED.,.F.,.F.,(4,4),(0.,0.000628210376312831),.UNSPECIFIED.);
#273=B_SPLINE_CURVE_WITH_KNOTS('',3,(#13612,#13613,#13614,#13615),
 .UNSPECIFIED.,.F.,.F.,(4,4),(0.,0.000628593660504222),.UNSPECIFIED.);
#274=B_SPLINE_CURVE_WITH_KNOTS('',3,(#13617,#13618,#13619,#13620),
 .UNSPECIFIED.,.F.,.F.,(4,4),(0.,0.000628593660504229),.UNSPECIFIED.);
#275=B_SPLINE_CURVE_WITH_KNOTS('',3,(#13624,#13625,#13626,#13627),
 .UNSPECIFIED.,.F.,.F.,(4,4),(0.,0.000628210376312831),.UNSPECIFIED.);
#276=B_SPLINE_CURVE_WITH_KNOTS('',3,(#13687,#13688,#13689,#13690),
 .UNSPECIFIED.,.F.,.F.,(4,4),(0.,0.0013390321051423),.UNSPECIFIED.);
#277=B_SPLINE_CURVE_WITH_KNOTS('',3,(#13694,#13695,#13696,#13697),
 .UNSPECIFIED.,.F.,.F.,(4,4),(0.,0.0013390321051423),.UNSPECIFIED.);
#278=B_SPLINE_CURVE_WITH_KNOTS('',3,(#13702,#13703,#13704,#13705),
 .UNSPECIFIED.,.F.,.F.,(4,4),(0.,0.0013390321051423),.UNSPECIFIED.);
#279=B_SPLINE_CURVE_WITH_KNOTS('',3,(#13706,#13707,#13708,#13709),
 .UNSPECIFIED.,.F.,.F.,(4,4),(0.,0.0013390321051423),.UNSPECIFIED.);
#280=B_SPLINE_CURVE_WITH_KNOTS('',3,(#13719,#13720,#13721,#13722),
 .UNSPECIFIED.,.F.,.F.,(4,4),(0.,0.00088975356548277),.UNSPECIFIED.);
#281=B_SPLINE_CURVE_WITH_KNOTS('',3,(#13726,#13727,#13728,#13729),
 .UNSPECIFIED.,.F.,.F.,(4,4),(0.,0.000889753565482775),.UNSPECIFIED.);
#282=B_SPLINE_CURVE_WITH_KNOTS('',3,(#13734,#13735,#13736,#13737),
 .UNSPECIFIED.,.F.,.F.,(4,4),(0.,0.000889753565482767),.UNSPECIFIED.);
#283=B_SPLINE_CURVE_WITH_KNOTS('',3,(#13738,#13739,#13740,#13741),
 .UNSPECIFIED.,.F.,.F.,(4,4),(0.,0.000889753565482773),.UNSPECIFIED.);
#284=B_SPLINE_CURVE_WITH_KNOTS('',3,(#14310,#14311,#14312,#14313),
 .UNSPECIFIED.,.F.,.F.,(4,4),(0.,0.000609567497308529),.UNSPECIFIED.);
#285=B_SPLINE_CURVE_WITH_KNOTS('',3,(#14319,#14320,#14321,#14322),
 .UNSPECIFIED.,.F.,.F.,(4,4),(0.,0.000654333175264343),.UNSPECIFIED.);
#286=B_SPLINE_CURVE_WITH_KNOTS('',3,(#14344,#14345,#14346,#14347),
 .UNSPECIFIED.,.F.,.F.,(4,4),(0.,0.000178276100717622),.UNSPECIFIED.);
#287=B_SPLINE_CURVE_WITH_KNOTS('',3,(#14858,#14859,#14860,#14861),
 .UNSPECIFIED.,.F.,.F.,(4,4),(2.70735565497699E-5,0.000366935227083853),
 .UNSPECIFIED.);
#288=B_SPLINE_CURVE_WITH_KNOTS('',3,(#14866,#14867,#14868,#14869),
 .UNSPECIFIED.,.F.,.F.,(4,4),(4.15884085204253E-5,0.000381461648028326),
 .UNSPECIFIED.);
#289=B_SPLINE_CURVE_WITH_KNOTS('',3,(#14880,#14881,#14882,#14883),
 .UNSPECIFIED.,.F.,.F.,(4,4),(0.000371715808732975,0.000717155602375154),
 .UNSPECIFIED.);
#290=B_SPLINE_CURVE_WITH_KNOTS('',3,(#14900,#14901,#14902,#14903),
 .UNSPECIFIED.,.F.,.F.,(4,4),(2.70734904481857E-5,0.000366888996730038),
 .UNSPECIFIED.);
#291=B_SPLINE_CURVE_WITH_KNOTS('',3,(#14908,#14909,#14910,#14911),
 .UNSPECIFIED.,.F.,.F.,(4,4),(2.31860294649983E-5,0.000363555786958438),
 .UNSPECIFIED.);
#292=B_SPLINE_CURVE_WITH_KNOTS('',3,(#14928,#14929,#14930,#14931),
 .UNSPECIFIED.,.F.,.F.,(4,4),(2.713622593139E-5,0.000411105892014901),
 .UNSPECIFIED.);
#293=B_SPLINE_CURVE_WITH_KNOTS('',3,(#14936,#14937,#14938,#14939),
 .UNSPECIFIED.,.F.,.F.,(4,4),(0.000115348355830493,0.000482299963020006),
 .UNSPECIFIED.);
#294=B_SPLINE_CURVE_WITH_KNOTS('',3,(#14956,#14957,#14958,#14959),
 .UNSPECIFIED.,.F.,.F.,(4,4),(2.70774494033668E-5,0.000369617626575605),
 .UNSPECIFIED.);
#295=B_SPLINE_CURVE_WITH_KNOTS('',3,(#15002,#15003,#15004,#15005,#15006),
 .UNSPECIFIED.,.F.,.F.,(4,1,4),(0.,0.000248300635987953,0.000496601271975907),
 .UNSPECIFIED.);
#296=B_SPLINE_CURVE_WITH_KNOTS('',3,(#15034,#15035,#15036,#15037,#15038),
 .UNSPECIFIED.,.F.,.F.,(4,1,4),(0.,0.000248300635987961,0.000496601271975923),
 .UNSPECIFIED.);
#297=B_SPLINE_CURVE_WITH_KNOTS('',3,(#15248,#15249,#15250,#15251),
 .UNSPECIFIED.,.F.,.F.,(4,4),(0.,0.000709771212397439),.UNSPECIFIED.);
#298=B_SPLINE_CURVE_WITH_KNOTS('',3,(#15288,#15289,#15290,#15291),
 .UNSPECIFIED.,.F.,.F.,(4,4),(1.0842021724855E-18,0.000581722663311094),
 .UNSPECIFIED.);
#299=B_SPLINE_CURVE_WITH_KNOTS('',3,(#15363,#15364,#15365,#15366),
 .UNSPECIFIED.,.F.,.F.,(4,4),(2.38485049154419E-17,0.000665271916512401),
 .UNSPECIFIED.);
#300=CIRCLE('',#9419,0.00110899877678087);
#301=CIRCLE('',#9421,0.00110899877678071);
#302=CIRCLE('',#9423,0.00110899877677938);
#303=CIRCLE('',#9425,0.00110899877677937);
#304=CIRCLE('',#9427,0.0011089987767794);
#305=CIRCLE('',#9429,0.00110899877677986);
#306=CIRCLE('',#9431,0.00110899877677964);
#307=CIRCLE('',#9433,0.00110899877677959);
#308=CIRCLE('',#9435,0.00110899877677913);
#309=CIRCLE('',#9437,0.00110899877677941);
#310=CIRCLE('',#9439,0.00110899877677951);
#311=CIRCLE('',#9441,0.00110899877677924);
#312=CIRCLE('',#9443,0.00101699576287871);
#313=CIRCLE('',#9445,0.000729092495836675);
#314=CIRCLE('',#9446,0.000729092495836675);
#315=CIRCLE('',#9447,0.0103914854142485);
#316=CIRCLE('',#9448,0.0128733991876069);
#317=CIRCLE('',#9449,0.00460798998309613);
#318=CIRCLE('',#9450,0.00496234010111931);
#319=CIRCLE('',#9451,0.00463772480234109);
#320=CIRCLE('',#9452,0.00412416103640868);
#321=CIRCLE('',#9453,0.000406648766019912);
#322=CIRCLE('',#9455,0.000685636651713959);
#323=CIRCLE('',#9456,0.000729092495836675);
#324=CIRCLE('',#9457,0.000729092495836675);
#325=CIRCLE('',#9458,0.000729092495836675);
#326=CIRCLE('',#9459,0.000685636651713959);
#327=CIRCLE('',#9460,0.0239013055466633);
#328=CIRCLE('',#9461,0.0243560136420236);
#329=CIRCLE('',#9462,0.000869116882454315);
#330=CIRCLE('',#9463,0.000869116882454315);
#331=CIRCLE('',#9464,0.0057);
#332=CIRCLE('',#9465,0.0057);
#333=CIRCLE('',#9466,0.00188308657865102);
#334=CIRCLE('',#9467,0.00188308657865102);
#335=CIRCLE('',#9468,0.0057);
#336=CIRCLE('',#9469,0.0057);
#337=CIRCLE('',#9471,0.00321559779277615);
#338=CIRCLE('',#9472,0.00324475367120701);
#339=CIRCLE('',#9474,0.00415542436485839);
#340=CIRCLE('',#9476,0.00415542436485839);
#341=CIRCLE('',#9478,0.00415542436485839);
#342=CIRCLE('',#9480,0.00415542436485839);
#343=CIRCLE('',#9482,0.00415542436485839);
#344=CIRCLE('',#9484,0.00321559779277615);
#345=CIRCLE('',#9485,0.00323867861231452);
#346=CIRCLE('',#9487,0.00321559779277615);
#347=CIRCLE('',#9488,0.0017);
#348=CIRCLE('',#9490,0.00296219704844705);
#349=CIRCLE('',#9491,0.0017);
#350=CIRCLE('',#9493,0.00321559779277615);
#351=CIRCLE('',#9494,0.0017);
#352=CIRCLE('',#9496,0.00321559779277615);
#353=CIRCLE('',#9497,0.0017);
#354=CIRCLE('',#9503,0.0024);
#355=CIRCLE('',#9504,0.0024);
#356=CIRCLE('',#9505,0.0024);
#357=CIRCLE('',#9506,0.0024);
#358=CIRCLE('',#9507,0.0057);
#359=CIRCLE('',#9508,0.0057);
#360=CIRCLE('',#9509,0.000869116882454315);
#361=CIRCLE('',#9510,0.000869116882454315);
#362=CIRCLE('',#9511,0.0057);
#363=CIRCLE('',#9512,0.0057);
#364=CIRCLE('',#9513,0.00188308657865102);
#365=CIRCLE('',#9514,0.00188308657865102);
#366=CIRCLE('',#9529,0.0017);
#367=CIRCLE('',#9531,0.0017);
#368=CIRCLE('',#9533,0.0017);
#369=CIRCLE('',#9535,0.0017);
#370=CIRCLE('',#9557,0.0243560136420236);
#371=CIRCLE('',#9559,0.0239013055466633);
#372=CIRCLE('',#9561,0.018121733990115);
#373=CIRCLE('',#9562,0.0183017525345871);
#374=CIRCLE('',#9563,0.0065575263565844);
#375=CIRCLE('',#9564,0.0183017525345871);
#376=CIRCLE('',#9565,0.018121733990115);
#377=CIRCLE('',#9566,0.0065575263565844);
#378=CIRCLE('',#9567,0.005);
#379=CIRCLE('',#9569,0.003);
#380=CIRCLE('',#9570,0.003);
#381=CIRCLE('',#9572,0.005);
#382=CIRCLE('',#9575,0.002);
#383=CIRCLE('',#9577,0.002);
#384=CIRCLE('',#9593,0.018121733990115);
#385=CIRCLE('',#9595,0.0183017525345871);
#386=CIRCLE('',#9597,0.0065575263565844);
#387=CIRCLE('',#9600,0.0183017525345871);
#388=CIRCLE('',#9602,0.018121733990115);
#389=CIRCLE('',#9604,0.0065575263565844);
#390=CIRCLE('',#9630,0.00191714458691907);
#391=CIRCLE('',#9642,0.00174148920219256);
#392=CIRCLE('',#9664,0.00176899253731321);
#393=CIRCLE('',#9678,0.00236793485477086);
#394=CIRCLE('',#9685,0.00322199384667436);
#395=CIRCLE('',#9688,0.00367794144885407);
#396=CIRCLE('',#9697,0.00429662727769784);
#397=CIRCLE('',#9704,0.00297087151342022);
#398=CIRCLE('',#9707,0.00415542436485839);
#399=CIRCLE('',#9716,0.00372446323885988);
#400=CIRCLE('',#9718,0.00323867861231452);
#401=CIRCLE('',#9720,0.00372446323885988);
#402=CIRCLE('',#9723,0.00297087151342022);
#403=CIRCLE('',#9725,0.00415542436485839);
#404=CIRCLE('',#9728,0.00324475367120701);
#405=CIRCLE('',#9730,0.00429662727769784);
#406=CIRCLE('',#9733,0.00322199384667436);
#407=CIRCLE('',#9735,0.00367794144885407);
#408=CIRCLE('',#9738,0.00236793485477086);
#409=CIRCLE('',#9741,0.00176899253731321);
#410=CIRCLE('',#9744,0.00174148920219256);
#411=CIRCLE('',#9747,0.00191714458691907);
#412=CIRCLE('',#9770,0.00348483041379045);
#413=CIRCLE('',#9771,0.00353705673745059);
#414=CIRCLE('',#9772,0.000434558441227157);
#415=CIRCLE('',#9773,0.000434558441227157);
#416=CIRCLE('',#9775,0.00460798998309613);
#417=CIRCLE('',#9777,0.000406648766019912);
#418=CIRCLE('',#9779,0.00412416103640868);
#419=CIRCLE('',#9784,0.00463772480234109);
#420=CIRCLE('',#9790,0.00496234010111931);
#421=CIRCLE('',#9792,0.00426902086533393);
#422=CIRCLE('',#9793,0.0038182460403928);
#423=CIRCLE('',#9794,0.00426902086533398);
#424=CIRCLE('',#9795,0.00040572458964698);
#425=CIRCLE('',#9804,0.00110899877677959);
#426=CIRCLE('',#9805,0.00110899877677964);
#427=CIRCLE('',#9806,0.00110899877677913);
#428=CIRCLE('',#9807,0.00110899877677924);
#429=CIRCLE('',#9808,0.00110899877678087);
#430=CIRCLE('',#9809,0.00110899877677937);
#431=CIRCLE('',#9810,0.00110899877677938);
#432=CIRCLE('',#9811,0.00110899877678071);
#433=CIRCLE('',#9812,0.00110899877677986);
#434=CIRCLE('',#9813,0.0011089987767794);
#435=CIRCLE('',#9814,0.00110899877678094);
#436=CIRCLE('',#9815,0.00110899877677951);
#437=CIRCLE('',#9816,0.00110899877677941);
#438=CIRCLE('',#9818,0.00110899877678094);
#439=CIRCLE('',#9822,0.00101699576287871);
#440=CIRCLE('',#9832,0.000688745643349763);
#441=CIRCLE('',#9833,0.000688745643349763);
#442=CIRCLE('',#9840,0.0103914854142485);
#443=CIRCLE('',#9845,0.0128733991876069);
#444=CIRCLE('',#9851,0.0038182460403928);
#445=CIRCLE('',#9853,0.00426902086533393);
#446=CIRCLE('',#9855,0.00040572458964698);
#447=CIRCLE('',#9857,0.00426902086533398);
#448=CIRCLE('',#9905,0.000217279220613579);
#449=CIRCLE('',#9907,0.000217279220613579);
#450=CIRCLE('',#9908,0.000217279220613579);
#451=CIRCLE('',#9910,0.000217279220613579);
#452=CIRCLE('',#9912,0.000217279220613579);
#453=CIRCLE('',#9914,0.000217279220613579);
#454=CIRCLE('',#9945,0.00353705673745059);
#455=CIRCLE('',#9947,0.00321234756244526);
#456=CIRCLE('',#9948,0.00321234756244526);
#457=CIRCLE('',#9950,0.00321234756244522);
#458=CIRCLE('',#9951,0.00321234756244522);
#459=CIRCLE('',#9953,0.00321234756244522);
#460=CIRCLE('',#9954,0.00321234756244522);
#461=CIRCLE('',#9956,0.00324645538666018);
#462=CIRCLE('',#9957,0.00324645538666018);
#463=CIRCLE('',#9959,0.00324645538666017);
#464=CIRCLE('',#9960,0.00324645538666017);
#465=CIRCLE('',#9962,0.00321234756244522);
#466=CIRCLE('',#9963,0.00321234756244522);
#467=CIRCLE('',#9965,0.00348483041379045);
#468=CIRCLE('',#9967,0.00528793196473876);
#469=CIRCLE('',#9968,0.00507065274412518);
#470=CIRCLE('',#9970,0.00507065274412518);
#471=CIRCLE('',#9973,0.00528793196473876);
#472=CIRCLE('',#9974,0.00507065274412518);
#473=CIRCLE('',#9976,0.00591144361068215);
#474=CIRCLE('',#9977,0.00612872283129573);
#475=CIRCLE('',#9979,0.00591144361068215);
#476=CIRCLE('',#9981,0.00507065274412518);
#477=CIRCLE('',#9985,0.000591600132942384);
#478=CIRCLE('',#9986,0.00507065274412518);
#479=CIRCLE('',#9987,0.00507065274412518);
#480=CIRCLE('',#9988,0.00591144361068215);
#481=CIRCLE('',#9990,0.00528793196473876);
#482=CIRCLE('',#9991,0.00507065274412518);
#483=CIRCLE('',#9995,0.00507065274412518);
#484=CIRCLE('',#9996,0.00528793196473876);
#485=CIRCLE('',#9998,0.00612872283129573);
#486=CIRCLE('',#9999,0.00591144361068215);
#487=CIRCLE('',#10005,0.000591600132942384);
#488=CIRCLE('',#10046,0.000941543289325507);
#489=CIRCLE('',#10047,0.000941543289325507);
#490=CIRCLE('',#10049,0.000941543289325507);
#491=CIRCLE('',#10051,0.000941543289325507);
#492=CIRCLE('',#10055,0.000941543289325507);
#493=CIRCLE('',#10059,0.000941543289325507);
#494=CIRCLE('',#10063,0.000941543289325507);
#495=CIRCLE('',#10067,0.000941543289325507);
#496=CIRCLE('',#10070,0.000434558441227157);
#497=CIRCLE('',#10071,0.000434558441227157);
#498=CIRCLE('',#10073,0.000434558441227157);
#499=CIRCLE('',#10075,0.000434558441227157);
#500=CIRCLE('',#10079,0.000434558441227157);
#501=CIRCLE('',#10083,0.000434558441227157);
#502=CIRCLE('',#10087,0.000434558441227157);
#503=CIRCLE('',#10091,0.000434558441227157);
#504=CIRCLE('',#10094,0.000364546247918337);
#505=CIRCLE('',#10095,0.000364546247918337);
#506=CIRCLE('',#10097,0.000364546247918337);
#507=CIRCLE('',#10099,0.000364546247918337);
#508=CIRCLE('',#10100,0.000364546247918337);
#509=CIRCLE('',#10104,0.000364546247918337);
#510=CIRCLE('',#10106,0.000364546247918337);
#511=CIRCLE('',#10110,0.000364546247918337);
#512=CIRCLE('',#10112,0.000364546247918337);
#513=CIRCLE('',#10113,0.000364546247918337);
#514=CIRCLE('',#10115,0.000364546247918337);
#515=CIRCLE('',#10117,0.000364546247918337);
#516=CIRCLE('',#10118,0.000364546247918337);
#517=CIRCLE('',#10121,0.000364546247918337);
#518=CIRCLE('',#10125,0.000364546247918337);
#519=CIRCLE('',#10128,0.000364546247918337);
#520=CIRCLE('',#10130,0.000364546247918337);
#521=CIRCLE('',#10132,0.000364546247918337);
#522=CIRCLE('',#10134,0.000364546247918337);
#523=CIRCLE('',#10136,0.000364546247918337);
#524=CIRCLE('',#10138,0.000364546247918337);
#525=CIRCLE('',#10140,0.000364546247918337);
#526=CIRCLE('',#10142,0.00034281832585698);
#527=CIRCLE('',#10143,0.00034281832585698);
#528=CIRCLE('',#10145,0.00034281832585698);
#529=CIRCLE('',#10146,0.00034281832585698);
#530=CIRCLE('',#10148,0.00034281832585698);
#531=CIRCLE('',#10149,0.00034281832585698);
#532=CIRCLE('',#10151,0.00034281832585698);
#533=CIRCLE('',#10153,0.00034281832585698);
#534=CIRCLE('',#10157,0.00034281832585698);
#535=CIRCLE('',#10160,0.00034281832585698);
#536=CIRCLE('',#10162,0.00034281832585698);
#537=CIRCLE('',#10164,8.05430114130314E-5);
#538=CIRCLE('',#10166,8.05430114130314E-5);
#539=CIRCLE('',#10167,8.05430114130314E-5);
#540=CIRCLE('',#10168,8.05430114130314E-5);
#541=CIRCLE('',#10170,8.05430114130314E-5);
#542=CIRCLE('',#10184,0.0024);
#543=CIRCLE('',#10187,0.0024);
#544=CIRCLE('',#10190,0.0024);
#545=CIRCLE('',#10193,0.0024);
#546=ORIENTED_EDGE('',*,*,#3050,.T.);
#547=ORIENTED_EDGE('',*,*,#3051,.T.);
#548=ORIENTED_EDGE('',*,*,#3052,.F.);
#549=ORIENTED_EDGE('',*,*,#3053,.F.);
#550=ORIENTED_EDGE('',*,*,#3054,.F.);
#551=ORIENTED_EDGE('',*,*,#3055,.T.);
#552=ORIENTED_EDGE('',*,*,#3056,.T.);
#553=ORIENTED_EDGE('',*,*,#3057,.T.);
#554=ORIENTED_EDGE('',*,*,#3058,.F.);
#555=ORIENTED_EDGE('',*,*,#3059,.T.);
#556=ORIENTED_EDGE('',*,*,#3060,.T.);
#557=ORIENTED_EDGE('',*,*,#3061,.T.);
#558=ORIENTED_EDGE('',*,*,#3062,.T.);
#559=ORIENTED_EDGE('',*,*,#3063,.T.);
#560=ORIENTED_EDGE('',*,*,#3064,.F.);
#561=ORIENTED_EDGE('',*,*,#3065,.F.);
#562=ORIENTED_EDGE('',*,*,#3066,.F.);
#563=ORIENTED_EDGE('',*,*,#3067,.T.);
#564=ORIENTED_EDGE('',*,*,#3068,.T.);
#565=ORIENTED_EDGE('',*,*,#3053,.T.);
#566=ORIENTED_EDGE('',*,*,#3069,.T.);
#567=ORIENTED_EDGE('',*,*,#3070,.T.);
#568=ORIENTED_EDGE('',*,*,#3071,.F.);
#569=ORIENTED_EDGE('',*,*,#3072,.T.);
#570=ORIENTED_EDGE('',*,*,#3073,.F.);
#571=ORIENTED_EDGE('',*,*,#3074,.T.);
#572=ORIENTED_EDGE('',*,*,#3075,.T.);
#573=ORIENTED_EDGE('',*,*,#3076,.T.);
#574=ORIENTED_EDGE('',*,*,#3077,.F.);
#575=ORIENTED_EDGE('',*,*,#3078,.T.);
#576=ORIENTED_EDGE('',*,*,#3079,.T.);
#577=ORIENTED_EDGE('',*,*,#3080,.F.);
#578=ORIENTED_EDGE('',*,*,#3081,.F.);
#579=ORIENTED_EDGE('',*,*,#3082,.T.);
#580=ORIENTED_EDGE('',*,*,#3083,.T.);
#581=ORIENTED_EDGE('',*,*,#3065,.T.);
#582=ORIENTED_EDGE('',*,*,#3084,.T.);
#583=ORIENTED_EDGE('',*,*,#3085,.T.);
#584=ORIENTED_EDGE('',*,*,#3086,.F.);
#585=ORIENTED_EDGE('',*,*,#3087,.F.);
#586=ORIENTED_EDGE('',*,*,#3088,.T.);
#587=ORIENTED_EDGE('',*,*,#3089,.T.);
#588=ORIENTED_EDGE('',*,*,#3090,.F.);
#589=ORIENTED_EDGE('',*,*,#3091,.F.);
#590=ORIENTED_EDGE('',*,*,#3092,.F.);
#591=ORIENTED_EDGE('',*,*,#3093,.T.);
#592=ORIENTED_EDGE('',*,*,#3094,.T.);
#593=ORIENTED_EDGE('',*,*,#3087,.T.);
#594=ORIENTED_EDGE('',*,*,#3095,.F.);
#595=ORIENTED_EDGE('',*,*,#3096,.T.);
#596=ORIENTED_EDGE('',*,*,#3097,.T.);
#597=ORIENTED_EDGE('',*,*,#3098,.T.);
#598=ORIENTED_EDGE('',*,*,#3099,.F.);
#599=ORIENTED_EDGE('',*,*,#3100,.T.);
#600=ORIENTED_EDGE('',*,*,#3101,.T.);
#601=ORIENTED_EDGE('',*,*,#3102,.T.);
#602=ORIENTED_EDGE('',*,*,#3103,.F.);
#603=ORIENTED_EDGE('',*,*,#3104,.T.);
#604=ORIENTED_EDGE('',*,*,#3105,.T.);
#605=ORIENTED_EDGE('',*,*,#3091,.T.);
#606=ORIENTED_EDGE('',*,*,#3106,.T.);
#607=ORIENTED_EDGE('',*,*,#3107,.T.);
#608=ORIENTED_EDGE('',*,*,#3108,.F.);
#609=ORIENTED_EDGE('',*,*,#3061,.F.);
#610=ORIENTED_EDGE('',*,*,#3109,.F.);
#611=ORIENTED_EDGE('',*,*,#3110,.T.);
#612=ORIENTED_EDGE('',*,*,#3111,.T.);
#613=ORIENTED_EDGE('',*,*,#3112,.T.);
#614=ORIENTED_EDGE('',*,*,#3113,.F.);
#615=ORIENTED_EDGE('',*,*,#3114,.T.);
#616=ORIENTED_EDGE('',*,*,#3115,.T.);
#617=ORIENTED_EDGE('',*,*,#3116,.T.);
#618=ORIENTED_EDGE('',*,*,#3117,.F.);
#619=ORIENTED_EDGE('',*,*,#3118,.F.);
#620=ORIENTED_EDGE('',*,*,#3119,.F.);
#621=ORIENTED_EDGE('',*,*,#3092,.T.);
#622=ORIENTED_EDGE('',*,*,#3086,.T.);
#623=ORIENTED_EDGE('',*,*,#3120,.F.);
#624=ORIENTED_EDGE('',*,*,#3121,.F.);
#625=ORIENTED_EDGE('',*,*,#3122,.F.);
#626=ORIENTED_EDGE('',*,*,#3103,.T.);
#627=ORIENTED_EDGE('',*,*,#3090,.T.);
#628=ORIENTED_EDGE('',*,*,#3123,.F.);
#629=ORIENTED_EDGE('',*,*,#3124,.F.);
#630=ORIENTED_EDGE('',*,*,#3125,.F.);
#631=ORIENTED_EDGE('',*,*,#3099,.T.);
#632=ORIENTED_EDGE('',*,*,#3126,.F.);
#633=ORIENTED_EDGE('',*,*,#3127,.F.);
#634=ORIENTED_EDGE('',*,*,#3128,.F.);
#635=ORIENTED_EDGE('',*,*,#3095,.T.);
#636=ORIENTED_EDGE('',*,*,#3129,.F.);
#637=ORIENTED_EDGE('',*,*,#3130,.F.);
#638=ORIENTED_EDGE('',*,*,#3131,.F.);
#639=ORIENTED_EDGE('',*,*,#3113,.T.);
#640=ORIENTED_EDGE('',*,*,#3132,.F.);
#641=ORIENTED_EDGE('',*,*,#3133,.F.);
#642=ORIENTED_EDGE('',*,*,#3134,.F.);
#643=ORIENTED_EDGE('',*,*,#3109,.T.);
#644=ORIENTED_EDGE('',*,*,#3135,.F.);
#645=ORIENTED_EDGE('',*,*,#3136,.F.);
#646=ORIENTED_EDGE('',*,*,#3137,.F.);
#647=ORIENTED_EDGE('',*,*,#3138,.F.);
#648=ORIENTED_EDGE('',*,*,#3139,.F.);
#649=ORIENTED_EDGE('',*,*,#3058,.T.);
#650=ORIENTED_EDGE('',*,*,#3108,.T.);
#651=ORIENTED_EDGE('',*,*,#3140,.F.);
#652=ORIENTED_EDGE('',*,*,#3141,.F.);
#653=ORIENTED_EDGE('',*,*,#3142,.F.);
#654=ORIENTED_EDGE('',*,*,#3054,.T.);
#655=ORIENTED_EDGE('',*,*,#3143,.F.);
#656=ORIENTED_EDGE('',*,*,#3144,.F.);
#657=ORIENTED_EDGE('',*,*,#3145,.F.);
#658=ORIENTED_EDGE('',*,*,#3066,.T.);
#659=ORIENTED_EDGE('',*,*,#3052,.T.);
#660=ORIENTED_EDGE('',*,*,#3146,.F.);
#661=ORIENTED_EDGE('',*,*,#3147,.F.);
#662=ORIENTED_EDGE('',*,*,#3148,.F.);
#663=ORIENTED_EDGE('',*,*,#3149,.F.);
#664=ORIENTED_EDGE('',*,*,#3081,.T.);
#665=ORIENTED_EDGE('',*,*,#3064,.T.);
#666=ORIENTED_EDGE('',*,*,#3071,.T.);
#667=ORIENTED_EDGE('',*,*,#3150,.T.);
#668=ORIENTED_EDGE('',*,*,#3151,.F.);
#669=ORIENTED_EDGE('',*,*,#3152,.F.);
#670=ORIENTED_EDGE('',*,*,#3153,.F.);
#671=ORIENTED_EDGE('',*,*,#3154,.F.);
#672=ORIENTED_EDGE('',*,*,#3155,.T.);
#673=ORIENTED_EDGE('',*,*,#3080,.T.);
#674=ORIENTED_EDGE('',*,*,#3156,.T.);
#675=ORIENTED_EDGE('',*,*,#3157,.T.);
#676=ORIENTED_EDGE('',*,*,#3158,.T.);
#677=ORIENTED_EDGE('',*,*,#3159,.T.);
#678=ORIENTED_EDGE('',*,*,#3160,.T.);
#679=ORIENTED_EDGE('',*,*,#3161,.T.);
#680=ORIENTED_EDGE('',*,*,#3162,.T.);
#681=ORIENTED_EDGE('',*,*,#3163,.T.);
#682=ORIENTED_EDGE('',*,*,#3164,.F.);
#683=ORIENTED_EDGE('',*,*,#3165,.F.);
#684=ORIENTED_EDGE('',*,*,#3166,.T.);
#685=ORIENTED_EDGE('',*,*,#3167,.F.);
#686=ORIENTED_EDGE('',*,*,#3168,.F.);
#687=ORIENTED_EDGE('',*,*,#3169,.F.);
#688=ORIENTED_EDGE('',*,*,#3170,.F.);
#689=ORIENTED_EDGE('',*,*,#3171,.F.);
#690=ORIENTED_EDGE('',*,*,#3172,.T.);
#691=ORIENTED_EDGE('',*,*,#3173,.T.);
#692=ORIENTED_EDGE('',*,*,#3174,.T.);
#693=ORIENTED_EDGE('',*,*,#3175,.T.);
#694=ORIENTED_EDGE('',*,*,#3176,.T.);
#695=ORIENTED_EDGE('',*,*,#3177,.T.);
#696=ORIENTED_EDGE('',*,*,#3178,.F.);
#697=ORIENTED_EDGE('',*,*,#3179,.F.);
#698=ORIENTED_EDGE('',*,*,#3180,.F.);
#699=ORIENTED_EDGE('',*,*,#3181,.F.);
#700=ORIENTED_EDGE('',*,*,#3182,.F.);
#701=ORIENTED_EDGE('',*,*,#3183,.F.);
#702=ORIENTED_EDGE('',*,*,#3184,.F.);
#703=ORIENTED_EDGE('',*,*,#3185,.F.);
#704=ORIENTED_EDGE('',*,*,#3186,.T.);
#705=ORIENTED_EDGE('',*,*,#3187,.T.);
#706=ORIENTED_EDGE('',*,*,#3188,.T.);
#707=ORIENTED_EDGE('',*,*,#3189,.F.);
#708=ORIENTED_EDGE('',*,*,#3190,.F.);
#709=ORIENTED_EDGE('',*,*,#3191,.F.);
#710=ORIENTED_EDGE('',*,*,#3192,.F.);
#711=ORIENTED_EDGE('',*,*,#3193,.F.);
#712=ORIENTED_EDGE('',*,*,#3194,.F.);
#713=ORIENTED_EDGE('',*,*,#3195,.F.);
#714=ORIENTED_EDGE('',*,*,#3196,.F.);
#715=ORIENTED_EDGE('',*,*,#3197,.F.);
#716=ORIENTED_EDGE('',*,*,#3198,.F.);
#717=ORIENTED_EDGE('',*,*,#3199,.F.);
#718=ORIENTED_EDGE('',*,*,#3200,.F.);
#719=ORIENTED_EDGE('',*,*,#3201,.F.);
#720=ORIENTED_EDGE('',*,*,#3202,.F.);
#721=ORIENTED_EDGE('',*,*,#3203,.F.);
#722=ORIENTED_EDGE('',*,*,#3204,.F.);
#723=ORIENTED_EDGE('',*,*,#3205,.F.);
#724=ORIENTED_EDGE('',*,*,#3206,.F.);
#725=ORIENTED_EDGE('',*,*,#3207,.F.);
#726=ORIENTED_EDGE('',*,*,#3208,.F.);
#727=ORIENTED_EDGE('',*,*,#3209,.F.);
#728=ORIENTED_EDGE('',*,*,#3210,.T.);
#729=ORIENTED_EDGE('',*,*,#3211,.T.);
#730=ORIENTED_EDGE('',*,*,#3212,.T.);
#731=ORIENTED_EDGE('',*,*,#3213,.T.);
#732=ORIENTED_EDGE('',*,*,#3214,.T.);
#733=ORIENTED_EDGE('',*,*,#3215,.T.);
#734=ORIENTED_EDGE('',*,*,#3216,.T.);
#735=ORIENTED_EDGE('',*,*,#3217,.T.);
#736=ORIENTED_EDGE('',*,*,#3218,.T.);
#737=ORIENTED_EDGE('',*,*,#3219,.F.);
#738=ORIENTED_EDGE('',*,*,#3220,.F.);
#739=ORIENTED_EDGE('',*,*,#3221,.T.);
#740=ORIENTED_EDGE('',*,*,#3222,.F.);
#741=ORIENTED_EDGE('',*,*,#3223,.F.);
#742=ORIENTED_EDGE('',*,*,#3224,.T.);
#743=ORIENTED_EDGE('',*,*,#3225,.T.);
#744=ORIENTED_EDGE('',*,*,#3226,.F.);
#745=ORIENTED_EDGE('',*,*,#3227,.T.);
#746=ORIENTED_EDGE('',*,*,#3228,.T.);
#747=ORIENTED_EDGE('',*,*,#3229,.F.);
#748=ORIENTED_EDGE('',*,*,#3230,.F.);
#749=ORIENTED_EDGE('',*,*,#3231,.F.);
#750=ORIENTED_EDGE('',*,*,#3232,.T.);
#751=ORIENTED_EDGE('',*,*,#3233,.T.);
#752=ORIENTED_EDGE('',*,*,#3234,.F.);
#753=ORIENTED_EDGE('',*,*,#3235,.F.);
#754=ORIENTED_EDGE('',*,*,#3236,.F.);
#755=ORIENTED_EDGE('',*,*,#3237,.T.);
#756=ORIENTED_EDGE('',*,*,#3238,.T.);
#757=ORIENTED_EDGE('',*,*,#3239,.T.);
#758=ORIENTED_EDGE('',*,*,#3240,.T.);
#759=ORIENTED_EDGE('',*,*,#3241,.T.);
#760=ORIENTED_EDGE('',*,*,#3242,.T.);
#761=ORIENTED_EDGE('',*,*,#3243,.F.);
#762=ORIENTED_EDGE('',*,*,#3244,.F.);
#763=ORIENTED_EDGE('',*,*,#3245,.F.);
#764=ORIENTED_EDGE('',*,*,#3246,.F.);
#765=ORIENTED_EDGE('',*,*,#3247,.F.);
#766=ORIENTED_EDGE('',*,*,#3248,.T.);
#767=ORIENTED_EDGE('',*,*,#3249,.T.);
#768=ORIENTED_EDGE('',*,*,#3250,.T.);
#769=ORIENTED_EDGE('',*,*,#3251,.F.);
#770=ORIENTED_EDGE('',*,*,#3252,.T.);
#771=ORIENTED_EDGE('',*,*,#3253,.T.);
#772=ORIENTED_EDGE('',*,*,#3254,.T.);
#773=ORIENTED_EDGE('',*,*,#3255,.F.);
#774=ORIENTED_EDGE('',*,*,#3256,.T.);
#775=ORIENTED_EDGE('',*,*,#3257,.T.);
#776=ORIENTED_EDGE('',*,*,#3258,.F.);
#777=ORIENTED_EDGE('',*,*,#3259,.T.);
#778=ORIENTED_EDGE('',*,*,#3260,.T.);
#779=ORIENTED_EDGE('',*,*,#3261,.T.);
#780=ORIENTED_EDGE('',*,*,#3262,.T.);
#781=ORIENTED_EDGE('',*,*,#3263,.T.);
#782=ORIENTED_EDGE('',*,*,#3264,.T.);
#783=ORIENTED_EDGE('',*,*,#3265,.T.);
#784=ORIENTED_EDGE('',*,*,#3266,.F.);
#785=ORIENTED_EDGE('',*,*,#3267,.F.);
#786=ORIENTED_EDGE('',*,*,#3268,.F.);
#787=ORIENTED_EDGE('',*,*,#3269,.F.);
#788=ORIENTED_EDGE('',*,*,#3270,.F.);
#789=ORIENTED_EDGE('',*,*,#3271,.F.);
#790=ORIENTED_EDGE('',*,*,#3272,.F.);
#791=ORIENTED_EDGE('',*,*,#3273,.F.);
#792=ORIENTED_EDGE('',*,*,#3274,.F.);
#793=ORIENTED_EDGE('',*,*,#3275,.F.);
#794=ORIENTED_EDGE('',*,*,#3276,.F.);
#795=ORIENTED_EDGE('',*,*,#3277,.F.);
#796=ORIENTED_EDGE('',*,*,#3278,.T.);
#797=ORIENTED_EDGE('',*,*,#3279,.F.);
#798=ORIENTED_EDGE('',*,*,#3280,.F.);
#799=ORIENTED_EDGE('',*,*,#3281,.F.);
#800=ORIENTED_EDGE('',*,*,#3282,.F.);
#801=ORIENTED_EDGE('',*,*,#3283,.F.);
#802=ORIENTED_EDGE('',*,*,#3284,.F.);
#803=ORIENTED_EDGE('',*,*,#3285,.F.);
#804=ORIENTED_EDGE('',*,*,#3286,.T.);
#805=ORIENTED_EDGE('',*,*,#3287,.T.);
#806=ORIENTED_EDGE('',*,*,#3288,.T.);
#807=ORIENTED_EDGE('',*,*,#3289,.T.);
#808=ORIENTED_EDGE('',*,*,#3290,.T.);
#809=ORIENTED_EDGE('',*,*,#3291,.T.);
#810=ORIENTED_EDGE('',*,*,#3292,.T.);
#811=ORIENTED_EDGE('',*,*,#3293,.T.);
#812=ORIENTED_EDGE('',*,*,#3294,.F.);
#813=ORIENTED_EDGE('',*,*,#3295,.F.);
#814=ORIENTED_EDGE('',*,*,#3296,.F.);
#815=ORIENTED_EDGE('',*,*,#3297,.F.);
#816=ORIENTED_EDGE('',*,*,#3298,.F.);
#817=ORIENTED_EDGE('',*,*,#3299,.F.);
#818=ORIENTED_EDGE('',*,*,#3300,.T.);
#819=ORIENTED_EDGE('',*,*,#3301,.T.);
#820=ORIENTED_EDGE('',*,*,#3302,.T.);
#821=ORIENTED_EDGE('',*,*,#3303,.F.);
#822=ORIENTED_EDGE('',*,*,#3304,.F.);
#823=ORIENTED_EDGE('',*,*,#3305,.F.);
#824=ORIENTED_EDGE('',*,*,#3306,.F.);
#825=ORIENTED_EDGE('',*,*,#3307,.T.);
#826=ORIENTED_EDGE('',*,*,#3308,.T.);
#827=ORIENTED_EDGE('',*,*,#3309,.T.);
#828=ORIENTED_EDGE('',*,*,#3310,.F.);
#829=ORIENTED_EDGE('',*,*,#3311,.F.);
#830=ORIENTED_EDGE('',*,*,#3312,.F.);
#831=ORIENTED_EDGE('',*,*,#3313,.F.);
#832=ORIENTED_EDGE('',*,*,#3314,.F.);
#833=ORIENTED_EDGE('',*,*,#3315,.F.);
#834=ORIENTED_EDGE('',*,*,#3316,.T.);
#835=ORIENTED_EDGE('',*,*,#3317,.F.);
#836=ORIENTED_EDGE('',*,*,#3318,.F.);
#837=ORIENTED_EDGE('',*,*,#3319,.F.);
#838=ORIENTED_EDGE('',*,*,#3320,.F.);
#839=ORIENTED_EDGE('',*,*,#3321,.F.);
#840=ORIENTED_EDGE('',*,*,#3322,.F.);
#841=ORIENTED_EDGE('',*,*,#3323,.T.);
#842=ORIENTED_EDGE('',*,*,#3324,.F.);
#843=ORIENTED_EDGE('',*,*,#3325,.T.);
#844=ORIENTED_EDGE('',*,*,#3326,.T.);
#845=ORIENTED_EDGE('',*,*,#3327,.T.);
#846=ORIENTED_EDGE('',*,*,#3328,.T.);
#847=ORIENTED_EDGE('',*,*,#3329,.T.);
#848=ORIENTED_EDGE('',*,*,#3330,.T.);
#849=ORIENTED_EDGE('',*,*,#3331,.T.);
#850=ORIENTED_EDGE('',*,*,#3332,.T.);
#851=ORIENTED_EDGE('',*,*,#3333,.T.);
#852=ORIENTED_EDGE('',*,*,#3334,.T.);
#853=ORIENTED_EDGE('',*,*,#3335,.F.);
#854=ORIENTED_EDGE('',*,*,#3336,.T.);
#855=ORIENTED_EDGE('',*,*,#3337,.F.);
#856=ORIENTED_EDGE('',*,*,#3338,.T.);
#857=ORIENTED_EDGE('',*,*,#3339,.T.);
#858=ORIENTED_EDGE('',*,*,#3340,.T.);
#859=ORIENTED_EDGE('',*,*,#3341,.F.);
#860=ORIENTED_EDGE('',*,*,#3342,.T.);
#861=ORIENTED_EDGE('',*,*,#3343,.F.);
#862=ORIENTED_EDGE('',*,*,#3344,.F.);
#863=ORIENTED_EDGE('',*,*,#3345,.F.);
#864=ORIENTED_EDGE('',*,*,#3346,.T.);
#865=ORIENTED_EDGE('',*,*,#3347,.F.);
#866=ORIENTED_EDGE('',*,*,#3348,.F.);
#867=ORIENTED_EDGE('',*,*,#3349,.F.);
#868=ORIENTED_EDGE('',*,*,#3350,.T.);
#869=ORIENTED_EDGE('',*,*,#3351,.F.);
#870=ORIENTED_EDGE('',*,*,#3352,.F.);
#871=ORIENTED_EDGE('',*,*,#3353,.F.);
#872=ORIENTED_EDGE('',*,*,#3354,.F.);
#873=ORIENTED_EDGE('',*,*,#3355,.F.);
#874=ORIENTED_EDGE('',*,*,#3356,.F.);
#875=ORIENTED_EDGE('',*,*,#3357,.F.);
#876=ORIENTED_EDGE('',*,*,#3358,.T.);
#877=ORIENTED_EDGE('',*,*,#3359,.T.);
#878=ORIENTED_EDGE('',*,*,#3360,.T.);
#879=ORIENTED_EDGE('',*,*,#3361,.F.);
#880=ORIENTED_EDGE('',*,*,#3362,.F.);
#881=ORIENTED_EDGE('',*,*,#3363,.F.);
#882=ORIENTED_EDGE('',*,*,#3364,.F.);
#883=ORIENTED_EDGE('',*,*,#3365,.F.);
#884=ORIENTED_EDGE('',*,*,#3366,.T.);
#885=ORIENTED_EDGE('',*,*,#3367,.T.);
#886=ORIENTED_EDGE('',*,*,#3368,.T.);
#887=ORIENTED_EDGE('',*,*,#3369,.T.);
#888=ORIENTED_EDGE('',*,*,#3370,.T.);
#889=ORIENTED_EDGE('',*,*,#3371,.T.);
#890=ORIENTED_EDGE('',*,*,#3372,.F.);
#891=ORIENTED_EDGE('',*,*,#3373,.F.);
#892=ORIENTED_EDGE('',*,*,#3374,.T.);
#893=ORIENTED_EDGE('',*,*,#3375,.T.);
#894=ORIENTED_EDGE('',*,*,#3376,.T.);
#895=ORIENTED_EDGE('',*,*,#3377,.T.);
#896=ORIENTED_EDGE('',*,*,#3378,.T.);
#897=ORIENTED_EDGE('',*,*,#3379,.F.);
#898=ORIENTED_EDGE('',*,*,#3380,.T.);
#899=ORIENTED_EDGE('',*,*,#3381,.T.);
#900=ORIENTED_EDGE('',*,*,#3382,.F.);
#901=ORIENTED_EDGE('',*,*,#3383,.F.);
#902=ORIENTED_EDGE('',*,*,#3384,.F.);
#903=ORIENTED_EDGE('',*,*,#3385,.F.);
#904=ORIENTED_EDGE('',*,*,#3386,.F.);
#905=ORIENTED_EDGE('',*,*,#3387,.F.);
#906=ORIENTED_EDGE('',*,*,#3388,.F.);
#907=ORIENTED_EDGE('',*,*,#3389,.F.);
#908=ORIENTED_EDGE('',*,*,#3390,.F.);
#909=ORIENTED_EDGE('',*,*,#3391,.F.);
#910=ORIENTED_EDGE('',*,*,#3392,.F.);
#911=ORIENTED_EDGE('',*,*,#3393,.T.);
#912=ORIENTED_EDGE('',*,*,#3394,.F.);
#913=ORIENTED_EDGE('',*,*,#3395,.F.);
#914=ORIENTED_EDGE('',*,*,#3396,.F.);
#915=ORIENTED_EDGE('',*,*,#3397,.F.);
#916=ORIENTED_EDGE('',*,*,#3398,.T.);
#917=ORIENTED_EDGE('',*,*,#3399,.T.);
#918=ORIENTED_EDGE('',*,*,#3400,.F.);
#919=ORIENTED_EDGE('',*,*,#3401,.T.);
#920=ORIENTED_EDGE('',*,*,#3402,.F.);
#921=ORIENTED_EDGE('',*,*,#3403,.T.);
#922=ORIENTED_EDGE('',*,*,#3404,.T.);
#923=ORIENTED_EDGE('',*,*,#3405,.F.);
#924=ORIENTED_EDGE('',*,*,#3406,.T.);
#925=ORIENTED_EDGE('',*,*,#3407,.T.);
#926=ORIENTED_EDGE('',*,*,#3408,.F.);
#927=ORIENTED_EDGE('',*,*,#3409,.T.);
#928=ORIENTED_EDGE('',*,*,#3410,.T.);
#929=ORIENTED_EDGE('',*,*,#3411,.F.);
#930=ORIENTED_EDGE('',*,*,#3412,.T.);
#931=ORIENTED_EDGE('',*,*,#3413,.T.);
#932=ORIENTED_EDGE('',*,*,#3414,.F.);
#933=ORIENTED_EDGE('',*,*,#3415,.T.);
#934=ORIENTED_EDGE('',*,*,#3416,.T.);
#935=ORIENTED_EDGE('',*,*,#3417,.F.);
#936=ORIENTED_EDGE('',*,*,#3418,.T.);
#937=ORIENTED_EDGE('',*,*,#3419,.F.);
#938=ORIENTED_EDGE('',*,*,#3420,.F.);
#939=ORIENTED_EDGE('',*,*,#3421,.F.);
#940=ORIENTED_EDGE('',*,*,#3422,.F.);
#941=ORIENTED_EDGE('',*,*,#3423,.F.);
#942=ORIENTED_EDGE('',*,*,#3424,.F.);
#943=ORIENTED_EDGE('',*,*,#3425,.F.);
#944=ORIENTED_EDGE('',*,*,#3426,.F.);
#945=ORIENTED_EDGE('',*,*,#3427,.F.);
#946=ORIENTED_EDGE('',*,*,#3428,.T.);
#947=ORIENTED_EDGE('',*,*,#3341,.T.);
#948=ORIENTED_EDGE('',*,*,#3429,.F.);
#949=ORIENTED_EDGE('',*,*,#3430,.F.);
#950=ORIENTED_EDGE('',*,*,#3431,.T.);
#951=ORIENTED_EDGE('',*,*,#3372,.T.);
#952=ORIENTED_EDGE('',*,*,#3432,.F.);
#953=ORIENTED_EDGE('',*,*,#3433,.F.);
#954=ORIENTED_EDGE('',*,*,#3434,.T.);
#955=ORIENTED_EDGE('',*,*,#3428,.F.);
#956=ORIENTED_EDGE('',*,*,#3435,.T.);
#957=ORIENTED_EDGE('',*,*,#3436,.T.);
#958=ORIENTED_EDGE('',*,*,#3342,.F.);
#959=ORIENTED_EDGE('',*,*,#3437,.F.);
#960=ORIENTED_EDGE('',*,*,#3438,.T.);
#961=ORIENTED_EDGE('',*,*,#3356,.T.);
#962=ORIENTED_EDGE('',*,*,#3439,.T.);
#963=ORIENTED_EDGE('',*,*,#3343,.T.);
#964=ORIENTED_EDGE('',*,*,#3436,.F.);
#965=ORIENTED_EDGE('',*,*,#3440,.F.);
#966=ORIENTED_EDGE('',*,*,#3441,.F.);
#967=ORIENTED_EDGE('',*,*,#3442,.F.);
#968=ORIENTED_EDGE('',*,*,#3443,.F.);
#969=ORIENTED_EDGE('',*,*,#3444,.F.);
#970=ORIENTED_EDGE('',*,*,#3445,.F.);
#971=ORIENTED_EDGE('',*,*,#3446,.F.);
#972=ORIENTED_EDGE('',*,*,#3447,.F.);
#973=ORIENTED_EDGE('',*,*,#3448,.T.);
#974=ORIENTED_EDGE('',*,*,#3449,.F.);
#975=ORIENTED_EDGE('',*,*,#3450,.T.);
#976=ORIENTED_EDGE('',*,*,#3451,.F.);
#977=ORIENTED_EDGE('',*,*,#3452,.T.);
#978=ORIENTED_EDGE('',*,*,#3453,.T.);
#979=ORIENTED_EDGE('',*,*,#3454,.T.);
#980=ORIENTED_EDGE('',*,*,#3455,.T.);
#981=ORIENTED_EDGE('',*,*,#3456,.T.);
#982=ORIENTED_EDGE('',*,*,#3457,.F.);
#983=ORIENTED_EDGE('',*,*,#3458,.F.);
#984=ORIENTED_EDGE('',*,*,#3459,.T.);
#985=ORIENTED_EDGE('',*,*,#3460,.F.);
#986=ORIENTED_EDGE('',*,*,#3461,.F.);
#987=ORIENTED_EDGE('',*,*,#3462,.F.);
#988=ORIENTED_EDGE('',*,*,#3463,.F.);
#989=ORIENTED_EDGE('',*,*,#3464,.F.);
#990=ORIENTED_EDGE('',*,*,#3465,.T.);
#991=ORIENTED_EDGE('',*,*,#3466,.F.);
#992=ORIENTED_EDGE('',*,*,#3467,.T.);
#993=ORIENTED_EDGE('',*,*,#3433,.T.);
#994=ORIENTED_EDGE('',*,*,#3468,.F.);
#995=ORIENTED_EDGE('',*,*,#3469,.F.);
#996=ORIENTED_EDGE('',*,*,#3470,.F.);
#997=ORIENTED_EDGE('',*,*,#3471,.F.);
#998=ORIENTED_EDGE('',*,*,#3472,.T.);
#999=ORIENTED_EDGE('',*,*,#3473,.T.);
#1000=ORIENTED_EDGE('',*,*,#3474,.T.);
#1001=ORIENTED_EDGE('',*,*,#3475,.F.);
#1002=ORIENTED_EDGE('',*,*,#3476,.T.);
#1003=ORIENTED_EDGE('',*,*,#3446,.T.);
#1004=ORIENTED_EDGE('',*,*,#3477,.T.);
#1005=ORIENTED_EDGE('',*,*,#3339,.F.);
#1006=ORIENTED_EDGE('',*,*,#3478,.F.);
#1007=ORIENTED_EDGE('',*,*,#3479,.T.);
#1008=ORIENTED_EDGE('',*,*,#3480,.T.);
#1009=ORIENTED_EDGE('',*,*,#3358,.F.);
#1010=ORIENTED_EDGE('',*,*,#3481,.F.);
#1011=ORIENTED_EDGE('',*,*,#3475,.T.);
#1012=ORIENTED_EDGE('',*,*,#3482,.T.);
#1013=ORIENTED_EDGE('',*,*,#3368,.F.);
#1014=ORIENTED_EDGE('',*,*,#3483,.T.);
#1015=ORIENTED_EDGE('',*,*,#3484,.F.);
#1016=ORIENTED_EDGE('',*,*,#3485,.T.);
#1017=ORIENTED_EDGE('',*,*,#3471,.T.);
#1018=ORIENTED_EDGE('',*,*,#3486,.T.);
#1019=ORIENTED_EDGE('',*,*,#3462,.T.);
#1020=ORIENTED_EDGE('',*,*,#3487,.T.);
#1021=ORIENTED_EDGE('',*,*,#3376,.F.);
#1022=ORIENTED_EDGE('',*,*,#3488,.F.);
#1023=ORIENTED_EDGE('',*,*,#3489,.F.);
#1024=ORIENTED_EDGE('',*,*,#3450,.F.);
#1025=ORIENTED_EDGE('',*,*,#3490,.T.);
#1026=ORIENTED_EDGE('',*,*,#3335,.T.);
#1027=ORIENTED_EDGE('',*,*,#3491,.F.);
#1028=ORIENTED_EDGE('',*,*,#3464,.T.);
#1029=ORIENTED_EDGE('',*,*,#3492,.T.);
#1030=ORIENTED_EDGE('',*,*,#3374,.F.);
#1031=ORIENTED_EDGE('',*,*,#3375,.F.);
#1032=ORIENTED_EDGE('',*,*,#3492,.F.);
#1033=ORIENTED_EDGE('',*,*,#3463,.T.);
#1034=ORIENTED_EDGE('',*,*,#3488,.T.);
#1035=ORIENTED_EDGE('',*,*,#3493,.F.);
#1036=ORIENTED_EDGE('',*,*,#3458,.T.);
#1037=ORIENTED_EDGE('',*,*,#3494,.T.);
#1038=ORIENTED_EDGE('',*,*,#3380,.F.);
#1039=ORIENTED_EDGE('',*,*,#3381,.F.);
#1040=ORIENTED_EDGE('',*,*,#3494,.F.);
#1041=ORIENTED_EDGE('',*,*,#3457,.T.);
#1042=ORIENTED_EDGE('',*,*,#3495,.T.);
#1043=ORIENTED_EDGE('',*,*,#3456,.F.);
#1044=ORIENTED_EDGE('',*,*,#3496,.T.);
#1045=ORIENTED_EDGE('',*,*,#3382,.T.);
#1046=ORIENTED_EDGE('',*,*,#3495,.F.);
#1047=ORIENTED_EDGE('',*,*,#3336,.F.);
#1048=ORIENTED_EDGE('',*,*,#3490,.F.);
#1049=ORIENTED_EDGE('',*,*,#3449,.T.);
#1050=ORIENTED_EDGE('',*,*,#3497,.T.);
#1051=ORIENTED_EDGE('',*,*,#3337,.T.);
#1052=ORIENTED_EDGE('',*,*,#3497,.F.);
#1053=ORIENTED_EDGE('',*,*,#3448,.F.);
#1054=ORIENTED_EDGE('',*,*,#3498,.T.);
#1055=ORIENTED_EDGE('',*,*,#3338,.F.);
#1056=ORIENTED_EDGE('',*,*,#3498,.F.);
#1057=ORIENTED_EDGE('',*,*,#3447,.T.);
#1058=ORIENTED_EDGE('',*,*,#3478,.T.);
#1059=ORIENTED_EDGE('',*,*,#3422,.T.);
#1060=ORIENTED_EDGE('',*,*,#3499,.T.);
#1061=ORIENTED_EDGE('',*,*,#3424,.T.);
#1062=ORIENTED_EDGE('',*,*,#3500,.T.);
#1063=ORIENTED_EDGE('',*,*,#3420,.T.);
#1064=ORIENTED_EDGE('',*,*,#3501,.T.);
#1065=ORIENTED_EDGE('',*,*,#3426,.T.);
#1066=ORIENTED_EDGE('',*,*,#3502,.T.);
#1067=ORIENTED_EDGE('',*,*,#3369,.F.);
#1068=ORIENTED_EDGE('',*,*,#3486,.F.);
#1069=ORIENTED_EDGE('',*,*,#3470,.T.);
#1070=ORIENTED_EDGE('',*,*,#3503,.T.);
#1071=ORIENTED_EDGE('',*,*,#3431,.F.);
#1072=ORIENTED_EDGE('',*,*,#3504,.F.);
#1073=ORIENTED_EDGE('',*,*,#3505,.T.);
#1074=ORIENTED_EDGE('',*,*,#3465,.F.);
#1075=ORIENTED_EDGE('',*,*,#3491,.T.);
#1076=ORIENTED_EDGE('',*,*,#3373,.T.);
#1077=ORIENTED_EDGE('',*,*,#3506,.T.);
#1078=ORIENTED_EDGE('',*,*,#3507,.T.);
#1079=ORIENTED_EDGE('',*,*,#3508,.T.);
#1080=ORIENTED_EDGE('',*,*,#3509,.T.);
#1081=ORIENTED_EDGE('',*,*,#3510,.T.);
#1082=ORIENTED_EDGE('',*,*,#3511,.T.);
#1083=ORIENTED_EDGE('',*,*,#3512,.T.);
#1084=ORIENTED_EDGE('',*,*,#3513,.T.);
#1085=ORIENTED_EDGE('',*,*,#3484,.T.);
#1086=ORIENTED_EDGE('',*,*,#3514,.T.);
#1087=ORIENTED_EDGE('',*,*,#3515,.T.);
#1088=ORIENTED_EDGE('',*,*,#3516,.T.);
#1089=ORIENTED_EDGE('',*,*,#3517,.T.);
#1090=ORIENTED_EDGE('',*,*,#3518,.T.);
#1091=ORIENTED_EDGE('',*,*,#3479,.F.);
#1092=ORIENTED_EDGE('',*,*,#3519,.T.);
#1093=ORIENTED_EDGE('',*,*,#3438,.F.);
#1094=ORIENTED_EDGE('',*,*,#3520,.F.);
#1095=ORIENTED_EDGE('',*,*,#3521,.T.);
#1096=ORIENTED_EDGE('',*,*,#3476,.F.);
#1097=ORIENTED_EDGE('',*,*,#3481,.T.);
#1098=ORIENTED_EDGE('',*,*,#3357,.T.);
#1099=ORIENTED_EDGE('',*,*,#3340,.F.);
#1100=ORIENTED_EDGE('',*,*,#3477,.F.);
#1101=ORIENTED_EDGE('',*,*,#3445,.T.);
#1102=ORIENTED_EDGE('',*,*,#3522,.F.);
#1103=ORIENTED_EDGE('',*,*,#3523,.T.);
#1104=ORIENTED_EDGE('',*,*,#3429,.T.);
#1105=ORIENTED_EDGE('',*,*,#3334,.F.);
#1106=ORIENTED_EDGE('',*,*,#3524,.T.);
#1107=ORIENTED_EDGE('',*,*,#3525,.T.);
#1108=ORIENTED_EDGE('',*,*,#3526,.T.);
#1109=ORIENTED_EDGE('',*,*,#3451,.T.);
#1110=ORIENTED_EDGE('',*,*,#3489,.T.);
#1111=ORIENTED_EDGE('',*,*,#3527,.T.);
#1112=ORIENTED_EDGE('',*,*,#3528,.T.);
#1113=ORIENTED_EDGE('',*,*,#3324,.T.);
#1114=ORIENTED_EDGE('',*,*,#3496,.F.);
#1115=ORIENTED_EDGE('',*,*,#3455,.F.);
#1116=ORIENTED_EDGE('',*,*,#3529,.T.);
#1117=ORIENTED_EDGE('',*,*,#3530,.T.);
#1118=ORIENTED_EDGE('',*,*,#3531,.T.);
#1119=ORIENTED_EDGE('',*,*,#3532,.T.);
#1120=ORIENTED_EDGE('',*,*,#3533,.T.);
#1121=ORIENTED_EDGE('',*,*,#3534,.T.);
#1122=ORIENTED_EDGE('',*,*,#3535,.T.);
#1123=ORIENTED_EDGE('',*,*,#3536,.T.);
#1124=ORIENTED_EDGE('',*,*,#3537,.T.);
#1125=ORIENTED_EDGE('',*,*,#3460,.T.);
#1126=ORIENTED_EDGE('',*,*,#3538,.T.);
#1127=ORIENTED_EDGE('',*,*,#3378,.F.);
#1128=ORIENTED_EDGE('',*,*,#3539,.F.);
#1129=ORIENTED_EDGE('',*,*,#3461,.T.);
#1130=ORIENTED_EDGE('',*,*,#3539,.T.);
#1131=ORIENTED_EDGE('',*,*,#3377,.F.);
#1132=ORIENTED_EDGE('',*,*,#3487,.F.);
#1133=ORIENTED_EDGE('',*,*,#3493,.T.);
#1134=ORIENTED_EDGE('',*,*,#3379,.T.);
#1135=ORIENTED_EDGE('',*,*,#3538,.F.);
#1136=ORIENTED_EDGE('',*,*,#3459,.F.);
#1137=ORIENTED_EDGE('',*,*,#3469,.T.);
#1138=ORIENTED_EDGE('',*,*,#3540,.T.);
#1139=ORIENTED_EDGE('',*,*,#3370,.F.);
#1140=ORIENTED_EDGE('',*,*,#3503,.F.);
#1141=ORIENTED_EDGE('',*,*,#3468,.T.);
#1142=ORIENTED_EDGE('',*,*,#3432,.T.);
#1143=ORIENTED_EDGE('',*,*,#3371,.F.);
#1144=ORIENTED_EDGE('',*,*,#3540,.F.);
#1145=ORIENTED_EDGE('',*,*,#3427,.T.);
#1146=ORIENTED_EDGE('',*,*,#3523,.F.);
#1147=ORIENTED_EDGE('',*,*,#3541,.T.);
#1148=ORIENTED_EDGE('',*,*,#3520,.T.);
#1149=ORIENTED_EDGE('',*,*,#3437,.T.);
#1150=ORIENTED_EDGE('',*,*,#3435,.F.);
#1151=ORIENTED_EDGE('',*,*,#3541,.F.);
#1152=ORIENTED_EDGE('',*,*,#3522,.T.);
#1153=ORIENTED_EDGE('',*,*,#3444,.T.);
#1154=ORIENTED_EDGE('',*,*,#3521,.F.);
#1155=ORIENTED_EDGE('',*,*,#3430,.T.);
#1156=ORIENTED_EDGE('',*,*,#3542,.F.);
#1157=ORIENTED_EDGE('',*,*,#3543,.T.);
#1158=ORIENTED_EDGE('',*,*,#3504,.T.);
#1159=ORIENTED_EDGE('',*,*,#3467,.F.);
#1160=ORIENTED_EDGE('',*,*,#3544,.F.);
#1161=ORIENTED_EDGE('',*,*,#3542,.T.);
#1162=ORIENTED_EDGE('',*,*,#3434,.F.);
#1163=ORIENTED_EDGE('',*,*,#3543,.F.);
#1164=ORIENTED_EDGE('',*,*,#3544,.T.);
#1165=ORIENTED_EDGE('',*,*,#3466,.T.);
#1166=ORIENTED_EDGE('',*,*,#3505,.F.);
#1167=ORIENTED_EDGE('',*,*,#3311,.T.);
#1168=ORIENTED_EDGE('',*,*,#3545,.F.);
#1169=ORIENTED_EDGE('',*,*,#3546,.F.);
#1170=ORIENTED_EDGE('',*,*,#3547,.T.);
#1171=ORIENTED_EDGE('',*,*,#3310,.T.);
#1172=ORIENTED_EDGE('',*,*,#3547,.F.);
#1173=ORIENTED_EDGE('',*,*,#3548,.F.);
#1174=ORIENTED_EDGE('',*,*,#3545,.T.);
#1175=ORIENTED_EDGE('',*,*,#3549,.T.);
#1176=ORIENTED_EDGE('',*,*,#3550,.T.);
#1177=ORIENTED_EDGE('',*,*,#3551,.F.);
#1178=ORIENTED_EDGE('',*,*,#3552,.T.);
#1179=ORIENTED_EDGE('',*,*,#3553,.T.);
#1180=ORIENTED_EDGE('',*,*,#3554,.F.);
#1181=ORIENTED_EDGE('',*,*,#3555,.F.);
#1182=ORIENTED_EDGE('',*,*,#3546,.T.);
#1183=ORIENTED_EDGE('',*,*,#3548,.T.);
#1184=ORIENTED_EDGE('',*,*,#3556,.T.);
#1185=ORIENTED_EDGE('',*,*,#3557,.F.);
#1186=ORIENTED_EDGE('',*,*,#3558,.F.);
#1187=ORIENTED_EDGE('',*,*,#3555,.T.);
#1188=ORIENTED_EDGE('',*,*,#3556,.F.);
#1189=ORIENTED_EDGE('',*,*,#3558,.T.);
#1190=ORIENTED_EDGE('',*,*,#3559,.F.);
#1191=ORIENTED_EDGE('',*,*,#3557,.T.);
#1192=ORIENTED_EDGE('',*,*,#3560,.F.);
#1193=ORIENTED_EDGE('',*,*,#3559,.T.);
#1194=ORIENTED_EDGE('',*,*,#3560,.T.);
#1195=ORIENTED_EDGE('',*,*,#3313,.T.);
#1196=ORIENTED_EDGE('',*,*,#3561,.F.);
#1197=ORIENTED_EDGE('',*,*,#3562,.F.);
#1198=ORIENTED_EDGE('',*,*,#3563,.T.);
#1199=ORIENTED_EDGE('',*,*,#3312,.T.);
#1200=ORIENTED_EDGE('',*,*,#3564,.F.);
#1201=ORIENTED_EDGE('',*,*,#3565,.F.);
#1202=ORIENTED_EDGE('',*,*,#3561,.T.);
#1203=ORIENTED_EDGE('',*,*,#3323,.F.);
#1204=ORIENTED_EDGE('',*,*,#3566,.F.);
#1205=ORIENTED_EDGE('',*,*,#3567,.T.);
#1206=ORIENTED_EDGE('',*,*,#3564,.T.);
#1207=ORIENTED_EDGE('',*,*,#3322,.T.);
#1208=ORIENTED_EDGE('',*,*,#3568,.F.);
#1209=ORIENTED_EDGE('',*,*,#3569,.F.);
#1210=ORIENTED_EDGE('',*,*,#3566,.T.);
#1211=ORIENTED_EDGE('',*,*,#3321,.T.);
#1212=ORIENTED_EDGE('',*,*,#3570,.F.);
#1213=ORIENTED_EDGE('',*,*,#3571,.F.);
#1214=ORIENTED_EDGE('',*,*,#3568,.T.);
#1215=ORIENTED_EDGE('',*,*,#3320,.T.);
#1216=ORIENTED_EDGE('',*,*,#3572,.F.);
#1217=ORIENTED_EDGE('',*,*,#3573,.F.);
#1218=ORIENTED_EDGE('',*,*,#3570,.T.);
#1219=ORIENTED_EDGE('',*,*,#3319,.T.);
#1220=ORIENTED_EDGE('',*,*,#3574,.F.);
#1221=ORIENTED_EDGE('',*,*,#3575,.F.);
#1222=ORIENTED_EDGE('',*,*,#3572,.T.);
#1223=ORIENTED_EDGE('',*,*,#3318,.T.);
#1224=ORIENTED_EDGE('',*,*,#3576,.F.);
#1225=ORIENTED_EDGE('',*,*,#3577,.F.);
#1226=ORIENTED_EDGE('',*,*,#3574,.T.);
#1227=ORIENTED_EDGE('',*,*,#3317,.T.);
#1228=ORIENTED_EDGE('',*,*,#3578,.F.);
#1229=ORIENTED_EDGE('',*,*,#3579,.F.);
#1230=ORIENTED_EDGE('',*,*,#3576,.T.);
#1231=ORIENTED_EDGE('',*,*,#3316,.F.);
#1232=ORIENTED_EDGE('',*,*,#3580,.F.);
#1233=ORIENTED_EDGE('',*,*,#3581,.T.);
#1234=ORIENTED_EDGE('',*,*,#3578,.T.);
#1235=ORIENTED_EDGE('',*,*,#3315,.T.);
#1236=ORIENTED_EDGE('',*,*,#3582,.F.);
#1237=ORIENTED_EDGE('',*,*,#3583,.F.);
#1238=ORIENTED_EDGE('',*,*,#3580,.T.);
#1239=ORIENTED_EDGE('',*,*,#3314,.T.);
#1240=ORIENTED_EDGE('',*,*,#3563,.F.);
#1241=ORIENTED_EDGE('',*,*,#3584,.F.);
#1242=ORIENTED_EDGE('',*,*,#3582,.T.);
#1243=ORIENTED_EDGE('',*,*,#3562,.T.);
#1244=ORIENTED_EDGE('',*,*,#3565,.T.);
#1245=ORIENTED_EDGE('',*,*,#3567,.F.);
#1246=ORIENTED_EDGE('',*,*,#3569,.T.);
#1247=ORIENTED_EDGE('',*,*,#3571,.T.);
#1248=ORIENTED_EDGE('',*,*,#3573,.T.);
#1249=ORIENTED_EDGE('',*,*,#3575,.T.);
#1250=ORIENTED_EDGE('',*,*,#3577,.T.);
#1251=ORIENTED_EDGE('',*,*,#3579,.T.);
#1252=ORIENTED_EDGE('',*,*,#3581,.F.);
#1253=ORIENTED_EDGE('',*,*,#3583,.T.);
#1254=ORIENTED_EDGE('',*,*,#3584,.T.);
#1255=ORIENTED_EDGE('',*,*,#3585,.T.);
#1256=ORIENTED_EDGE('',*,*,#3586,.F.);
#1257=ORIENTED_EDGE('',*,*,#3587,.F.);
#1258=ORIENTED_EDGE('',*,*,#3553,.F.);
#1259=ORIENTED_EDGE('',*,*,#3588,.T.);
#1260=ORIENTED_EDGE('',*,*,#3589,.F.);
#1261=ORIENTED_EDGE('',*,*,#3585,.F.);
#1262=ORIENTED_EDGE('',*,*,#3552,.F.);
#1263=ORIENTED_EDGE('',*,*,#3554,.T.);
#1264=ORIENTED_EDGE('',*,*,#3587,.T.);
#1265=ORIENTED_EDGE('',*,*,#3590,.T.);
#1266=ORIENTED_EDGE('',*,*,#3588,.F.);
#1267=ORIENTED_EDGE('',*,*,#3586,.T.);
#1268=ORIENTED_EDGE('',*,*,#3589,.T.);
#1269=ORIENTED_EDGE('',*,*,#3590,.F.);
#1270=ORIENTED_EDGE('',*,*,#3591,.T.);
#1271=ORIENTED_EDGE('',*,*,#3592,.F.);
#1272=ORIENTED_EDGE('',*,*,#3593,.F.);
#1273=ORIENTED_EDGE('',*,*,#3550,.F.);
#1274=ORIENTED_EDGE('',*,*,#3594,.T.);
#1275=ORIENTED_EDGE('',*,*,#3595,.F.);
#1276=ORIENTED_EDGE('',*,*,#3591,.F.);
#1277=ORIENTED_EDGE('',*,*,#3549,.F.);
#1278=ORIENTED_EDGE('',*,*,#3551,.T.);
#1279=ORIENTED_EDGE('',*,*,#3593,.T.);
#1280=ORIENTED_EDGE('',*,*,#3596,.T.);
#1281=ORIENTED_EDGE('',*,*,#3594,.F.);
#1282=ORIENTED_EDGE('',*,*,#3592,.T.);
#1283=ORIENTED_EDGE('',*,*,#3595,.T.);
#1284=ORIENTED_EDGE('',*,*,#3596,.F.);
#1285=ORIENTED_EDGE('',*,*,#3300,.F.);
#1286=ORIENTED_EDGE('',*,*,#3597,.F.);
#1287=ORIENTED_EDGE('',*,*,#3598,.T.);
#1288=ORIENTED_EDGE('',*,*,#3599,.T.);
#1289=ORIENTED_EDGE('',*,*,#3309,.F.);
#1290=ORIENTED_EDGE('',*,*,#3600,.F.);
#1291=ORIENTED_EDGE('',*,*,#3601,.T.);
#1292=ORIENTED_EDGE('',*,*,#3597,.T.);
#1293=ORIENTED_EDGE('',*,*,#3308,.F.);
#1294=ORIENTED_EDGE('',*,*,#3602,.F.);
#1295=ORIENTED_EDGE('',*,*,#3603,.T.);
#1296=ORIENTED_EDGE('',*,*,#3600,.T.);
#1297=ORIENTED_EDGE('',*,*,#3307,.F.);
#1298=ORIENTED_EDGE('',*,*,#3604,.F.);
#1299=ORIENTED_EDGE('',*,*,#3605,.T.);
#1300=ORIENTED_EDGE('',*,*,#3602,.T.);
#1301=ORIENTED_EDGE('',*,*,#3306,.T.);
#1302=ORIENTED_EDGE('',*,*,#3606,.F.);
#1303=ORIENTED_EDGE('',*,*,#3607,.F.);
#1304=ORIENTED_EDGE('',*,*,#3604,.T.);
#1305=ORIENTED_EDGE('',*,*,#3305,.T.);
#1306=ORIENTED_EDGE('',*,*,#3608,.F.);
#1307=ORIENTED_EDGE('',*,*,#3609,.F.);
#1308=ORIENTED_EDGE('',*,*,#3606,.T.);
#1309=ORIENTED_EDGE('',*,*,#3304,.T.);
#1310=ORIENTED_EDGE('',*,*,#3610,.F.);
#1311=ORIENTED_EDGE('',*,*,#3611,.F.);
#1312=ORIENTED_EDGE('',*,*,#3608,.T.);
#1313=ORIENTED_EDGE('',*,*,#3303,.T.);
#1314=ORIENTED_EDGE('',*,*,#3612,.F.);
#1315=ORIENTED_EDGE('',*,*,#3613,.F.);
#1316=ORIENTED_EDGE('',*,*,#3610,.T.);
#1317=ORIENTED_EDGE('',*,*,#3302,.F.);
#1318=ORIENTED_EDGE('',*,*,#3614,.F.);
#1319=ORIENTED_EDGE('',*,*,#3615,.T.);
#1320=ORIENTED_EDGE('',*,*,#3612,.T.);
#1321=ORIENTED_EDGE('',*,*,#3301,.F.);
#1322=ORIENTED_EDGE('',*,*,#3599,.F.);
#1323=ORIENTED_EDGE('',*,*,#3616,.T.);
#1324=ORIENTED_EDGE('',*,*,#3614,.T.);
#1325=ORIENTED_EDGE('',*,*,#3598,.F.);
#1326=ORIENTED_EDGE('',*,*,#3601,.F.);
#1327=ORIENTED_EDGE('',*,*,#3603,.F.);
#1328=ORIENTED_EDGE('',*,*,#3605,.F.);
#1329=ORIENTED_EDGE('',*,*,#3607,.T.);
#1330=ORIENTED_EDGE('',*,*,#3609,.T.);
#1331=ORIENTED_EDGE('',*,*,#3611,.T.);
#1332=ORIENTED_EDGE('',*,*,#3613,.T.);
#1333=ORIENTED_EDGE('',*,*,#3615,.F.);
#1334=ORIENTED_EDGE('',*,*,#3616,.F.);
#1335=ORIENTED_EDGE('',*,*,#3350,.F.);
#1336=ORIENTED_EDGE('',*,*,#3617,.F.);
#1337=ORIENTED_EDGE('',*,*,#3618,.T.);
#1338=ORIENTED_EDGE('',*,*,#3619,.T.);
#1339=ORIENTED_EDGE('',*,*,#3349,.T.);
#1340=ORIENTED_EDGE('',*,*,#3620,.F.);
#1341=ORIENTED_EDGE('',*,*,#3621,.F.);
#1342=ORIENTED_EDGE('',*,*,#3617,.T.);
#1343=ORIENTED_EDGE('',*,*,#3348,.T.);
#1344=ORIENTED_EDGE('',*,*,#3622,.F.);
#1345=ORIENTED_EDGE('',*,*,#3623,.F.);
#1346=ORIENTED_EDGE('',*,*,#3620,.T.);
#1347=ORIENTED_EDGE('',*,*,#3347,.T.);
#1348=ORIENTED_EDGE('',*,*,#3624,.F.);
#1349=ORIENTED_EDGE('',*,*,#3625,.F.);
#1350=ORIENTED_EDGE('',*,*,#3622,.T.);
#1351=ORIENTED_EDGE('',*,*,#3346,.F.);
#1352=ORIENTED_EDGE('',*,*,#3626,.F.);
#1353=ORIENTED_EDGE('',*,*,#3627,.T.);
#1354=ORIENTED_EDGE('',*,*,#3624,.T.);
#1355=ORIENTED_EDGE('',*,*,#3345,.T.);
#1356=ORIENTED_EDGE('',*,*,#3628,.F.);
#1357=ORIENTED_EDGE('',*,*,#3629,.F.);
#1358=ORIENTED_EDGE('',*,*,#3626,.T.);
#1359=ORIENTED_EDGE('',*,*,#3344,.T.);
#1360=ORIENTED_EDGE('',*,*,#3630,.T.);
#1361=ORIENTED_EDGE('',*,*,#3631,.F.);
#1362=ORIENTED_EDGE('',*,*,#3632,.F.);
#1363=ORIENTED_EDGE('',*,*,#3628,.T.);
#1364=ORIENTED_EDGE('',*,*,#3633,.T.);
#1365=ORIENTED_EDGE('',*,*,#3355,.T.);
#1366=ORIENTED_EDGE('',*,*,#3634,.F.);
#1367=ORIENTED_EDGE('',*,*,#3635,.F.);
#1368=ORIENTED_EDGE('',*,*,#3631,.T.);
#1369=ORIENTED_EDGE('',*,*,#3354,.T.);
#1370=ORIENTED_EDGE('',*,*,#3636,.F.);
#1371=ORIENTED_EDGE('',*,*,#3637,.F.);
#1372=ORIENTED_EDGE('',*,*,#3634,.T.);
#1373=ORIENTED_EDGE('',*,*,#3353,.T.);
#1374=ORIENTED_EDGE('',*,*,#3638,.F.);
#1375=ORIENTED_EDGE('',*,*,#3639,.F.);
#1376=ORIENTED_EDGE('',*,*,#3636,.T.);
#1377=ORIENTED_EDGE('',*,*,#3352,.T.);
#1378=ORIENTED_EDGE('',*,*,#3640,.F.);
#1379=ORIENTED_EDGE('',*,*,#3641,.F.);
#1380=ORIENTED_EDGE('',*,*,#3638,.T.);
#1381=ORIENTED_EDGE('',*,*,#3351,.T.);
#1382=ORIENTED_EDGE('',*,*,#3619,.F.);
#1383=ORIENTED_EDGE('',*,*,#3642,.F.);
#1384=ORIENTED_EDGE('',*,*,#3640,.T.);
#1385=ORIENTED_EDGE('',*,*,#3643,.F.);
#1386=ORIENTED_EDGE('',*,*,#3618,.F.);
#1387=ORIENTED_EDGE('',*,*,#3621,.T.);
#1388=ORIENTED_EDGE('',*,*,#3623,.T.);
#1389=ORIENTED_EDGE('',*,*,#3625,.T.);
#1390=ORIENTED_EDGE('',*,*,#3627,.F.);
#1391=ORIENTED_EDGE('',*,*,#3629,.T.);
#1392=ORIENTED_EDGE('',*,*,#3632,.T.);
#1393=ORIENTED_EDGE('',*,*,#3635,.T.);
#1394=ORIENTED_EDGE('',*,*,#3637,.T.);
#1395=ORIENTED_EDGE('',*,*,#3639,.T.);
#1396=ORIENTED_EDGE('',*,*,#3641,.T.);
#1397=ORIENTED_EDGE('',*,*,#3642,.T.);
#1398=ORIENTED_EDGE('',*,*,#3439,.F.);
#1399=ORIENTED_EDGE('',*,*,#3633,.F.);
#1400=ORIENTED_EDGE('',*,*,#3630,.F.);
#1401=ORIENTED_EDGE('',*,*,#3644,.T.);
#1402=ORIENTED_EDGE('',*,*,#3645,.T.);
#1403=ORIENTED_EDGE('',*,*,#3646,.F.);
#1404=ORIENTED_EDGE('',*,*,#3647,.T.);
#1405=ORIENTED_EDGE('',*,*,#3361,.T.);
#1406=ORIENTED_EDGE('',*,*,#3648,.T.);
#1407=ORIENTED_EDGE('',*,*,#3649,.F.);
#1408=ORIENTED_EDGE('',*,*,#3650,.T.);
#1409=ORIENTED_EDGE('',*,*,#3651,.T.);
#1410=ORIENTED_EDGE('',*,*,#3652,.T.);
#1411=ORIENTED_EDGE('',*,*,#3365,.T.);
#1412=ORIENTED_EDGE('',*,*,#3653,.F.);
#1413=ORIENTED_EDGE('',*,*,#3364,.T.);
#1414=ORIENTED_EDGE('',*,*,#3654,.F.);
#1415=ORIENTED_EDGE('',*,*,#3655,.F.);
#1416=ORIENTED_EDGE('',*,*,#3653,.T.);
#1417=ORIENTED_EDGE('',*,*,#3363,.T.);
#1418=ORIENTED_EDGE('',*,*,#3656,.F.);
#1419=ORIENTED_EDGE('',*,*,#3657,.F.);
#1420=ORIENTED_EDGE('',*,*,#3654,.T.);
#1421=ORIENTED_EDGE('',*,*,#3362,.T.);
#1422=ORIENTED_EDGE('',*,*,#3647,.F.);
#1423=ORIENTED_EDGE('',*,*,#3658,.F.);
#1424=ORIENTED_EDGE('',*,*,#3656,.T.);
#1425=ORIENTED_EDGE('',*,*,#3659,.F.);
#1426=ORIENTED_EDGE('',*,*,#3646,.T.);
#1427=ORIENTED_EDGE('',*,*,#3660,.T.);
#1428=ORIENTED_EDGE('',*,*,#3649,.T.);
#1429=ORIENTED_EDGE('',*,*,#3655,.T.);
#1430=ORIENTED_EDGE('',*,*,#3657,.T.);
#1431=ORIENTED_EDGE('',*,*,#3658,.T.);
#1432=ORIENTED_EDGE('',*,*,#3290,.F.);
#1433=ORIENTED_EDGE('',*,*,#3661,.F.);
#1434=ORIENTED_EDGE('',*,*,#3662,.T.);
#1435=ORIENTED_EDGE('',*,*,#3663,.T.);
#1436=ORIENTED_EDGE('',*,*,#3299,.T.);
#1437=ORIENTED_EDGE('',*,*,#3664,.F.);
#1438=ORIENTED_EDGE('',*,*,#3665,.F.);
#1439=ORIENTED_EDGE('',*,*,#3661,.T.);
#1440=ORIENTED_EDGE('',*,*,#3298,.T.);
#1441=ORIENTED_EDGE('',*,*,#3666,.F.);
#1442=ORIENTED_EDGE('',*,*,#3667,.F.);
#1443=ORIENTED_EDGE('',*,*,#3664,.T.);
#1444=ORIENTED_EDGE('',*,*,#3297,.T.);
#1445=ORIENTED_EDGE('',*,*,#3668,.F.);
#1446=ORIENTED_EDGE('',*,*,#3669,.F.);
#1447=ORIENTED_EDGE('',*,*,#3666,.T.);
#1448=ORIENTED_EDGE('',*,*,#3296,.T.);
#1449=ORIENTED_EDGE('',*,*,#3670,.F.);
#1450=ORIENTED_EDGE('',*,*,#3671,.F.);
#1451=ORIENTED_EDGE('',*,*,#3668,.T.);
#1452=ORIENTED_EDGE('',*,*,#3295,.T.);
#1453=ORIENTED_EDGE('',*,*,#3672,.F.);
#1454=ORIENTED_EDGE('',*,*,#3673,.F.);
#1455=ORIENTED_EDGE('',*,*,#3670,.T.);
#1456=ORIENTED_EDGE('',*,*,#3294,.T.);
#1457=ORIENTED_EDGE('',*,*,#3674,.F.);
#1458=ORIENTED_EDGE('',*,*,#3675,.F.);
#1459=ORIENTED_EDGE('',*,*,#3672,.T.);
#1460=ORIENTED_EDGE('',*,*,#3293,.F.);
#1461=ORIENTED_EDGE('',*,*,#3676,.F.);
#1462=ORIENTED_EDGE('',*,*,#3677,.T.);
#1463=ORIENTED_EDGE('',*,*,#3674,.T.);
#1464=ORIENTED_EDGE('',*,*,#3292,.F.);
#1465=ORIENTED_EDGE('',*,*,#3678,.F.);
#1466=ORIENTED_EDGE('',*,*,#3679,.T.);
#1467=ORIENTED_EDGE('',*,*,#3676,.T.);
#1468=ORIENTED_EDGE('',*,*,#3291,.F.);
#1469=ORIENTED_EDGE('',*,*,#3663,.F.);
#1470=ORIENTED_EDGE('',*,*,#3680,.T.);
#1471=ORIENTED_EDGE('',*,*,#3678,.T.);
#1472=ORIENTED_EDGE('',*,*,#3662,.F.);
#1473=ORIENTED_EDGE('',*,*,#3665,.T.);
#1474=ORIENTED_EDGE('',*,*,#3667,.T.);
#1475=ORIENTED_EDGE('',*,*,#3669,.T.);
#1476=ORIENTED_EDGE('',*,*,#3671,.T.);
#1477=ORIENTED_EDGE('',*,*,#3673,.T.);
#1478=ORIENTED_EDGE('',*,*,#3675,.T.);
#1479=ORIENTED_EDGE('',*,*,#3677,.F.);
#1480=ORIENTED_EDGE('',*,*,#3679,.F.);
#1481=ORIENTED_EDGE('',*,*,#3680,.F.);
#1482=ORIENTED_EDGE('',*,*,#3330,.F.);
#1483=ORIENTED_EDGE('',*,*,#3681,.F.);
#1484=ORIENTED_EDGE('',*,*,#3682,.T.);
#1485=ORIENTED_EDGE('',*,*,#3683,.T.);
#1486=ORIENTED_EDGE('',*,*,#3329,.F.);
#1487=ORIENTED_EDGE('',*,*,#3684,.F.);
#1488=ORIENTED_EDGE('',*,*,#3685,.T.);
#1489=ORIENTED_EDGE('',*,*,#3681,.T.);
#1490=ORIENTED_EDGE('',*,*,#3328,.F.);
#1491=ORIENTED_EDGE('',*,*,#3686,.F.);
#1492=ORIENTED_EDGE('',*,*,#3687,.T.);
#1493=ORIENTED_EDGE('',*,*,#3684,.T.);
#1494=ORIENTED_EDGE('',*,*,#3688,.T.);
#1495=ORIENTED_EDGE('',*,*,#3689,.T.);
#1496=ORIENTED_EDGE('',*,*,#3690,.T.);
#1497=ORIENTED_EDGE('',*,*,#3686,.T.);
#1498=ORIENTED_EDGE('',*,*,#3327,.F.);
#1499=ORIENTED_EDGE('',*,*,#3691,.T.);
#1500=ORIENTED_EDGE('',*,*,#3692,.T.);
#1501=ORIENTED_EDGE('',*,*,#3693,.T.);
#1502=ORIENTED_EDGE('',*,*,#3694,.T.);
#1503=ORIENTED_EDGE('',*,*,#3695,.T.);
#1504=ORIENTED_EDGE('',*,*,#3331,.F.);
#1505=ORIENTED_EDGE('',*,*,#3683,.F.);
#1506=ORIENTED_EDGE('',*,*,#3696,.F.);
#1507=ORIENTED_EDGE('',*,*,#3690,.F.);
#1508=ORIENTED_EDGE('',*,*,#3697,.T.);
#1509=ORIENTED_EDGE('',*,*,#3692,.F.);
#1510=ORIENTED_EDGE('',*,*,#3682,.F.);
#1511=ORIENTED_EDGE('',*,*,#3685,.F.);
#1512=ORIENTED_EDGE('',*,*,#3687,.F.);
#1513=ORIENTED_EDGE('',*,*,#3278,.F.);
#1514=ORIENTED_EDGE('',*,*,#3698,.F.);
#1515=ORIENTED_EDGE('',*,*,#3699,.T.);
#1516=ORIENTED_EDGE('',*,*,#3700,.T.);
#1517=ORIENTED_EDGE('',*,*,#3289,.F.);
#1518=ORIENTED_EDGE('',*,*,#3701,.F.);
#1519=ORIENTED_EDGE('',*,*,#3702,.T.);
#1520=ORIENTED_EDGE('',*,*,#3698,.T.);
#1521=ORIENTED_EDGE('',*,*,#3288,.F.);
#1522=ORIENTED_EDGE('',*,*,#3703,.F.);
#1523=ORIENTED_EDGE('',*,*,#3704,.T.);
#1524=ORIENTED_EDGE('',*,*,#3701,.T.);
#1525=ORIENTED_EDGE('',*,*,#3287,.F.);
#1526=ORIENTED_EDGE('',*,*,#3705,.F.);
#1527=ORIENTED_EDGE('',*,*,#3706,.T.);
#1528=ORIENTED_EDGE('',*,*,#3703,.T.);
#1529=ORIENTED_EDGE('',*,*,#3286,.F.);
#1530=ORIENTED_EDGE('',*,*,#3707,.F.);
#1531=ORIENTED_EDGE('',*,*,#3708,.T.);
#1532=ORIENTED_EDGE('',*,*,#3705,.T.);
#1533=ORIENTED_EDGE('',*,*,#3285,.T.);
#1534=ORIENTED_EDGE('',*,*,#3709,.F.);
#1535=ORIENTED_EDGE('',*,*,#3710,.F.);
#1536=ORIENTED_EDGE('',*,*,#3707,.T.);
#1537=ORIENTED_EDGE('',*,*,#3284,.T.);
#1538=ORIENTED_EDGE('',*,*,#3711,.F.);
#1539=ORIENTED_EDGE('',*,*,#3712,.F.);
#1540=ORIENTED_EDGE('',*,*,#3709,.T.);
#1541=ORIENTED_EDGE('',*,*,#3283,.T.);
#1542=ORIENTED_EDGE('',*,*,#3713,.F.);
#1543=ORIENTED_EDGE('',*,*,#3714,.F.);
#1544=ORIENTED_EDGE('',*,*,#3711,.T.);
#1545=ORIENTED_EDGE('',*,*,#3282,.T.);
#1546=ORIENTED_EDGE('',*,*,#3715,.F.);
#1547=ORIENTED_EDGE('',*,*,#3716,.F.);
#1548=ORIENTED_EDGE('',*,*,#3713,.T.);
#1549=ORIENTED_EDGE('',*,*,#3281,.T.);
#1550=ORIENTED_EDGE('',*,*,#3717,.F.);
#1551=ORIENTED_EDGE('',*,*,#3718,.F.);
#1552=ORIENTED_EDGE('',*,*,#3715,.T.);
#1553=ORIENTED_EDGE('',*,*,#3280,.T.);
#1554=ORIENTED_EDGE('',*,*,#3719,.F.);
#1555=ORIENTED_EDGE('',*,*,#3720,.F.);
#1556=ORIENTED_EDGE('',*,*,#3717,.T.);
#1557=ORIENTED_EDGE('',*,*,#3279,.T.);
#1558=ORIENTED_EDGE('',*,*,#3700,.F.);
#1559=ORIENTED_EDGE('',*,*,#3721,.F.);
#1560=ORIENTED_EDGE('',*,*,#3719,.T.);
#1561=ORIENTED_EDGE('',*,*,#3722,.F.);
#1562=ORIENTED_EDGE('',*,*,#3699,.F.);
#1563=ORIENTED_EDGE('',*,*,#3702,.F.);
#1564=ORIENTED_EDGE('',*,*,#3704,.F.);
#1565=ORIENTED_EDGE('',*,*,#3706,.F.);
#1566=ORIENTED_EDGE('',*,*,#3708,.F.);
#1567=ORIENTED_EDGE('',*,*,#3710,.T.);
#1568=ORIENTED_EDGE('',*,*,#3712,.T.);
#1569=ORIENTED_EDGE('',*,*,#3714,.T.);
#1570=ORIENTED_EDGE('',*,*,#3716,.T.);
#1571=ORIENTED_EDGE('',*,*,#3718,.T.);
#1572=ORIENTED_EDGE('',*,*,#3720,.T.);
#1573=ORIENTED_EDGE('',*,*,#3721,.T.);
#1574=ORIENTED_EDGE('',*,*,#3273,.T.);
#1575=ORIENTED_EDGE('',*,*,#3723,.F.);
#1576=ORIENTED_EDGE('',*,*,#3724,.F.);
#1577=ORIENTED_EDGE('',*,*,#3725,.T.);
#1578=ORIENTED_EDGE('',*,*,#3272,.T.);
#1579=ORIENTED_EDGE('',*,*,#3726,.F.);
#1580=ORIENTED_EDGE('',*,*,#3727,.F.);
#1581=ORIENTED_EDGE('',*,*,#3723,.T.);
#1582=ORIENTED_EDGE('',*,*,#3277,.T.);
#1583=ORIENTED_EDGE('',*,*,#3728,.F.);
#1584=ORIENTED_EDGE('',*,*,#3729,.F.);
#1585=ORIENTED_EDGE('',*,*,#3726,.T.);
#1586=ORIENTED_EDGE('',*,*,#3276,.T.);
#1587=ORIENTED_EDGE('',*,*,#3730,.F.);
#1588=ORIENTED_EDGE('',*,*,#3731,.F.);
#1589=ORIENTED_EDGE('',*,*,#3728,.T.);
#1590=ORIENTED_EDGE('',*,*,#3275,.T.);
#1591=ORIENTED_EDGE('',*,*,#3732,.F.);
#1592=ORIENTED_EDGE('',*,*,#3733,.F.);
#1593=ORIENTED_EDGE('',*,*,#3730,.T.);
#1594=ORIENTED_EDGE('',*,*,#3734,.T.);
#1595=ORIENTED_EDGE('',*,*,#3425,.T.);
#1596=ORIENTED_EDGE('',*,*,#3274,.T.);
#1597=ORIENTED_EDGE('',*,*,#3725,.F.);
#1598=ORIENTED_EDGE('',*,*,#3735,.F.);
#1599=ORIENTED_EDGE('',*,*,#3732,.T.);
#1600=ORIENTED_EDGE('',*,*,#3736,.F.);
#1601=ORIENTED_EDGE('',*,*,#3724,.T.);
#1602=ORIENTED_EDGE('',*,*,#3727,.T.);
#1603=ORIENTED_EDGE('',*,*,#3729,.T.);
#1604=ORIENTED_EDGE('',*,*,#3731,.T.);
#1605=ORIENTED_EDGE('',*,*,#3733,.T.);
#1606=ORIENTED_EDGE('',*,*,#3735,.T.);
#1607=ORIENTED_EDGE('',*,*,#3384,.T.);
#1608=ORIENTED_EDGE('',*,*,#3737,.F.);
#1609=ORIENTED_EDGE('',*,*,#3738,.F.);
#1610=ORIENTED_EDGE('',*,*,#3739,.T.);
#1611=ORIENTED_EDGE('',*,*,#3383,.T.);
#1612=ORIENTED_EDGE('',*,*,#3740,.F.);
#1613=ORIENTED_EDGE('',*,*,#3741,.F.);
#1614=ORIENTED_EDGE('',*,*,#3737,.T.);
#1615=ORIENTED_EDGE('',*,*,#3388,.T.);
#1616=ORIENTED_EDGE('',*,*,#3742,.F.);
#1617=ORIENTED_EDGE('',*,*,#3743,.F.);
#1618=ORIENTED_EDGE('',*,*,#3740,.T.);
#1619=ORIENTED_EDGE('',*,*,#3387,.T.);
#1620=ORIENTED_EDGE('',*,*,#3744,.F.);
#1621=ORIENTED_EDGE('',*,*,#3745,.F.);
#1622=ORIENTED_EDGE('',*,*,#3742,.T.);
#1623=ORIENTED_EDGE('',*,*,#3386,.T.);
#1624=ORIENTED_EDGE('',*,*,#3746,.F.);
#1625=ORIENTED_EDGE('',*,*,#3747,.F.);
#1626=ORIENTED_EDGE('',*,*,#3744,.T.);
#1627=ORIENTED_EDGE('',*,*,#3400,.T.);
#1628=ORIENTED_EDGE('',*,*,#3423,.T.);
#1629=ORIENTED_EDGE('',*,*,#3385,.T.);
#1630=ORIENTED_EDGE('',*,*,#3739,.F.);
#1631=ORIENTED_EDGE('',*,*,#3748,.F.);
#1632=ORIENTED_EDGE('',*,*,#3746,.T.);
#1633=ORIENTED_EDGE('',*,*,#3749,.F.);
#1634=ORIENTED_EDGE('',*,*,#3738,.T.);
#1635=ORIENTED_EDGE('',*,*,#3741,.T.);
#1636=ORIENTED_EDGE('',*,*,#3743,.T.);
#1637=ORIENTED_EDGE('',*,*,#3745,.T.);
#1638=ORIENTED_EDGE('',*,*,#3747,.T.);
#1639=ORIENTED_EDGE('',*,*,#3748,.T.);
#1640=ORIENTED_EDGE('',*,*,#3267,.T.);
#1641=ORIENTED_EDGE('',*,*,#3750,.F.);
#1642=ORIENTED_EDGE('',*,*,#3403,.F.);
#1643=ORIENTED_EDGE('',*,*,#3751,.F.);
#1644=ORIENTED_EDGE('',*,*,#3752,.T.);
#1645=ORIENTED_EDGE('',*,*,#3266,.T.);
#1646=ORIENTED_EDGE('',*,*,#3753,.F.);
#1647=ORIENTED_EDGE('',*,*,#3406,.F.);
#1648=ORIENTED_EDGE('',*,*,#3404,.F.);
#1649=ORIENTED_EDGE('',*,*,#3750,.T.);
#1650=ORIENTED_EDGE('',*,*,#3271,.T.);
#1651=ORIENTED_EDGE('',*,*,#3754,.F.);
#1652=ORIENTED_EDGE('',*,*,#3409,.F.);
#1653=ORIENTED_EDGE('',*,*,#3407,.F.);
#1654=ORIENTED_EDGE('',*,*,#3753,.T.);
#1655=ORIENTED_EDGE('',*,*,#3270,.T.);
#1656=ORIENTED_EDGE('',*,*,#3755,.F.);
#1657=ORIENTED_EDGE('',*,*,#3412,.F.);
#1658=ORIENTED_EDGE('',*,*,#3410,.F.);
#1659=ORIENTED_EDGE('',*,*,#3754,.T.);
#1660=ORIENTED_EDGE('',*,*,#3269,.T.);
#1661=ORIENTED_EDGE('',*,*,#3756,.F.);
#1662=ORIENTED_EDGE('',*,*,#3415,.F.);
#1663=ORIENTED_EDGE('',*,*,#3413,.F.);
#1664=ORIENTED_EDGE('',*,*,#3755,.T.);
#1665=ORIENTED_EDGE('',*,*,#3757,.T.);
#1666=ORIENTED_EDGE('',*,*,#3421,.T.);
#1667=ORIENTED_EDGE('',*,*,#3268,.T.);
#1668=ORIENTED_EDGE('',*,*,#3752,.F.);
#1669=ORIENTED_EDGE('',*,*,#3758,.F.);
#1670=ORIENTED_EDGE('',*,*,#3416,.F.);
#1671=ORIENTED_EDGE('',*,*,#3756,.T.);
#1672=ORIENTED_EDGE('',*,*,#3759,.F.);
#1673=ORIENTED_EDGE('',*,*,#3758,.T.);
#1674=ORIENTED_EDGE('',*,*,#3751,.T.);
#1675=ORIENTED_EDGE('',*,*,#3260,.F.);
#1676=ORIENTED_EDGE('',*,*,#3760,.F.);
#1677=ORIENTED_EDGE('',*,*,#3761,.T.);
#1678=ORIENTED_EDGE('',*,*,#3762,.T.);
#1679=ORIENTED_EDGE('',*,*,#3265,.F.);
#1680=ORIENTED_EDGE('',*,*,#3763,.F.);
#1681=ORIENTED_EDGE('',*,*,#3764,.T.);
#1682=ORIENTED_EDGE('',*,*,#3760,.T.);
#1683=ORIENTED_EDGE('',*,*,#3264,.F.);
#1684=ORIENTED_EDGE('',*,*,#3765,.F.);
#1685=ORIENTED_EDGE('',*,*,#3766,.T.);
#1686=ORIENTED_EDGE('',*,*,#3763,.T.);
#1687=ORIENTED_EDGE('',*,*,#3263,.F.);
#1688=ORIENTED_EDGE('',*,*,#3767,.F.);
#1689=ORIENTED_EDGE('',*,*,#3768,.T.);
#1690=ORIENTED_EDGE('',*,*,#3765,.T.);
#1691=ORIENTED_EDGE('',*,*,#3262,.F.);
#1692=ORIENTED_EDGE('',*,*,#3769,.F.);
#1693=ORIENTED_EDGE('',*,*,#3770,.T.);
#1694=ORIENTED_EDGE('',*,*,#3767,.T.);
#1695=ORIENTED_EDGE('',*,*,#3261,.F.);
#1696=ORIENTED_EDGE('',*,*,#3762,.F.);
#1697=ORIENTED_EDGE('',*,*,#3771,.T.);
#1698=ORIENTED_EDGE('',*,*,#3769,.T.);
#1699=ORIENTED_EDGE('',*,*,#3417,.T.);
#1700=ORIENTED_EDGE('',*,*,#3419,.T.);
#1701=ORIENTED_EDGE('',*,*,#3772,.F.);
#1702=ORIENTED_EDGE('',*,*,#3761,.F.);
#1703=ORIENTED_EDGE('',*,*,#3764,.F.);
#1704=ORIENTED_EDGE('',*,*,#3766,.F.);
#1705=ORIENTED_EDGE('',*,*,#3768,.F.);
#1706=ORIENTED_EDGE('',*,*,#3770,.F.);
#1707=ORIENTED_EDGE('',*,*,#3771,.F.);
#1708=ORIENTED_EDGE('',*,*,#3773,.T.);
#1709=ORIENTED_EDGE('',*,*,#3418,.F.);
#1710=ORIENTED_EDGE('',*,*,#3774,.F.);
#1711=ORIENTED_EDGE('',*,*,#3772,.T.);
#1712=ORIENTED_EDGE('',*,*,#3773,.F.);
#1713=ORIENTED_EDGE('',*,*,#3774,.T.);
#1714=ORIENTED_EDGE('',*,*,#3775,.T.);
#1715=ORIENTED_EDGE('',*,*,#3757,.F.);
#1716=ORIENTED_EDGE('',*,*,#3776,.F.);
#1717=ORIENTED_EDGE('',*,*,#3402,.T.);
#1718=ORIENTED_EDGE('',*,*,#3405,.T.);
#1719=ORIENTED_EDGE('',*,*,#3408,.T.);
#1720=ORIENTED_EDGE('',*,*,#3411,.T.);
#1721=ORIENTED_EDGE('',*,*,#3414,.T.);
#1722=ORIENTED_EDGE('',*,*,#3759,.T.);
#1723=ORIENTED_EDGE('',*,*,#3775,.F.);
#1724=ORIENTED_EDGE('',*,*,#3776,.T.);
#1725=ORIENTED_EDGE('',*,*,#3777,.T.);
#1726=ORIENTED_EDGE('',*,*,#3401,.F.);
#1727=ORIENTED_EDGE('',*,*,#3778,.F.);
#1728=ORIENTED_EDGE('',*,*,#3749,.T.);
#1729=ORIENTED_EDGE('',*,*,#3777,.F.);
#1730=ORIENTED_EDGE('',*,*,#3778,.T.);
#1731=ORIENTED_EDGE('',*,*,#3779,.T.);
#1732=ORIENTED_EDGE('',*,*,#3734,.F.);
#1733=ORIENTED_EDGE('',*,*,#3780,.F.);
#1734=ORIENTED_EDGE('',*,*,#3736,.T.);
#1735=ORIENTED_EDGE('',*,*,#3779,.F.);
#1736=ORIENTED_EDGE('',*,*,#3780,.T.);
#1737=ORIENTED_EDGE('',*,*,#3781,.F.);
#1738=ORIENTED_EDGE('',*,*,#3722,.T.);
#1739=ORIENTED_EDGE('',*,*,#3781,.T.);
#1740=ORIENTED_EDGE('',*,*,#3782,.F.);
#1741=ORIENTED_EDGE('',*,*,#3696,.T.);
#1742=ORIENTED_EDGE('',*,*,#3782,.T.);
#1743=ORIENTED_EDGE('',*,*,#3783,.F.);
#1744=ORIENTED_EDGE('',*,*,#3659,.T.);
#1745=ORIENTED_EDGE('',*,*,#3783,.T.);
#1746=ORIENTED_EDGE('',*,*,#3784,.F.);
#1747=ORIENTED_EDGE('',*,*,#3643,.T.);
#1748=ORIENTED_EDGE('',*,*,#3784,.T.);
#1749=ORIENTED_EDGE('',*,*,#3785,.T.);
#1750=ORIENTED_EDGE('',*,*,#3786,.T.);
#1751=ORIENTED_EDGE('',*,*,#3787,.T.);
#1752=ORIENTED_EDGE('',*,*,#3788,.T.);
#1753=ORIENTED_EDGE('',*,*,#3789,.T.);
#1754=ORIENTED_EDGE('',*,*,#3790,.T.);
#1755=ORIENTED_EDGE('',*,*,#3791,.T.);
#1756=ORIENTED_EDGE('',*,*,#3792,.T.);
#1757=ORIENTED_EDGE('',*,*,#3793,.T.);
#1758=ORIENTED_EDGE('',*,*,#3794,.T.);
#1759=ORIENTED_EDGE('',*,*,#3795,.T.);
#1760=ORIENTED_EDGE('',*,*,#3796,.T.);
#1761=ORIENTED_EDGE('',*,*,#3797,.T.);
#1762=ORIENTED_EDGE('',*,*,#3798,.T.);
#1763=ORIENTED_EDGE('',*,*,#3799,.T.);
#1764=ORIENTED_EDGE('',*,*,#3800,.T.);
#1765=ORIENTED_EDGE('',*,*,#3801,.T.);
#1766=ORIENTED_EDGE('',*,*,#3802,.T.);
#1767=ORIENTED_EDGE('',*,*,#3803,.T.);
#1768=ORIENTED_EDGE('',*,*,#3804,.T.);
#1769=ORIENTED_EDGE('',*,*,#3805,.T.);
#1770=ORIENTED_EDGE('',*,*,#3806,.T.);
#1771=ORIENTED_EDGE('',*,*,#3807,.T.);
#1772=ORIENTED_EDGE('',*,*,#3808,.T.);
#1773=ORIENTED_EDGE('',*,*,#3809,.T.);
#1774=ORIENTED_EDGE('',*,*,#3810,.T.);
#1775=ORIENTED_EDGE('',*,*,#3811,.T.);
#1776=ORIENTED_EDGE('',*,*,#3812,.T.);
#1777=ORIENTED_EDGE('',*,*,#3813,.T.);
#1778=ORIENTED_EDGE('',*,*,#3814,.T.);
#1779=ORIENTED_EDGE('',*,*,#3815,.T.);
#1780=ORIENTED_EDGE('',*,*,#3816,.T.);
#1781=ORIENTED_EDGE('',*,*,#3817,.T.);
#1782=ORIENTED_EDGE('',*,*,#3390,.T.);
#1783=ORIENTED_EDGE('',*,*,#3818,.F.);
#1784=ORIENTED_EDGE('',*,*,#3156,.F.);
#1785=ORIENTED_EDGE('',*,*,#3819,.T.);
#1786=ORIENTED_EDGE('',*,*,#3389,.T.);
#1787=ORIENTED_EDGE('',*,*,#3820,.F.);
#1788=ORIENTED_EDGE('',*,*,#3157,.F.);
#1789=ORIENTED_EDGE('',*,*,#3818,.T.);
#1790=ORIENTED_EDGE('',*,*,#3392,.T.);
#1791=ORIENTED_EDGE('',*,*,#3821,.F.);
#1792=ORIENTED_EDGE('',*,*,#3158,.F.);
#1793=ORIENTED_EDGE('',*,*,#3820,.T.);
#1794=ORIENTED_EDGE('',*,*,#3391,.T.);
#1795=ORIENTED_EDGE('',*,*,#3819,.F.);
#1796=ORIENTED_EDGE('',*,*,#3159,.F.);
#1797=ORIENTED_EDGE('',*,*,#3821,.T.);
#1798=ORIENTED_EDGE('',*,*,#3822,.F.);
#1799=ORIENTED_EDGE('',*,*,#3823,.T.);
#1800=ORIENTED_EDGE('',*,*,#3824,.T.);
#1801=ORIENTED_EDGE('',*,*,#3394,.T.);
#1802=ORIENTED_EDGE('',*,*,#3825,.F.);
#1803=ORIENTED_EDGE('',*,*,#3826,.T.);
#1804=ORIENTED_EDGE('',*,*,#3822,.T.);
#1805=ORIENTED_EDGE('',*,*,#3393,.F.);
#1806=ORIENTED_EDGE('',*,*,#3827,.F.);
#1807=ORIENTED_EDGE('',*,*,#3828,.T.);
#1808=ORIENTED_EDGE('',*,*,#3825,.T.);
#1809=ORIENTED_EDGE('',*,*,#3399,.F.);
#1810=ORIENTED_EDGE('',*,*,#3829,.F.);
#1811=ORIENTED_EDGE('',*,*,#3830,.T.);
#1812=ORIENTED_EDGE('',*,*,#3827,.T.);
#1813=ORIENTED_EDGE('',*,*,#3398,.F.);
#1814=ORIENTED_EDGE('',*,*,#3831,.F.);
#1815=ORIENTED_EDGE('',*,*,#3832,.T.);
#1816=ORIENTED_EDGE('',*,*,#3829,.T.);
#1817=ORIENTED_EDGE('',*,*,#3397,.T.);
#1818=ORIENTED_EDGE('',*,*,#3833,.F.);
#1819=ORIENTED_EDGE('',*,*,#3834,.T.);
#1820=ORIENTED_EDGE('',*,*,#3831,.T.);
#1821=ORIENTED_EDGE('',*,*,#3396,.T.);
#1822=ORIENTED_EDGE('',*,*,#3824,.F.);
#1823=ORIENTED_EDGE('',*,*,#3835,.T.);
#1824=ORIENTED_EDGE('',*,*,#3833,.T.);
#1825=ORIENTED_EDGE('',*,*,#3395,.T.);
#1826=ORIENTED_EDGE('',*,*,#3836,.F.);
#1827=ORIENTED_EDGE('',*,*,#3837,.F.);
#1828=ORIENTED_EDGE('',*,*,#3838,.T.);
#1829=ORIENTED_EDGE('',*,*,#3839,.T.);
#1830=ORIENTED_EDGE('',*,*,#3840,.T.);
#1831=ORIENTED_EDGE('',*,*,#3841,.T.);
#1832=ORIENTED_EDGE('',*,*,#3842,.T.);
#1833=ORIENTED_EDGE('',*,*,#3843,.T.);
#1834=ORIENTED_EDGE('',*,*,#3844,.T.);
#1835=ORIENTED_EDGE('',*,*,#3845,.T.);
#1836=ORIENTED_EDGE('',*,*,#3846,.T.);
#1837=ORIENTED_EDGE('',*,*,#3847,.T.);
#1838=ORIENTED_EDGE('',*,*,#3848,.T.);
#1839=ORIENTED_EDGE('',*,*,#3849,.F.);
#1840=ORIENTED_EDGE('',*,*,#3850,.T.);
#1841=ORIENTED_EDGE('',*,*,#3851,.F.);
#1842=ORIENTED_EDGE('',*,*,#3225,.F.);
#1843=ORIENTED_EDGE('',*,*,#3852,.F.);
#1844=ORIENTED_EDGE('',*,*,#3853,.T.);
#1845=ORIENTED_EDGE('',*,*,#3854,.T.);
#1846=ORIENTED_EDGE('',*,*,#3236,.T.);
#1847=ORIENTED_EDGE('',*,*,#3855,.F.);
#1848=ORIENTED_EDGE('',*,*,#3856,.F.);
#1849=ORIENTED_EDGE('',*,*,#3852,.T.);
#1850=ORIENTED_EDGE('',*,*,#3235,.T.);
#1851=ORIENTED_EDGE('',*,*,#3857,.F.);
#1852=ORIENTED_EDGE('',*,*,#3858,.F.);
#1853=ORIENTED_EDGE('',*,*,#3855,.T.);
#1854=ORIENTED_EDGE('',*,*,#3234,.T.);
#1855=ORIENTED_EDGE('',*,*,#3859,.F.);
#1856=ORIENTED_EDGE('',*,*,#3860,.F.);
#1857=ORIENTED_EDGE('',*,*,#3857,.T.);
#1858=ORIENTED_EDGE('',*,*,#3233,.F.);
#1859=ORIENTED_EDGE('',*,*,#3861,.F.);
#1860=ORIENTED_EDGE('',*,*,#3862,.T.);
#1861=ORIENTED_EDGE('',*,*,#3859,.T.);
#1862=ORIENTED_EDGE('',*,*,#3232,.F.);
#1863=ORIENTED_EDGE('',*,*,#3863,.F.);
#1864=ORIENTED_EDGE('',*,*,#3864,.T.);
#1865=ORIENTED_EDGE('',*,*,#3861,.T.);
#1866=ORIENTED_EDGE('',*,*,#3231,.T.);
#1867=ORIENTED_EDGE('',*,*,#3865,.F.);
#1868=ORIENTED_EDGE('',*,*,#3866,.F.);
#1869=ORIENTED_EDGE('',*,*,#3863,.T.);
#1870=ORIENTED_EDGE('',*,*,#3230,.T.);
#1871=ORIENTED_EDGE('',*,*,#3867,.F.);
#1872=ORIENTED_EDGE('',*,*,#3868,.F.);
#1873=ORIENTED_EDGE('',*,*,#3865,.T.);
#1874=ORIENTED_EDGE('',*,*,#3229,.T.);
#1875=ORIENTED_EDGE('',*,*,#3869,.F.);
#1876=ORIENTED_EDGE('',*,*,#3870,.F.);
#1877=ORIENTED_EDGE('',*,*,#3867,.T.);
#1878=ORIENTED_EDGE('',*,*,#3228,.F.);
#1879=ORIENTED_EDGE('',*,*,#3871,.F.);
#1880=ORIENTED_EDGE('',*,*,#3872,.T.);
#1881=ORIENTED_EDGE('',*,*,#3869,.T.);
#1882=ORIENTED_EDGE('',*,*,#3227,.F.);
#1883=ORIENTED_EDGE('',*,*,#3873,.F.);
#1884=ORIENTED_EDGE('',*,*,#3874,.T.);
#1885=ORIENTED_EDGE('',*,*,#3871,.T.);
#1886=ORIENTED_EDGE('',*,*,#3226,.T.);
#1887=ORIENTED_EDGE('',*,*,#3854,.F.);
#1888=ORIENTED_EDGE('',*,*,#3875,.F.);
#1889=ORIENTED_EDGE('',*,*,#3873,.T.);
#1890=ORIENTED_EDGE('',*,*,#3876,.T.);
#1891=ORIENTED_EDGE('',*,*,#3877,.T.);
#1892=ORIENTED_EDGE('',*,*,#3878,.T.);
#1893=ORIENTED_EDGE('',*,*,#3879,.F.);
#1894=ORIENTED_EDGE('',*,*,#3853,.F.);
#1895=ORIENTED_EDGE('',*,*,#3856,.T.);
#1896=ORIENTED_EDGE('',*,*,#3858,.T.);
#1897=ORIENTED_EDGE('',*,*,#3860,.T.);
#1898=ORIENTED_EDGE('',*,*,#3862,.F.);
#1899=ORIENTED_EDGE('',*,*,#3864,.F.);
#1900=ORIENTED_EDGE('',*,*,#3866,.T.);
#1901=ORIENTED_EDGE('',*,*,#3868,.T.);
#1902=ORIENTED_EDGE('',*,*,#3870,.T.);
#1903=ORIENTED_EDGE('',*,*,#3872,.F.);
#1904=ORIENTED_EDGE('',*,*,#3874,.F.);
#1905=ORIENTED_EDGE('',*,*,#3875,.T.);
#1906=ORIENTED_EDGE('',*,*,#3880,.T.);
#1907=ORIENTED_EDGE('',*,*,#3881,.T.);
#1908=ORIENTED_EDGE('',*,*,#3882,.F.);
#1909=ORIENTED_EDGE('',*,*,#3883,.F.);
#1910=ORIENTED_EDGE('',*,*,#3882,.T.);
#1911=ORIENTED_EDGE('',*,*,#3884,.T.);
#1912=ORIENTED_EDGE('',*,*,#3885,.F.);
#1913=ORIENTED_EDGE('',*,*,#3886,.F.);
#1914=ORIENTED_EDGE('',*,*,#3885,.T.);
#1915=ORIENTED_EDGE('',*,*,#3887,.T.);
#1916=ORIENTED_EDGE('',*,*,#3888,.T.);
#1917=ORIENTED_EDGE('',*,*,#3889,.T.);
#1918=ORIENTED_EDGE('',*,*,#3890,.F.);
#1919=ORIENTED_EDGE('',*,*,#3891,.T.);
#1920=ORIENTED_EDGE('',*,*,#3892,.T.);
#1921=ORIENTED_EDGE('',*,*,#3893,.T.);
#1922=ORIENTED_EDGE('',*,*,#3894,.T.);
#1923=ORIENTED_EDGE('',*,*,#3895,.T.);
#1924=ORIENTED_EDGE('',*,*,#3896,.T.);
#1925=ORIENTED_EDGE('',*,*,#3880,.F.);
#1926=ORIENTED_EDGE('',*,*,#3897,.F.);
#1927=ORIENTED_EDGE('',*,*,#3898,.T.);
#1928=ORIENTED_EDGE('',*,*,#3056,.F.);
#1929=ORIENTED_EDGE('',*,*,#3899,.T.);
#1930=ORIENTED_EDGE('',*,*,#3900,.T.);
#1931=ORIENTED_EDGE('',*,*,#3901,.T.);
#1932=ORIENTED_EDGE('',*,*,#3060,.F.);
#1933=ORIENTED_EDGE('',*,*,#3902,.T.);
#1934=ORIENTED_EDGE('',*,*,#3903,.T.);
#1935=ORIENTED_EDGE('',*,*,#3904,.T.);
#1936=ORIENTED_EDGE('',*,*,#3905,.T.);
#1937=ORIENTED_EDGE('',*,*,#3906,.T.);
#1938=ORIENTED_EDGE('',*,*,#3106,.F.);
#1939=ORIENTED_EDGE('',*,*,#3068,.F.);
#1940=ORIENTED_EDGE('',*,*,#3907,.T.);
#1941=ORIENTED_EDGE('',*,*,#3908,.T.);
#1942=ORIENTED_EDGE('',*,*,#3909,.T.);
#1943=ORIENTED_EDGE('',*,*,#3050,.F.);
#1944=ORIENTED_EDGE('',*,*,#3078,.F.);
#1945=ORIENTED_EDGE('',*,*,#3910,.F.);
#1946=ORIENTED_EDGE('',*,*,#3911,.T.);
#1947=ORIENTED_EDGE('',*,*,#3912,.T.);
#1948=ORIENTED_EDGE('',*,*,#3094,.F.);
#1949=ORIENTED_EDGE('',*,*,#3913,.T.);
#1950=ORIENTED_EDGE('',*,*,#3914,.T.);
#1951=ORIENTED_EDGE('',*,*,#3915,.T.);
#1952=ORIENTED_EDGE('',*,*,#3084,.F.);
#1953=ORIENTED_EDGE('',*,*,#3097,.F.);
#1954=ORIENTED_EDGE('',*,*,#3916,.T.);
#1955=ORIENTED_EDGE('',*,*,#3917,.T.);
#1956=ORIENTED_EDGE('',*,*,#3918,.T.);
#1957=ORIENTED_EDGE('',*,*,#3101,.F.);
#1958=ORIENTED_EDGE('',*,*,#3919,.T.);
#1959=ORIENTED_EDGE('',*,*,#3920,.T.);
#1960=ORIENTED_EDGE('',*,*,#3921,.T.);
#1961=ORIENTED_EDGE('',*,*,#3105,.F.);
#1962=ORIENTED_EDGE('',*,*,#3922,.T.);
#1963=ORIENTED_EDGE('',*,*,#3923,.T.);
#1964=ORIENTED_EDGE('',*,*,#3924,.T.);
#1965=ORIENTED_EDGE('',*,*,#3088,.F.);
#1966=ORIENTED_EDGE('',*,*,#3111,.F.);
#1967=ORIENTED_EDGE('',*,*,#3925,.T.);
#1968=ORIENTED_EDGE('',*,*,#3926,.T.);
#1969=ORIENTED_EDGE('',*,*,#3927,.T.);
#1970=ORIENTED_EDGE('',*,*,#3115,.F.);
#1971=ORIENTED_EDGE('',*,*,#3928,.T.);
#1972=ORIENTED_EDGE('',*,*,#3929,.T.);
#1973=ORIENTED_EDGE('',*,*,#3930,.T.);
#1974=ORIENTED_EDGE('',*,*,#3075,.F.);
#1975=ORIENTED_EDGE('',*,*,#3931,.T.);
#1976=ORIENTED_EDGE('',*,*,#3932,.T.);
#1977=ORIENTED_EDGE('',*,*,#3933,.T.);
#1978=ORIENTED_EDGE('',*,*,#3069,.F.);
#1979=ORIENTED_EDGE('',*,*,#3934,.T.);
#1980=ORIENTED_EDGE('',*,*,#3935,.T.);
#1981=ORIENTED_EDGE('',*,*,#3936,.F.);
#1982=ORIENTED_EDGE('',*,*,#3083,.F.);
#1983=ORIENTED_EDGE('',*,*,#3937,.T.);
#1984=ORIENTED_EDGE('',*,*,#3938,.T.);
#1985=ORIENTED_EDGE('',*,*,#3939,.T.);
#1986=ORIENTED_EDGE('',*,*,#3940,.T.);
#1987=ORIENTED_EDGE('',*,*,#3062,.F.);
#1988=ORIENTED_EDGE('',*,*,#3890,.T.);
#1989=ORIENTED_EDGE('',*,*,#3941,.T.);
#1990=ORIENTED_EDGE('',*,*,#3897,.T.);
#1991=ORIENTED_EDGE('',*,*,#3883,.T.);
#1992=ORIENTED_EDGE('',*,*,#3886,.T.);
#1993=ORIENTED_EDGE('',*,*,#3942,.F.);
#1994=ORIENTED_EDGE('',*,*,#3073,.T.);
#1995=ORIENTED_EDGE('',*,*,#3943,.F.);
#1996=ORIENTED_EDGE('',*,*,#3944,.F.);
#1997=ORIENTED_EDGE('',*,*,#3161,.F.);
#1998=ORIENTED_EDGE('',*,*,#3945,.F.);
#1999=ORIENTED_EDGE('',*,*,#3946,.T.);
#2000=ORIENTED_EDGE('',*,*,#3947,.T.);
#2001=ORIENTED_EDGE('',*,*,#3160,.F.);
#2002=ORIENTED_EDGE('',*,*,#3948,.F.);
#2003=ORIENTED_EDGE('',*,*,#3949,.T.);
#2004=ORIENTED_EDGE('',*,*,#3945,.T.);
#2005=ORIENTED_EDGE('',*,*,#3171,.T.);
#2006=ORIENTED_EDGE('',*,*,#3950,.F.);
#2007=ORIENTED_EDGE('',*,*,#3951,.F.);
#2008=ORIENTED_EDGE('',*,*,#3948,.T.);
#2009=ORIENTED_EDGE('',*,*,#3170,.T.);
#2010=ORIENTED_EDGE('',*,*,#3952,.F.);
#2011=ORIENTED_EDGE('',*,*,#3953,.F.);
#2012=ORIENTED_EDGE('',*,*,#3950,.T.);
#2013=ORIENTED_EDGE('',*,*,#3169,.T.);
#2014=ORIENTED_EDGE('',*,*,#3954,.F.);
#2015=ORIENTED_EDGE('',*,*,#3955,.F.);
#2016=ORIENTED_EDGE('',*,*,#3952,.T.);
#2017=ORIENTED_EDGE('',*,*,#3168,.T.);
#2018=ORIENTED_EDGE('',*,*,#3956,.F.);
#2019=ORIENTED_EDGE('',*,*,#3957,.F.);
#2020=ORIENTED_EDGE('',*,*,#3954,.T.);
#2021=ORIENTED_EDGE('',*,*,#3167,.T.);
#2022=ORIENTED_EDGE('',*,*,#3958,.F.);
#2023=ORIENTED_EDGE('',*,*,#3959,.F.);
#2024=ORIENTED_EDGE('',*,*,#3956,.T.);
#2025=ORIENTED_EDGE('',*,*,#3166,.F.);
#2026=ORIENTED_EDGE('',*,*,#3960,.F.);
#2027=ORIENTED_EDGE('',*,*,#3961,.T.);
#2028=ORIENTED_EDGE('',*,*,#3958,.T.);
#2029=ORIENTED_EDGE('',*,*,#3165,.T.);
#2030=ORIENTED_EDGE('',*,*,#3962,.F.);
#2031=ORIENTED_EDGE('',*,*,#3963,.F.);
#2032=ORIENTED_EDGE('',*,*,#3960,.T.);
#2033=ORIENTED_EDGE('',*,*,#3164,.T.);
#2034=ORIENTED_EDGE('',*,*,#3964,.F.);
#2035=ORIENTED_EDGE('',*,*,#3965,.F.);
#2036=ORIENTED_EDGE('',*,*,#3962,.T.);
#2037=ORIENTED_EDGE('',*,*,#3163,.F.);
#2038=ORIENTED_EDGE('',*,*,#3966,.F.);
#2039=ORIENTED_EDGE('',*,*,#3967,.T.);
#2040=ORIENTED_EDGE('',*,*,#3964,.T.);
#2041=ORIENTED_EDGE('',*,*,#3968,.F.);
#2042=ORIENTED_EDGE('',*,*,#3969,.F.);
#2043=ORIENTED_EDGE('',*,*,#3970,.T.);
#2044=ORIENTED_EDGE('',*,*,#3971,.T.);
#2045=ORIENTED_EDGE('',*,*,#3972,.F.);
#2046=ORIENTED_EDGE('',*,*,#3973,.F.);
#2047=ORIENTED_EDGE('',*,*,#3974,.T.);
#2048=ORIENTED_EDGE('',*,*,#3969,.T.);
#2049=ORIENTED_EDGE('',*,*,#3975,.F.);
#2050=ORIENTED_EDGE('',*,*,#3971,.F.);
#2051=ORIENTED_EDGE('',*,*,#3976,.T.);
#2052=ORIENTED_EDGE('',*,*,#3973,.T.);
#2053=ORIENTED_EDGE('',*,*,#3162,.F.);
#2054=ORIENTED_EDGE('',*,*,#3947,.F.);
#2055=ORIENTED_EDGE('',*,*,#3977,.T.);
#2056=ORIENTED_EDGE('',*,*,#3966,.T.);
#2057=ORIENTED_EDGE('',*,*,#3970,.F.);
#2058=ORIENTED_EDGE('',*,*,#3974,.F.);
#2059=ORIENTED_EDGE('',*,*,#3976,.F.);
#2060=ORIENTED_EDGE('',*,*,#3946,.F.);
#2061=ORIENTED_EDGE('',*,*,#3949,.F.);
#2062=ORIENTED_EDGE('',*,*,#3951,.T.);
#2063=ORIENTED_EDGE('',*,*,#3953,.T.);
#2064=ORIENTED_EDGE('',*,*,#3955,.T.);
#2065=ORIENTED_EDGE('',*,*,#3957,.T.);
#2066=ORIENTED_EDGE('',*,*,#3959,.T.);
#2067=ORIENTED_EDGE('',*,*,#3961,.F.);
#2068=ORIENTED_EDGE('',*,*,#3963,.T.);
#2069=ORIENTED_EDGE('',*,*,#3965,.T.);
#2070=ORIENTED_EDGE('',*,*,#3967,.F.);
#2071=ORIENTED_EDGE('',*,*,#3977,.F.);
#2072=ORIENTED_EDGE('',*,*,#3972,.T.);
#2073=ORIENTED_EDGE('',*,*,#3968,.T.);
#2074=ORIENTED_EDGE('',*,*,#3975,.T.);
#2075=ORIENTED_EDGE('',*,*,#3218,.F.);
#2076=ORIENTED_EDGE('',*,*,#3978,.F.);
#2077=ORIENTED_EDGE('',*,*,#3979,.T.);
#2078=ORIENTED_EDGE('',*,*,#3980,.T.);
#2079=ORIENTED_EDGE('',*,*,#3217,.F.);
#2080=ORIENTED_EDGE('',*,*,#3981,.F.);
#2081=ORIENTED_EDGE('',*,*,#3982,.T.);
#2082=ORIENTED_EDGE('',*,*,#3978,.T.);
#2083=ORIENTED_EDGE('',*,*,#3224,.F.);
#2084=ORIENTED_EDGE('',*,*,#3983,.F.);
#2085=ORIENTED_EDGE('',*,*,#3984,.T.);
#2086=ORIENTED_EDGE('',*,*,#3981,.T.);
#2087=ORIENTED_EDGE('',*,*,#3223,.T.);
#2088=ORIENTED_EDGE('',*,*,#3985,.F.);
#2089=ORIENTED_EDGE('',*,*,#3986,.F.);
#2090=ORIENTED_EDGE('',*,*,#3983,.T.);
#2091=ORIENTED_EDGE('',*,*,#3222,.T.);
#2092=ORIENTED_EDGE('',*,*,#3987,.F.);
#2093=ORIENTED_EDGE('',*,*,#3988,.F.);
#2094=ORIENTED_EDGE('',*,*,#3985,.T.);
#2095=ORIENTED_EDGE('',*,*,#3221,.F.);
#2096=ORIENTED_EDGE('',*,*,#3989,.F.);
#2097=ORIENTED_EDGE('',*,*,#3990,.T.);
#2098=ORIENTED_EDGE('',*,*,#3987,.T.);
#2099=ORIENTED_EDGE('',*,*,#3220,.T.);
#2100=ORIENTED_EDGE('',*,*,#3991,.F.);
#2101=ORIENTED_EDGE('',*,*,#3992,.F.);
#2102=ORIENTED_EDGE('',*,*,#3989,.T.);
#2103=ORIENTED_EDGE('',*,*,#3219,.T.);
#2104=ORIENTED_EDGE('',*,*,#3980,.F.);
#2105=ORIENTED_EDGE('',*,*,#3993,.F.);
#2106=ORIENTED_EDGE('',*,*,#3991,.T.);
#2107=ORIENTED_EDGE('',*,*,#3979,.F.);
#2108=ORIENTED_EDGE('',*,*,#3982,.F.);
#2109=ORIENTED_EDGE('',*,*,#3984,.F.);
#2110=ORIENTED_EDGE('',*,*,#3986,.T.);
#2111=ORIENTED_EDGE('',*,*,#3988,.T.);
#2112=ORIENTED_EDGE('',*,*,#3990,.F.);
#2113=ORIENTED_EDGE('',*,*,#3992,.T.);
#2114=ORIENTED_EDGE('',*,*,#3993,.T.);
#2115=ORIENTED_EDGE('',*,*,#3994,.T.);
#2116=ORIENTED_EDGE('',*,*,#3995,.F.);
#2117=ORIENTED_EDGE('',*,*,#3996,.F.);
#2118=ORIENTED_EDGE('',*,*,#3877,.F.);
#2119=ORIENTED_EDGE('',*,*,#3997,.T.);
#2120=ORIENTED_EDGE('',*,*,#3998,.F.);
#2121=ORIENTED_EDGE('',*,*,#3994,.F.);
#2122=ORIENTED_EDGE('',*,*,#3876,.F.);
#2123=ORIENTED_EDGE('',*,*,#3879,.T.);
#2124=ORIENTED_EDGE('',*,*,#3999,.T.);
#2125=ORIENTED_EDGE('',*,*,#4000,.T.);
#2126=ORIENTED_EDGE('',*,*,#3997,.F.);
#2127=ORIENTED_EDGE('',*,*,#3996,.T.);
#2128=ORIENTED_EDGE('',*,*,#4001,.F.);
#2129=ORIENTED_EDGE('',*,*,#3999,.F.);
#2130=ORIENTED_EDGE('',*,*,#3878,.F.);
#2131=ORIENTED_EDGE('',*,*,#3995,.T.);
#2132=ORIENTED_EDGE('',*,*,#3998,.T.);
#2133=ORIENTED_EDGE('',*,*,#4000,.F.);
#2134=ORIENTED_EDGE('',*,*,#4001,.T.);
#2135=ORIENTED_EDGE('',*,*,#3074,.F.);
#2136=ORIENTED_EDGE('',*,*,#3942,.T.);
#2137=ORIENTED_EDGE('',*,*,#4002,.F.);
#2138=ORIENTED_EDGE('',*,*,#3931,.F.);
#2139=ORIENTED_EDGE('',*,*,#3944,.T.);
#2140=ORIENTED_EDGE('',*,*,#4003,.F.);
#2141=ORIENTED_EDGE('',*,*,#3932,.F.);
#2142=ORIENTED_EDGE('',*,*,#4002,.T.);
#2143=ORIENTED_EDGE('',*,*,#3076,.F.);
#2144=ORIENTED_EDGE('',*,*,#3933,.F.);
#2145=ORIENTED_EDGE('',*,*,#4003,.T.);
#2146=ORIENTED_EDGE('',*,*,#3943,.T.);
#2147=ORIENTED_EDGE('',*,*,#3072,.F.);
#2148=ORIENTED_EDGE('',*,*,#3152,.T.);
#2149=ORIENTED_EDGE('',*,*,#4004,.F.);
#2150=ORIENTED_EDGE('',*,*,#3934,.F.);
#2151=ORIENTED_EDGE('',*,*,#3151,.T.);
#2152=ORIENTED_EDGE('',*,*,#4005,.F.);
#2153=ORIENTED_EDGE('',*,*,#3935,.F.);
#2154=ORIENTED_EDGE('',*,*,#4004,.T.);
#2155=ORIENTED_EDGE('',*,*,#3150,.F.);
#2156=ORIENTED_EDGE('',*,*,#3070,.F.);
#2157=ORIENTED_EDGE('',*,*,#3936,.T.);
#2158=ORIENTED_EDGE('',*,*,#4005,.T.);
#2159=ORIENTED_EDGE('',*,*,#3155,.F.);
#2160=ORIENTED_EDGE('',*,*,#4006,.F.);
#2161=ORIENTED_EDGE('',*,*,#3910,.T.);
#2162=ORIENTED_EDGE('',*,*,#3077,.T.);
#2163=ORIENTED_EDGE('',*,*,#3154,.T.);
#2164=ORIENTED_EDGE('',*,*,#4007,.F.);
#2165=ORIENTED_EDGE('',*,*,#3911,.F.);
#2166=ORIENTED_EDGE('',*,*,#4006,.T.);
#2167=ORIENTED_EDGE('',*,*,#3079,.F.);
#2168=ORIENTED_EDGE('',*,*,#3912,.F.);
#2169=ORIENTED_EDGE('',*,*,#4007,.T.);
#2170=ORIENTED_EDGE('',*,*,#3153,.T.);
#2171=ORIENTED_EDGE('',*,*,#3082,.F.);
#2172=ORIENTED_EDGE('',*,*,#3149,.T.);
#2173=ORIENTED_EDGE('',*,*,#4008,.F.);
#2174=ORIENTED_EDGE('',*,*,#3937,.F.);
#2175=ORIENTED_EDGE('',*,*,#3148,.T.);
#2176=ORIENTED_EDGE('',*,*,#4009,.F.);
#2177=ORIENTED_EDGE('',*,*,#3938,.F.);
#2178=ORIENTED_EDGE('',*,*,#4008,.T.);
#2179=ORIENTED_EDGE('',*,*,#3147,.T.);
#2180=ORIENTED_EDGE('',*,*,#4010,.F.);
#2181=ORIENTED_EDGE('',*,*,#3939,.F.);
#2182=ORIENTED_EDGE('',*,*,#4009,.T.);
#2183=ORIENTED_EDGE('',*,*,#3063,.F.);
#2184=ORIENTED_EDGE('',*,*,#3940,.F.);
#2185=ORIENTED_EDGE('',*,*,#4010,.T.);
#2186=ORIENTED_EDGE('',*,*,#3146,.T.);
#2187=ORIENTED_EDGE('',*,*,#3067,.F.);
#2188=ORIENTED_EDGE('',*,*,#3145,.T.);
#2189=ORIENTED_EDGE('',*,*,#4011,.F.);
#2190=ORIENTED_EDGE('',*,*,#3907,.F.);
#2191=ORIENTED_EDGE('',*,*,#3144,.T.);
#2192=ORIENTED_EDGE('',*,*,#4012,.F.);
#2193=ORIENTED_EDGE('',*,*,#3908,.F.);
#2194=ORIENTED_EDGE('',*,*,#4011,.T.);
#2195=ORIENTED_EDGE('',*,*,#3051,.F.);
#2196=ORIENTED_EDGE('',*,*,#3909,.F.);
#2197=ORIENTED_EDGE('',*,*,#4012,.T.);
#2198=ORIENTED_EDGE('',*,*,#3143,.T.);
#2199=ORIENTED_EDGE('',*,*,#3055,.F.);
#2200=ORIENTED_EDGE('',*,*,#3142,.T.);
#2201=ORIENTED_EDGE('',*,*,#4013,.F.);
#2202=ORIENTED_EDGE('',*,*,#3899,.F.);
#2203=ORIENTED_EDGE('',*,*,#3141,.T.);
#2204=ORIENTED_EDGE('',*,*,#4014,.F.);
#2205=ORIENTED_EDGE('',*,*,#3900,.F.);
#2206=ORIENTED_EDGE('',*,*,#4013,.T.);
#2207=ORIENTED_EDGE('',*,*,#3057,.F.);
#2208=ORIENTED_EDGE('',*,*,#3901,.F.);
#2209=ORIENTED_EDGE('',*,*,#4014,.T.);
#2210=ORIENTED_EDGE('',*,*,#3140,.T.);
#2211=ORIENTED_EDGE('',*,*,#3059,.F.);
#2212=ORIENTED_EDGE('',*,*,#3139,.T.);
#2213=ORIENTED_EDGE('',*,*,#4015,.F.);
#2214=ORIENTED_EDGE('',*,*,#3902,.F.);
#2215=ORIENTED_EDGE('',*,*,#3138,.T.);
#2216=ORIENTED_EDGE('',*,*,#4016,.F.);
#2217=ORIENTED_EDGE('',*,*,#3903,.F.);
#2218=ORIENTED_EDGE('',*,*,#4015,.T.);
#2219=ORIENTED_EDGE('',*,*,#3137,.T.);
#2220=ORIENTED_EDGE('',*,*,#4017,.F.);
#2221=ORIENTED_EDGE('',*,*,#3904,.F.);
#2222=ORIENTED_EDGE('',*,*,#4016,.T.);
#2223=ORIENTED_EDGE('',*,*,#3136,.T.);
#2224=ORIENTED_EDGE('',*,*,#4018,.F.);
#2225=ORIENTED_EDGE('',*,*,#3905,.F.);
#2226=ORIENTED_EDGE('',*,*,#4017,.T.);
#2227=ORIENTED_EDGE('',*,*,#3107,.F.);
#2228=ORIENTED_EDGE('',*,*,#3906,.F.);
#2229=ORIENTED_EDGE('',*,*,#4018,.T.);
#2230=ORIENTED_EDGE('',*,*,#3135,.T.);
#2231=ORIENTED_EDGE('',*,*,#3110,.F.);
#2232=ORIENTED_EDGE('',*,*,#3134,.T.);
#2233=ORIENTED_EDGE('',*,*,#4019,.F.);
#2234=ORIENTED_EDGE('',*,*,#3925,.F.);
#2235=ORIENTED_EDGE('',*,*,#3133,.T.);
#2236=ORIENTED_EDGE('',*,*,#4020,.F.);
#2237=ORIENTED_EDGE('',*,*,#3926,.F.);
#2238=ORIENTED_EDGE('',*,*,#4019,.T.);
#2239=ORIENTED_EDGE('',*,*,#3112,.F.);
#2240=ORIENTED_EDGE('',*,*,#3927,.F.);
#2241=ORIENTED_EDGE('',*,*,#4020,.T.);
#2242=ORIENTED_EDGE('',*,*,#3132,.T.);
#2243=ORIENTED_EDGE('',*,*,#3114,.F.);
#2244=ORIENTED_EDGE('',*,*,#3131,.T.);
#2245=ORIENTED_EDGE('',*,*,#4021,.F.);
#2246=ORIENTED_EDGE('',*,*,#3928,.F.);
#2247=ORIENTED_EDGE('',*,*,#3130,.T.);
#2248=ORIENTED_EDGE('',*,*,#4022,.F.);
#2249=ORIENTED_EDGE('',*,*,#3929,.F.);
#2250=ORIENTED_EDGE('',*,*,#4021,.T.);
#2251=ORIENTED_EDGE('',*,*,#3116,.F.);
#2252=ORIENTED_EDGE('',*,*,#3930,.F.);
#2253=ORIENTED_EDGE('',*,*,#4022,.T.);
#2254=ORIENTED_EDGE('',*,*,#3129,.T.);
#2255=ORIENTED_EDGE('',*,*,#3096,.F.);
#2256=ORIENTED_EDGE('',*,*,#3128,.T.);
#2257=ORIENTED_EDGE('',*,*,#4023,.F.);
#2258=ORIENTED_EDGE('',*,*,#3916,.F.);
#2259=ORIENTED_EDGE('',*,*,#3127,.T.);
#2260=ORIENTED_EDGE('',*,*,#4024,.F.);
#2261=ORIENTED_EDGE('',*,*,#3917,.F.);
#2262=ORIENTED_EDGE('',*,*,#4023,.T.);
#2263=ORIENTED_EDGE('',*,*,#3098,.F.);
#2264=ORIENTED_EDGE('',*,*,#3918,.F.);
#2265=ORIENTED_EDGE('',*,*,#4024,.T.);
#2266=ORIENTED_EDGE('',*,*,#3126,.T.);
#2267=ORIENTED_EDGE('',*,*,#3100,.F.);
#2268=ORIENTED_EDGE('',*,*,#3125,.T.);
#2269=ORIENTED_EDGE('',*,*,#4025,.F.);
#2270=ORIENTED_EDGE('',*,*,#3919,.F.);
#2271=ORIENTED_EDGE('',*,*,#3124,.T.);
#2272=ORIENTED_EDGE('',*,*,#4026,.F.);
#2273=ORIENTED_EDGE('',*,*,#3920,.F.);
#2274=ORIENTED_EDGE('',*,*,#4025,.T.);
#2275=ORIENTED_EDGE('',*,*,#3102,.F.);
#2276=ORIENTED_EDGE('',*,*,#3921,.F.);
#2277=ORIENTED_EDGE('',*,*,#4026,.T.);
#2278=ORIENTED_EDGE('',*,*,#3123,.T.);
#2279=ORIENTED_EDGE('',*,*,#3104,.F.);
#2280=ORIENTED_EDGE('',*,*,#3122,.T.);
#2281=ORIENTED_EDGE('',*,*,#4027,.F.);
#2282=ORIENTED_EDGE('',*,*,#3922,.F.);
#2283=ORIENTED_EDGE('',*,*,#3121,.T.);
#2284=ORIENTED_EDGE('',*,*,#4028,.F.);
#2285=ORIENTED_EDGE('',*,*,#3923,.F.);
#2286=ORIENTED_EDGE('',*,*,#4027,.T.);
#2287=ORIENTED_EDGE('',*,*,#3089,.F.);
#2288=ORIENTED_EDGE('',*,*,#3924,.F.);
#2289=ORIENTED_EDGE('',*,*,#4028,.T.);
#2290=ORIENTED_EDGE('',*,*,#3120,.T.);
#2291=ORIENTED_EDGE('',*,*,#3093,.F.);
#2292=ORIENTED_EDGE('',*,*,#3119,.T.);
#2293=ORIENTED_EDGE('',*,*,#4029,.F.);
#2294=ORIENTED_EDGE('',*,*,#3913,.F.);
#2295=ORIENTED_EDGE('',*,*,#3118,.T.);
#2296=ORIENTED_EDGE('',*,*,#4030,.F.);
#2297=ORIENTED_EDGE('',*,*,#3914,.F.);
#2298=ORIENTED_EDGE('',*,*,#4029,.T.);
#2299=ORIENTED_EDGE('',*,*,#3085,.F.);
#2300=ORIENTED_EDGE('',*,*,#3915,.F.);
#2301=ORIENTED_EDGE('',*,*,#4030,.T.);
#2302=ORIENTED_EDGE('',*,*,#3117,.T.);
#2303=ORIENTED_EDGE('',*,*,#3941,.F.);
#2304=ORIENTED_EDGE('',*,*,#3889,.F.);
#2305=ORIENTED_EDGE('',*,*,#4031,.F.);
#2306=ORIENTED_EDGE('',*,*,#3893,.F.);
#2307=ORIENTED_EDGE('',*,*,#4032,.F.);
#2308=ORIENTED_EDGE('',*,*,#3898,.F.);
#2309=ORIENTED_EDGE('',*,*,#4031,.T.);
#2310=ORIENTED_EDGE('',*,*,#3888,.F.);
#2311=ORIENTED_EDGE('',*,*,#4033,.F.);
#2312=ORIENTED_EDGE('',*,*,#3894,.F.);
#2313=ORIENTED_EDGE('',*,*,#4034,.F.);
#2314=ORIENTED_EDGE('',*,*,#3891,.F.);
#2315=ORIENTED_EDGE('',*,*,#4035,.F.);
#2316=ORIENTED_EDGE('',*,*,#3850,.F.);
#2317=ORIENTED_EDGE('',*,*,#4032,.T.);
#2318=ORIENTED_EDGE('',*,*,#3892,.F.);
#2319=ORIENTED_EDGE('',*,*,#4036,.F.);
#2320=ORIENTED_EDGE('',*,*,#3895,.F.);
#2321=ORIENTED_EDGE('',*,*,#4035,.T.);
#2322=ORIENTED_EDGE('',*,*,#4033,.T.);
#2323=ORIENTED_EDGE('',*,*,#4037,.F.);
#2324=ORIENTED_EDGE('',*,*,#3851,.T.);
#2325=ORIENTED_EDGE('',*,*,#4034,.T.);
#2326=ORIENTED_EDGE('',*,*,#3849,.T.);
#2327=ORIENTED_EDGE('',*,*,#4038,.F.);
#2328=ORIENTED_EDGE('',*,*,#4036,.T.);
#2329=ORIENTED_EDGE('',*,*,#4037,.T.);
#2330=ORIENTED_EDGE('',*,*,#3887,.F.);
#2331=ORIENTED_EDGE('',*,*,#4039,.F.);
#2332=ORIENTED_EDGE('',*,*,#3845,.F.);
#2333=ORIENTED_EDGE('',*,*,#4038,.T.);
#2334=ORIENTED_EDGE('',*,*,#3848,.F.);
#2335=ORIENTED_EDGE('',*,*,#4040,.F.);
#2336=ORIENTED_EDGE('',*,*,#3896,.F.);
#2337=ORIENTED_EDGE('',*,*,#4039,.T.);
#2338=ORIENTED_EDGE('',*,*,#3884,.F.);
#2339=ORIENTED_EDGE('',*,*,#4041,.F.);
#2340=ORIENTED_EDGE('',*,*,#3846,.F.);
#2341=ORIENTED_EDGE('',*,*,#4040,.T.);
#2342=ORIENTED_EDGE('',*,*,#3847,.F.);
#2343=ORIENTED_EDGE('',*,*,#4041,.T.);
#2344=ORIENTED_EDGE('',*,*,#3881,.F.);
#2345=ORIENTED_EDGE('',*,*,#4042,.F.);
#2346=ORIENTED_EDGE('',*,*,#3832,.F.);
#2347=ORIENTED_EDGE('',*,*,#4043,.F.);
#2348=ORIENTED_EDGE('',*,*,#3840,.F.);
#2349=ORIENTED_EDGE('',*,*,#4043,.T.);
#2350=ORIENTED_EDGE('',*,*,#3834,.F.);
#2351=ORIENTED_EDGE('',*,*,#4044,.F.);
#2352=ORIENTED_EDGE('',*,*,#3841,.F.);
#2353=ORIENTED_EDGE('',*,*,#4042,.T.);
#2354=ORIENTED_EDGE('',*,*,#3839,.F.);
#2355=ORIENTED_EDGE('',*,*,#4045,.F.);
#2356=ORIENTED_EDGE('',*,*,#3830,.F.);
#2357=ORIENTED_EDGE('',*,*,#4044,.T.);
#2358=ORIENTED_EDGE('',*,*,#3835,.F.);
#2359=ORIENTED_EDGE('',*,*,#4046,.F.);
#2360=ORIENTED_EDGE('',*,*,#3842,.F.);
#2361=ORIENTED_EDGE('',*,*,#4045,.T.);
#2362=ORIENTED_EDGE('',*,*,#3838,.F.);
#2363=ORIENTED_EDGE('',*,*,#4047,.F.);
#2364=ORIENTED_EDGE('',*,*,#3828,.F.);
#2365=ORIENTED_EDGE('',*,*,#4046,.T.);
#2366=ORIENTED_EDGE('',*,*,#3823,.F.);
#2367=ORIENTED_EDGE('',*,*,#4048,.F.);
#2368=ORIENTED_EDGE('',*,*,#3843,.F.);
#2369=ORIENTED_EDGE('',*,*,#4047,.T.);
#2370=ORIENTED_EDGE('',*,*,#3844,.F.);
#2371=ORIENTED_EDGE('',*,*,#4048,.T.);
#2372=ORIENTED_EDGE('',*,*,#3826,.F.);
#2373=ORIENTED_EDGE('',*,*,#4049,.F.);
#2374=ORIENTED_EDGE('',*,*,#4050,.T.);
#2375=ORIENTED_EDGE('',*,*,#4051,.T.);
#2376=ORIENTED_EDGE('',*,*,#4052,.F.);
#2377=ORIENTED_EDGE('',*,*,#4053,.F.);
#2378=ORIENTED_EDGE('',*,*,#4054,.F.);
#2379=ORIENTED_EDGE('',*,*,#4055,.F.);
#2380=ORIENTED_EDGE('',*,*,#4056,.F.);
#2381=ORIENTED_EDGE('',*,*,#4057,.F.);
#2382=ORIENTED_EDGE('',*,*,#4058,.T.);
#2383=ORIENTED_EDGE('',*,*,#4059,.F.);
#2384=ORIENTED_EDGE('',*,*,#4060,.F.);
#2385=ORIENTED_EDGE('',*,*,#4061,.F.);
#2386=ORIENTED_EDGE('',*,*,#4062,.F.);
#2387=ORIENTED_EDGE('',*,*,#4063,.T.);
#2388=ORIENTED_EDGE('',*,*,#4064,.F.);
#2389=ORIENTED_EDGE('',*,*,#4065,.T.);
#2390=ORIENTED_EDGE('',*,*,#4066,.T.);
#2391=ORIENTED_EDGE('',*,*,#4067,.F.);
#2392=ORIENTED_EDGE('',*,*,#4068,.F.);
#2393=ORIENTED_EDGE('',*,*,#4069,.F.);
#2394=ORIENTED_EDGE('',*,*,#4070,.F.);
#2395=ORIENTED_EDGE('',*,*,#4071,.F.);
#2396=ORIENTED_EDGE('',*,*,#4072,.F.);
#2397=ORIENTED_EDGE('',*,*,#4073,.T.);
#2398=ORIENTED_EDGE('',*,*,#4074,.F.);
#2399=ORIENTED_EDGE('',*,*,#4075,.T.);
#2400=ORIENTED_EDGE('',*,*,#4076,.T.);
#2401=ORIENTED_EDGE('',*,*,#4077,.F.);
#2402=ORIENTED_EDGE('',*,*,#4078,.F.);
#2403=ORIENTED_EDGE('',*,*,#4079,.F.);
#2404=ORIENTED_EDGE('',*,*,#4080,.F.);
#2405=ORIENTED_EDGE('',*,*,#4081,.F.);
#2406=ORIENTED_EDGE('',*,*,#4082,.F.);
#2407=ORIENTED_EDGE('',*,*,#4083,.T.);
#2408=ORIENTED_EDGE('',*,*,#4084,.F.);
#2409=ORIENTED_EDGE('',*,*,#4085,.T.);
#2410=ORIENTED_EDGE('',*,*,#4086,.T.);
#2411=ORIENTED_EDGE('',*,*,#4087,.F.);
#2412=ORIENTED_EDGE('',*,*,#4088,.F.);
#2413=ORIENTED_EDGE('',*,*,#3837,.T.);
#2414=ORIENTED_EDGE('',*,*,#4089,.F.);
#2415=ORIENTED_EDGE('',*,*,#4090,.F.);
#2416=ORIENTED_EDGE('',*,*,#4091,.T.);
#2417=ORIENTED_EDGE('',*,*,#4092,.F.);
#2418=ORIENTED_EDGE('',*,*,#4066,.F.);
#2419=ORIENTED_EDGE('',*,*,#4093,.T.);
#2420=ORIENTED_EDGE('',*,*,#4062,.T.);
#2421=ORIENTED_EDGE('',*,*,#4094,.F.);
#2422=ORIENTED_EDGE('',*,*,#4076,.F.);
#2423=ORIENTED_EDGE('',*,*,#4095,.T.);
#2424=ORIENTED_EDGE('',*,*,#4072,.T.);
#2425=ORIENTED_EDGE('',*,*,#4096,.F.);
#2426=ORIENTED_EDGE('',*,*,#4097,.F.);
#2427=ORIENTED_EDGE('',*,*,#4098,.T.);
#2428=ORIENTED_EDGE('',*,*,#4082,.T.);
#2429=ORIENTED_EDGE('',*,*,#4099,.F.);
#2430=ORIENTED_EDGE('',*,*,#4051,.F.);
#2431=ORIENTED_EDGE('',*,*,#4100,.T.);
#2432=ORIENTED_EDGE('',*,*,#4097,.T.);
#2433=ORIENTED_EDGE('',*,*,#4101,.F.);
#2434=ORIENTED_EDGE('',*,*,#4102,.F.);
#2435=ORIENTED_EDGE('',*,*,#4103,.T.);
#2436=ORIENTED_EDGE('',*,*,#4057,.T.);
#2437=ORIENTED_EDGE('',*,*,#4104,.F.);
#2438=ORIENTED_EDGE('',*,*,#4086,.F.);
#2439=ORIENTED_EDGE('',*,*,#4105,.T.);
#2440=ORIENTED_EDGE('',*,*,#4102,.T.);
#2441=ORIENTED_EDGE('',*,*,#3836,.T.);
#2442=ORIENTED_EDGE('',*,*,#4091,.F.);
#2443=ORIENTED_EDGE('',*,*,#4106,.F.);
#2444=ORIENTED_EDGE('',*,*,#4089,.T.);
#2445=ORIENTED_EDGE('',*,*,#4107,.F.);
#2446=ORIENTED_EDGE('',*,*,#4070,.T.);
#2447=ORIENTED_EDGE('',*,*,#4108,.F.);
#2448=ORIENTED_EDGE('',*,*,#4078,.T.);
#2449=ORIENTED_EDGE('',*,*,#4108,.T.);
#2450=ORIENTED_EDGE('',*,*,#4069,.T.);
#2451=ORIENTED_EDGE('',*,*,#4109,.F.);
#2452=ORIENTED_EDGE('',*,*,#4074,.T.);
#2453=ORIENTED_EDGE('',*,*,#4107,.T.);
#2454=ORIENTED_EDGE('',*,*,#4077,.T.);
#2455=ORIENTED_EDGE('',*,*,#4094,.T.);
#2456=ORIENTED_EDGE('',*,*,#4071,.T.);
#2457=ORIENTED_EDGE('',*,*,#4110,.F.);
#2458=ORIENTED_EDGE('',*,*,#4080,.T.);
#2459=ORIENTED_EDGE('',*,*,#4111,.F.);
#2460=ORIENTED_EDGE('',*,*,#4112,.T.);
#2461=ORIENTED_EDGE('',*,*,#4113,.F.);
#2462=ORIENTED_EDGE('',*,*,#4053,.T.);
#2463=ORIENTED_EDGE('',*,*,#4114,.F.);
#2464=ORIENTED_EDGE('',*,*,#4112,.F.);
#2465=ORIENTED_EDGE('',*,*,#4115,.F.);
#2466=ORIENTED_EDGE('',*,*,#4049,.T.);
#2467=ORIENTED_EDGE('',*,*,#4113,.T.);
#2468=ORIENTED_EDGE('',*,*,#4116,.F.);
#2469=ORIENTED_EDGE('',*,*,#4111,.T.);
#2470=ORIENTED_EDGE('',*,*,#4079,.T.);
#2471=ORIENTED_EDGE('',*,*,#4117,.F.);
#2472=ORIENTED_EDGE('',*,*,#4116,.T.);
#2473=ORIENTED_EDGE('',*,*,#4110,.T.);
#2474=ORIENTED_EDGE('',*,*,#4096,.T.);
#2475=ORIENTED_EDGE('',*,*,#4081,.T.);
#2476=ORIENTED_EDGE('',*,*,#4114,.T.);
#2477=ORIENTED_EDGE('',*,*,#4052,.T.);
#2478=ORIENTED_EDGE('',*,*,#4099,.T.);
#2479=ORIENTED_EDGE('',*,*,#4118,.F.);
#2480=ORIENTED_EDGE('',*,*,#4075,.F.);
#2481=ORIENTED_EDGE('',*,*,#4109,.T.);
#2482=ORIENTED_EDGE('',*,*,#4073,.F.);
#2483=ORIENTED_EDGE('',*,*,#4095,.F.);
#2484=ORIENTED_EDGE('',*,*,#4065,.F.);
#2485=ORIENTED_EDGE('',*,*,#4119,.T.);
#2486=ORIENTED_EDGE('',*,*,#4063,.F.);
#2487=ORIENTED_EDGE('',*,*,#4093,.F.);
#2488=ORIENTED_EDGE('',*,*,#4085,.F.);
#2489=ORIENTED_EDGE('',*,*,#4120,.T.);
#2490=ORIENTED_EDGE('',*,*,#4121,.T.);
#2491=ORIENTED_EDGE('',*,*,#4058,.F.);
#2492=ORIENTED_EDGE('',*,*,#4103,.F.);
#2493=ORIENTED_EDGE('',*,*,#4105,.F.);
#2494=ORIENTED_EDGE('',*,*,#4117,.T.);
#2495=ORIENTED_EDGE('',*,*,#4083,.F.);
#2496=ORIENTED_EDGE('',*,*,#4098,.F.);
#2497=ORIENTED_EDGE('',*,*,#4100,.F.);
#2498=ORIENTED_EDGE('',*,*,#4050,.F.);
#2499=ORIENTED_EDGE('',*,*,#4115,.T.);
#2500=ORIENTED_EDGE('',*,*,#4090,.T.);
#2501=ORIENTED_EDGE('',*,*,#4106,.T.);
#2502=ORIENTED_EDGE('',*,*,#4122,.F.);
#2503=ORIENTED_EDGE('',*,*,#4060,.T.);
#2504=ORIENTED_EDGE('',*,*,#4123,.F.);
#2505=ORIENTED_EDGE('',*,*,#4068,.T.);
#2506=ORIENTED_EDGE('',*,*,#4123,.T.);
#2507=ORIENTED_EDGE('',*,*,#4059,.T.);
#2508=ORIENTED_EDGE('',*,*,#4119,.F.);
#2509=ORIENTED_EDGE('',*,*,#4064,.T.);
#2510=ORIENTED_EDGE('',*,*,#4092,.T.);
#2511=ORIENTED_EDGE('',*,*,#4061,.T.);
#2512=ORIENTED_EDGE('',*,*,#4122,.T.);
#2513=ORIENTED_EDGE('',*,*,#4067,.T.);
#2514=ORIENTED_EDGE('',*,*,#4124,.F.);
#2515=ORIENTED_EDGE('',*,*,#4088,.T.);
#2516=ORIENTED_EDGE('',*,*,#4125,.F.);
#2517=ORIENTED_EDGE('',*,*,#4126,.T.);
#2518=ORIENTED_EDGE('',*,*,#4127,.F.);
#2519=ORIENTED_EDGE('',*,*,#4055,.T.);
#2520=ORIENTED_EDGE('',*,*,#4128,.F.);
#2521=ORIENTED_EDGE('',*,*,#4126,.F.);
#2522=ORIENTED_EDGE('',*,*,#4128,.T.);
#2523=ORIENTED_EDGE('',*,*,#4054,.T.);
#2524=ORIENTED_EDGE('',*,*,#4121,.F.);
#2525=ORIENTED_EDGE('',*,*,#4129,.T.);
#2526=ORIENTED_EDGE('',*,*,#4120,.F.);
#2527=ORIENTED_EDGE('',*,*,#4084,.T.);
#2528=ORIENTED_EDGE('',*,*,#4124,.T.);
#2529=ORIENTED_EDGE('',*,*,#4129,.F.);
#2530=ORIENTED_EDGE('',*,*,#4127,.T.);
#2531=ORIENTED_EDGE('',*,*,#4101,.T.);
#2532=ORIENTED_EDGE('',*,*,#4056,.T.);
#2533=ORIENTED_EDGE('',*,*,#4125,.T.);
#2534=ORIENTED_EDGE('',*,*,#4087,.T.);
#2535=ORIENTED_EDGE('',*,*,#4104,.T.);
#2536=ORIENTED_EDGE('',*,*,#4130,.F.);
#2537=ORIENTED_EDGE('',*,*,#4118,.T.);
#2538=ORIENTED_EDGE('',*,*,#4130,.T.);
#2539=ORIENTED_EDGE('',*,*,#3188,.F.);
#2540=ORIENTED_EDGE('',*,*,#4131,.F.);
#2541=ORIENTED_EDGE('',*,*,#4132,.T.);
#2542=ORIENTED_EDGE('',*,*,#4133,.T.);
#2543=ORIENTED_EDGE('',*,*,#3187,.F.);
#2544=ORIENTED_EDGE('',*,*,#4134,.F.);
#2545=ORIENTED_EDGE('',*,*,#4135,.T.);
#2546=ORIENTED_EDGE('',*,*,#4131,.T.);
#2547=ORIENTED_EDGE('',*,*,#3186,.F.);
#2548=ORIENTED_EDGE('',*,*,#4136,.F.);
#2549=ORIENTED_EDGE('',*,*,#4137,.T.);
#2550=ORIENTED_EDGE('',*,*,#4134,.T.);
#2551=ORIENTED_EDGE('',*,*,#3185,.T.);
#2552=ORIENTED_EDGE('',*,*,#4138,.F.);
#2553=ORIENTED_EDGE('',*,*,#4139,.F.);
#2554=ORIENTED_EDGE('',*,*,#4136,.T.);
#2555=ORIENTED_EDGE('',*,*,#3184,.T.);
#2556=ORIENTED_EDGE('',*,*,#4140,.F.);
#2557=ORIENTED_EDGE('',*,*,#4141,.F.);
#2558=ORIENTED_EDGE('',*,*,#4138,.T.);
#2559=ORIENTED_EDGE('',*,*,#3183,.T.);
#2560=ORIENTED_EDGE('',*,*,#4142,.F.);
#2561=ORIENTED_EDGE('',*,*,#4143,.F.);
#2562=ORIENTED_EDGE('',*,*,#4140,.T.);
#2563=ORIENTED_EDGE('',*,*,#3182,.T.);
#2564=ORIENTED_EDGE('',*,*,#4144,.F.);
#2565=ORIENTED_EDGE('',*,*,#4145,.F.);
#2566=ORIENTED_EDGE('',*,*,#4142,.T.);
#2567=ORIENTED_EDGE('',*,*,#3181,.T.);
#2568=ORIENTED_EDGE('',*,*,#4146,.F.);
#2569=ORIENTED_EDGE('',*,*,#4147,.F.);
#2570=ORIENTED_EDGE('',*,*,#4144,.T.);
#2571=ORIENTED_EDGE('',*,*,#3180,.T.);
#2572=ORIENTED_EDGE('',*,*,#4148,.F.);
#2573=ORIENTED_EDGE('',*,*,#4149,.F.);
#2574=ORIENTED_EDGE('',*,*,#4146,.T.);
#2575=ORIENTED_EDGE('',*,*,#3179,.T.);
#2576=ORIENTED_EDGE('',*,*,#4150,.F.);
#2577=ORIENTED_EDGE('',*,*,#4151,.F.);
#2578=ORIENTED_EDGE('',*,*,#4148,.T.);
#2579=ORIENTED_EDGE('',*,*,#3178,.T.);
#2580=ORIENTED_EDGE('',*,*,#4152,.F.);
#2581=ORIENTED_EDGE('',*,*,#4153,.F.);
#2582=ORIENTED_EDGE('',*,*,#4150,.T.);
#2583=ORIENTED_EDGE('',*,*,#3177,.F.);
#2584=ORIENTED_EDGE('',*,*,#4154,.F.);
#2585=ORIENTED_EDGE('',*,*,#4155,.T.);
#2586=ORIENTED_EDGE('',*,*,#4152,.T.);
#2587=ORIENTED_EDGE('',*,*,#3176,.F.);
#2588=ORIENTED_EDGE('',*,*,#4156,.T.);
#2589=ORIENTED_EDGE('',*,*,#4157,.F.);
#2590=ORIENTED_EDGE('',*,*,#4158,.T.);
#2591=ORIENTED_EDGE('',*,*,#4154,.T.);
#2592=ORIENTED_EDGE('',*,*,#3210,.F.);
#2593=ORIENTED_EDGE('',*,*,#4159,.F.);
#2594=ORIENTED_EDGE('',*,*,#4160,.T.);
#2595=ORIENTED_EDGE('',*,*,#4157,.T.);
#2596=ORIENTED_EDGE('',*,*,#4161,.T.);
#2597=ORIENTED_EDGE('',*,*,#3209,.T.);
#2598=ORIENTED_EDGE('',*,*,#4162,.F.);
#2599=ORIENTED_EDGE('',*,*,#4163,.F.);
#2600=ORIENTED_EDGE('',*,*,#4159,.T.);
#2601=ORIENTED_EDGE('',*,*,#3208,.T.);
#2602=ORIENTED_EDGE('',*,*,#4164,.F.);
#2603=ORIENTED_EDGE('',*,*,#4165,.F.);
#2604=ORIENTED_EDGE('',*,*,#4162,.T.);
#2605=ORIENTED_EDGE('',*,*,#3207,.T.);
#2606=ORIENTED_EDGE('',*,*,#4166,.F.);
#2607=ORIENTED_EDGE('',*,*,#4167,.F.);
#2608=ORIENTED_EDGE('',*,*,#4164,.T.);
#2609=ORIENTED_EDGE('',*,*,#3206,.T.);
#2610=ORIENTED_EDGE('',*,*,#4168,.F.);
#2611=ORIENTED_EDGE('',*,*,#4169,.F.);
#2612=ORIENTED_EDGE('',*,*,#4166,.T.);
#2613=ORIENTED_EDGE('',*,*,#3205,.T.);
#2614=ORIENTED_EDGE('',*,*,#4170,.F.);
#2615=ORIENTED_EDGE('',*,*,#4171,.F.);
#2616=ORIENTED_EDGE('',*,*,#4168,.T.);
#2617=ORIENTED_EDGE('',*,*,#3204,.T.);
#2618=ORIENTED_EDGE('',*,*,#4172,.F.);
#2619=ORIENTED_EDGE('',*,*,#4173,.F.);
#2620=ORIENTED_EDGE('',*,*,#4170,.T.);
#2621=ORIENTED_EDGE('',*,*,#3203,.T.);
#2622=ORIENTED_EDGE('',*,*,#4174,.F.);
#2623=ORIENTED_EDGE('',*,*,#4175,.F.);
#2624=ORIENTED_EDGE('',*,*,#4172,.T.);
#2625=ORIENTED_EDGE('',*,*,#3202,.T.);
#2626=ORIENTED_EDGE('',*,*,#4176,.F.);
#2627=ORIENTED_EDGE('',*,*,#4177,.F.);
#2628=ORIENTED_EDGE('',*,*,#4174,.T.);
#2629=ORIENTED_EDGE('',*,*,#3201,.T.);
#2630=ORIENTED_EDGE('',*,*,#4178,.F.);
#2631=ORIENTED_EDGE('',*,*,#4179,.F.);
#2632=ORIENTED_EDGE('',*,*,#4176,.T.);
#2633=ORIENTED_EDGE('',*,*,#3200,.T.);
#2634=ORIENTED_EDGE('',*,*,#4180,.F.);
#2635=ORIENTED_EDGE('',*,*,#4181,.F.);
#2636=ORIENTED_EDGE('',*,*,#4178,.T.);
#2637=ORIENTED_EDGE('',*,*,#3199,.T.);
#2638=ORIENTED_EDGE('',*,*,#4182,.F.);
#2639=ORIENTED_EDGE('',*,*,#4183,.F.);
#2640=ORIENTED_EDGE('',*,*,#4180,.T.);
#2641=ORIENTED_EDGE('',*,*,#3198,.T.);
#2642=ORIENTED_EDGE('',*,*,#4184,.F.);
#2643=ORIENTED_EDGE('',*,*,#4185,.F.);
#2644=ORIENTED_EDGE('',*,*,#4182,.T.);
#2645=ORIENTED_EDGE('',*,*,#3197,.T.);
#2646=ORIENTED_EDGE('',*,*,#4186,.F.);
#2647=ORIENTED_EDGE('',*,*,#4187,.F.);
#2648=ORIENTED_EDGE('',*,*,#4184,.T.);
#2649=ORIENTED_EDGE('',*,*,#3196,.T.);
#2650=ORIENTED_EDGE('',*,*,#4188,.F.);
#2651=ORIENTED_EDGE('',*,*,#4189,.F.);
#2652=ORIENTED_EDGE('',*,*,#4186,.T.);
#2653=ORIENTED_EDGE('',*,*,#3195,.T.);
#2654=ORIENTED_EDGE('',*,*,#4190,.F.);
#2655=ORIENTED_EDGE('',*,*,#4191,.F.);
#2656=ORIENTED_EDGE('',*,*,#4188,.T.);
#2657=ORIENTED_EDGE('',*,*,#3194,.T.);
#2658=ORIENTED_EDGE('',*,*,#4192,.F.);
#2659=ORIENTED_EDGE('',*,*,#4193,.F.);
#2660=ORIENTED_EDGE('',*,*,#4190,.T.);
#2661=ORIENTED_EDGE('',*,*,#3193,.T.);
#2662=ORIENTED_EDGE('',*,*,#4194,.F.);
#2663=ORIENTED_EDGE('',*,*,#4195,.F.);
#2664=ORIENTED_EDGE('',*,*,#4192,.T.);
#2665=ORIENTED_EDGE('',*,*,#3192,.T.);
#2666=ORIENTED_EDGE('',*,*,#4196,.F.);
#2667=ORIENTED_EDGE('',*,*,#4197,.F.);
#2668=ORIENTED_EDGE('',*,*,#4194,.T.);
#2669=ORIENTED_EDGE('',*,*,#3191,.T.);
#2670=ORIENTED_EDGE('',*,*,#4198,.F.);
#2671=ORIENTED_EDGE('',*,*,#4199,.F.);
#2672=ORIENTED_EDGE('',*,*,#4196,.T.);
#2673=ORIENTED_EDGE('',*,*,#3190,.T.);
#2674=ORIENTED_EDGE('',*,*,#4200,.F.);
#2675=ORIENTED_EDGE('',*,*,#4201,.F.);
#2676=ORIENTED_EDGE('',*,*,#4198,.T.);
#2677=ORIENTED_EDGE('',*,*,#3189,.T.);
#2678=ORIENTED_EDGE('',*,*,#4133,.F.);
#2679=ORIENTED_EDGE('',*,*,#4202,.F.);
#2680=ORIENTED_EDGE('',*,*,#4200,.T.);
#2681=ORIENTED_EDGE('',*,*,#4132,.F.);
#2682=ORIENTED_EDGE('',*,*,#4135,.F.);
#2683=ORIENTED_EDGE('',*,*,#4137,.F.);
#2684=ORIENTED_EDGE('',*,*,#4139,.T.);
#2685=ORIENTED_EDGE('',*,*,#4141,.T.);
#2686=ORIENTED_EDGE('',*,*,#4143,.T.);
#2687=ORIENTED_EDGE('',*,*,#4145,.T.);
#2688=ORIENTED_EDGE('',*,*,#4147,.T.);
#2689=ORIENTED_EDGE('',*,*,#4149,.T.);
#2690=ORIENTED_EDGE('',*,*,#4151,.T.);
#2691=ORIENTED_EDGE('',*,*,#4153,.T.);
#2692=ORIENTED_EDGE('',*,*,#4155,.F.);
#2693=ORIENTED_EDGE('',*,*,#4158,.F.);
#2694=ORIENTED_EDGE('',*,*,#4160,.F.);
#2695=ORIENTED_EDGE('',*,*,#4163,.T.);
#2696=ORIENTED_EDGE('',*,*,#4165,.T.);
#2697=ORIENTED_EDGE('',*,*,#4167,.T.);
#2698=ORIENTED_EDGE('',*,*,#4169,.T.);
#2699=ORIENTED_EDGE('',*,*,#4171,.T.);
#2700=ORIENTED_EDGE('',*,*,#4173,.T.);
#2701=ORIENTED_EDGE('',*,*,#4175,.T.);
#2702=ORIENTED_EDGE('',*,*,#4177,.T.);
#2703=ORIENTED_EDGE('',*,*,#4179,.T.);
#2704=ORIENTED_EDGE('',*,*,#4181,.T.);
#2705=ORIENTED_EDGE('',*,*,#4183,.T.);
#2706=ORIENTED_EDGE('',*,*,#4185,.T.);
#2707=ORIENTED_EDGE('',*,*,#4187,.T.);
#2708=ORIENTED_EDGE('',*,*,#4189,.T.);
#2709=ORIENTED_EDGE('',*,*,#4191,.T.);
#2710=ORIENTED_EDGE('',*,*,#4193,.T.);
#2711=ORIENTED_EDGE('',*,*,#4195,.T.);
#2712=ORIENTED_EDGE('',*,*,#4197,.T.);
#2713=ORIENTED_EDGE('',*,*,#4199,.T.);
#2714=ORIENTED_EDGE('',*,*,#4201,.T.);
#2715=ORIENTED_EDGE('',*,*,#4202,.T.);
#2716=ORIENTED_EDGE('',*,*,#4203,.F.);
#2717=ORIENTED_EDGE('',*,*,#3515,.F.);
#2718=ORIENTED_EDGE('',*,*,#4204,.F.);
#2719=ORIENTED_EDGE('',*,*,#3512,.F.);
#2720=ORIENTED_EDGE('',*,*,#3483,.F.);
#2721=ORIENTED_EDGE('',*,*,#3367,.F.);
#2722=ORIENTED_EDGE('',*,*,#4205,.F.);
#2723=ORIENTED_EDGE('',*,*,#4204,.T.);
#2724=ORIENTED_EDGE('',*,*,#3514,.F.);
#2725=ORIENTED_EDGE('',*,*,#3516,.F.);
#2726=ORIENTED_EDGE('',*,*,#4203,.T.);
#2727=ORIENTED_EDGE('',*,*,#4206,.F.);
#2728=ORIENTED_EDGE('',*,*,#3472,.F.);
#2729=ORIENTED_EDGE('',*,*,#3485,.F.);
#2730=ORIENTED_EDGE('',*,*,#3366,.F.);
#2731=ORIENTED_EDGE('',*,*,#3652,.F.);
#2732=ORIENTED_EDGE('',*,*,#4207,.F.);
#2733=ORIENTED_EDGE('',*,*,#3513,.F.);
#2734=ORIENTED_EDGE('',*,*,#4205,.T.);
#2735=ORIENTED_EDGE('',*,*,#4206,.T.);
#2736=ORIENTED_EDGE('',*,*,#3511,.F.);
#2737=ORIENTED_EDGE('',*,*,#4208,.F.);
#2738=ORIENTED_EDGE('',*,*,#3473,.F.);
#2739=ORIENTED_EDGE('',*,*,#4207,.T.);
#2740=ORIENTED_EDGE('',*,*,#3651,.F.);
#2741=ORIENTED_EDGE('',*,*,#4209,.F.);
#2742=ORIENTED_EDGE('',*,*,#3506,.F.);
#2743=ORIENTED_EDGE('',*,*,#3474,.F.);
#2744=ORIENTED_EDGE('',*,*,#4208,.T.);
#2745=ORIENTED_EDGE('',*,*,#4210,.F.);
#2746=ORIENTED_EDGE('',*,*,#3519,.F.);
#2747=ORIENTED_EDGE('',*,*,#3482,.F.);
#2748=ORIENTED_EDGE('',*,*,#3660,.F.);
#2749=ORIENTED_EDGE('',*,*,#3645,.F.);
#2750=ORIENTED_EDGE('',*,*,#4211,.F.);
#2751=ORIENTED_EDGE('',*,*,#3507,.F.);
#2752=ORIENTED_EDGE('',*,*,#4209,.T.);
#2753=ORIENTED_EDGE('',*,*,#3650,.F.);
#2754=ORIENTED_EDGE('',*,*,#4210,.T.);
#2755=ORIENTED_EDGE('',*,*,#3510,.F.);
#2756=ORIENTED_EDGE('',*,*,#4212,.F.);
#2757=ORIENTED_EDGE('',*,*,#3517,.F.);
#2758=ORIENTED_EDGE('',*,*,#3644,.F.);
#2759=ORIENTED_EDGE('',*,*,#4213,.F.);
#2760=ORIENTED_EDGE('',*,*,#3508,.F.);
#2761=ORIENTED_EDGE('',*,*,#4211,.T.);
#2762=ORIENTED_EDGE('',*,*,#3518,.F.);
#2763=ORIENTED_EDGE('',*,*,#4212,.T.);
#2764=ORIENTED_EDGE('',*,*,#4214,.F.);
#2765=ORIENTED_EDGE('',*,*,#3359,.F.);
#2766=ORIENTED_EDGE('',*,*,#3480,.F.);
#2767=ORIENTED_EDGE('',*,*,#3648,.F.);
#2768=ORIENTED_EDGE('',*,*,#3360,.F.);
#2769=ORIENTED_EDGE('',*,*,#4214,.T.);
#2770=ORIENTED_EDGE('',*,*,#3509,.F.);
#2771=ORIENTED_EDGE('',*,*,#4213,.T.);
#2772=ORIENTED_EDGE('',*,*,#4215,.F.);
#2773=ORIENTED_EDGE('',*,*,#3527,.F.);
#2774=ORIENTED_EDGE('',*,*,#4216,.F.);
#2775=ORIENTED_EDGE('',*,*,#3534,.F.);
#2776=ORIENTED_EDGE('',*,*,#3528,.F.);
#2777=ORIENTED_EDGE('',*,*,#4215,.T.);
#2778=ORIENTED_EDGE('',*,*,#4217,.F.);
#2779=ORIENTED_EDGE('',*,*,#3325,.F.);
#2780=ORIENTED_EDGE('',*,*,#3529,.F.);
#2781=ORIENTED_EDGE('',*,*,#3454,.F.);
#2782=ORIENTED_EDGE('',*,*,#4218,.F.);
#2783=ORIENTED_EDGE('',*,*,#4216,.T.);
#2784=ORIENTED_EDGE('',*,*,#4217,.T.);
#2785=ORIENTED_EDGE('',*,*,#3533,.F.);
#2786=ORIENTED_EDGE('',*,*,#4219,.F.);
#2787=ORIENTED_EDGE('',*,*,#3691,.F.);
#2788=ORIENTED_EDGE('',*,*,#3326,.F.);
#2789=ORIENTED_EDGE('',*,*,#4218,.T.);
#2790=ORIENTED_EDGE('',*,*,#3453,.F.);
#2791=ORIENTED_EDGE('',*,*,#4220,.F.);
#2792=ORIENTED_EDGE('',*,*,#3535,.F.);
#2793=ORIENTED_EDGE('',*,*,#4219,.T.);
#2794=ORIENTED_EDGE('',*,*,#3532,.F.);
#2795=ORIENTED_EDGE('',*,*,#4221,.F.);
#2796=ORIENTED_EDGE('',*,*,#3688,.F.);
#2797=ORIENTED_EDGE('',*,*,#3452,.F.);
#2798=ORIENTED_EDGE('',*,*,#3526,.F.);
#2799=ORIENTED_EDGE('',*,*,#4222,.F.);
#2800=ORIENTED_EDGE('',*,*,#4220,.T.);
#2801=ORIENTED_EDGE('',*,*,#4221,.T.);
#2802=ORIENTED_EDGE('',*,*,#3531,.F.);
#2803=ORIENTED_EDGE('',*,*,#4223,.F.);
#2804=ORIENTED_EDGE('',*,*,#3693,.F.);
#2805=ORIENTED_EDGE('',*,*,#3697,.F.);
#2806=ORIENTED_EDGE('',*,*,#3689,.F.);
#2807=ORIENTED_EDGE('',*,*,#4222,.T.);
#2808=ORIENTED_EDGE('',*,*,#3525,.F.);
#2809=ORIENTED_EDGE('',*,*,#4224,.F.);
#2810=ORIENTED_EDGE('',*,*,#3536,.F.);
#2811=ORIENTED_EDGE('',*,*,#4223,.T.);
#2812=ORIENTED_EDGE('',*,*,#3530,.F.);
#2813=ORIENTED_EDGE('',*,*,#4225,.F.);
#2814=ORIENTED_EDGE('',*,*,#3694,.F.);
#2815=ORIENTED_EDGE('',*,*,#3524,.F.);
#2816=ORIENTED_EDGE('',*,*,#3333,.F.);
#2817=ORIENTED_EDGE('',*,*,#4226,.F.);
#2818=ORIENTED_EDGE('',*,*,#4224,.T.);
#2819=ORIENTED_EDGE('',*,*,#4225,.T.);
#2820=ORIENTED_EDGE('',*,*,#3537,.F.);
#2821=ORIENTED_EDGE('',*,*,#4226,.T.);
#2822=ORIENTED_EDGE('',*,*,#3332,.F.);
#2823=ORIENTED_EDGE('',*,*,#3695,.F.);
#2824=ORIENTED_EDGE('',*,*,#4227,.F.);
#2825=ORIENTED_EDGE('',*,*,#3216,.F.);
#2826=ORIENTED_EDGE('',*,*,#4228,.F.);
#2827=ORIENTED_EDGE('',*,*,#3785,.F.);
#2828=ORIENTED_EDGE('',*,*,#4229,.F.);
#2829=ORIENTED_EDGE('',*,*,#4230,.T.);
#2830=ORIENTED_EDGE('',*,*,#3172,.F.);
#2831=ORIENTED_EDGE('',*,*,#4227,.T.);
#2832=ORIENTED_EDGE('',*,*,#4231,.F.);
#2833=ORIENTED_EDGE('',*,*,#4228,.T.);
#2834=ORIENTED_EDGE('',*,*,#4232,.F.);
#2835=ORIENTED_EDGE('',*,*,#3788,.F.);
#2836=ORIENTED_EDGE('',*,*,#4233,.T.);
#2837=ORIENTED_EDGE('',*,*,#3794,.F.);
#2838=ORIENTED_EDGE('',*,*,#4229,.T.);
#2839=ORIENTED_EDGE('',*,*,#3215,.F.);
#2840=ORIENTED_EDGE('',*,*,#4234,.T.);
#2841=ORIENTED_EDGE('',*,*,#3814,.F.);
#2842=ORIENTED_EDGE('',*,*,#4232,.T.);
#2843=ORIENTED_EDGE('',*,*,#4231,.T.);
#2844=ORIENTED_EDGE('',*,*,#3817,.F.);
#2845=ORIENTED_EDGE('',*,*,#4235,.F.);
#2846=ORIENTED_EDGE('',*,*,#3786,.F.);
#2847=ORIENTED_EDGE('',*,*,#4236,.T.);
#2848=ORIENTED_EDGE('',*,*,#4237,.T.);
#2849=ORIENTED_EDGE('',*,*,#3787,.F.);
#2850=ORIENTED_EDGE('',*,*,#4238,.F.);
#2851=ORIENTED_EDGE('',*,*,#3250,.F.);
#2852=ORIENTED_EDGE('',*,*,#3815,.F.);
#2853=ORIENTED_EDGE('',*,*,#4239,.T.);
#2854=ORIENTED_EDGE('',*,*,#3810,.F.);
#2855=ORIENTED_EDGE('',*,*,#4240,.F.);
#2856=ORIENTED_EDGE('',*,*,#4238,.T.);
#2857=ORIENTED_EDGE('',*,*,#4235,.T.);
#2858=ORIENTED_EDGE('',*,*,#4241,.F.);
#2859=ORIENTED_EDGE('',*,*,#3251,.T.);
#2860=ORIENTED_EDGE('',*,*,#4240,.T.);
#2861=ORIENTED_EDGE('',*,*,#4242,.T.);
#2862=ORIENTED_EDGE('',*,*,#3253,.F.);
#2863=ORIENTED_EDGE('',*,*,#4243,.F.);
#2864=ORIENTED_EDGE('',*,*,#4241,.T.);
#2865=ORIENTED_EDGE('',*,*,#3816,.F.);
#2866=ORIENTED_EDGE('',*,*,#4243,.T.);
#2867=ORIENTED_EDGE('',*,*,#3252,.F.);
#2868=ORIENTED_EDGE('',*,*,#4242,.F.);
#2869=ORIENTED_EDGE('',*,*,#3813,.F.);
#2870=ORIENTED_EDGE('',*,*,#4244,.F.);
#2871=ORIENTED_EDGE('',*,*,#3254,.F.);
#2872=ORIENTED_EDGE('',*,*,#3806,.F.);
#2873=ORIENTED_EDGE('',*,*,#4245,.T.);
#2874=ORIENTED_EDGE('',*,*,#4246,.T.);
#2875=ORIENTED_EDGE('',*,*,#3256,.F.);
#2876=ORIENTED_EDGE('',*,*,#4247,.F.);
#2877=ORIENTED_EDGE('',*,*,#3802,.F.);
#2878=ORIENTED_EDGE('',*,*,#4248,.T.);
#2879=ORIENTED_EDGE('',*,*,#3809,.F.);
#2880=ORIENTED_EDGE('',*,*,#4249,.F.);
#2881=ORIENTED_EDGE('',*,*,#3255,.T.);
#2882=ORIENTED_EDGE('',*,*,#4244,.T.);
#2883=ORIENTED_EDGE('',*,*,#4250,.F.);
#2884=ORIENTED_EDGE('',*,*,#4247,.T.);
#2885=ORIENTED_EDGE('',*,*,#3212,.F.);
#2886=ORIENTED_EDGE('',*,*,#4251,.T.);
#2887=ORIENTED_EDGE('',*,*,#4249,.T.);
#2888=ORIENTED_EDGE('',*,*,#4252,.F.);
#2889=ORIENTED_EDGE('',*,*,#4250,.T.);
#2890=ORIENTED_EDGE('',*,*,#3812,.F.);
#2891=ORIENTED_EDGE('',*,*,#4253,.F.);
#2892=ORIENTED_EDGE('',*,*,#3807,.F.);
#2893=ORIENTED_EDGE('',*,*,#4252,.T.);
#2894=ORIENTED_EDGE('',*,*,#3808,.F.);
#2895=ORIENTED_EDGE('',*,*,#4254,.F.);
#2896=ORIENTED_EDGE('',*,*,#3213,.F.);
#2897=ORIENTED_EDGE('',*,*,#4254,.T.);
#2898=ORIENTED_EDGE('',*,*,#4253,.T.);
#2899=ORIENTED_EDGE('',*,*,#4255,.F.);
#2900=ORIENTED_EDGE('',*,*,#4255,.T.);
#2901=ORIENTED_EDGE('',*,*,#3811,.F.);
#2902=ORIENTED_EDGE('',*,*,#4256,.F.);
#2903=ORIENTED_EDGE('',*,*,#3214,.F.);
#2904=ORIENTED_EDGE('',*,*,#4239,.F.);
#2905=ORIENTED_EDGE('',*,*,#4234,.F.);
#2906=ORIENTED_EDGE('',*,*,#4256,.T.);
#2907=ORIENTED_EDGE('',*,*,#3803,.F.);
#2908=ORIENTED_EDGE('',*,*,#4251,.F.);
#2909=ORIENTED_EDGE('',*,*,#4257,.F.);
#2910=ORIENTED_EDGE('',*,*,#4245,.F.);
#2911=ORIENTED_EDGE('',*,*,#4248,.F.);
#2912=ORIENTED_EDGE('',*,*,#4258,.F.);
#2913=ORIENTED_EDGE('',*,*,#4156,.F.);
#2914=ORIENTED_EDGE('',*,*,#3175,.F.);
#2915=ORIENTED_EDGE('',*,*,#4259,.F.);
#2916=ORIENTED_EDGE('',*,*,#3804,.F.);
#2917=ORIENTED_EDGE('',*,*,#4257,.T.);
#2918=ORIENTED_EDGE('',*,*,#3211,.F.);
#2919=ORIENTED_EDGE('',*,*,#4161,.F.);
#2920=ORIENTED_EDGE('',*,*,#4258,.T.);
#2921=ORIENTED_EDGE('',*,*,#3801,.F.);
#2922=ORIENTED_EDGE('',*,*,#4260,.F.);
#2923=ORIENTED_EDGE('',*,*,#4246,.F.);
#2924=ORIENTED_EDGE('',*,*,#4261,.F.);
#2925=ORIENTED_EDGE('',*,*,#4262,.F.);
#2926=ORIENTED_EDGE('',*,*,#4259,.T.);
#2927=ORIENTED_EDGE('',*,*,#4262,.T.);
#2928=ORIENTED_EDGE('',*,*,#3799,.F.);
#2929=ORIENTED_EDGE('',*,*,#4263,.F.);
#2930=ORIENTED_EDGE('',*,*,#3805,.F.);
#2931=ORIENTED_EDGE('',*,*,#4260,.T.);
#2932=ORIENTED_EDGE('',*,*,#3800,.F.);
#2933=ORIENTED_EDGE('',*,*,#4264,.F.);
#2934=ORIENTED_EDGE('',*,*,#3257,.F.);
#2935=ORIENTED_EDGE('',*,*,#3174,.F.);
#2936=ORIENTED_EDGE('',*,*,#4265,.T.);
#2937=ORIENTED_EDGE('',*,*,#3796,.F.);
#2938=ORIENTED_EDGE('',*,*,#4261,.T.);
#2939=ORIENTED_EDGE('',*,*,#4264,.T.);
#2940=ORIENTED_EDGE('',*,*,#4263,.T.);
#2941=ORIENTED_EDGE('',*,*,#4266,.F.);
#2942=ORIENTED_EDGE('',*,*,#3258,.T.);
#2943=ORIENTED_EDGE('',*,*,#3797,.F.);
#2944=ORIENTED_EDGE('',*,*,#4267,.T.);
#2945=ORIENTED_EDGE('',*,*,#3791,.F.);
#2946=ORIENTED_EDGE('',*,*,#4268,.F.);
#2947=ORIENTED_EDGE('',*,*,#4266,.T.);
#2948=ORIENTED_EDGE('',*,*,#3798,.F.);
#2949=ORIENTED_EDGE('',*,*,#4269,.F.);
#2950=ORIENTED_EDGE('',*,*,#3259,.F.);
#2951=ORIENTED_EDGE('',*,*,#4268,.T.);
#2952=ORIENTED_EDGE('',*,*,#4270,.T.);
#2953=ORIENTED_EDGE('',*,*,#3248,.F.);
#2954=ORIENTED_EDGE('',*,*,#4269,.T.);
#2955=ORIENTED_EDGE('',*,*,#4270,.F.);
#2956=ORIENTED_EDGE('',*,*,#3790,.F.);
#2957=ORIENTED_EDGE('',*,*,#4271,.F.);
#2958=ORIENTED_EDGE('',*,*,#4271,.T.);
#2959=ORIENTED_EDGE('',*,*,#3789,.F.);
#2960=ORIENTED_EDGE('',*,*,#4272,.F.);
#2961=ORIENTED_EDGE('',*,*,#3249,.F.);
#2962=ORIENTED_EDGE('',*,*,#4272,.T.);
#2963=ORIENTED_EDGE('',*,*,#3795,.F.);
#2964=ORIENTED_EDGE('',*,*,#4273,.F.);
#2965=ORIENTED_EDGE('',*,*,#4236,.F.);
#2966=ORIENTED_EDGE('',*,*,#4273,.T.);
#2967=ORIENTED_EDGE('',*,*,#4233,.F.);
#2968=ORIENTED_EDGE('',*,*,#4237,.F.);
#2969=ORIENTED_EDGE('',*,*,#4230,.F.);
#2970=ORIENTED_EDGE('',*,*,#3793,.F.);
#2971=ORIENTED_EDGE('',*,*,#4274,.F.);
#2972=ORIENTED_EDGE('',*,*,#4274,.T.);
#2973=ORIENTED_EDGE('',*,*,#3792,.F.);
#2974=ORIENTED_EDGE('',*,*,#4275,.F.);
#2975=ORIENTED_EDGE('',*,*,#3173,.F.);
#2976=ORIENTED_EDGE('',*,*,#4267,.F.);
#2977=ORIENTED_EDGE('',*,*,#4265,.F.);
#2978=ORIENTED_EDGE('',*,*,#4275,.T.);
#2979=ORIENTED_EDGE('',*,*,#3237,.F.);
#2980=ORIENTED_EDGE('',*,*,#4276,.F.);
#2981=ORIENTED_EDGE('',*,*,#4277,.T.);
#2982=ORIENTED_EDGE('',*,*,#4278,.T.);
#2983=ORIENTED_EDGE('',*,*,#3247,.T.);
#2984=ORIENTED_EDGE('',*,*,#4279,.F.);
#2985=ORIENTED_EDGE('',*,*,#4280,.F.);
#2986=ORIENTED_EDGE('',*,*,#4276,.T.);
#2987=ORIENTED_EDGE('',*,*,#3246,.T.);
#2988=ORIENTED_EDGE('',*,*,#4281,.F.);
#2989=ORIENTED_EDGE('',*,*,#4282,.F.);
#2990=ORIENTED_EDGE('',*,*,#4279,.T.);
#2991=ORIENTED_EDGE('',*,*,#3245,.T.);
#2992=ORIENTED_EDGE('',*,*,#4283,.F.);
#2993=ORIENTED_EDGE('',*,*,#4284,.F.);
#2994=ORIENTED_EDGE('',*,*,#4281,.T.);
#2995=ORIENTED_EDGE('',*,*,#3244,.T.);
#2996=ORIENTED_EDGE('',*,*,#4285,.F.);
#2997=ORIENTED_EDGE('',*,*,#4286,.F.);
#2998=ORIENTED_EDGE('',*,*,#4283,.T.);
#2999=ORIENTED_EDGE('',*,*,#3243,.T.);
#3000=ORIENTED_EDGE('',*,*,#4287,.F.);
#3001=ORIENTED_EDGE('',*,*,#4288,.F.);
#3002=ORIENTED_EDGE('',*,*,#4285,.T.);
#3003=ORIENTED_EDGE('',*,*,#3242,.F.);
#3004=ORIENTED_EDGE('',*,*,#4289,.F.);
#3005=ORIENTED_EDGE('',*,*,#4290,.T.);
#3006=ORIENTED_EDGE('',*,*,#4287,.T.);
#3007=ORIENTED_EDGE('',*,*,#3241,.F.);
#3008=ORIENTED_EDGE('',*,*,#4291,.F.);
#3009=ORIENTED_EDGE('',*,*,#4292,.T.);
#3010=ORIENTED_EDGE('',*,*,#4289,.T.);
#3011=ORIENTED_EDGE('',*,*,#3240,.F.);
#3012=ORIENTED_EDGE('',*,*,#4293,.F.);
#3013=ORIENTED_EDGE('',*,*,#4294,.T.);
#3014=ORIENTED_EDGE('',*,*,#4291,.T.);
#3015=ORIENTED_EDGE('',*,*,#3239,.F.);
#3016=ORIENTED_EDGE('',*,*,#4295,.F.);
#3017=ORIENTED_EDGE('',*,*,#4296,.T.);
#3018=ORIENTED_EDGE('',*,*,#4293,.T.);
#3019=ORIENTED_EDGE('',*,*,#3238,.F.);
#3020=ORIENTED_EDGE('',*,*,#4278,.F.);
#3021=ORIENTED_EDGE('',*,*,#4297,.T.);
#3022=ORIENTED_EDGE('',*,*,#4295,.T.);
#3023=ORIENTED_EDGE('',*,*,#4277,.F.);
#3024=ORIENTED_EDGE('',*,*,#4280,.T.);
#3025=ORIENTED_EDGE('',*,*,#4282,.T.);
#3026=ORIENTED_EDGE('',*,*,#4284,.T.);
#3027=ORIENTED_EDGE('',*,*,#4286,.T.);
#3028=ORIENTED_EDGE('',*,*,#4288,.T.);
#3029=ORIENTED_EDGE('',*,*,#4290,.F.);
#3030=ORIENTED_EDGE('',*,*,#4292,.F.);
#3031=ORIENTED_EDGE('',*,*,#4294,.F.);
#3032=ORIENTED_EDGE('',*,*,#4296,.F.);
#3033=ORIENTED_EDGE('',*,*,#4297,.F.);
#3034=ORIENTED_EDGE('',*,*,#3443,.T.);
#3035=ORIENTED_EDGE('',*,*,#4298,.F.);
#3036=ORIENTED_EDGE('',*,*,#3502,.F.);
#3037=ORIENTED_EDGE('',*,*,#4298,.T.);
#3038=ORIENTED_EDGE('',*,*,#3442,.T.);
#3039=ORIENTED_EDGE('',*,*,#4299,.F.);
#3040=ORIENTED_EDGE('',*,*,#3501,.F.);
#3041=ORIENTED_EDGE('',*,*,#4299,.T.);
#3042=ORIENTED_EDGE('',*,*,#3441,.T.);
#3043=ORIENTED_EDGE('',*,*,#4300,.F.);
#3044=ORIENTED_EDGE('',*,*,#3500,.F.);
#3045=ORIENTED_EDGE('',*,*,#4300,.T.);
#3046=ORIENTED_EDGE('',*,*,#3440,.T.);
#3047=ORIENTED_EDGE('',*,*,#4301,.F.);
#3048=ORIENTED_EDGE('',*,*,#3499,.F.);
#3049=ORIENTED_EDGE('',*,*,#4301,.T.);
#3050=EDGE_CURVE('',#4302,#4303,#5129,.T.);
#3051=EDGE_CURVE('',#4303,#4304,#5130,.T.);
#3052=EDGE_CURVE('',#4305,#4304,#5131,.T.);
#3053=EDGE_CURVE('',#4302,#4305,#5132,.T.);
#3054=EDGE_CURVE('',#4306,#4307,#5133,.T.);
#3055=EDGE_CURVE('',#4306,#4308,#5134,.T.);
#3056=EDGE_CURVE('',#4308,#4309,#5135,.T.);
#3057=EDGE_CURVE('',#4309,#4307,#5136,.T.);
#3058=EDGE_CURVE('',#4310,#4311,#5137,.T.);
#3059=EDGE_CURVE('',#4310,#4312,#5138,.T.);
#3060=EDGE_CURVE('',#4312,#4313,#5139,.T.);
#3061=EDGE_CURVE('',#4313,#4311,#5140,.T.);
#3062=EDGE_CURVE('',#4314,#4315,#5141,.T.);
#3063=EDGE_CURVE('',#4315,#4316,#5142,.T.);
#3064=EDGE_CURVE('',#4317,#4316,#5143,.T.);
#3065=EDGE_CURVE('',#4314,#4317,#5144,.T.);
#3066=EDGE_CURVE('',#4318,#4305,#5145,.T.);
#3067=EDGE_CURVE('',#4318,#4319,#5146,.T.);
#3068=EDGE_CURVE('',#4319,#4302,#5147,.T.);
#3069=EDGE_CURVE('',#4320,#4321,#5148,.T.);
#3070=EDGE_CURVE('',#4321,#4322,#5149,.T.);
#3071=EDGE_CURVE('',#4323,#4322,#5150,.T.);
#3072=EDGE_CURVE('',#4323,#4320,#5151,.T.);
#3073=EDGE_CURVE('',#4324,#4325,#5152,.T.);
#3074=EDGE_CURVE('',#4324,#4326,#5153,.T.);
#3075=EDGE_CURVE('',#4326,#4327,#5154,.T.);
#3076=EDGE_CURVE('',#4327,#4325,#5155,.T.);
#3077=EDGE_CURVE('',#4328,#4329,#5156,.T.);
#3078=EDGE_CURVE('',#4328,#4330,#5157,.T.);
#3079=EDGE_CURVE('',#4330,#4331,#5158,.T.);
#3080=EDGE_CURVE('',#4329,#4331,#5159,.T.);
#3081=EDGE_CURVE('',#4332,#4317,#5160,.T.);
#3082=EDGE_CURVE('',#4332,#4333,#5161,.T.);
#3083=EDGE_CURVE('',#4333,#4314,#5162,.T.);
#3084=EDGE_CURVE('',#4334,#4335,#5163,.T.);
#3085=EDGE_CURVE('',#4335,#4336,#5164,.T.);
#3086=EDGE_CURVE('',#4337,#4336,#5165,.T.);
#3087=EDGE_CURVE('',#4334,#4337,#5166,.T.);
#3088=EDGE_CURVE('',#4338,#4339,#5167,.T.);
#3089=EDGE_CURVE('',#4339,#4340,#5168,.T.);
#3090=EDGE_CURVE('',#4341,#4340,#5169,.T.);
#3091=EDGE_CURVE('',#4338,#4341,#5170,.T.);
#3092=EDGE_CURVE('',#4342,#4337,#5171,.T.);
#3093=EDGE_CURVE('',#4342,#4343,#5172,.T.);
#3094=EDGE_CURVE('',#4343,#4334,#5173,.T.);
#3095=EDGE_CURVE('',#4344,#4345,#5174,.T.);
#3096=EDGE_CURVE('',#4344,#4346,#5175,.T.);
#3097=EDGE_CURVE('',#4346,#4347,#5176,.T.);
#3098=EDGE_CURVE('',#4347,#4345,#5177,.T.);
#3099=EDGE_CURVE('',#4348,#4349,#5178,.T.);
#3100=EDGE_CURVE('',#4348,#4350,#5179,.T.);
#3101=EDGE_CURVE('',#4350,#4351,#5180,.T.);
#3102=EDGE_CURVE('',#4351,#4349,#5181,.T.);
#3103=EDGE_CURVE('',#4352,#4341,#5182,.T.);
#3104=EDGE_CURVE('',#4352,#4353,#5183,.T.);
#3105=EDGE_CURVE('',#4353,#4338,#5184,.T.);
#3106=EDGE_CURVE('',#4313,#4354,#5185,.T.);
#3107=EDGE_CURVE('',#4354,#4355,#5186,.T.);
#3108=EDGE_CURVE('',#4311,#4355,#5187,.T.);
#3109=EDGE_CURVE('',#4356,#4357,#5188,.T.);
#3110=EDGE_CURVE('',#4356,#4358,#5189,.T.);
#3111=EDGE_CURVE('',#4358,#4359,#5190,.T.);
#3112=EDGE_CURVE('',#4359,#4357,#5191,.T.);
#3113=EDGE_CURVE('',#4360,#4361,#5192,.T.);
#3114=EDGE_CURVE('',#4360,#4362,#5193,.T.);
#3115=EDGE_CURVE('',#4362,#4363,#5194,.T.);
#3116=EDGE_CURVE('',#4363,#4361,#5195,.T.);
#3117=EDGE_CURVE('',#4364,#4336,#5196,.T.);
#3118=EDGE_CURVE('',#4365,#4364,#300,.T.);
#3119=EDGE_CURVE('',#4342,#4365,#5197,.T.);
#3120=EDGE_CURVE('',#4366,#4340,#5198,.T.);
#3121=EDGE_CURVE('',#4367,#4366,#301,.T.);
#3122=EDGE_CURVE('',#4352,#4367,#5199,.T.);
#3123=EDGE_CURVE('',#4368,#4349,#5200,.T.);
#3124=EDGE_CURVE('',#4369,#4368,#302,.T.);
#3125=EDGE_CURVE('',#4348,#4369,#5201,.T.);
#3126=EDGE_CURVE('',#4370,#4345,#5202,.T.);
#3127=EDGE_CURVE('',#4371,#4370,#303,.T.);
#3128=EDGE_CURVE('',#4344,#4371,#5203,.T.);
#3129=EDGE_CURVE('',#4372,#4361,#5204,.T.);
#3130=EDGE_CURVE('',#4373,#4372,#304,.T.);
#3131=EDGE_CURVE('',#4360,#4373,#5205,.T.);
#3132=EDGE_CURVE('',#4374,#4357,#5206,.T.);
#3133=EDGE_CURVE('',#4375,#4374,#305,.T.);
#3134=EDGE_CURVE('',#4356,#4375,#5207,.T.);
#3135=EDGE_CURVE('',#4376,#4355,#5208,.T.);
#3136=EDGE_CURVE('',#4377,#4376,#5209,.T.);
#3137=EDGE_CURVE('',#4378,#4377,#306,.T.);
#3138=EDGE_CURVE('',#4379,#4378,#5210,.T.);
#3139=EDGE_CURVE('',#4310,#4379,#5211,.T.);
#3140=EDGE_CURVE('',#4380,#4307,#5212,.T.);
#3141=EDGE_CURVE('',#4381,#4380,#307,.T.);
#3142=EDGE_CURVE('',#4306,#4381,#5213,.T.);
#3143=EDGE_CURVE('',#4382,#4304,#5214,.T.);
#3144=EDGE_CURVE('',#4383,#4382,#308,.T.);
#3145=EDGE_CURVE('',#4318,#4383,#5215,.T.);
#3146=EDGE_CURVE('',#4384,#4316,#5216,.T.);
#3147=EDGE_CURVE('',#4385,#4384,#309,.T.);
#3148=EDGE_CURVE('',#4386,#4385,#5217,.T.);
#3149=EDGE_CURVE('',#4332,#4386,#5218,.T.);
#3150=EDGE_CURVE('',#4322,#4387,#5219,.T.);
#3151=EDGE_CURVE('',#4388,#4387,#310,.T.);
#3152=EDGE_CURVE('',#4323,#4388,#5220,.T.);
#3153=EDGE_CURVE('',#4389,#4331,#5221,.T.);
#3154=EDGE_CURVE('',#4390,#4389,#311,.T.);
#3155=EDGE_CURVE('',#4390,#4329,#5222,.T.);
#3156=EDGE_CURVE('',#4391,#4392,#5223,.T.);
#3157=EDGE_CURVE('',#4392,#4393,#5224,.T.);
#3158=EDGE_CURVE('',#4393,#4394,#5225,.T.);
#3159=EDGE_CURVE('',#4394,#4391,#5226,.T.);
#3160=EDGE_CURVE('',#4395,#4396,#5227,.T.);
#3161=EDGE_CURVE('',#4396,#4397,#5228,.T.);
#3162=EDGE_CURVE('',#4397,#4398,#5229,.T.);
#3163=EDGE_CURVE('',#4398,#4399,#5230,.T.);
#3164=EDGE_CURVE('',#4400,#4399,#5231,.T.);
#3165=EDGE_CURVE('',#4401,#4400,#5232,.T.);
#3166=EDGE_CURVE('',#4401,#4402,#5233,.T.);
#3167=EDGE_CURVE('',#4403,#4402,#5234,.T.);
#3168=EDGE_CURVE('',#4404,#4403,#5235,.T.);
#3169=EDGE_CURVE('',#4405,#4404,#5236,.T.);
#3170=EDGE_CURVE('',#4406,#4405,#5237,.T.);
#3171=EDGE_CURVE('',#4395,#4406,#312,.T.);
#3172=EDGE_CURVE('',#4407,#4408,#313,.F.);
#3173=EDGE_CURVE('',#4408,#4409,#5238,.T.);
#3174=EDGE_CURVE('',#4409,#4410,#5239,.T.);
#3175=EDGE_CURVE('',#4410,#4411,#5240,.T.);
#3176=EDGE_CURVE('',#4411,#4412,#5241,.T.);
#3177=EDGE_CURVE('',#4412,#4413,#5242,.T.);
#3178=EDGE_CURVE('',#4414,#4413,#5243,.T.);
#3179=EDGE_CURVE('',#4415,#4414,#5244,.T.);
#3180=EDGE_CURVE('',#4416,#4415,#5245,.T.);
#3181=EDGE_CURVE('',#4417,#4416,#5246,.T.);
#3182=EDGE_CURVE('',#4418,#4417,#5247,.T.);
#3183=EDGE_CURVE('',#4419,#4418,#5248,.T.);
#3184=EDGE_CURVE('',#4420,#4419,#5249,.T.);
#3185=EDGE_CURVE('',#4421,#4420,#5250,.T.);
#3186=EDGE_CURVE('',#4421,#4422,#5251,.T.);
#3187=EDGE_CURVE('',#4422,#4423,#5252,.T.);
#3188=EDGE_CURVE('',#4423,#4424,#5253,.T.);
#3189=EDGE_CURVE('',#4425,#4424,#5254,.T.);
#3190=EDGE_CURVE('',#4426,#4425,#5255,.T.);
#3191=EDGE_CURVE('',#4427,#4426,#5256,.T.);
#3192=EDGE_CURVE('',#4428,#4427,#5257,.T.);
#3193=EDGE_CURVE('',#4429,#4428,#5258,.T.);
#3194=EDGE_CURVE('',#4430,#4429,#5259,.T.);
#3195=EDGE_CURVE('',#4431,#4430,#5260,.T.);
#3196=EDGE_CURVE('',#4432,#4431,#5261,.T.);
#3197=EDGE_CURVE('',#4433,#4432,#5262,.T.);
#3198=EDGE_CURVE('',#4434,#4433,#5263,.T.);
#3199=EDGE_CURVE('',#4435,#4434,#5264,.T.);
#3200=EDGE_CURVE('',#4436,#4435,#5265,.T.);
#3201=EDGE_CURVE('',#4437,#4436,#5266,.T.);
#3202=EDGE_CURVE('',#4438,#4437,#5267,.T.);
#3203=EDGE_CURVE('',#4439,#4438,#5268,.T.);
#3204=EDGE_CURVE('',#4440,#4439,#5269,.T.);
#3205=EDGE_CURVE('',#4441,#4440,#5270,.T.);
#3206=EDGE_CURVE('',#4442,#4441,#5271,.T.);
#3207=EDGE_CURVE('',#4443,#4442,#5272,.T.);
#3208=EDGE_CURVE('',#4444,#4443,#5273,.T.);
#3209=EDGE_CURVE('',#4445,#4444,#5274,.T.);
#3210=EDGE_CURVE('',#4445,#4446,#5275,.T.);
#3211=EDGE_CURVE('',#4446,#4447,#5276,.T.);
#3212=EDGE_CURVE('',#4447,#4448,#314,.F.);
#3213=EDGE_CURVE('',#4448,#4449,#5277,.F.);
#3214=EDGE_CURVE('',#4449,#4450,#5278,.F.);
#3215=EDGE_CURVE('',#4450,#4451,#5279,.F.);
#3216=EDGE_CURVE('',#4451,#4407,#5280,.F.);
#3217=EDGE_CURVE('',#4452,#4453,#5281,.T.);
#3218=EDGE_CURVE('',#4453,#4454,#315,.T.);
#3219=EDGE_CURVE('',#4455,#4454,#5282,.T.);
#3220=EDGE_CURVE('',#4456,#4455,#5283,.T.);
#3221=EDGE_CURVE('',#4456,#4457,#5284,.T.);
#3222=EDGE_CURVE('',#4458,#4457,#316,.T.);
#3223=EDGE_CURVE('',#4459,#4458,#5285,.T.);
#3224=EDGE_CURVE('',#4459,#4452,#5286,.T.);
#3225=EDGE_CURVE('',#4460,#4461,#317,.T.);
#3226=EDGE_CURVE('',#4462,#4461,#318,.T.);
#3227=EDGE_CURVE('',#4462,#4463,#5287,.T.);
#3228=EDGE_CURVE('',#4463,#4464,#5288,.T.);
#3229=EDGE_CURVE('',#4465,#4464,#5289,.T.);
#3230=EDGE_CURVE('',#4466,#4465,#5290,.T.);
#3231=EDGE_CURVE('',#4467,#4466,#319,.T.);
#3232=EDGE_CURVE('',#4467,#4468,#5291,.T.);
#3233=EDGE_CURVE('',#4468,#4469,#5292,.T.);
#3234=EDGE_CURVE('',#4470,#4469,#5293,.T.);
#3235=EDGE_CURVE('',#4471,#4470,#320,.T.);
#3236=EDGE_CURVE('',#4460,#4471,#321,.T.);
#3237=EDGE_CURVE('',#4472,#4473,#5294,.T.);
#3238=EDGE_CURVE('',#4473,#4474,#5295,.T.);
#3239=EDGE_CURVE('',#4474,#4475,#5296,.T.);
#3240=EDGE_CURVE('',#4475,#4476,#5297,.T.);
#3241=EDGE_CURVE('',#4476,#4477,#5298,.T.);
#3242=EDGE_CURVE('',#4477,#4478,#5299,.T.);
#3243=EDGE_CURVE('',#4479,#4478,#5300,.T.);
#3244=EDGE_CURVE('',#4480,#4479,#5301,.T.);
#3245=EDGE_CURVE('',#4481,#4480,#5302,.T.);
#3246=EDGE_CURVE('',#4482,#4481,#5303,.T.);
#3247=EDGE_CURVE('',#4472,#4482,#5304,.T.);
#3248=EDGE_CURVE('',#4483,#4484,#322,.F.);
#3249=EDGE_CURVE('',#4484,#4485,#5305,.F.);
#3250=EDGE_CURVE('',#4485,#4486,#5306,.T.);
#3251=EDGE_CURVE('',#4487,#4486,#323,.T.);
#3252=EDGE_CURVE('',#4487,#4488,#5307,.T.);
#3253=EDGE_CURVE('',#4488,#4489,#324,.F.);
#3254=EDGE_CURVE('',#4489,#4490,#5308,.T.);
#3255=EDGE_CURVE('',#4491,#4490,#325,.T.);
#3256=EDGE_CURVE('',#4491,#4492,#5309,.T.);
#3257=EDGE_CURVE('',#4492,#4493,#5310,.F.);
#3258=EDGE_CURVE('',#4494,#4493,#326,.T.);
#3259=EDGE_CURVE('',#4494,#4483,#5311,.F.);
#3260=EDGE_CURVE('',#4495,#4496,#5312,.T.);
#3261=EDGE_CURVE('',#4496,#4497,#5313,.T.);
#3262=EDGE_CURVE('',#4497,#4498,#5314,.T.);
#3263=EDGE_CURVE('',#4498,#4499,#5315,.T.);
#3264=EDGE_CURVE('',#4499,#4500,#5316,.T.);
#3265=EDGE_CURVE('',#4500,#4495,#5317,.T.);
#3266=EDGE_CURVE('',#4501,#4502,#5318,.T.);
#3267=EDGE_CURVE('',#4503,#4501,#5319,.T.);
#3268=EDGE_CURVE('',#4504,#4503,#5320,.T.);
#3269=EDGE_CURVE('',#4505,#4504,#5321,.T.);
#3270=EDGE_CURVE('',#4506,#4505,#5322,.T.);
#3271=EDGE_CURVE('',#4502,#4506,#5323,.T.);
#3272=EDGE_CURVE('',#4507,#4508,#5324,.T.);
#3273=EDGE_CURVE('',#4509,#4507,#5325,.T.);
#3274=EDGE_CURVE('',#4510,#4509,#5326,.T.);
#3275=EDGE_CURVE('',#4511,#4510,#5327,.T.);
#3276=EDGE_CURVE('',#4512,#4511,#5328,.T.);
#3277=EDGE_CURVE('',#4508,#4512,#5329,.T.);
#3278=EDGE_CURVE('',#4513,#4514,#5330,.T.);
#3279=EDGE_CURVE('',#4515,#4514,#5331,.T.);
#3280=EDGE_CURVE('',#4516,#4515,#5332,.T.);
#3281=EDGE_CURVE('',#4517,#4516,#5333,.T.);
#3282=EDGE_CURVE('',#4518,#4517,#5334,.T.);
#3283=EDGE_CURVE('',#4519,#4518,#5335,.T.);
#3284=EDGE_CURVE('',#4520,#4519,#5336,.T.);
#3285=EDGE_CURVE('',#4521,#4520,#5337,.T.);
#3286=EDGE_CURVE('',#4521,#4522,#5338,.T.);
#3287=EDGE_CURVE('',#4522,#4523,#5339,.T.);
#3288=EDGE_CURVE('',#4523,#4524,#5340,.T.);
#3289=EDGE_CURVE('',#4524,#4513,#5341,.T.);
#3290=EDGE_CURVE('',#4525,#4526,#5342,.T.);
#3291=EDGE_CURVE('',#4526,#4527,#5343,.T.);
#3292=EDGE_CURVE('',#4527,#4528,#5344,.T.);
#3293=EDGE_CURVE('',#4528,#4529,#5345,.T.);
#3294=EDGE_CURVE('',#4530,#4529,#5346,.T.);
#3295=EDGE_CURVE('',#4531,#4530,#5347,.T.);
#3296=EDGE_CURVE('',#4532,#4531,#5348,.T.);
#3297=EDGE_CURVE('',#4533,#4532,#5349,.T.);
#3298=EDGE_CURVE('',#4534,#4533,#5350,.T.);
#3299=EDGE_CURVE('',#4525,#4534,#5351,.T.);
#3300=EDGE_CURVE('',#4535,#4536,#5352,.T.);
#3301=EDGE_CURVE('',#4536,#4537,#5353,.T.);
#3302=EDGE_CURVE('',#4537,#4538,#5354,.T.);
#3303=EDGE_CURVE('',#4539,#4538,#5355,.T.);
#3304=EDGE_CURVE('',#4540,#4539,#5356,.T.);
#3305=EDGE_CURVE('',#4541,#4540,#5357,.T.);
#3306=EDGE_CURVE('',#4542,#4541,#5358,.T.);
#3307=EDGE_CURVE('',#4542,#4543,#5359,.T.);
#3308=EDGE_CURVE('',#4543,#4544,#5360,.T.);
#3309=EDGE_CURVE('',#4544,#4535,#5361,.T.);
#3310=EDGE_CURVE('',#4545,#4546,#327,.T.);
#3311=EDGE_CURVE('',#4546,#4545,#328,.T.);
#3312=EDGE_CURVE('',#4547,#4548,#5362,.T.);
#3313=EDGE_CURVE('',#4549,#4547,#5363,.T.);
#3314=EDGE_CURVE('',#4550,#4549,#5364,.T.);
#3315=EDGE_CURVE('',#4551,#4550,#5365,.T.);
#3316=EDGE_CURVE('',#4551,#4552,#5366,.T.);
#3317=EDGE_CURVE('',#4553,#4552,#5367,.T.);
#3318=EDGE_CURVE('',#4554,#4553,#5368,.T.);
#3319=EDGE_CURVE('',#4555,#4554,#5369,.T.);
#3320=EDGE_CURVE('',#4556,#4555,#5370,.T.);
#3321=EDGE_CURVE('',#4557,#4556,#5371,.T.);
#3322=EDGE_CURVE('',#4558,#4557,#5372,.T.);
#3323=EDGE_CURVE('',#4558,#4548,#5373,.T.);
#3324=EDGE_CURVE('',#4559,#4560,#5374,.T.);
#3325=EDGE_CURVE('',#4559,#4561,#329,.F.);
#3326=EDGE_CURVE('',#4561,#4562,#5375,.T.);
#3327=EDGE_CURVE('',#4562,#4563,#5376,.T.);
#3328=EDGE_CURVE('',#4563,#4564,#5377,.T.);
#3329=EDGE_CURVE('',#4564,#4565,#5378,.T.);
#3330=EDGE_CURVE('',#4565,#4566,#5379,.T.);
#3331=EDGE_CURVE('',#4566,#4567,#5380,.T.);
#3332=EDGE_CURVE('',#4567,#4568,#5381,.T.);
#3333=EDGE_CURVE('',#4568,#4569,#330,.F.);
#3334=EDGE_CURVE('',#4569,#4570,#5382,.T.);
#3335=EDGE_CURVE('',#4571,#4570,#5383,.T.);
#3336=EDGE_CURVE('',#4571,#4572,#331,.T.);
#3337=EDGE_CURVE('',#4573,#4572,#5384,.T.);
#3338=EDGE_CURVE('',#4573,#4574,#332,.T.);
#3339=EDGE_CURVE('',#4574,#4575,#5385,.T.);
#3340=EDGE_CURVE('',#4575,#4576,#5386,.T.);
#3341=EDGE_CURVE('',#4577,#4576,#5387,.T.);
#3342=EDGE_CURVE('',#4577,#4578,#5388,.T.);
#3343=EDGE_CURVE('',#4579,#4578,#5389,.T.);
#3344=EDGE_CURVE('',#4580,#4579,#5390,.T.);
#3345=EDGE_CURVE('',#4581,#4580,#5391,.T.);
#3346=EDGE_CURVE('',#4581,#4582,#5392,.T.);
#3347=EDGE_CURVE('',#4583,#4582,#5393,.T.);
#3348=EDGE_CURVE('',#4584,#4583,#5394,.T.);
#3349=EDGE_CURVE('',#4585,#4584,#5395,.T.);
#3350=EDGE_CURVE('',#4585,#4586,#5396,.T.);
#3351=EDGE_CURVE('',#4587,#4586,#5397,.T.);
#3352=EDGE_CURVE('',#4588,#4587,#5398,.T.);
#3353=EDGE_CURVE('',#4589,#4588,#5399,.T.);
#3354=EDGE_CURVE('',#4590,#4589,#5400,.T.);
#3355=EDGE_CURVE('',#4591,#4590,#5401,.T.);
#3356=EDGE_CURVE('',#4592,#4591,#5402,.T.);
#3357=EDGE_CURVE('',#4593,#4592,#5403,.T.);
#3358=EDGE_CURVE('',#4593,#4594,#5404,.T.);
#3359=EDGE_CURVE('',#4594,#4595,#333,.F.);
#3360=EDGE_CURVE('',#4595,#4596,#5405,.F.);
#3361=EDGE_CURVE('',#4597,#4596,#5406,.T.);
#3362=EDGE_CURVE('',#4598,#4597,#5407,.T.);
#3363=EDGE_CURVE('',#4599,#4598,#5408,.T.);
#3364=EDGE_CURVE('',#4600,#4599,#5409,.T.);
#3365=EDGE_CURVE('',#4601,#4600,#5410,.T.);
#3366=EDGE_CURVE('',#4601,#4602,#5411,.F.);
#3367=EDGE_CURVE('',#4602,#4603,#334,.F.);
#3368=EDGE_CURVE('',#4603,#4604,#5412,.T.);
#3369=EDGE_CURVE('',#4604,#4605,#5413,.T.);
#3370=EDGE_CURVE('',#4605,#4606,#5414,.T.);
#3371=EDGE_CURVE('',#4606,#4607,#5415,.T.);
#3372=EDGE_CURVE('',#4608,#4607,#5416,.T.);
#3373=EDGE_CURVE('',#4609,#4608,#5417,.T.);
#3374=EDGE_CURVE('',#4609,#4610,#5418,.T.);
#3375=EDGE_CURVE('',#4610,#4611,#335,.T.);
#3376=EDGE_CURVE('',#4611,#4612,#5419,.T.);
#3377=EDGE_CURVE('',#4612,#4613,#5420,.T.);
#3378=EDGE_CURVE('',#4613,#4614,#5421,.T.);
#3379=EDGE_CURVE('',#4615,#4614,#5422,.T.);
#3380=EDGE_CURVE('',#4615,#4616,#5423,.T.);
#3381=EDGE_CURVE('',#4616,#4617,#336,.T.);
#3382=EDGE_CURVE('',#4560,#4617,#5424,.T.);
#3383=EDGE_CURVE('',#4618,#4619,#5425,.T.);
#3384=EDGE_CURVE('',#4620,#4618,#5426,.T.);
#3385=EDGE_CURVE('',#4621,#4620,#5427,.T.);
#3386=EDGE_CURVE('',#4622,#4621,#5428,.T.);
#3387=EDGE_CURVE('',#4623,#4622,#5429,.T.);
#3388=EDGE_CURVE('',#4619,#4623,#5430,.T.);
#3389=EDGE_CURVE('',#4624,#4625,#5431,.T.);
#3390=EDGE_CURVE('',#4626,#4624,#5432,.T.);
#3391=EDGE_CURVE('',#4627,#4626,#5433,.T.);
#3392=EDGE_CURVE('',#4625,#4627,#5434,.T.);
#3393=EDGE_CURVE('',#4628,#4629,#5435,.T.);
#3394=EDGE_CURVE('',#4630,#4629,#5436,.T.);
#3395=EDGE_CURVE('',#4631,#4630,#5437,.T.);
#3396=EDGE_CURVE('',#4632,#4631,#5438,.T.);
#3397=EDGE_CURVE('',#4633,#4632,#5439,.T.);
#3398=EDGE_CURVE('',#4633,#4634,#5440,.T.);
#3399=EDGE_CURVE('',#4634,#4628,#5441,.T.);
#3400=EDGE_CURVE('',#4635,#4635,#337,.T.);
#3401=EDGE_CURVE('',#4636,#4636,#338,.T.);
#3402=EDGE_CURVE('',#4637,#4638,#339,.T.);
#3403=EDGE_CURVE('',#4637,#4639,#5442,.T.);
#3404=EDGE_CURVE('',#4639,#4638,#5443,.T.);
#3405=EDGE_CURVE('',#4638,#4640,#340,.T.);
#3406=EDGE_CURVE('',#4638,#4641,#5444,.T.);
#3407=EDGE_CURVE('',#4641,#4640,#5445,.T.);
#3408=EDGE_CURVE('',#4640,#4642,#341,.T.);
#3409=EDGE_CURVE('',#4640,#4643,#5446,.T.);
#3410=EDGE_CURVE('',#4643,#4642,#5447,.T.);
#3411=EDGE_CURVE('',#4642,#4644,#342,.T.);
#3412=EDGE_CURVE('',#4642,#4645,#5448,.T.);
#3413=EDGE_CURVE('',#4645,#4644,#5449,.T.);
#3414=EDGE_CURVE('',#4644,#4646,#343,.T.);
#3415=EDGE_CURVE('',#4644,#4647,#5450,.T.);
#3416=EDGE_CURVE('',#4647,#4646,#5451,.T.);
#3417=EDGE_CURVE('',#4648,#4648,#344,.T.);
#3418=EDGE_CURVE('',#4649,#4649,#345,.T.);
#3419=EDGE_CURVE('',#4650,#4650,#346,.F.);
#3420=EDGE_CURVE('',#4651,#4651,#347,.T.);
#3421=EDGE_CURVE('',#4652,#4652,#348,.F.);
#3422=EDGE_CURVE('',#4653,#4653,#349,.T.);
#3423=EDGE_CURVE('',#4654,#4654,#350,.F.);
#3424=EDGE_CURVE('',#4655,#4655,#351,.T.);
#3425=EDGE_CURVE('',#4656,#4656,#352,.F.);
#3426=EDGE_CURVE('',#4657,#4657,#353,.T.);
#3427=EDGE_CURVE('',#4658,#4659,#5452,.T.);
#3428=EDGE_CURVE('',#4658,#4577,#5453,.T.);
#3429=EDGE_CURVE('',#4659,#4576,#5454,.T.);
#3430=EDGE_CURVE('',#4660,#4661,#5455,.T.);
#3431=EDGE_CURVE('',#4660,#4608,#5456,.T.);
#3432=EDGE_CURVE('',#4662,#4607,#5457,.T.);
#3433=EDGE_CURVE('',#4663,#4662,#5458,.T.);
#3434=EDGE_CURVE('',#4663,#4661,#5459,.T.);
#3435=EDGE_CURVE('',#4658,#4664,#5460,.T.);
#3436=EDGE_CURVE('',#4664,#4578,#5461,.T.);
#3437=EDGE_CURVE('',#4665,#4664,#5462,.T.);
#3438=EDGE_CURVE('',#4665,#4592,#5463,.T.);
#3439=EDGE_CURVE('',#4591,#4579,#5464,.T.);
#3440=EDGE_CURVE('',#4666,#4666,#354,.F.);
#3441=EDGE_CURVE('',#4667,#4667,#355,.F.);
#3442=EDGE_CURVE('',#4668,#4668,#356,.F.);
#3443=EDGE_CURVE('',#4669,#4669,#357,.F.);
#3444=EDGE_CURVE('',#4670,#4671,#5465,.T.);
#3445=EDGE_CURVE('',#4672,#4670,#5466,.T.);
#3446=EDGE_CURVE('',#4673,#4672,#5467,.T.);
#3447=EDGE_CURVE('',#4674,#4673,#358,.T.);
#3448=EDGE_CURVE('',#4674,#4675,#5468,.T.);
#3449=EDGE_CURVE('',#4676,#4675,#359,.T.);
#3450=EDGE_CURVE('',#4676,#4677,#5469,.T.);
#3451=EDGE_CURVE('',#4678,#4677,#5470,.T.);
#3452=EDGE_CURVE('',#4678,#4679,#360,.T.);
#3453=EDGE_CURVE('',#4679,#4680,#5471,.F.);
#3454=EDGE_CURVE('',#4680,#4681,#361,.T.);
#3455=EDGE_CURVE('',#4681,#4682,#5472,.T.);
#3456=EDGE_CURVE('',#4682,#4683,#5473,.T.);
#3457=EDGE_CURVE('',#4684,#4683,#362,.T.);
#3458=EDGE_CURVE('',#4685,#4684,#5474,.T.);
#3459=EDGE_CURVE('',#4685,#4686,#5475,.T.);
#3460=EDGE_CURVE('',#4687,#4686,#5476,.T.);
#3461=EDGE_CURVE('',#4688,#4687,#5477,.T.);
#3462=EDGE_CURVE('',#4689,#4688,#5478,.T.);
#3463=EDGE_CURVE('',#4690,#4689,#363,.T.);
#3464=EDGE_CURVE('',#4691,#4690,#5479,.T.);
#3465=EDGE_CURVE('',#4691,#4692,#5480,.T.);
#3466=EDGE_CURVE('',#4693,#4692,#5481,.T.);
#3467=EDGE_CURVE('',#4693,#4663,#5482,.T.);
#3468=EDGE_CURVE('',#4694,#4662,#5483,.T.);
#3469=EDGE_CURVE('',#4695,#4694,#5484,.T.);
#3470=EDGE_CURVE('',#4696,#4695,#5485,.T.);
#3471=EDGE_CURVE('',#4697,#4696,#5486,.T.);
#3472=EDGE_CURVE('',#4697,#4698,#364,.T.);
#3473=EDGE_CURVE('',#4698,#4699,#5487,.T.);
#3474=EDGE_CURVE('',#4699,#4700,#365,.T.);
#3475=EDGE_CURVE('',#4701,#4700,#5488,.T.);
#3476=EDGE_CURVE('',#4701,#4671,#5489,.T.);
#3477=EDGE_CURVE('',#4672,#4575,#5490,.T.);
#3478=EDGE_CURVE('',#4673,#4574,#5491,.T.);
#3479=EDGE_CURVE('',#4702,#4703,#5492,.T.);
#3480=EDGE_CURVE('',#4703,#4594,#272,.T.);
#3481=EDGE_CURVE('',#4701,#4593,#5493,.T.);
#3482=EDGE_CURVE('',#4700,#4702,#273,.T.);
#3483=EDGE_CURVE('',#4603,#4704,#274,.T.);
#3484=EDGE_CURVE('',#4705,#4704,#5494,.T.);
#3485=EDGE_CURVE('',#4705,#4697,#275,.T.);
#3486=EDGE_CURVE('',#4696,#4604,#5495,.T.);
#3487=EDGE_CURVE('',#4688,#4612,#5496,.T.);
#3488=EDGE_CURVE('',#4689,#4611,#5497,.T.);
#3489=EDGE_CURVE('',#4677,#4570,#5498,.T.);
#3490=EDGE_CURVE('',#4676,#4571,#5499,.T.);
#3491=EDGE_CURVE('',#4691,#4609,#5500,.T.);
#3492=EDGE_CURVE('',#4690,#4610,#5501,.T.);
#3493=EDGE_CURVE('',#4685,#4615,#5502,.T.);
#3494=EDGE_CURVE('',#4684,#4616,#5503,.T.);
#3495=EDGE_CURVE('',#4683,#4617,#5504,.T.);
#3496=EDGE_CURVE('',#4682,#4560,#5505,.T.);
#3497=EDGE_CURVE('',#4675,#4572,#5506,.T.);
#3498=EDGE_CURVE('',#4674,#4573,#5507,.T.);
#3499=EDGE_CURVE('',#4706,#4706,#366,.T.);
#3500=EDGE_CURVE('',#4707,#4707,#367,.T.);
#3501=EDGE_CURVE('',#4708,#4708,#368,.T.);
#3502=EDGE_CURVE('',#4709,#4709,#369,.T.);
#3503=EDGE_CURVE('',#4695,#4605,#5508,.T.);
#3504=EDGE_CURVE('',#4710,#4660,#5509,.T.);
#3505=EDGE_CURVE('',#4710,#4692,#5510,.T.);
#3506=EDGE_CURVE('',#4711,#4712,#5511,.F.);
#3507=EDGE_CURVE('',#4712,#4713,#5512,.F.);
#3508=EDGE_CURVE('',#4713,#4714,#5513,.T.);
#3509=EDGE_CURVE('',#4714,#4715,#5514,.T.);
#3510=EDGE_CURVE('',#4715,#4716,#5515,.F.);
#3511=EDGE_CURVE('',#4716,#4717,#5516,.F.);
#3512=EDGE_CURVE('',#4717,#4718,#5517,.T.);
#3513=EDGE_CURVE('',#4718,#4711,#5518,.T.);
#3514=EDGE_CURVE('',#4704,#4719,#276,.T.);
#3515=EDGE_CURVE('',#4719,#4720,#5519,.F.);
#3516=EDGE_CURVE('',#4720,#4705,#277,.F.);
#3517=EDGE_CURVE('',#4721,#4722,#5520,.T.);
#3518=EDGE_CURVE('',#4722,#4703,#278,.F.);
#3519=EDGE_CURVE('',#4702,#4721,#279,.T.);
#3520=EDGE_CURVE('',#4723,#4665,#5521,.T.);
#3521=EDGE_CURVE('',#4723,#4671,#5522,.T.);
#3522=EDGE_CURVE('',#4724,#4670,#5523,.T.);
#3523=EDGE_CURVE('',#4724,#4659,#5524,.T.);
#3524=EDGE_CURVE('',#4569,#4725,#280,.T.);
#3525=EDGE_CURVE('',#4725,#4726,#5525,.F.);
#3526=EDGE_CURVE('',#4726,#4678,#281,.F.);
#3527=EDGE_CURVE('',#4727,#4728,#5526,.T.);
#3528=EDGE_CURVE('',#4728,#4559,#282,.F.);
#3529=EDGE_CURVE('',#4681,#4727,#283,.T.);
#3530=EDGE_CURVE('',#4729,#4730,#5527,.F.);
#3531=EDGE_CURVE('',#4730,#4731,#5528,.T.);
#3532=EDGE_CURVE('',#4731,#4732,#5529,.T.);
#3533=EDGE_CURVE('',#4732,#4733,#5530,.F.);
#3534=EDGE_CURVE('',#4733,#4734,#5531,.F.);
#3535=EDGE_CURVE('',#4734,#4735,#5532,.T.);
#3536=EDGE_CURVE('',#4735,#4736,#5533,.T.);
#3537=EDGE_CURVE('',#4736,#4729,#5534,.F.);
#3538=EDGE_CURVE('',#4686,#4614,#5535,.T.);
#3539=EDGE_CURVE('',#4687,#4613,#5536,.T.);
#3540=EDGE_CURVE('',#4694,#4606,#5537,.T.);
#3541=EDGE_CURVE('',#4724,#4723,#5538,.T.);
#3542=EDGE_CURVE('',#4737,#4661,#5539,.T.);
#3543=EDGE_CURVE('',#4737,#4710,#5540,.T.);
#3544=EDGE_CURVE('',#4737,#4693,#5541,.T.);
#3545=EDGE_CURVE('',#4738,#4545,#5542,.T.);
#3546=EDGE_CURVE('',#4739,#4738,#370,.T.);
#3547=EDGE_CURVE('',#4739,#4546,#5543,.T.);
#3548=EDGE_CURVE('',#4738,#4739,#371,.T.);
#3549=EDGE_CURVE('',#4740,#4741,#372,.F.);
#3550=EDGE_CURVE('',#4741,#4742,#373,.F.);
#3551=EDGE_CURVE('',#4740,#4742,#374,.F.);
#3552=EDGE_CURVE('',#4743,#4744,#375,.F.);
#3553=EDGE_CURVE('',#4744,#4745,#376,.F.);
#3554=EDGE_CURVE('',#4743,#4745,#377,.F.);
#3555=EDGE_CURVE('',#4746,#4746,#378,.T.);
#3556=EDGE_CURVE('',#4747,#4747,#379,.T.);
#3557=EDGE_CURVE('',#4748,#4748,#380,.T.);
#3558=EDGE_CURVE('',#4749,#4749,#381,.T.);
#3559=EDGE_CURVE('',#4750,#4750,#382,.T.);
#3560=EDGE_CURVE('',#4751,#4751,#383,.T.);
#3561=EDGE_CURVE('',#4752,#4547,#5544,.T.);
#3562=EDGE_CURVE('',#4753,#4752,#5545,.T.);
#3563=EDGE_CURVE('',#4753,#4549,#5546,.T.);
#3564=EDGE_CURVE('',#4754,#4548,#5547,.T.);
#3565=EDGE_CURVE('',#4752,#4754,#5548,.T.);
#3566=EDGE_CURVE('',#4755,#4558,#5549,.T.);
#3567=EDGE_CURVE('',#4755,#4754,#5550,.T.);
#3568=EDGE_CURVE('',#4756,#4557,#5551,.T.);
#3569=EDGE_CURVE('',#4755,#4756,#5552,.T.);
#3570=EDGE_CURVE('',#4757,#4556,#5553,.T.);
#3571=EDGE_CURVE('',#4756,#4757,#5554,.T.);
#3572=EDGE_CURVE('',#4758,#4555,#5555,.T.);
#3573=EDGE_CURVE('',#4757,#4758,#5556,.T.);
#3574=EDGE_CURVE('',#4759,#4554,#5557,.T.);
#3575=EDGE_CURVE('',#4758,#4759,#5558,.T.);
#3576=EDGE_CURVE('',#4760,#4553,#5559,.T.);
#3577=EDGE_CURVE('',#4759,#4760,#5560,.T.);
#3578=EDGE_CURVE('',#4761,#4552,#5561,.T.);
#3579=EDGE_CURVE('',#4760,#4761,#5562,.T.);
#3580=EDGE_CURVE('',#4762,#4551,#5563,.T.);
#3581=EDGE_CURVE('',#4762,#4761,#5564,.T.);
#3582=EDGE_CURVE('',#4763,#4550,#5565,.T.);
#3583=EDGE_CURVE('',#4762,#4763,#5566,.T.);
#3584=EDGE_CURVE('',#4763,#4753,#5567,.T.);
#3585=EDGE_CURVE('',#4744,#4764,#5568,.T.);
#3586=EDGE_CURVE('',#4765,#4764,#384,.T.);
#3587=EDGE_CURVE('',#4745,#4765,#5569,.T.);
#3588=EDGE_CURVE('',#4743,#4766,#5570,.T.);
#3589=EDGE_CURVE('',#4764,#4766,#385,.T.);
#3590=EDGE_CURVE('',#4765,#4766,#386,.T.);
#3591=EDGE_CURVE('',#4741,#4767,#5571,.T.);
#3592=EDGE_CURVE('',#4768,#4767,#387,.T.);
#3593=EDGE_CURVE('',#4742,#4768,#5572,.T.);
#3594=EDGE_CURVE('',#4740,#4769,#5573,.T.);
#3595=EDGE_CURVE('',#4767,#4769,#388,.T.);
#3596=EDGE_CURVE('',#4768,#4769,#389,.T.);
#3597=EDGE_CURVE('',#4770,#4535,#5574,.T.);
#3598=EDGE_CURVE('',#4770,#4771,#5575,.T.);
#3599=EDGE_CURVE('',#4771,#4536,#5576,.T.);
#3600=EDGE_CURVE('',#4772,#4544,#5577,.T.);
#3601=EDGE_CURVE('',#4772,#4770,#5578,.T.);
#3602=EDGE_CURVE('',#4773,#4543,#5579,.T.);
#3603=EDGE_CURVE('',#4773,#4772,#5580,.T.);
#3604=EDGE_CURVE('',#4774,#4542,#5581,.T.);
#3605=EDGE_CURVE('',#4774,#4773,#5582,.T.);
#3606=EDGE_CURVE('',#4775,#4541,#5583,.T.);
#3607=EDGE_CURVE('',#4774,#4775,#5584,.T.);
#3608=EDGE_CURVE('',#4776,#4540,#5585,.T.);
#3609=EDGE_CURVE('',#4775,#4776,#5586,.T.);
#3610=EDGE_CURVE('',#4777,#4539,#5587,.T.);
#3611=EDGE_CURVE('',#4776,#4777,#5588,.T.);
#3612=EDGE_CURVE('',#4778,#4538,#5589,.T.);
#3613=EDGE_CURVE('',#4777,#4778,#5590,.T.);
#3614=EDGE_CURVE('',#4779,#4537,#5591,.T.);
#3615=EDGE_CURVE('',#4779,#4778,#5592,.T.);
#3616=EDGE_CURVE('',#4771,#4779,#5593,.T.);
#3617=EDGE_CURVE('',#4780,#4585,#5594,.T.);
#3618=EDGE_CURVE('',#4780,#4781,#5595,.T.);
#3619=EDGE_CURVE('',#4781,#4586,#5596,.T.);
#3620=EDGE_CURVE('',#4782,#4584,#5597,.T.);
#3621=EDGE_CURVE('',#4780,#4782,#5598,.T.);
#3622=EDGE_CURVE('',#4783,#4583,#5599,.T.);
#3623=EDGE_CURVE('',#4782,#4783,#5600,.T.);
#3624=EDGE_CURVE('',#4784,#4582,#5601,.T.);
#3625=EDGE_CURVE('',#4783,#4784,#5602,.T.);
#3626=EDGE_CURVE('',#4785,#4581,#5603,.T.);
#3627=EDGE_CURVE('',#4785,#4784,#5604,.T.);
#3628=EDGE_CURVE('',#4786,#4580,#5605,.T.);
#3629=EDGE_CURVE('',#4785,#4786,#5606,.T.);
#3630=EDGE_CURVE('',#4579,#4787,#5607,.T.);
#3631=EDGE_CURVE('',#4788,#4787,#5608,.T.);
#3632=EDGE_CURVE('',#4786,#4788,#5609,.T.);
#3633=EDGE_CURVE('',#4787,#4591,#5610,.T.);
#3634=EDGE_CURVE('',#4789,#4590,#5611,.T.);
#3635=EDGE_CURVE('',#4788,#4789,#5612,.T.);
#3636=EDGE_CURVE('',#4790,#4589,#5613,.T.);
#3637=EDGE_CURVE('',#4789,#4790,#5614,.T.);
#3638=EDGE_CURVE('',#4791,#4588,#5615,.T.);
#3639=EDGE_CURVE('',#4790,#4791,#5616,.T.);
#3640=EDGE_CURVE('',#4792,#4587,#5617,.T.);
#3641=EDGE_CURVE('',#4791,#4792,#5618,.T.);
#3642=EDGE_CURVE('',#4792,#4781,#5619,.T.);
#3643=EDGE_CURVE('',#4793,#4793,#390,.T.);
#3644=EDGE_CURVE('',#4794,#4795,#5620,.F.);
#3645=EDGE_CURVE('',#4795,#4796,#47,.F.);
#3646=EDGE_CURVE('',#4797,#4796,#5621,.T.);
#3647=EDGE_CURVE('',#4797,#4597,#5622,.T.);
#3648=EDGE_CURVE('',#4596,#4794,#48,.T.);
#3649=EDGE_CURVE('',#4798,#4799,#5623,.T.);
#3650=EDGE_CURVE('',#4798,#4800,#49,.F.);
#3651=EDGE_CURVE('',#4800,#4801,#5624,.T.);
#3652=EDGE_CURVE('',#4801,#4601,#50,.T.);
#3653=EDGE_CURVE('',#4799,#4600,#5625,.T.);
#3654=EDGE_CURVE('',#4802,#4599,#5626,.T.);
#3655=EDGE_CURVE('',#4799,#4802,#5627,.T.);
#3656=EDGE_CURVE('',#4803,#4598,#5628,.T.);
#3657=EDGE_CURVE('',#4802,#4803,#5629,.T.);
#3658=EDGE_CURVE('',#4803,#4797,#5630,.T.);
#3659=EDGE_CURVE('',#4804,#4804,#391,.T.);
#3660=EDGE_CURVE('',#4796,#4798,#5631,.T.);
#3661=EDGE_CURVE('',#4805,#4525,#5632,.T.);
#3662=EDGE_CURVE('',#4805,#4806,#5633,.T.);
#3663=EDGE_CURVE('',#4806,#4526,#5634,.T.);
#3664=EDGE_CURVE('',#4807,#4534,#5635,.T.);
#3665=EDGE_CURVE('',#4805,#4807,#5636,.T.);
#3666=EDGE_CURVE('',#4808,#4533,#5637,.T.);
#3667=EDGE_CURVE('',#4807,#4808,#5638,.T.);
#3668=EDGE_CURVE('',#4809,#4532,#5639,.T.);
#3669=EDGE_CURVE('',#4808,#4809,#5640,.T.);
#3670=EDGE_CURVE('',#4810,#4531,#5641,.T.);
#3671=EDGE_CURVE('',#4809,#4810,#5642,.T.);
#3672=EDGE_CURVE('',#4811,#4530,#5643,.T.);
#3673=EDGE_CURVE('',#4810,#4811,#5644,.T.);
#3674=EDGE_CURVE('',#4812,#4529,#5645,.T.);
#3675=EDGE_CURVE('',#4811,#4812,#5646,.T.);
#3676=EDGE_CURVE('',#4813,#4528,#5647,.T.);
#3677=EDGE_CURVE('',#4813,#4812,#5648,.T.);
#3678=EDGE_CURVE('',#4814,#4527,#5649,.T.);
#3679=EDGE_CURVE('',#4814,#4813,#5650,.T.);
#3680=EDGE_CURVE('',#4806,#4814,#5651,.T.);
#3681=EDGE_CURVE('',#4815,#4565,#5652,.T.);
#3682=EDGE_CURVE('',#4815,#4816,#5653,.T.);
#3683=EDGE_CURVE('',#4816,#4566,#5654,.T.);
#3684=EDGE_CURVE('',#4817,#4564,#5655,.T.);
#3685=EDGE_CURVE('',#4817,#4815,#5656,.T.);
#3686=EDGE_CURVE('',#4818,#4563,#5657,.T.);
#3687=EDGE_CURVE('',#4818,#4817,#5658,.T.);
#3688=EDGE_CURVE('',#4819,#4820,#5659,.F.);
#3689=EDGE_CURVE('',#4820,#4821,#51,.T.);
#3690=EDGE_CURVE('',#4821,#4818,#5660,.T.);
#3691=EDGE_CURVE('',#4562,#4819,#52,.F.);
#3692=EDGE_CURVE('',#4816,#4822,#5661,.T.);
#3693=EDGE_CURVE('',#4822,#4823,#53,.T.);
#3694=EDGE_CURVE('',#4823,#4824,#5662,.T.);
#3695=EDGE_CURVE('',#4824,#4567,#54,.F.);
#3696=EDGE_CURVE('',#4825,#4825,#392,.T.);
#3697=EDGE_CURVE('',#4821,#4822,#5663,.F.);
#3698=EDGE_CURVE('',#4826,#4513,#5664,.T.);
#3699=EDGE_CURVE('',#4826,#4827,#5665,.T.);
#3700=EDGE_CURVE('',#4827,#4514,#5666,.T.);
#3701=EDGE_CURVE('',#4828,#4524,#5667,.T.);
#3702=EDGE_CURVE('',#4828,#4826,#5668,.T.);
#3703=EDGE_CURVE('',#4829,#4523,#5669,.T.);
#3704=EDGE_CURVE('',#4829,#4828,#5670,.T.);
#3705=EDGE_CURVE('',#4830,#4522,#5671,.T.);
#3706=EDGE_CURVE('',#4830,#4829,#5672,.T.);
#3707=EDGE_CURVE('',#4831,#4521,#5673,.T.);
#3708=EDGE_CURVE('',#4831,#4830,#5674,.T.);
#3709=EDGE_CURVE('',#4832,#4520,#5675,.T.);
#3710=EDGE_CURVE('',#4831,#4832,#5676,.T.);
#3711=EDGE_CURVE('',#4833,#4519,#5677,.T.);
#3712=EDGE_CURVE('',#4832,#4833,#5678,.T.);
#3713=EDGE_CURVE('',#4834,#4518,#5679,.T.);
#3714=EDGE_CURVE('',#4833,#4834,#5680,.T.);
#3715=EDGE_CURVE('',#4835,#4517,#5681,.T.);
#3716=EDGE_CURVE('',#4834,#4835,#5682,.T.);
#3717=EDGE_CURVE('',#4836,#4516,#5683,.T.);
#3718=EDGE_CURVE('',#4835,#4836,#5684,.T.);
#3719=EDGE_CURVE('',#4837,#4515,#5685,.T.);
#3720=EDGE_CURVE('',#4836,#4837,#5686,.T.);
#3721=EDGE_CURVE('',#4837,#4827,#5687,.T.);
#3722=EDGE_CURVE('',#4838,#4838,#393,.T.);
#3723=EDGE_CURVE('',#4839,#4507,#5688,.T.);
#3724=EDGE_CURVE('',#4840,#4839,#5689,.T.);
#3725=EDGE_CURVE('',#4840,#4509,#5690,.T.);
#3726=EDGE_CURVE('',#4841,#4508,#5691,.T.);
#3727=EDGE_CURVE('',#4839,#4841,#5692,.T.);
#3728=EDGE_CURVE('',#4842,#4512,#5693,.T.);
#3729=EDGE_CURVE('',#4841,#4842,#5694,.T.);
#3730=EDGE_CURVE('',#4843,#4511,#5695,.T.);
#3731=EDGE_CURVE('',#4842,#4843,#5696,.T.);
#3732=EDGE_CURVE('',#4844,#4510,#5697,.T.);
#3733=EDGE_CURVE('',#4843,#4844,#5698,.T.);
#3734=EDGE_CURVE('',#4845,#4845,#394,.T.);
#3735=EDGE_CURVE('',#4844,#4840,#5699,.T.);
#3736=EDGE_CURVE('',#4846,#4846,#395,.T.);
#3737=EDGE_CURVE('',#4847,#4618,#5700,.T.);
#3738=EDGE_CURVE('',#4848,#4847,#5701,.T.);
#3739=EDGE_CURVE('',#4848,#4620,#5702,.T.);
#3740=EDGE_CURVE('',#4849,#4619,#5703,.T.);
#3741=EDGE_CURVE('',#4847,#4849,#5704,.T.);
#3742=EDGE_CURVE('',#4850,#4623,#5705,.T.);
#3743=EDGE_CURVE('',#4849,#4850,#5706,.T.);
#3744=EDGE_CURVE('',#4851,#4622,#5707,.T.);
#3745=EDGE_CURVE('',#4850,#4851,#5708,.T.);
#3746=EDGE_CURVE('',#4852,#4621,#5709,.T.);
#3747=EDGE_CURVE('',#4851,#4852,#5710,.T.);
#3748=EDGE_CURVE('',#4852,#4848,#5711,.T.);
#3749=EDGE_CURVE('',#4853,#4853,#396,.T.);
#3750=EDGE_CURVE('',#4639,#4501,#5712,.T.);
#3751=EDGE_CURVE('',#4854,#4637,#5713,.T.);
#3752=EDGE_CURVE('',#4854,#4503,#5714,.T.);
#3753=EDGE_CURVE('',#4641,#4502,#5715,.T.);
#3754=EDGE_CURVE('',#4643,#4506,#5716,.T.);
#3755=EDGE_CURVE('',#4645,#4505,#5717,.T.);
#3756=EDGE_CURVE('',#4647,#4504,#5718,.T.);
#3757=EDGE_CURVE('',#4855,#4855,#397,.T.);
#3758=EDGE_CURVE('',#4646,#4854,#5719,.T.);
#3759=EDGE_CURVE('',#4646,#4637,#398,.T.);
#3760=EDGE_CURVE('',#4856,#4495,#5720,.T.);
#3761=EDGE_CURVE('',#4856,#4857,#5721,.T.);
#3762=EDGE_CURVE('',#4857,#4496,#5722,.T.);
#3763=EDGE_CURVE('',#4858,#4500,#5723,.T.);
#3764=EDGE_CURVE('',#4858,#4856,#5724,.T.);
#3765=EDGE_CURVE('',#4859,#4499,#5725,.T.);
#3766=EDGE_CURVE('',#4859,#4858,#5726,.T.);
#3767=EDGE_CURVE('',#4860,#4498,#5727,.T.);
#3768=EDGE_CURVE('',#4860,#4859,#5728,.T.);
#3769=EDGE_CURVE('',#4861,#4497,#5729,.T.);
#3770=EDGE_CURVE('',#4861,#4860,#5730,.T.);
#3771=EDGE_CURVE('',#4857,#4861,#5731,.T.);
#3772=EDGE_CURVE('',#4862,#4862,#399,.T.);
#3773=EDGE_CURVE('',#4863,#4863,#400,.T.);
#3774=EDGE_CURVE('',#4864,#4864,#401,.T.);
#3775=EDGE_CURVE('',#4865,#4865,#402,.T.);
#3776=EDGE_CURVE('',#4866,#4866,#403,.T.);
#3777=EDGE_CURVE('',#4867,#4867,#404,.T.);
#3778=EDGE_CURVE('',#4868,#4868,#405,.T.);
#3779=EDGE_CURVE('',#4869,#4869,#406,.T.);
#3780=EDGE_CURVE('',#4870,#4870,#407,.T.);
#3781=EDGE_CURVE('',#4871,#4871,#408,.T.);
#3782=EDGE_CURVE('',#4872,#4872,#409,.T.);
#3783=EDGE_CURVE('',#4873,#4873,#410,.T.);
#3784=EDGE_CURVE('',#4874,#4874,#411,.T.);
#3785=EDGE_CURVE('',#4875,#4876,#5732,.T.);
#3786=EDGE_CURVE('',#4876,#4877,#5733,.T.);
#3787=EDGE_CURVE('',#4877,#4878,#5734,.F.);
#3788=EDGE_CURVE('',#4878,#4875,#5735,.F.);
#3789=EDGE_CURVE('',#4879,#4880,#5736,.T.);
#3790=EDGE_CURVE('',#4880,#4881,#284,.T.);
#3791=EDGE_CURVE('',#4881,#4882,#5737,.F.);
#3792=EDGE_CURVE('',#4882,#4883,#5738,.F.);
#3793=EDGE_CURVE('',#4883,#4884,#285,.T.);
#3794=EDGE_CURVE('',#4884,#4885,#5739,.T.);
#3795=EDGE_CURVE('',#4885,#4879,#55,.F.);
#3796=EDGE_CURVE('',#4886,#4887,#5740,.F.);
#3797=EDGE_CURVE('',#4887,#4888,#5741,.T.);
#3798=EDGE_CURVE('',#4888,#4889,#5742,.T.);
#3799=EDGE_CURVE('',#4889,#4886,#5743,.F.);
#3800=EDGE_CURVE('',#4890,#4891,#5744,.T.);
#3801=EDGE_CURVE('',#4891,#4892,#56,.F.);
#3802=EDGE_CURVE('',#4892,#4893,#5745,.F.);
#3803=EDGE_CURVE('',#4893,#4894,#286,.F.);
#3804=EDGE_CURVE('',#4894,#4895,#5746,.F.);
#3805=EDGE_CURVE('',#4895,#4890,#5747,.T.);
#3806=EDGE_CURVE('',#4896,#4897,#5748,.F.);
#3807=EDGE_CURVE('',#4897,#4898,#5749,.F.);
#3808=EDGE_CURVE('',#4898,#4899,#5750,.T.);
#3809=EDGE_CURVE('',#4899,#4896,#5751,.T.);
#3810=EDGE_CURVE('',#4900,#4901,#5752,.F.);
#3811=EDGE_CURVE('',#4901,#4902,#5753,.T.);
#3812=EDGE_CURVE('',#4902,#4903,#5754,.T.);
#3813=EDGE_CURVE('',#4903,#4900,#5755,.F.);
#3814=EDGE_CURVE('',#4904,#4905,#5756,.T.);
#3815=EDGE_CURVE('',#4905,#4906,#5757,.T.);
#3816=EDGE_CURVE('',#4906,#4907,#5758,.F.);
#3817=EDGE_CURVE('',#4907,#4904,#5759,.F.);
#3818=EDGE_CURVE('',#4392,#4624,#5760,.T.);
#3819=EDGE_CURVE('',#4391,#4626,#5761,.T.);
#3820=EDGE_CURVE('',#4393,#4625,#5762,.T.);
#3821=EDGE_CURVE('',#4394,#4627,#5763,.T.);
#3822=EDGE_CURVE('',#4908,#4629,#5764,.T.);
#3823=EDGE_CURVE('',#4908,#4909,#5765,.F.);
#3824=EDGE_CURVE('',#4909,#4630,#5766,.T.);
#3825=EDGE_CURVE('',#4910,#4628,#5767,.T.);
#3826=EDGE_CURVE('',#4910,#4908,#5768,.T.);
#3827=EDGE_CURVE('',#4911,#4634,#5769,.T.);
#3828=EDGE_CURVE('',#4911,#4910,#5770,.T.);
#3829=EDGE_CURVE('',#4912,#4633,#5771,.T.);
#3830=EDGE_CURVE('',#4912,#4911,#5772,.T.);
#3831=EDGE_CURVE('',#4913,#4632,#5773,.T.);
#3832=EDGE_CURVE('',#4913,#4912,#5774,.F.);
#3833=EDGE_CURVE('',#4914,#4631,#5775,.T.);
#3834=EDGE_CURVE('',#4914,#4913,#5776,.F.);
#3835=EDGE_CURVE('',#4909,#4914,#5777,.F.);
#3836=EDGE_CURVE('',#4915,#4916,#412,.T.);
#3837=EDGE_CURVE('',#4916,#4915,#413,.T.);
#3838=EDGE_CURVE('',#4917,#4918,#5778,.F.);
#3839=EDGE_CURVE('',#4918,#4919,#5779,.F.);
#3840=EDGE_CURVE('',#4919,#4920,#5780,.T.);
#3841=EDGE_CURVE('',#4920,#4921,#5781,.T.);
#3842=EDGE_CURVE('',#4921,#4922,#5782,.T.);
#3843=EDGE_CURVE('',#4922,#4923,#5783,.T.);
#3844=EDGE_CURVE('',#4923,#4917,#5784,.F.);
#3845=EDGE_CURVE('',#4924,#4925,#5785,.F.);
#3846=EDGE_CURVE('',#4925,#4926,#5786,.F.);
#3847=EDGE_CURVE('',#4926,#4927,#5787,.F.);
#3848=EDGE_CURVE('',#4927,#4928,#5788,.F.);
#3849=EDGE_CURVE('',#4929,#4928,#414,.T.);
#3850=EDGE_CURVE('',#4929,#4930,#5789,.F.);
#3851=EDGE_CURVE('',#4924,#4930,#415,.T.);
#3852=EDGE_CURVE('',#4931,#4460,#5790,.T.);
#3853=EDGE_CURVE('',#4931,#4932,#416,.T.);
#3854=EDGE_CURVE('',#4932,#4461,#5791,.T.);
#3855=EDGE_CURVE('',#4933,#4471,#5792,.T.);
#3856=EDGE_CURVE('',#4931,#4933,#417,.T.);
#3857=EDGE_CURVE('',#4934,#4470,#5793,.T.);
#3858=EDGE_CURVE('',#4933,#4934,#418,.T.);
#3859=EDGE_CURVE('',#4935,#4469,#5794,.T.);
#3860=EDGE_CURVE('',#4934,#4935,#5795,.T.);
#3861=EDGE_CURVE('',#4936,#4468,#5796,.T.);
#3862=EDGE_CURVE('',#4936,#4935,#5797,.T.);
#3863=EDGE_CURVE('',#4937,#4467,#5798,.T.);
#3864=EDGE_CURVE('',#4937,#4936,#5799,.T.);
#3865=EDGE_CURVE('',#4938,#4466,#5800,.T.);
#3866=EDGE_CURVE('',#4937,#4938,#419,.T.);
#3867=EDGE_CURVE('',#4939,#4465,#5801,.T.);
#3868=EDGE_CURVE('',#4938,#4939,#5802,.T.);
#3869=EDGE_CURVE('',#4940,#4464,#5803,.T.);
#3870=EDGE_CURVE('',#4939,#4940,#5804,.T.);
#3871=EDGE_CURVE('',#4941,#4463,#5805,.T.);
#3872=EDGE_CURVE('',#4941,#4940,#5806,.T.);
#3873=EDGE_CURVE('',#4942,#4462,#5807,.T.);
#3874=EDGE_CURVE('',#4942,#4941,#5808,.T.);
#3875=EDGE_CURVE('',#4942,#4932,#420,.T.);
#3876=EDGE_CURVE('',#4943,#4944,#421,.F.);
#3877=EDGE_CURVE('',#4944,#4945,#422,.F.);
#3878=EDGE_CURVE('',#4945,#4946,#423,.F.);
#3879=EDGE_CURVE('',#4943,#4946,#424,.F.);
#3880=EDGE_CURVE('',#4947,#4948,#5809,.T.);
#3881=EDGE_CURVE('',#4948,#4949,#5810,.T.);
#3882=EDGE_CURVE('',#4950,#4949,#5811,.T.);
#3883=EDGE_CURVE('',#4947,#4950,#5812,.T.);
#3884=EDGE_CURVE('',#4949,#4951,#5813,.T.);
#3885=EDGE_CURVE('',#4952,#4951,#5814,.T.);
#3886=EDGE_CURVE('',#4950,#4952,#5815,.T.);
#3887=EDGE_CURVE('',#4951,#4953,#5816,.T.);
#3888=EDGE_CURVE('',#4953,#4954,#5817,.F.);
#3889=EDGE_CURVE('',#4954,#4955,#57,.F.);
#3890=EDGE_CURVE('',#4952,#4955,#5818,.T.);
#3891=EDGE_CURVE('',#4956,#4957,#5819,.T.);
#3892=EDGE_CURVE('',#4957,#4958,#5820,.F.);
#3893=EDGE_CURVE('',#4958,#4959,#5821,.F.);
#3894=EDGE_CURVE('',#4959,#4956,#5822,.T.);
#3895=EDGE_CURVE('',#4960,#4961,#5823,.T.);
#3896=EDGE_CURVE('',#4961,#4948,#5824,.T.);
#3897=EDGE_CURVE('',#4962,#4947,#5825,.T.);
#3898=EDGE_CURVE('',#4962,#4960,#58,.F.);
#3899=EDGE_CURVE('',#4308,#4963,#5826,.T.);
#3900=EDGE_CURVE('',#4963,#4964,#425,.T.);
#3901=EDGE_CURVE('',#4964,#4309,#5827,.T.);
#3902=EDGE_CURVE('',#4312,#4965,#5828,.T.);
#3903=EDGE_CURVE('',#4965,#4966,#5829,.T.);
#3904=EDGE_CURVE('',#4966,#4967,#426,.T.);
#3905=EDGE_CURVE('',#4967,#4968,#5830,.T.);
#3906=EDGE_CURVE('',#4968,#4354,#5831,.T.);
#3907=EDGE_CURVE('',#4319,#4969,#5832,.T.);
#3908=EDGE_CURVE('',#4969,#4970,#427,.T.);
#3909=EDGE_CURVE('',#4970,#4303,#5833,.T.);
#3910=EDGE_CURVE('',#4971,#4328,#5834,.T.);
#3911=EDGE_CURVE('',#4971,#4972,#428,.T.);
#3912=EDGE_CURVE('',#4972,#4330,#5835,.T.);
#3913=EDGE_CURVE('',#4343,#4973,#5836,.T.);
#3914=EDGE_CURVE('',#4973,#4974,#429,.T.);
#3915=EDGE_CURVE('',#4974,#4335,#5837,.T.);
#3916=EDGE_CURVE('',#4346,#4975,#5838,.T.);
#3917=EDGE_CURVE('',#4975,#4976,#430,.T.);
#3918=EDGE_CURVE('',#4976,#4347,#5839,.T.);
#3919=EDGE_CURVE('',#4350,#4977,#5840,.T.);
#3920=EDGE_CURVE('',#4977,#4978,#431,.T.);
#3921=EDGE_CURVE('',#4978,#4351,#5841,.T.);
#3922=EDGE_CURVE('',#4353,#4979,#5842,.T.);
#3923=EDGE_CURVE('',#4979,#4980,#432,.T.);
#3924=EDGE_CURVE('',#4980,#4339,#5843,.T.);
#3925=EDGE_CURVE('',#4358,#4981,#5844,.T.);
#3926=EDGE_CURVE('',#4981,#4982,#433,.T.);
#3927=EDGE_CURVE('',#4982,#4359,#5845,.T.);
#3928=EDGE_CURVE('',#4362,#4983,#5846,.T.);
#3929=EDGE_CURVE('',#4983,#4984,#434,.T.);
#3930=EDGE_CURVE('',#4984,#4363,#5847,.T.);
#3931=EDGE_CURVE('',#4326,#4985,#5848,.T.);
#3932=EDGE_CURVE('',#4985,#4986,#435,.T.);
#3933=EDGE_CURVE('',#4986,#4327,#5849,.T.);
#3934=EDGE_CURVE('',#4320,#4987,#5850,.T.);
#3935=EDGE_CURVE('',#4987,#4988,#436,.T.);
#3936=EDGE_CURVE('',#4321,#4988,#5851,.T.);
#3937=EDGE_CURVE('',#4333,#4989,#5852,.T.);
#3938=EDGE_CURVE('',#4989,#4990,#5853,.T.);
#3939=EDGE_CURVE('',#4990,#4991,#437,.T.);
#3940=EDGE_CURVE('',#4991,#4315,#5854,.T.);
#3941=EDGE_CURVE('',#4955,#4962,#5855,.T.);
#3942=EDGE_CURVE('',#4324,#4992,#5856,.T.);
#3943=EDGE_CURVE('',#4993,#4325,#5857,.T.);
#3944=EDGE_CURVE('',#4992,#4993,#438,.T.);
#3945=EDGE_CURVE('',#4994,#4396,#5858,.T.);
#3946=EDGE_CURVE('',#4994,#4995,#5859,.T.);
#3947=EDGE_CURVE('',#4995,#4397,#5860,.T.);
#3948=EDGE_CURVE('',#4996,#4395,#5861,.T.);
#3949=EDGE_CURVE('',#4996,#4994,#5862,.T.);
#3950=EDGE_CURVE('',#4997,#4406,#5863,.T.);
#3951=EDGE_CURVE('',#4996,#4997,#439,.T.);
#3952=EDGE_CURVE('',#4998,#4405,#5864,.T.);
#3953=EDGE_CURVE('',#4997,#4998,#5865,.T.);
#3954=EDGE_CURVE('',#4999,#4404,#5866,.T.);
#3955=EDGE_CURVE('',#4998,#4999,#5867,.T.);
#3956=EDGE_CURVE('',#5000,#4403,#5868,.T.);
#3957=EDGE_CURVE('',#4999,#5000,#5869,.T.);
#3958=EDGE_CURVE('',#5001,#4402,#5870,.T.);
#3959=EDGE_CURVE('',#5000,#5001,#5871,.T.);
#3960=EDGE_CURVE('',#5002,#4401,#5872,.T.);
#3961=EDGE_CURVE('',#5002,#5001,#5873,.T.);
#3962=EDGE_CURVE('',#5003,#4400,#5874,.T.);
#3963=EDGE_CURVE('',#5002,#5003,#5875,.T.);
#3964=EDGE_CURVE('',#5004,#4399,#5876,.T.);
#3965=EDGE_CURVE('',#5003,#5004,#5877,.T.);
#3966=EDGE_CURVE('',#5005,#4398,#5878,.T.);
#3967=EDGE_CURVE('',#5005,#5004,#5879,.T.);
#3968=EDGE_CURVE('',#5006,#5007,#440,.T.);
#3969=EDGE_CURVE('',#5008,#5006,#5880,.T.);
#3970=EDGE_CURVE('',#5008,#5009,#441,.T.);
#3971=EDGE_CURVE('',#5009,#5007,#5881,.T.);
#3972=EDGE_CURVE('',#5010,#5006,#5882,.T.);
#3973=EDGE_CURVE('',#5011,#5010,#5883,.T.);
#3974=EDGE_CURVE('',#5011,#5008,#5884,.T.);
#3975=EDGE_CURVE('',#5007,#5010,#5885,.T.);
#3976=EDGE_CURVE('',#5009,#5011,#5886,.T.);
#3977=EDGE_CURVE('',#4995,#5005,#5887,.T.);
#3978=EDGE_CURVE('',#5012,#4453,#5888,.T.);
#3979=EDGE_CURVE('',#5012,#5013,#442,.T.);
#3980=EDGE_CURVE('',#5013,#4454,#5889,.T.);
#3981=EDGE_CURVE('',#5014,#4452,#5890,.T.);
#3982=EDGE_CURVE('',#5014,#5012,#5891,.T.);
#3983=EDGE_CURVE('',#5015,#4459,#5892,.T.);
#3984=EDGE_CURVE('',#5015,#5014,#5893,.T.);
#3985=EDGE_CURVE('',#5016,#4458,#5894,.T.);
#3986=EDGE_CURVE('',#5015,#5016,#5895,.T.);
#3987=EDGE_CURVE('',#5017,#4457,#5896,.T.);
#3988=EDGE_CURVE('',#5016,#5017,#443,.T.);
#3989=EDGE_CURVE('',#5018,#4456,#5897,.T.);
#3990=EDGE_CURVE('',#5018,#5017,#5898,.T.);
#3991=EDGE_CURVE('',#5019,#4455,#5899,.T.);
#3992=EDGE_CURVE('',#5018,#5019,#5900,.T.);
#3993=EDGE_CURVE('',#5019,#5013,#5901,.T.);
#3994=EDGE_CURVE('',#4944,#5020,#5902,.T.);
#3995=EDGE_CURVE('',#5021,#5020,#444,.T.);
#3996=EDGE_CURVE('',#4945,#5021,#5903,.T.);
#3997=EDGE_CURVE('',#4943,#5022,#5904,.T.);
#3998=EDGE_CURVE('',#5020,#5022,#445,.T.);
#3999=EDGE_CURVE('',#4946,#5023,#5905,.T.);
#4000=EDGE_CURVE('',#5023,#5022,#446,.T.);
#4001=EDGE_CURVE('',#5023,#5021,#447,.T.);
#4002=EDGE_CURVE('',#4985,#4992,#5906,.T.);
#4003=EDGE_CURVE('',#4986,#4993,#5907,.T.);
#4004=EDGE_CURVE('',#4987,#4388,#5908,.T.);
#4005=EDGE_CURVE('',#4988,#4387,#5909,.T.);
#4006=EDGE_CURVE('',#4971,#4390,#5910,.T.);
#4007=EDGE_CURVE('',#4972,#4389,#5911,.T.);
#4008=EDGE_CURVE('',#4989,#4386,#5912,.T.);
#4009=EDGE_CURVE('',#4990,#4385,#5913,.T.);
#4010=EDGE_CURVE('',#4991,#4384,#5914,.T.);
#4011=EDGE_CURVE('',#4969,#4383,#5915,.T.);
#4012=EDGE_CURVE('',#4970,#4382,#5916,.T.);
#4013=EDGE_CURVE('',#4963,#4381,#5917,.T.);
#4014=EDGE_CURVE('',#4964,#4380,#5918,.T.);
#4015=EDGE_CURVE('',#4965,#4379,#5919,.T.);
#4016=EDGE_CURVE('',#4966,#4378,#5920,.T.);
#4017=EDGE_CURVE('',#4967,#4377,#5921,.T.);
#4018=EDGE_CURVE('',#4968,#4376,#5922,.T.);
#4019=EDGE_CURVE('',#4981,#4375,#5923,.T.);
#4020=EDGE_CURVE('',#4982,#4374,#5924,.T.);
#4021=EDGE_CURVE('',#4983,#4373,#5925,.T.);
#4022=EDGE_CURVE('',#4984,#4372,#5926,.T.);
#4023=EDGE_CURVE('',#4975,#4371,#5927,.T.);
#4024=EDGE_CURVE('',#4976,#4370,#5928,.T.);
#4025=EDGE_CURVE('',#4977,#4369,#5929,.T.);
#4026=EDGE_CURVE('',#4978,#4368,#5930,.T.);
#4027=EDGE_CURVE('',#4979,#4367,#5931,.T.);
#4028=EDGE_CURVE('',#4980,#4366,#5932,.T.);
#4029=EDGE_CURVE('',#4973,#4365,#5933,.T.);
#4030=EDGE_CURVE('',#4974,#4364,#5934,.T.);
#4031=EDGE_CURVE('',#4959,#4954,#59,.T.);
#4032=EDGE_CURVE('',#4960,#4958,#60,.T.);
#4033=EDGE_CURVE('',#4956,#4953,#448,.F.);
#4034=EDGE_CURVE('',#4957,#4929,#449,.T.);
#4035=EDGE_CURVE('',#4930,#4956,#450,.T.);
#4036=EDGE_CURVE('',#4961,#4957,#451,.F.);
#4037=EDGE_CURVE('',#4924,#4953,#452,.F.);
#4038=EDGE_CURVE('',#4961,#4928,#453,.F.);
#4039=EDGE_CURVE('',#4925,#4951,#61,.T.);
#4040=EDGE_CURVE('',#4948,#4927,#62,.F.);
#4041=EDGE_CURVE('',#4926,#4949,#63,.T.);
#4042=EDGE_CURVE('',#4912,#4919,#64,.T.);
#4043=EDGE_CURVE('',#4920,#4913,#65,.F.);
#4044=EDGE_CURVE('',#4921,#4914,#66,.F.);
#4045=EDGE_CURVE('',#4911,#4918,#67,.T.);
#4046=EDGE_CURVE('',#4922,#4909,#68,.F.);
#4047=EDGE_CURVE('',#4910,#4917,#69,.T.);
#4048=EDGE_CURVE('',#4923,#4908,#70,.F.);
#4049=EDGE_CURVE('',#5024,#5025,#5935,.T.);
#4050=EDGE_CURVE('',#5024,#5026,#5936,.T.);
#4051=EDGE_CURVE('',#5026,#5027,#5937,.T.);
#4052=EDGE_CURVE('',#5028,#5027,#5938,.T.);
#4053=EDGE_CURVE('',#5025,#5028,#287,.T.);
#4054=EDGE_CURVE('',#5029,#5030,#5939,.F.);
#4055=EDGE_CURVE('',#5031,#5029,#288,.T.);
#4056=EDGE_CURVE('',#5032,#5031,#5940,.T.);
#4057=EDGE_CURVE('',#5033,#5032,#5941,.T.);
#4058=EDGE_CURVE('',#5033,#5030,#5942,.T.);
#4059=EDGE_CURVE('',#5034,#5035,#5943,.F.);
#4060=EDGE_CURVE('',#5036,#5034,#289,.T.);
#4061=EDGE_CURVE('',#5037,#5036,#5944,.T.);
#4062=EDGE_CURVE('',#5038,#5037,#5945,.T.);
#4063=EDGE_CURVE('',#5038,#5035,#5946,.T.);
#4064=EDGE_CURVE('',#5039,#5040,#5947,.T.);
#4065=EDGE_CURVE('',#5039,#5041,#5948,.T.);
#4066=EDGE_CURVE('',#5041,#5042,#5949,.T.);
#4067=EDGE_CURVE('',#5043,#5042,#5950,.T.);
#4068=EDGE_CURVE('',#5040,#5043,#290,.T.);
#4069=EDGE_CURVE('',#5044,#5045,#5951,.F.);
#4070=EDGE_CURVE('',#5046,#5044,#291,.T.);
#4071=EDGE_CURVE('',#5047,#5046,#5952,.T.);
#4072=EDGE_CURVE('',#5048,#5047,#5953,.T.);
#4073=EDGE_CURVE('',#5048,#5045,#5954,.T.);
#4074=EDGE_CURVE('',#5049,#5050,#5955,.T.);
#4075=EDGE_CURVE('',#5049,#5051,#5956,.T.);
#4076=EDGE_CURVE('',#5051,#5052,#5957,.T.);
#4077=EDGE_CURVE('',#5053,#5052,#5958,.T.);
#4078=EDGE_CURVE('',#5050,#5053,#292,.T.);
#4079=EDGE_CURVE('',#5054,#5055,#5959,.F.);
#4080=EDGE_CURVE('',#5056,#5054,#293,.T.);
#4081=EDGE_CURVE('',#5057,#5056,#5960,.T.);
#4082=EDGE_CURVE('',#5058,#5057,#5961,.T.);
#4083=EDGE_CURVE('',#5058,#5055,#5962,.T.);
#4084=EDGE_CURVE('',#5059,#5060,#5963,.T.);
#4085=EDGE_CURVE('',#5059,#5061,#5964,.T.);
#4086=EDGE_CURVE('',#5061,#5062,#5965,.T.);
#4087=EDGE_CURVE('',#5063,#5062,#5966,.T.);
#4088=EDGE_CURVE('',#5060,#5063,#294,.T.);
#4089=EDGE_CURVE('',#5064,#4915,#5967,.T.);
#4090=EDGE_CURVE('',#5065,#5064,#454,.T.);
#4091=EDGE_CURVE('',#5065,#4916,#5968,.T.);
#4092=EDGE_CURVE('',#5042,#5037,#455,.T.);
#4093=EDGE_CURVE('',#5041,#5038,#456,.T.);
#4094=EDGE_CURVE('',#5052,#5047,#457,.T.);
#4095=EDGE_CURVE('',#5051,#5048,#458,.T.);
#4096=EDGE_CURVE('',#5066,#5057,#459,.T.);
#4097=EDGE_CURVE('',#5067,#5066,#5969,.T.);
#4098=EDGE_CURVE('',#5067,#5058,#460,.T.);
#4099=EDGE_CURVE('',#5027,#5066,#461,.T.);
#4100=EDGE_CURVE('',#5026,#5067,#462,.T.);
#4101=EDGE_CURVE('',#5068,#5032,#463,.T.);
#4102=EDGE_CURVE('',#5069,#5068,#5970,.T.);
#4103=EDGE_CURVE('',#5069,#5033,#464,.T.);
#4104=EDGE_CURVE('',#5062,#5068,#465,.T.);
#4105=EDGE_CURVE('',#5061,#5069,#466,.T.);
#4106=EDGE_CURVE('',#5064,#5065,#467,.T.);
#4107=EDGE_CURVE('',#5046,#5053,#468,.F.);
#4108=EDGE_CURVE('',#5050,#5044,#469,.T.);
#4109=EDGE_CURVE('',#5049,#5045,#470,.T.);
#4110=EDGE_CURVE('',#5056,#5066,#471,.F.);
#4111=EDGE_CURVE('',#5070,#5054,#472,.T.);
#4112=EDGE_CURVE('',#5070,#5066,#295,.T.);
#4113=EDGE_CURVE('',#5025,#5070,#473,.T.);
#4114=EDGE_CURVE('',#5066,#5028,#474,.F.);
#4115=EDGE_CURVE('',#5024,#5071,#475,.T.);
#4116=EDGE_CURVE('',#5071,#5070,#5971,.T.);
#4117=EDGE_CURVE('',#5071,#5055,#476,.T.);
#4118=EDGE_CURVE('',#5072,#5072,#477,.T.);
#4119=EDGE_CURVE('',#5039,#5035,#478,.T.);
#4120=EDGE_CURVE('',#5059,#5073,#479,.T.);
#4121=EDGE_CURVE('',#5073,#5030,#480,.T.);
#4122=EDGE_CURVE('',#5036,#5043,#481,.F.);
#4123=EDGE_CURVE('',#5040,#5034,#482,.T.);
#4124=EDGE_CURVE('',#5060,#5074,#483,.T.);
#4125=EDGE_CURVE('',#5068,#5063,#484,.F.);
#4126=EDGE_CURVE('',#5068,#5074,#296,.F.);
#4127=EDGE_CURVE('',#5031,#5068,#485,.F.);
#4128=EDGE_CURVE('',#5074,#5029,#486,.T.);
#4129=EDGE_CURVE('',#5073,#5074,#5972,.T.);
#4130=EDGE_CURVE('',#5075,#5075,#487,.T.);
#4131=EDGE_CURVE('',#5076,#4423,#5973,.T.);
#4132=EDGE_CURVE('',#5076,#5077,#5974,.T.);
#4133=EDGE_CURVE('',#5077,#4424,#5975,.T.);
#4134=EDGE_CURVE('',#5078,#4422,#5976,.T.);
#4135=EDGE_CURVE('',#5078,#5076,#5977,.T.);
#4136=EDGE_CURVE('',#5079,#4421,#5978,.T.);
#4137=EDGE_CURVE('',#5079,#5078,#5979,.T.);
#4138=EDGE_CURVE('',#5080,#4420,#5980,.T.);
#4139=EDGE_CURVE('',#5079,#5080,#5981,.T.);
#4140=EDGE_CURVE('',#5081,#4419,#5982,.T.);
#4141=EDGE_CURVE('',#5080,#5081,#5983,.T.);
#4142=EDGE_CURVE('',#5082,#4418,#5984,.T.);
#4143=EDGE_CURVE('',#5081,#5082,#5985,.T.);
#4144=EDGE_CURVE('',#5083,#4417,#5986,.T.);
#4145=EDGE_CURVE('',#5082,#5083,#5987,.T.);
#4146=EDGE_CURVE('',#5084,#4416,#5988,.T.);
#4147=EDGE_CURVE('',#5083,#5084,#5989,.T.);
#4148=EDGE_CURVE('',#5085,#4415,#5990,.T.);
#4149=EDGE_CURVE('',#5084,#5085,#5991,.T.);
#4150=EDGE_CURVE('',#5086,#4414,#5992,.T.);
#4151=EDGE_CURVE('',#5085,#5086,#5993,.T.);
#4152=EDGE_CURVE('',#5087,#4413,#5994,.T.);
#4153=EDGE_CURVE('',#5086,#5087,#5995,.T.);
#4154=EDGE_CURVE('',#5088,#4412,#5996,.T.);
#4155=EDGE_CURVE('',#5088,#5087,#5997,.T.);
#4156=EDGE_CURVE('',#4411,#5089,#71,.F.);
#4157=EDGE_CURVE('',#5090,#5089,#5998,.T.);
#4158=EDGE_CURVE('',#5090,#5088,#5999,.T.);
#4159=EDGE_CURVE('',#5091,#4445,#6000,.T.);
#4160=EDGE_CURVE('',#5091,#5090,#6001,.T.);
#4161=EDGE_CURVE('',#5089,#4446,#72,.F.);
#4162=EDGE_CURVE('',#5092,#4444,#6002,.T.);
#4163=EDGE_CURVE('',#5091,#5092,#6003,.T.);
#4164=EDGE_CURVE('',#5093,#4443,#6004,.T.);
#4165=EDGE_CURVE('',#5092,#5093,#6005,.T.);
#4166=EDGE_CURVE('',#5094,#4442,#6006,.T.);
#4167=EDGE_CURVE('',#5093,#5094,#6007,.T.);
#4168=EDGE_CURVE('',#5095,#4441,#6008,.T.);
#4169=EDGE_CURVE('',#5094,#5095,#6009,.T.);
#4170=EDGE_CURVE('',#5096,#4440,#6010,.T.);
#4171=EDGE_CURVE('',#5095,#5096,#6011,.T.);
#4172=EDGE_CURVE('',#5097,#4439,#6012,.T.);
#4173=EDGE_CURVE('',#5096,#5097,#6013,.T.);
#4174=EDGE_CURVE('',#5098,#4438,#6014,.T.);
#4175=EDGE_CURVE('',#5097,#5098,#6015,.T.);
#4176=EDGE_CURVE('',#5099,#4437,#6016,.T.);
#4177=EDGE_CURVE('',#5098,#5099,#6017,.T.);
#4178=EDGE_CURVE('',#5100,#4436,#6018,.T.);
#4179=EDGE_CURVE('',#5099,#5100,#6019,.T.);
#4180=EDGE_CURVE('',#5101,#4435,#6020,.T.);
#4181=EDGE_CURVE('',#5100,#5101,#6021,.T.);
#4182=EDGE_CURVE('',#5102,#4434,#6022,.T.);
#4183=EDGE_CURVE('',#5101,#5102,#6023,.T.);
#4184=EDGE_CURVE('',#5103,#4433,#6024,.T.);
#4185=EDGE_CURVE('',#5102,#5103,#6025,.T.);
#4186=EDGE_CURVE('',#5104,#4432,#6026,.T.);
#4187=EDGE_CURVE('',#5103,#5104,#6027,.T.);
#4188=EDGE_CURVE('',#5105,#4431,#6028,.T.);
#4189=EDGE_CURVE('',#5104,#5105,#6029,.T.);
#4190=EDGE_CURVE('',#5106,#4430,#6030,.T.);
#4191=EDGE_CURVE('',#5105,#5106,#6031,.T.);
#4192=EDGE_CURVE('',#5107,#4429,#6032,.T.);
#4193=EDGE_CURVE('',#5106,#5107,#6033,.T.);
#4194=EDGE_CURVE('',#5108,#4428,#6034,.T.);
#4195=EDGE_CURVE('',#5107,#5108,#6035,.T.);
#4196=EDGE_CURVE('',#5109,#4427,#6036,.T.);
#4197=EDGE_CURVE('',#5108,#5109,#6037,.T.);
#4198=EDGE_CURVE('',#5110,#4426,#6038,.T.);
#4199=EDGE_CURVE('',#5109,#5110,#6039,.T.);
#4200=EDGE_CURVE('',#5111,#4425,#6040,.T.);
#4201=EDGE_CURVE('',#5110,#5111,#6041,.T.);
#4202=EDGE_CURVE('',#5111,#5077,#6042,.T.);
#4203=EDGE_CURVE('',#4720,#4717,#488,.T.);
#4204=EDGE_CURVE('',#4718,#4719,#489,.F.);
#4205=EDGE_CURVE('',#4718,#4602,#490,.T.);
#4206=EDGE_CURVE('',#4698,#4717,#491,.T.);
#4207=EDGE_CURVE('',#4711,#4801,#73,.F.);
#4208=EDGE_CURVE('',#4699,#4716,#492,.T.);
#4209=EDGE_CURVE('',#4712,#4800,#74,.F.);
#4210=EDGE_CURVE('',#4721,#4716,#493,.F.);
#4211=EDGE_CURVE('',#4713,#4795,#75,.T.);
#4212=EDGE_CURVE('',#4722,#4715,#494,.F.);
#4213=EDGE_CURVE('',#4714,#4794,#76,.F.);
#4214=EDGE_CURVE('',#4595,#4715,#495,.T.);
#4215=EDGE_CURVE('',#4728,#4733,#496,.F.);
#4216=EDGE_CURVE('',#4734,#4727,#497,.T.);
#4217=EDGE_CURVE('',#4561,#4733,#498,.T.);
#4218=EDGE_CURVE('',#4734,#4680,#499,.T.);
#4219=EDGE_CURVE('',#4819,#4732,#77,.T.);
#4220=EDGE_CURVE('',#4735,#4679,#500,.T.);
#4221=EDGE_CURVE('',#4820,#4731,#78,.F.);
#4222=EDGE_CURVE('',#4735,#4726,#501,.F.);
#4223=EDGE_CURVE('',#4823,#4730,#79,.T.);
#4224=EDGE_CURVE('',#4736,#4725,#502,.F.);
#4225=EDGE_CURVE('',#4824,#4729,#80,.T.);
#4226=EDGE_CURVE('',#4736,#4568,#503,.T.);
#4227=EDGE_CURVE('',#4407,#4875,#504,.T.);
#4228=EDGE_CURVE('',#4876,#4451,#505,.T.);
#4229=EDGE_CURVE('',#4884,#4875,#506,.T.);
#4230=EDGE_CURVE('',#4884,#4408,#297,.F.);
#4231=EDGE_CURVE('',#4876,#4904,#507,.F.);
#4232=EDGE_CURVE('',#4904,#4451,#508,.F.);
#4233=EDGE_CURVE('',#4878,#4885,#81,.T.);
#4234=EDGE_CURVE('',#4450,#4905,#509,.F.);
#4235=EDGE_CURVE('',#4877,#4907,#510,.F.);
#4236=EDGE_CURVE('',#4485,#5112,#82,.F.);
#4237=EDGE_CURVE('',#5112,#4878,#83,.F.);
#4238=EDGE_CURVE('',#4486,#4877,#511,.T.);
#4239=EDGE_CURVE('',#4905,#4901,#512,.T.);
#4240=EDGE_CURVE('',#4906,#4900,#513,.F.);
#4241=EDGE_CURVE('',#4487,#4907,#514,.F.);
#4242=EDGE_CURVE('',#4900,#4489,#515,.F.);
#4243=EDGE_CURVE('',#4906,#4488,#516,.T.);
#4244=EDGE_CURVE('',#4490,#4903,#517,.T.);
#4245=EDGE_CURVE('',#4896,#5113,#84,.T.);
#4246=EDGE_CURVE('',#5113,#4492,#85,.F.);
#4247=EDGE_CURVE('',#4897,#4491,#518,.T.);
#4248=EDGE_CURVE('',#4892,#4896,#86,.F.);
#4249=EDGE_CURVE('',#4893,#4899,#519,.F.);
#4250=EDGE_CURVE('',#4897,#4903,#520,.T.);
#4251=EDGE_CURVE('',#4447,#4893,#298,.T.);
#4252=EDGE_CURVE('',#4448,#4899,#521,.T.);
#4253=EDGE_CURVE('',#4898,#4902,#522,.T.);
#4254=EDGE_CURVE('',#4449,#4898,#523,.T.);
#4255=EDGE_CURVE('',#4449,#4902,#524,.F.);
#4256=EDGE_CURVE('',#4450,#4901,#525,.T.);
#4257=EDGE_CURVE('',#4894,#4447,#526,.T.);
#4258=EDGE_CURVE('',#5113,#4892,#527,.T.);
#4259=EDGE_CURVE('',#4895,#4410,#528,.T.);
#4260=EDGE_CURVE('',#4492,#4891,#529,.T.);
#4261=EDGE_CURVE('',#4886,#4410,#530,.F.);
#4262=EDGE_CURVE('',#4895,#4886,#531,.F.);
#4263=EDGE_CURVE('',#4890,#4889,#532,.F.);
#4264=EDGE_CURVE('',#4493,#4890,#533,.T.);
#4265=EDGE_CURVE('',#4409,#4887,#87,.T.);
#4266=EDGE_CURVE('',#4494,#4889,#534,.F.);
#4267=EDGE_CURVE('',#4887,#4882,#88,.F.);
#4268=EDGE_CURVE('',#4888,#4881,#535,.F.);
#4269=EDGE_CURVE('',#4483,#4888,#536,.T.);
#4270=EDGE_CURVE('',#4881,#4484,#299,.F.);
#4271=EDGE_CURVE('',#4484,#4880,#537,.T.);
#4272=EDGE_CURVE('',#4485,#4879,#538,.T.);
#4273=EDGE_CURVE('',#5112,#4885,#539,.T.);
#4274=EDGE_CURVE('',#4408,#4883,#540,.T.);
#4275=EDGE_CURVE('',#4409,#4882,#541,.T.);
#4276=EDGE_CURVE('',#5114,#4472,#6043,.T.);
#4277=EDGE_CURVE('',#5114,#5115,#6044,.T.);
#4278=EDGE_CURVE('',#5115,#4473,#6045,.T.);
#4279=EDGE_CURVE('',#5116,#4482,#6046,.T.);
#4280=EDGE_CURVE('',#5114,#5116,#6047,.T.);
#4281=EDGE_CURVE('',#5117,#4481,#6048,.T.);
#4282=EDGE_CURVE('',#5116,#5117,#6049,.T.);
#4283=EDGE_CURVE('',#5118,#4480,#6050,.T.);
#4284=EDGE_CURVE('',#5117,#5118,#6051,.T.);
#4285=EDGE_CURVE('',#5119,#4479,#6052,.T.);
#4286=EDGE_CURVE('',#5118,#5119,#6053,.T.);
#4287=EDGE_CURVE('',#5120,#4478,#6054,.T.);
#4288=EDGE_CURVE('',#5119,#5120,#6055,.T.);
#4289=EDGE_CURVE('',#5121,#4477,#6056,.T.);
#4290=EDGE_CURVE('',#5121,#5120,#6057,.T.);
#4291=EDGE_CURVE('',#5122,#4476,#6058,.T.);
#4292=EDGE_CURVE('',#5122,#5121,#6059,.T.);
#4293=EDGE_CURVE('',#5123,#4475,#6060,.T.);
#4294=EDGE_CURVE('',#5123,#5122,#6061,.T.);
#4295=EDGE_CURVE('',#5124,#4474,#6062,.T.);
#4296=EDGE_CURVE('',#5124,#5123,#6063,.T.);
#4297=EDGE_CURVE('',#5115,#5124,#6064,.T.);
#4298=EDGE_CURVE('',#5125,#5125,#542,.T.);
#4299=EDGE_CURVE('',#5126,#5126,#543,.T.);
#4300=EDGE_CURVE('',#5127,#5127,#544,.T.);
#4301=EDGE_CURVE('',#5128,#5128,#545,.T.);
#4302=VERTEX_POINT('',#12726);
#4303=VERTEX_POINT('',#12727);
#4304=VERTEX_POINT('',#12729);
#4305=VERTEX_POINT('',#12731);
#4306=VERTEX_POINT('',#12735);
#4307=VERTEX_POINT('',#12736);
#4308=VERTEX_POINT('',#12738);
#4309=VERTEX_POINT('',#12740);
#4310=VERTEX_POINT('',#12744);
#4311=VERTEX_POINT('',#12745);
#4312=VERTEX_POINT('',#12747);
#4313=VERTEX_POINT('',#12749);
#4314=VERTEX_POINT('',#12753);
#4315=VERTEX_POINT('',#12754);
#4316=VERTEX_POINT('',#12756);
#4317=VERTEX_POINT('',#12758);
#4318=VERTEX_POINT('',#12762);
#4319=VERTEX_POINT('',#12764);
#4320=VERTEX_POINT('',#12768);
#4321=VERTEX_POINT('',#12769);
#4322=VERTEX_POINT('',#12771);
#4323=VERTEX_POINT('',#12773);
#4324=VERTEX_POINT('',#12777);
#4325=VERTEX_POINT('',#12778);
#4326=VERTEX_POINT('',#12780);
#4327=VERTEX_POINT('',#12782);
#4328=VERTEX_POINT('',#12786);
#4329=VERTEX_POINT('',#12787);
#4330=VERTEX_POINT('',#12789);
#4331=VERTEX_POINT('',#12791);
#4332=VERTEX_POINT('',#12795);
#4333=VERTEX_POINT('',#12797);
#4334=VERTEX_POINT('',#12801);
#4335=VERTEX_POINT('',#12802);
#4336=VERTEX_POINT('',#12804);
#4337=VERTEX_POINT('',#12806);
#4338=VERTEX_POINT('',#12810);
#4339=VERTEX_POINT('',#12811);
#4340=VERTEX_POINT('',#12813);
#4341=VERTEX_POINT('',#12815);
#4342=VERTEX_POINT('',#12819);
#4343=VERTEX_POINT('',#12821);
#4344=VERTEX_POINT('',#12825);
#4345=VERTEX_POINT('',#12826);
#4346=VERTEX_POINT('',#12828);
#4347=VERTEX_POINT('',#12830);
#4348=VERTEX_POINT('',#12834);
#4349=VERTEX_POINT('',#12835);
#4350=VERTEX_POINT('',#12837);
#4351=VERTEX_POINT('',#12839);
#4352=VERTEX_POINT('',#12843);
#4353=VERTEX_POINT('',#12845);
#4354=VERTEX_POINT('',#12849);
#4355=VERTEX_POINT('',#12851);
#4356=VERTEX_POINT('',#12855);
#4357=VERTEX_POINT('',#12856);
#4358=VERTEX_POINT('',#12858);
#4359=VERTEX_POINT('',#12860);
#4360=VERTEX_POINT('',#12864);
#4361=VERTEX_POINT('',#12865);
#4362=VERTEX_POINT('',#12867);
#4363=VERTEX_POINT('',#12869);
#4364=VERTEX_POINT('',#12873);
#4365=VERTEX_POINT('',#12875);
#4366=VERTEX_POINT('',#12879);
#4367=VERTEX_POINT('',#12881);
#4368=VERTEX_POINT('',#12885);
#4369=VERTEX_POINT('',#12887);
#4370=VERTEX_POINT('',#12891);
#4371=VERTEX_POINT('',#12893);
#4372=VERTEX_POINT('',#12897);
#4373=VERTEX_POINT('',#12899);
#4374=VERTEX_POINT('',#12903);
#4375=VERTEX_POINT('',#12905);
#4376=VERTEX_POINT('',#12909);
#4377=VERTEX_POINT('',#12911);
#4378=VERTEX_POINT('',#12913);
#4379=VERTEX_POINT('',#12915);
#4380=VERTEX_POINT('',#12919);
#4381=VERTEX_POINT('',#12921);
#4382=VERTEX_POINT('',#12925);
#4383=VERTEX_POINT('',#12927);
#4384=VERTEX_POINT('',#12931);
#4385=VERTEX_POINT('',#12933);
#4386=VERTEX_POINT('',#12935);
#4387=VERTEX_POINT('',#12939);
#4388=VERTEX_POINT('',#12941);
#4389=VERTEX_POINT('',#12945);
#4390=VERTEX_POINT('',#12947);
#4391=VERTEX_POINT('',#12951);
#4392=VERTEX_POINT('',#12952);
#4393=VERTEX_POINT('',#12954);
#4394=VERTEX_POINT('',#12956);
#4395=VERTEX_POINT('',#12959);
#4396=VERTEX_POINT('',#12960);
#4397=VERTEX_POINT('',#12962);
#4398=VERTEX_POINT('',#12964);
#4399=VERTEX_POINT('',#12966);
#4400=VERTEX_POINT('',#12968);
#4401=VERTEX_POINT('',#12970);
#4402=VERTEX_POINT('',#12972);
#4403=VERTEX_POINT('',#12974);
#4404=VERTEX_POINT('',#12976);
#4405=VERTEX_POINT('',#12978);
#4406=VERTEX_POINT('',#12980);
#4407=VERTEX_POINT('',#12984);
#4408=VERTEX_POINT('',#12985);
#4409=VERTEX_POINT('',#12987);
#4410=VERTEX_POINT('',#12989);
#4411=VERTEX_POINT('',#12991);
#4412=VERTEX_POINT('',#12993);
#4413=VERTEX_POINT('',#12995);
#4414=VERTEX_POINT('',#12997);
#4415=VERTEX_POINT('',#12999);
#4416=VERTEX_POINT('',#13001);
#4417=VERTEX_POINT('',#13003);
#4418=VERTEX_POINT('',#13005);
#4419=VERTEX_POINT('',#13007);
#4420=VERTEX_POINT('',#13009);
#4421=VERTEX_POINT('',#13011);
#4422=VERTEX_POINT('',#13013);
#4423=VERTEX_POINT('',#13015);
#4424=VERTEX_POINT('',#13017);
#4425=VERTEX_POINT('',#13019);
#4426=VERTEX_POINT('',#13021);
#4427=VERTEX_POINT('',#13023);
#4428=VERTEX_POINT('',#13025);
#4429=VERTEX_POINT('',#13027);
#4430=VERTEX_POINT('',#13029);
#4431=VERTEX_POINT('',#13031);
#4432=VERTEX_POINT('',#13033);
#4433=VERTEX_POINT('',#13035);
#4434=VERTEX_POINT('',#13037);
#4435=VERTEX_POINT('',#13039);
#4436=VERTEX_POINT('',#13041);
#4437=VERTEX_POINT('',#13043);
#4438=VERTEX_POINT('',#13045);
#4439=VERTEX_POINT('',#13047);
#4440=VERTEX_POINT('',#13049);
#4441=VERTEX_POINT('',#13051);
#4442=VERTEX_POINT('',#13053);
#4443=VERTEX_POINT('',#13055);
#4444=VERTEX_POINT('',#13057);
#4445=VERTEX_POINT('',#13059);
#4446=VERTEX_POINT('',#13061);
#4447=VERTEX_POINT('',#13063);
#4448=VERTEX_POINT('',#13065);
#4449=VERTEX_POINT('',#13067);
#4450=VERTEX_POINT('',#13069);
#4451=VERTEX_POINT('',#13071);
#4452=VERTEX_POINT('',#13074);
#4453=VERTEX_POINT('',#13075);
#4454=VERTEX_POINT('',#13077);
#4455=VERTEX_POINT('',#13079);
#4456=VERTEX_POINT('',#13081);
#4457=VERTEX_POINT('',#13083);
#4458=VERTEX_POINT('',#13085);
#4459=VERTEX_POINT('',#13087);
#4460=VERTEX_POINT('',#13090);
#4461=VERTEX_POINT('',#13091);
#4462=VERTEX_POINT('',#13093);
#4463=VERTEX_POINT('',#13095);
#4464=VERTEX_POINT('',#13097);
#4465=VERTEX_POINT('',#13099);
#4466=VERTEX_POINT('',#13101);
#4467=VERTEX_POINT('',#13103);
#4468=VERTEX_POINT('',#13105);
#4469=VERTEX_POINT('',#13107);
#4470=VERTEX_POINT('',#13109);
#4471=VERTEX_POINT('',#13111);
#4472=VERTEX_POINT('',#13115);
#4473=VERTEX_POINT('',#13116);
#4474=VERTEX_POINT('',#13118);
#4475=VERTEX_POINT('',#13120);
#4476=VERTEX_POINT('',#13122);
#4477=VERTEX_POINT('',#13124);
#4478=VERTEX_POINT('',#13126);
#4479=VERTEX_POINT('',#13128);
#4480=VERTEX_POINT('',#13130);
#4481=VERTEX_POINT('',#13132);
#4482=VERTEX_POINT('',#13134);
#4483=VERTEX_POINT('',#13137);
#4484=VERTEX_POINT('',#13138);
#4485=VERTEX_POINT('',#13140);
#4486=VERTEX_POINT('',#13142);
#4487=VERTEX_POINT('',#13144);
#4488=VERTEX_POINT('',#13146);
#4489=VERTEX_POINT('',#13148);
#4490=VERTEX_POINT('',#13150);
#4491=VERTEX_POINT('',#13152);
#4492=VERTEX_POINT('',#13154);
#4493=VERTEX_POINT('',#13156);
#4494=VERTEX_POINT('',#13158);
#4495=VERTEX_POINT('',#13161);
#4496=VERTEX_POINT('',#13162);
#4497=VERTEX_POINT('',#13164);
#4498=VERTEX_POINT('',#13166);
#4499=VERTEX_POINT('',#13168);
#4500=VERTEX_POINT('',#13170);
#4501=VERTEX_POINT('',#13173);
#4502=VERTEX_POINT('',#13174);
#4503=VERTEX_POINT('',#13176);
#4504=VERTEX_POINT('',#13178);
#4505=VERTEX_POINT('',#13180);
#4506=VERTEX_POINT('',#13182);
#4507=VERTEX_POINT('',#13185);
#4508=VERTEX_POINT('',#13186);
#4509=VERTEX_POINT('',#13188);
#4510=VERTEX_POINT('',#13190);
#4511=VERTEX_POINT('',#13192);
#4512=VERTEX_POINT('',#13194);
#4513=VERTEX_POINT('',#13197);
#4514=VERTEX_POINT('',#13198);
#4515=VERTEX_POINT('',#13200);
#4516=VERTEX_POINT('',#13202);
#4517=VERTEX_POINT('',#13204);
#4518=VERTEX_POINT('',#13206);
#4519=VERTEX_POINT('',#13208);
#4520=VERTEX_POINT('',#13210);
#4521=VERTEX_POINT('',#13212);
#4522=VERTEX_POINT('',#13214);
#4523=VERTEX_POINT('',#13216);
#4524=VERTEX_POINT('',#13218);
#4525=VERTEX_POINT('',#13221);
#4526=VERTEX_POINT('',#13222);
#4527=VERTEX_POINT('',#13224);
#4528=VERTEX_POINT('',#13226);
#4529=VERTEX_POINT('',#13228);
#4530=VERTEX_POINT('',#13230);
#4531=VERTEX_POINT('',#13232);
#4532=VERTEX_POINT('',#13234);
#4533=VERTEX_POINT('',#13236);
#4534=VERTEX_POINT('',#13238);
#4535=VERTEX_POINT('',#13241);
#4536=VERTEX_POINT('',#13242);
#4537=VERTEX_POINT('',#13244);
#4538=VERTEX_POINT('',#13246);
#4539=VERTEX_POINT('',#13248);
#4540=VERTEX_POINT('',#13250);
#4541=VERTEX_POINT('',#13252);
#4542=VERTEX_POINT('',#13254);
#4543=VERTEX_POINT('',#13256);
#4544=VERTEX_POINT('',#13258);
#4545=VERTEX_POINT('',#13261);
#4546=VERTEX_POINT('',#13262);
#4547=VERTEX_POINT('',#13265);
#4548=VERTEX_POINT('',#13266);
#4549=VERTEX_POINT('',#13268);
#4550=VERTEX_POINT('',#13270);
#4551=VERTEX_POINT('',#13272);
#4552=VERTEX_POINT('',#13274);
#4553=VERTEX_POINT('',#13276);
#4554=VERTEX_POINT('',#13278);
#4555=VERTEX_POINT('',#13280);
#4556=VERTEX_POINT('',#13282);
#4557=VERTEX_POINT('',#13284);
#4558=VERTEX_POINT('',#13286);
#4559=VERTEX_POINT('',#13289);
#4560=VERTEX_POINT('',#13290);
#4561=VERTEX_POINT('',#13292);
#4562=VERTEX_POINT('',#13294);
#4563=VERTEX_POINT('',#13296);
#4564=VERTEX_POINT('',#13298);
#4565=VERTEX_POINT('',#13300);
#4566=VERTEX_POINT('',#13302);
#4567=VERTEX_POINT('',#13304);
#4568=VERTEX_POINT('',#13306);
#4569=VERTEX_POINT('',#13308);
#4570=VERTEX_POINT('',#13310);
#4571=VERTEX_POINT('',#13312);
#4572=VERTEX_POINT('',#13314);
#4573=VERTEX_POINT('',#13316);
#4574=VERTEX_POINT('',#13318);
#4575=VERTEX_POINT('',#13320);
#4576=VERTEX_POINT('',#13322);
#4577=VERTEX_POINT('',#13324);
#4578=VERTEX_POINT('',#13326);
#4579=VERTEX_POINT('',#13328);
#4580=VERTEX_POINT('',#13330);
#4581=VERTEX_POINT('',#13332);
#4582=VERTEX_POINT('',#13334);
#4583=VERTEX_POINT('',#13336);
#4584=VERTEX_POINT('',#13338);
#4585=VERTEX_POINT('',#13340);
#4586=VERTEX_POINT('',#13342);
#4587=VERTEX_POINT('',#13344);
#4588=VERTEX_POINT('',#13346);
#4589=VERTEX_POINT('',#13348);
#4590=VERTEX_POINT('',#13350);
#4591=VERTEX_POINT('',#13352);
#4592=VERTEX_POINT('',#13354);
#4593=VERTEX_POINT('',#13356);
#4594=VERTEX_POINT('',#13358);
#4595=VERTEX_POINT('',#13360);
#4596=VERTEX_POINT('',#13362);
#4597=VERTEX_POINT('',#13364);
#4598=VERTEX_POINT('',#13366);
#4599=VERTEX_POINT('',#13368);
#4600=VERTEX_POINT('',#13370);
#4601=VERTEX_POINT('',#13372);
#4602=VERTEX_POINT('',#13374);
#4603=VERTEX_POINT('',#13376);
#4604=VERTEX_POINT('',#13378);
#4605=VERTEX_POINT('',#13380);
#4606=VERTEX_POINT('',#13382);
#4607=VERTEX_POINT('',#13384);
#4608=VERTEX_POINT('',#13386);
#4609=VERTEX_POINT('',#13388);
#4610=VERTEX_POINT('',#13390);
#4611=VERTEX_POINT('',#13392);
#4612=VERTEX_POINT('',#13394);
#4613=VERTEX_POINT('',#13396);
#4614=VERTEX_POINT('',#13398);
#4615=VERTEX_POINT('',#13400);
#4616=VERTEX_POINT('',#13402);
#4617=VERTEX_POINT('',#13404);
#4618=VERTEX_POINT('',#13407);
#4619=VERTEX_POINT('',#13408);
#4620=VERTEX_POINT('',#13410);
#4621=VERTEX_POINT('',#13412);
#4622=VERTEX_POINT('',#13414);
#4623=VERTEX_POINT('',#13416);
#4624=VERTEX_POINT('',#13419);
#4625=VERTEX_POINT('',#13420);
#4626=VERTEX_POINT('',#13422);
#4627=VERTEX_POINT('',#13424);
#4628=VERTEX_POINT('',#13427);
#4629=VERTEX_POINT('',#13428);
#4630=VERTEX_POINT('',#13430);
#4631=VERTEX_POINT('',#13432);
#4632=VERTEX_POINT('',#13434);
#4633=VERTEX_POINT('',#13436);
#4634=VERTEX_POINT('',#13438);
#4635=VERTEX_POINT('',#13442);
#4636=VERTEX_POINT('',#13444);
#4637=VERTEX_POINT('',#13447);
#4638=VERTEX_POINT('',#13448);
#4639=VERTEX_POINT('',#13450);
#4640=VERTEX_POINT('',#13454);
#4641=VERTEX_POINT('',#13456);
#4642=VERTEX_POINT('',#13460);
#4643=VERTEX_POINT('',#13462);
#4644=VERTEX_POINT('',#13466);
#4645=VERTEX_POINT('',#13468);
#4646=VERTEX_POINT('',#13472);
#4647=VERTEX_POINT('',#13474);
#4648=VERTEX_POINT('',#13478);
#4649=VERTEX_POINT('',#13480);
#4650=VERTEX_POINT('',#13483);
#4651=VERTEX_POINT('',#13485);
#4652=VERTEX_POINT('',#13488);
#4653=VERTEX_POINT('',#13490);
#4654=VERTEX_POINT('',#13493);
#4655=VERTEX_POINT('',#13495);
#4656=VERTEX_POINT('',#13498);
#4657=VERTEX_POINT('',#13500);
#4658=VERTEX_POINT('',#13503);
#4659=VERTEX_POINT('',#13504);
#4660=VERTEX_POINT('',#13509);
#4661=VERTEX_POINT('',#13510);
#4662=VERTEX_POINT('',#13513);
#4663=VERTEX_POINT('',#13515);
#4664=VERTEX_POINT('',#13519);
#4665=VERTEX_POINT('',#13523);
#4666=VERTEX_POINT('',#13528);
#4667=VERTEX_POINT('',#13530);
#4668=VERTEX_POINT('',#13532);
#4669=VERTEX_POINT('',#13534);
#4670=VERTEX_POINT('',#13536);
#4671=VERTEX_POINT('',#13537);
#4672=VERTEX_POINT('',#13539);
#4673=VERTEX_POINT('',#13541);
#4674=VERTEX_POINT('',#13543);
#4675=VERTEX_POINT('',#13545);
#4676=VERTEX_POINT('',#13547);
#4677=VERTEX_POINT('',#13549);
#4678=VERTEX_POINT('',#13551);
#4679=VERTEX_POINT('',#13553);
#4680=VERTEX_POINT('',#13555);
#4681=VERTEX_POINT('',#13557);
#4682=VERTEX_POINT('',#13559);
#4683=VERTEX_POINT('',#13561);
#4684=VERTEX_POINT('',#13563);
#4685=VERTEX_POINT('',#13565);
#4686=VERTEX_POINT('',#13567);
#4687=VERTEX_POINT('',#13569);
#4688=VERTEX_POINT('',#13571);
#4689=VERTEX_POINT('',#13573);
#4690=VERTEX_POINT('',#13575);
#4691=VERTEX_POINT('',#13577);
#4692=VERTEX_POINT('',#13579);
#4693=VERTEX_POINT('',#13581);
#4694=VERTEX_POINT('',#13584);
#4695=VERTEX_POINT('',#13586);
#4696=VERTEX_POINT('',#13588);
#4697=VERTEX_POINT('',#13590);
#4698=VERTEX_POINT('',#13592);
#4699=VERTEX_POINT('',#13594);
#4700=VERTEX_POINT('',#13596);
#4701=VERTEX_POINT('',#13598);
#4702=VERTEX_POINT('',#13605);
#4703=VERTEX_POINT('',#13606);
#4704=VERTEX_POINT('',#13621);
#4705=VERTEX_POINT('',#13623);
#4706=VERTEX_POINT('',#13653);
#4707=VERTEX_POINT('',#13656);
#4708=VERTEX_POINT('',#13659);
#4709=VERTEX_POINT('',#13662);
#4710=VERTEX_POINT('',#13667);
#4711=VERTEX_POINT('',#13671);
#4712=VERTEX_POINT('',#13672);
#4713=VERTEX_POINT('',#13674);
#4714=VERTEX_POINT('',#13676);
#4715=VERTEX_POINT('',#13678);
#4716=VERTEX_POINT('',#13680);
#4717=VERTEX_POINT('',#13682);
#4718=VERTEX_POINT('',#13684);
#4719=VERTEX_POINT('',#13691);
#4720=VERTEX_POINT('',#13693);
#4721=VERTEX_POINT('',#13700);
#4722=VERTEX_POINT('',#13701);
#4723=VERTEX_POINT('',#13712);
#4724=VERTEX_POINT('',#13716);
#4725=VERTEX_POINT('',#13723);
#4726=VERTEX_POINT('',#13725);
#4727=VERTEX_POINT('',#13732);
#4728=VERTEX_POINT('',#13733);
#4729=VERTEX_POINT('',#13744);
#4730=VERTEX_POINT('',#13745);
#4731=VERTEX_POINT('',#13747);
#4732=VERTEX_POINT('',#13749);
#4733=VERTEX_POINT('',#13751);
#4734=VERTEX_POINT('',#13753);
#4735=VERTEX_POINT('',#13755);
#4736=VERTEX_POINT('',#13757);
#4737=VERTEX_POINT('',#13772);
#4738=VERTEX_POINT('',#13779);
#4739=VERTEX_POINT('',#13781);
#4740=VERTEX_POINT('',#13787);
#4741=VERTEX_POINT('',#13788);
#4742=VERTEX_POINT('',#13790);
#4743=VERTEX_POINT('',#13793);
#4744=VERTEX_POINT('',#13794);
#4745=VERTEX_POINT('',#13796);
#4746=VERTEX_POINT('',#13799);
#4747=VERTEX_POINT('',#13802);
#4748=VERTEX_POINT('',#13804);
#4749=VERTEX_POINT('',#13807);
#4750=VERTEX_POINT('',#13811);
#4751=VERTEX_POINT('',#13814);
#4752=VERTEX_POINT('',#13818);
#4753=VERTEX_POINT('',#13820);
#4754=VERTEX_POINT('',#13824);
#4755=VERTEX_POINT('',#13828);
#4756=VERTEX_POINT('',#13832);
#4757=VERTEX_POINT('',#13836);
#4758=VERTEX_POINT('',#13840);
#4759=VERTEX_POINT('',#13844);
#4760=VERTEX_POINT('',#13848);
#4761=VERTEX_POINT('',#13852);
#4762=VERTEX_POINT('',#13856);
#4763=VERTEX_POINT('',#13860);
#4764=VERTEX_POINT('',#13867);
#4765=VERTEX_POINT('',#13869);
#4766=VERTEX_POINT('',#13873);
#4767=VERTEX_POINT('',#13880);
#4768=VERTEX_POINT('',#13882);
#4769=VERTEX_POINT('',#13886);
#4770=VERTEX_POINT('',#13893);
#4771=VERTEX_POINT('',#13895);
#4772=VERTEX_POINT('',#13899);
#4773=VERTEX_POINT('',#13903);
#4774=VERTEX_POINT('',#13907);
#4775=VERTEX_POINT('',#13911);
#4776=VERTEX_POINT('',#13915);
#4777=VERTEX_POINT('',#13919);
#4778=VERTEX_POINT('',#13923);
#4779=VERTEX_POINT('',#13927);
#4780=VERTEX_POINT('',#13934);
#4781=VERTEX_POINT('',#13936);
#4782=VERTEX_POINT('',#13940);
#4783=VERTEX_POINT('',#13944);
#4784=VERTEX_POINT('',#13948);
#4785=VERTEX_POINT('',#13952);
#4786=VERTEX_POINT('',#13956);
#4787=VERTEX_POINT('',#13960);
#4788=VERTEX_POINT('',#13962);
#4789=VERTEX_POINT('',#13967);
#4790=VERTEX_POINT('',#13971);
#4791=VERTEX_POINT('',#13975);
#4792=VERTEX_POINT('',#13979);
#4793=VERTEX_POINT('',#13985);
#4794=VERTEX_POINT('',#13989);
#4795=VERTEX_POINT('',#13990);
#4796=VERTEX_POINT('',#13992);
#4797=VERTEX_POINT('',#13994);
#4798=VERTEX_POINT('',#13999);
#4799=VERTEX_POINT('',#14000);
#4800=VERTEX_POINT('',#14002);
#4801=VERTEX_POINT('',#14004);
#4802=VERTEX_POINT('',#14009);
#4803=VERTEX_POINT('',#14013);
#4804=VERTEX_POINT('',#14019);
#4805=VERTEX_POINT('',#14023);
#4806=VERTEX_POINT('',#14025);
#4807=VERTEX_POINT('',#14029);
#4808=VERTEX_POINT('',#14033);
#4809=VERTEX_POINT('',#14037);
#4810=VERTEX_POINT('',#14041);
#4811=VERTEX_POINT('',#14045);
#4812=VERTEX_POINT('',#14049);
#4813=VERTEX_POINT('',#14053);
#4814=VERTEX_POINT('',#14057);
#4815=VERTEX_POINT('',#14064);
#4816=VERTEX_POINT('',#14066);
#4817=VERTEX_POINT('',#14070);
#4818=VERTEX_POINT('',#14074);
#4819=VERTEX_POINT('',#14078);
#4820=VERTEX_POINT('',#14079);
#4821=VERTEX_POINT('',#14081);
#4822=VERTEX_POINT('',#14086);
#4823=VERTEX_POINT('',#14088);
#4824=VERTEX_POINT('',#14090);
#4825=VERTEX_POINT('',#14094);
#4826=VERTEX_POINT('',#14098);
#4827=VERTEX_POINT('',#14100);
#4828=VERTEX_POINT('',#14104);
#4829=VERTEX_POINT('',#14108);
#4830=VERTEX_POINT('',#14112);
#4831=VERTEX_POINT('',#14116);
#4832=VERTEX_POINT('',#14120);
#4833=VERTEX_POINT('',#14124);
#4834=VERTEX_POINT('',#14128);
#4835=VERTEX_POINT('',#14132);
#4836=VERTEX_POINT('',#14136);
#4837=VERTEX_POINT('',#14140);
#4838=VERTEX_POINT('',#14146);
#4839=VERTEX_POINT('',#14149);
#4840=VERTEX_POINT('',#14151);
#4841=VERTEX_POINT('',#14155);
#4842=VERTEX_POINT('',#14159);
#4843=VERTEX_POINT('',#14163);
#4844=VERTEX_POINT('',#14167);
#4845=VERTEX_POINT('',#14171);
#4846=VERTEX_POINT('',#14176);
#4847=VERTEX_POINT('',#14179);
#4848=VERTEX_POINT('',#14181);
#4849=VERTEX_POINT('',#14185);
#4850=VERTEX_POINT('',#14189);
#4851=VERTEX_POINT('',#14193);
#4852=VERTEX_POINT('',#14197);
#4853=VERTEX_POINT('',#14204);
#4854=VERTEX_POINT('',#14208);
#4855=VERTEX_POINT('',#14220);
#4856=VERTEX_POINT('',#14227);
#4857=VERTEX_POINT('',#14229);
#4858=VERTEX_POINT('',#14233);
#4859=VERTEX_POINT('',#14237);
#4860=VERTEX_POINT('',#14241);
#4861=VERTEX_POINT('',#14245);
#4862=VERTEX_POINT('',#14252);
#4863=VERTEX_POINT('',#14255);
#4864=VERTEX_POINT('',#14258);
#4865=VERTEX_POINT('',#14262);
#4866=VERTEX_POINT('',#14265);
#4867=VERTEX_POINT('',#14269);
#4868=VERTEX_POINT('',#14272);
#4869=VERTEX_POINT('',#14276);
#4870=VERTEX_POINT('',#14279);
#4871=VERTEX_POINT('',#14283);
#4872=VERTEX_POINT('',#14287);
#4873=VERTEX_POINT('',#14291);
#4874=VERTEX_POINT('',#14295);
#4875=VERTEX_POINT('',#14299);
#4876=VERTEX_POINT('',#14300);
#4877=VERTEX_POINT('',#14302);
#4878=VERTEX_POINT('',#14304);
#4879=VERTEX_POINT('',#14308);
#4880=VERTEX_POINT('',#14309);
#4881=VERTEX_POINT('',#14314);
#4882=VERTEX_POINT('',#14316);
#4883=VERTEX_POINT('',#14318);
#4884=VERTEX_POINT('',#14323);
#4885=VERTEX_POINT('',#14325);
#4886=VERTEX_POINT('',#14329);
#4887=VERTEX_POINT('',#14330);
#4888=VERTEX_POINT('',#14332);
#4889=VERTEX_POINT('',#14334);
#4890=VERTEX_POINT('',#14338);
#4891=VERTEX_POINT('',#14339);
#4892=VERTEX_POINT('',#14341);
#4893=VERTEX_POINT('',#14343);
#4894=VERTEX_POINT('',#14348);
#4895=VERTEX_POINT('',#14350);
#4896=VERTEX_POINT('',#14354);
#4897=VERTEX_POINT('',#14355);
#4898=VERTEX_POINT('',#14357);
#4899=VERTEX_POINT('',#14359);
#4900=VERTEX_POINT('',#14363);
#4901=VERTEX_POINT('',#14364);
#4902=VERTEX_POINT('',#14366);
#4903=VERTEX_POINT('',#14368);
#4904=VERTEX_POINT('',#14372);
#4905=VERTEX_POINT('',#14373);
#4906=VERTEX_POINT('',#14375);
#4907=VERTEX_POINT('',#14377);
#4908=VERTEX_POINT('',#14389);
#4909=VERTEX_POINT('',#14391);
#4910=VERTEX_POINT('',#14395);
#4911=VERTEX_POINT('',#14399);
#4912=VERTEX_POINT('',#14403);
#4913=VERTEX_POINT('',#14407);
#4914=VERTEX_POINT('',#14411);
#4915=VERTEX_POINT('',#14417);
#4916=VERTEX_POINT('',#14418);
#4917=VERTEX_POINT('',#14421);
#4918=VERTEX_POINT('',#14422);
#4919=VERTEX_POINT('',#14424);
#4920=VERTEX_POINT('',#14426);
#4921=VERTEX_POINT('',#14428);
#4922=VERTEX_POINT('',#14430);
#4923=VERTEX_POINT('',#14432);
#4924=VERTEX_POINT('',#14435);
#4925=VERTEX_POINT('',#14436);
#4926=VERTEX_POINT('',#14438);
#4927=VERTEX_POINT('',#14440);
#4928=VERTEX_POINT('',#14442);
#4929=VERTEX_POINT('',#14444);
#4930=VERTEX_POINT('',#14446);
#4931=VERTEX_POINT('',#14450);
#4932=VERTEX_POINT('',#14452);
#4933=VERTEX_POINT('',#14456);
#4934=VERTEX_POINT('',#14460);
#4935=VERTEX_POINT('',#14464);
#4936=VERTEX_POINT('',#14468);
#4937=VERTEX_POINT('',#14472);
#4938=VERTEX_POINT('',#14476);
#4939=VERTEX_POINT('',#14480);
#4940=VERTEX_POINT('',#14484);
#4941=VERTEX_POINT('',#14488);
#4942=VERTEX_POINT('',#14492);
#4943=VERTEX_POINT('',#14498);
#4944=VERTEX_POINT('',#14499);
#4945=VERTEX_POINT('',#14501);
#4946=VERTEX_POINT('',#14503);
#4947=VERTEX_POINT('',#14507);
#4948=VERTEX_POINT('',#14508);
#4949=VERTEX_POINT('',#14510);
#4950=VERTEX_POINT('',#14512);
#4951=VERTEX_POINT('',#14516);
#4952=VERTEX_POINT('',#14518);
#4953=VERTEX_POINT('',#14522);
#4954=VERTEX_POINT('',#14524);
#4955=VERTEX_POINT('',#14526);
#4956=VERTEX_POINT('',#14530);
#4957=VERTEX_POINT('',#14531);
#4958=VERTEX_POINT('',#14533);
#4959=VERTEX_POINT('',#14535);
#4960=VERTEX_POINT('',#14539);
#4961=VERTEX_POINT('',#14540);
#4962=VERTEX_POINT('',#14543);
#4963=VERTEX_POINT('',#14547);
#4964=VERTEX_POINT('',#14549);
#4965=VERTEX_POINT('',#14552);
#4966=VERTEX_POINT('',#14554);
#4967=VERTEX_POINT('',#14556);
#4968=VERTEX_POINT('',#14558);
#4969=VERTEX_POINT('',#14561);
#4970=VERTEX_POINT('',#14563);
#4971=VERTEX_POINT('',#14566);
#4972=VERTEX_POINT('',#14568);
#4973=VERTEX_POINT('',#14571);
#4974=VERTEX_POINT('',#14573);
#4975=VERTEX_POINT('',#14576);
#4976=VERTEX_POINT('',#14578);
#4977=VERTEX_POINT('',#14581);
#4978=VERTEX_POINT('',#14583);
#4979=VERTEX_POINT('',#14586);
#4980=VERTEX_POINT('',#14588);
#4981=VERTEX_POINT('',#14591);
#4982=VERTEX_POINT('',#14593);
#4983=VERTEX_POINT('',#14596);
#4984=VERTEX_POINT('',#14598);
#4985=VERTEX_POINT('',#14601);
#4986=VERTEX_POINT('',#14603);
#4987=VERTEX_POINT('',#14606);
#4988=VERTEX_POINT('',#14608);
#4989=VERTEX_POINT('',#14611);
#4990=VERTEX_POINT('',#14613);
#4991=VERTEX_POINT('',#14615);
#4992=VERTEX_POINT('',#14620);
#4993=VERTEX_POINT('',#14622);
#4994=VERTEX_POINT('',#14626);
#4995=VERTEX_POINT('',#14628);
#4996=VERTEX_POINT('',#14632);
#4997=VERTEX_POINT('',#14636);
#4998=VERTEX_POINT('',#14640);
#4999=VERTEX_POINT('',#14644);
#5000=VERTEX_POINT('',#14648);
#5001=VERTEX_POINT('',#14652);
#5002=VERTEX_POINT('',#14656);
#5003=VERTEX_POINT('',#14660);
#5004=VERTEX_POINT('',#14664);
#5005=VERTEX_POINT('',#14668);
#5006=VERTEX_POINT('',#14672);
#5007=VERTEX_POINT('',#14673);
#5008=VERTEX_POINT('',#14675);
#5009=VERTEX_POINT('',#14677);
#5010=VERTEX_POINT('',#14681);
#5011=VERTEX_POINT('',#14683);
#5012=VERTEX_POINT('',#14694);
#5013=VERTEX_POINT('',#14696);
#5014=VERTEX_POINT('',#14700);
#5015=VERTEX_POINT('',#14704);
#5016=VERTEX_POINT('',#14708);
#5017=VERTEX_POINT('',#14712);
#5018=VERTEX_POINT('',#14716);
#5019=VERTEX_POINT('',#14720);
#5020=VERTEX_POINT('',#14727);
#5021=VERTEX_POINT('',#14729);
#5022=VERTEX_POINT('',#14733);
#5023=VERTEX_POINT('',#14737);
#5024=VERTEX_POINT('',#14850);
#5025=VERTEX_POINT('',#14851);
#5026=VERTEX_POINT('',#14853);
#5027=VERTEX_POINT('',#14855);
#5028=VERTEX_POINT('',#14857);
#5029=VERTEX_POINT('',#14864);
#5030=VERTEX_POINT('',#14865);
#5031=VERTEX_POINT('',#14870);
#5032=VERTEX_POINT('',#14872);
#5033=VERTEX_POINT('',#14874);
#5034=VERTEX_POINT('',#14878);
#5035=VERTEX_POINT('',#14879);
#5036=VERTEX_POINT('',#14884);
#5037=VERTEX_POINT('',#14886);
#5038=VERTEX_POINT('',#14888);
#5039=VERTEX_POINT('',#14892);
#5040=VERTEX_POINT('',#14893);
#5041=VERTEX_POINT('',#14895);
#5042=VERTEX_POINT('',#14897);
#5043=VERTEX_POINT('',#14899);
#5044=VERTEX_POINT('',#14906);
#5045=VERTEX_POINT('',#14907);
#5046=VERTEX_POINT('',#14912);
#5047=VERTEX_POINT('',#14914);
#5048=VERTEX_POINT('',#14916);
#5049=VERTEX_POINT('',#14920);
#5050=VERTEX_POINT('',#14921);
#5051=VERTEX_POINT('',#14923);
#5052=VERTEX_POINT('',#14925);
#5053=VERTEX_POINT('',#14927);
#5054=VERTEX_POINT('',#14934);
#5055=VERTEX_POINT('',#14935);
#5056=VERTEX_POINT('',#14940);
#5057=VERTEX_POINT('',#14942);
#5058=VERTEX_POINT('',#14944);
#5059=VERTEX_POINT('',#14948);
#5060=VERTEX_POINT('',#14949);
#5061=VERTEX_POINT('',#14951);
#5062=VERTEX_POINT('',#14953);
#5063=VERTEX_POINT('',#14955);
#5064=VERTEX_POINT('',#14962);
#5065=VERTEX_POINT('',#14964);
#5066=VERTEX_POINT('',#14974);
#5067=VERTEX_POINT('',#14976);
#5068=VERTEX_POINT('',#14983);
#5069=VERTEX_POINT('',#14985);
#5070=VERTEX_POINT('',#15001);
#5071=VERTEX_POINT('',#15012);
#5072=VERTEX_POINT('',#15020);
#5073=VERTEX_POINT('',#15023);
#5074=VERTEX_POINT('',#15032);
#5075=VERTEX_POINT('',#15049);
#5076=VERTEX_POINT('',#15053);
#5077=VERTEX_POINT('',#15055);
#5078=VERTEX_POINT('',#15059);
#5079=VERTEX_POINT('',#15063);
#5080=VERTEX_POINT('',#15067);
#5081=VERTEX_POINT('',#15071);
#5082=VERTEX_POINT('',#15075);
#5083=VERTEX_POINT('',#15079);
#5084=VERTEX_POINT('',#15083);
#5085=VERTEX_POINT('',#15087);
#5086=VERTEX_POINT('',#15091);
#5087=VERTEX_POINT('',#15095);
#5088=VERTEX_POINT('',#15099);
#5089=VERTEX_POINT('',#15103);
#5090=VERTEX_POINT('',#15105);
#5091=VERTEX_POINT('',#15109);
#5092=VERTEX_POINT('',#15114);
#5093=VERTEX_POINT('',#15118);
#5094=VERTEX_POINT('',#15122);
#5095=VERTEX_POINT('',#15126);
#5096=VERTEX_POINT('',#15130);
#5097=VERTEX_POINT('',#15134);
#5098=VERTEX_POINT('',#15138);
#5099=VERTEX_POINT('',#15142);
#5100=VERTEX_POINT('',#15146);
#5101=VERTEX_POINT('',#15150);
#5102=VERTEX_POINT('',#15154);
#5103=VERTEX_POINT('',#15158);
#5104=VERTEX_POINT('',#15162);
#5105=VERTEX_POINT('',#15166);
#5106=VERTEX_POINT('',#15170);
#5107=VERTEX_POINT('',#15174);
#5108=VERTEX_POINT('',#15178);
#5109=VERTEX_POINT('',#15182);
#5110=VERTEX_POINT('',#15186);
#5111=VERTEX_POINT('',#15190);
#5112=VERTEX_POINT('',#15263);
#5113=VERTEX_POINT('',#15279);
#5114=VERTEX_POINT('',#15439);
#5115=VERTEX_POINT('',#15441);
#5116=VERTEX_POINT('',#15445);
#5117=VERTEX_POINT('',#15449);
#5118=VERTEX_POINT('',#15453);
#5119=VERTEX_POINT('',#15457);
#5120=VERTEX_POINT('',#15461);
#5121=VERTEX_POINT('',#15465);
#5122=VERTEX_POINT('',#15469);
#5123=VERTEX_POINT('',#15473);
#5124=VERTEX_POINT('',#15477);
#5125=VERTEX_POINT('',#15484);
#5126=VERTEX_POINT('',#15488);
#5127=VERTEX_POINT('',#15492);
#5128=VERTEX_POINT('',#15496);
#5129=LINE('',#12725,#6065);
#5130=LINE('',#12728,#6066);
#5131=LINE('',#12730,#6067);
#5132=LINE('',#12732,#6068);
#5133=LINE('',#12734,#6069);
#5134=LINE('',#12737,#6070);
#5135=LINE('',#12739,#6071);
#5136=LINE('',#12741,#6072);
#5137=LINE('',#12743,#6073);
#5138=LINE('',#12746,#6074);
#5139=LINE('',#12748,#6075);
#5140=LINE('',#12750,#6076);
#5141=LINE('',#12752,#6077);
#5142=LINE('',#12755,#6078);
#5143=LINE('',#12757,#6079);
#5144=LINE('',#12759,#6080);
#5145=LINE('',#12761,#6081);
#5146=LINE('',#12763,#6082);
#5147=LINE('',#12765,#6083);
#5148=LINE('',#12767,#6084);
#5149=LINE('',#12770,#6085);
#5150=LINE('',#12772,#6086);
#5151=LINE('',#12774,#6087);
#5152=LINE('',#12776,#6088);
#5153=LINE('',#12779,#6089);
#5154=LINE('',#12781,#6090);
#5155=LINE('',#12783,#6091);
#5156=LINE('',#12785,#6092);
#5157=LINE('',#12788,#6093);
#5158=LINE('',#12790,#6094);
#5159=LINE('',#12792,#6095);
#5160=LINE('',#12794,#6096);
#5161=LINE('',#12796,#6097);
#5162=LINE('',#12798,#6098);
#5163=LINE('',#12800,#6099);
#5164=LINE('',#12803,#6100);
#5165=LINE('',#12805,#6101);
#5166=LINE('',#12807,#6102);
#5167=LINE('',#12809,#6103);
#5168=LINE('',#12812,#6104);
#5169=LINE('',#12814,#6105);
#5170=LINE('',#12816,#6106);
#5171=LINE('',#12818,#6107);
#5172=LINE('',#12820,#6108);
#5173=LINE('',#12822,#6109);
#5174=LINE('',#12824,#6110);
#5175=LINE('',#12827,#6111);
#5176=LINE('',#12829,#6112);
#5177=LINE('',#12831,#6113);
#5178=LINE('',#12833,#6114);
#5179=LINE('',#12836,#6115);
#5180=LINE('',#12838,#6116);
#5181=LINE('',#12840,#6117);
#5182=LINE('',#12842,#6118);
#5183=LINE('',#12844,#6119);
#5184=LINE('',#12846,#6120);
#5185=LINE('',#12848,#6121);
#5186=LINE('',#12850,#6122);
#5187=LINE('',#12852,#6123);
#5188=LINE('',#12854,#6124);
#5189=LINE('',#12857,#6125);
#5190=LINE('',#12859,#6126);
#5191=LINE('',#12861,#6127);
#5192=LINE('',#12863,#6128);
#5193=LINE('',#12866,#6129);
#5194=LINE('',#12868,#6130);
#5195=LINE('',#12870,#6131);
#5196=LINE('',#12872,#6132);
#5197=LINE('',#12876,#6133);
#5198=LINE('',#12878,#6134);
#5199=LINE('',#12882,#6135);
#5200=LINE('',#12884,#6136);
#5201=LINE('',#12888,#6137);
#5202=LINE('',#12890,#6138);
#5203=LINE('',#12894,#6139);
#5204=LINE('',#12896,#6140);
#5205=LINE('',#12900,#6141);
#5206=LINE('',#12902,#6142);
#5207=LINE('',#12906,#6143);
#5208=LINE('',#12908,#6144);
#5209=LINE('',#12910,#6145);
#5210=LINE('',#12914,#6146);
#5211=LINE('',#12916,#6147);
#5212=LINE('',#12918,#6148);
#5213=LINE('',#12922,#6149);
#5214=LINE('',#12924,#6150);
#5215=LINE('',#12928,#6151);
#5216=LINE('',#12930,#6152);
#5217=LINE('',#12934,#6153);
#5218=LINE('',#12936,#6154);
#5219=LINE('',#12938,#6155);
#5220=LINE('',#12942,#6156);
#5221=LINE('',#12944,#6157);
#5222=LINE('',#12948,#6158);
#5223=LINE('',#12950,#6159);
#5224=LINE('',#12953,#6160);
#5225=LINE('',#12955,#6161);
#5226=LINE('',#12957,#6162);
#5227=LINE('',#12958,#6163);
#5228=LINE('',#12961,#6164);
#5229=LINE('',#12963,#6165);
#5230=LINE('',#12965,#6166);
#5231=LINE('',#12967,#6167);
#5232=LINE('',#12969,#6168);
#5233=LINE('',#12971,#6169);
#5234=LINE('',#12973,#6170);
#5235=LINE('',#12975,#6171);
#5236=LINE('',#12977,#6172);
#5237=LINE('',#12979,#6173);
#5238=LINE('',#12986,#6174);
#5239=LINE('',#12988,#6175);
#5240=LINE('',#12990,#6176);
#5241=LINE('',#12992,#6177);
#5242=LINE('',#12994,#6178);
#5243=LINE('',#12996,#6179);
#5244=LINE('',#12998,#6180);
#5245=LINE('',#13000,#6181);
#5246=LINE('',#13002,#6182);
#5247=LINE('',#13004,#6183);
#5248=LINE('',#13006,#6184);
#5249=LINE('',#13008,#6185);
#5250=LINE('',#13010,#6186);
#5251=LINE('',#13012,#6187);
#5252=LINE('',#13014,#6188);
#5253=LINE('',#13016,#6189);
#5254=LINE('',#13018,#6190);
#5255=LINE('',#13020,#6191);
#5256=LINE('',#13022,#6192);
#5257=LINE('',#13024,#6193);
#5258=LINE('',#13026,#6194);
#5259=LINE('',#13028,#6195);
#5260=LINE('',#13030,#6196);
#5261=LINE('',#13032,#6197);
#5262=LINE('',#13034,#6198);
#5263=LINE('',#13036,#6199);
#5264=LINE('',#13038,#6200);
#5265=LINE('',#13040,#6201);
#5266=LINE('',#13042,#6202);
#5267=LINE('',#13044,#6203);
#5268=LINE('',#13046,#6204);
#5269=LINE('',#13048,#6205);
#5270=LINE('',#13050,#6206);
#5271=LINE('',#13052,#6207);
#5272=LINE('',#13054,#6208);
#5273=LINE('',#13056,#6209);
#5274=LINE('',#13058,#6210);
#5275=LINE('',#13060,#6211);
#5276=LINE('',#13062,#6212);
#5277=LINE('',#13066,#6213);
#5278=LINE('',#13068,#6214);
#5279=LINE('',#13070,#6215);
#5280=LINE('',#13072,#6216);
#5281=LINE('',#13073,#6217);
#5282=LINE('',#13078,#6218);
#5283=LINE('',#13080,#6219);
#5284=LINE('',#13082,#6220);
#5285=LINE('',#13086,#6221);
#5286=LINE('',#13088,#6222);
#5287=LINE('',#13094,#6223);
#5288=LINE('',#13096,#6224);
#5289=LINE('',#13098,#6225);
#5290=LINE('',#13100,#6226);
#5291=LINE('',#13104,#6227);
#5292=LINE('',#13106,#6228);
#5293=LINE('',#13108,#6229);
#5294=LINE('',#13114,#6230);
#5295=LINE('',#13117,#6231);
#5296=LINE('',#13119,#6232);
#5297=LINE('',#13121,#6233);
#5298=LINE('',#13123,#6234);
#5299=LINE('',#13125,#6235);
#5300=LINE('',#13127,#6236);
#5301=LINE('',#13129,#6237);
#5302=LINE('',#13131,#6238);
#5303=LINE('',#13133,#6239);
#5304=LINE('',#13135,#6240);
#5305=LINE('',#13139,#6241);
#5306=LINE('',#13141,#6242);
#5307=LINE('',#13145,#6243);
#5308=LINE('',#13149,#6244);
#5309=LINE('',#13153,#6245);
#5310=LINE('',#13155,#6246);
#5311=LINE('',#13159,#6247);
#5312=LINE('',#13160,#6248);
#5313=LINE('',#13163,#6249);
#5314=LINE('',#13165,#6250);
#5315=LINE('',#13167,#6251);
#5316=LINE('',#13169,#6252);
#5317=LINE('',#13171,#6253);
#5318=LINE('',#13172,#6254);
#5319=LINE('',#13175,#6255);
#5320=LINE('',#13177,#6256);
#5321=LINE('',#13179,#6257);
#5322=LINE('',#13181,#6258);
#5323=LINE('',#13183,#6259);
#5324=LINE('',#13184,#6260);
#5325=LINE('',#13187,#6261);
#5326=LINE('',#13189,#6262);
#5327=LINE('',#13191,#6263);
#5328=LINE('',#13193,#6264);
#5329=LINE('',#13195,#6265);
#5330=LINE('',#13196,#6266);
#5331=LINE('',#13199,#6267);
#5332=LINE('',#13201,#6268);
#5333=LINE('',#13203,#6269);
#5334=LINE('',#13205,#6270);
#5335=LINE('',#13207,#6271);
#5336=LINE('',#13209,#6272);
#5337=LINE('',#13211,#6273);
#5338=LINE('',#13213,#6274);
#5339=LINE('',#13215,#6275);
#5340=LINE('',#13217,#6276);
#5341=LINE('',#13219,#6277);
#5342=LINE('',#13220,#6278);
#5343=LINE('',#13223,#6279);
#5344=LINE('',#13225,#6280);
#5345=LINE('',#13227,#6281);
#5346=LINE('',#13229,#6282);
#5347=LINE('',#13231,#6283);
#5348=LINE('',#13233,#6284);
#5349=LINE('',#13235,#6285);
#5350=LINE('',#13237,#6286);
#5351=LINE('',#13239,#6287);
#5352=LINE('',#13240,#6288);
#5353=LINE('',#13243,#6289);
#5354=LINE('',#13245,#6290);
#5355=LINE('',#13247,#6291);
#5356=LINE('',#13249,#6292);
#5357=LINE('',#13251,#6293);
#5358=LINE('',#13253,#6294);
#5359=LINE('',#13255,#6295);
#5360=LINE('',#13257,#6296);
#5361=LINE('',#13259,#6297);
#5362=LINE('',#13264,#6298);
#5363=LINE('',#13267,#6299);
#5364=LINE('',#13269,#6300);
#5365=LINE('',#13271,#6301);
#5366=LINE('',#13273,#6302);
#5367=LINE('',#13275,#6303);
#5368=LINE('',#13277,#6304);
#5369=LINE('',#13279,#6305);
#5370=LINE('',#13281,#6306);
#5371=LINE('',#13283,#6307);
#5372=LINE('',#13285,#6308);
#5373=LINE('',#13287,#6309);
#5374=LINE('',#13288,#6310);
#5375=LINE('',#13293,#6311);
#5376=LINE('',#13295,#6312);
#5377=LINE('',#13297,#6313);
#5378=LINE('',#13299,#6314);
#5379=LINE('',#13301,#6315);
#5380=LINE('',#13303,#6316);
#5381=LINE('',#13305,#6317);
#5382=LINE('',#13309,#6318);
#5383=LINE('',#13311,#6319);
#5384=LINE('',#13315,#6320);
#5385=LINE('',#13319,#6321);
#5386=LINE('',#13321,#6322);
#5387=LINE('',#13323,#6323);
#5388=LINE('',#13325,#6324);
#5389=LINE('',#13327,#6325);
#5390=LINE('',#13329,#6326);
#5391=LINE('',#13331,#6327);
#5392=LINE('',#13333,#6328);
#5393=LINE('',#13335,#6329);
#5394=LINE('',#13337,#6330);
#5395=LINE('',#13339,#6331);
#5396=LINE('',#13341,#6332);
#5397=LINE('',#13343,#6333);
#5398=LINE('',#13345,#6334);
#5399=LINE('',#13347,#6335);
#5400=LINE('',#13349,#6336);
#5401=LINE('',#13351,#6337);
#5402=LINE('',#13353,#6338);
#5403=LINE('',#13355,#6339);
#5404=LINE('',#13357,#6340);
#5405=LINE('',#13361,#6341);
#5406=LINE('',#13363,#6342);
#5407=LINE('',#13365,#6343);
#5408=LINE('',#13367,#6344);
#5409=LINE('',#13369,#6345);
#5410=LINE('',#13371,#6346);
#5411=LINE('',#13373,#6347);
#5412=LINE('',#13377,#6348);
#5413=LINE('',#13379,#6349);
#5414=LINE('',#13381,#6350);
#5415=LINE('',#13383,#6351);
#5416=LINE('',#13385,#6352);
#5417=LINE('',#13387,#6353);
#5418=LINE('',#13389,#6354);
#5419=LINE('',#13393,#6355);
#5420=LINE('',#13395,#6356);
#5421=LINE('',#13397,#6357);
#5422=LINE('',#13399,#6358);
#5423=LINE('',#13401,#6359);
#5424=LINE('',#13405,#6360);
#5425=LINE('',#13406,#6361);
#5426=LINE('',#13409,#6362);
#5427=LINE('',#13411,#6363);
#5428=LINE('',#13413,#6364);
#5429=LINE('',#13415,#6365);
#5430=LINE('',#13417,#6366);
#5431=LINE('',#13418,#6367);
#5432=LINE('',#13421,#6368);
#5433=LINE('',#13423,#6369);
#5434=LINE('',#13425,#6370);
#5435=LINE('',#13426,#6371);
#5436=LINE('',#13429,#6372);
#5437=LINE('',#13431,#6373);
#5438=LINE('',#13433,#6374);
#5439=LINE('',#13435,#6375);
#5440=LINE('',#13437,#6376);
#5441=LINE('',#13439,#6377);
#5442=LINE('',#13449,#6378);
#5443=LINE('',#13451,#6379);
#5444=LINE('',#13455,#6380);
#5445=LINE('',#13457,#6381);
#5446=LINE('',#13461,#6382);
#5447=LINE('',#13463,#6383);
#5448=LINE('',#13467,#6384);
#5449=LINE('',#13469,#6385);
#5450=LINE('',#13473,#6386);
#5451=LINE('',#13475,#6387);
#5452=LINE('',#13502,#6388);
#5453=LINE('',#13505,#6389);
#5454=LINE('',#13506,#6390);
#5455=LINE('',#13508,#6391);
#5456=LINE('',#13511,#6392);
#5457=LINE('',#13512,#6393);
#5458=LINE('',#13514,#6394);
#5459=LINE('',#13516,#6395);
#5460=LINE('',#13518,#6396);
#5461=LINE('',#13520,#6397);
#5462=LINE('',#13522,#6398);
#5463=LINE('',#13524,#6399);
#5464=LINE('',#13525,#6400);
#5465=LINE('',#13535,#6401);
#5466=LINE('',#13538,#6402);
#5467=LINE('',#13540,#6403);
#5468=LINE('',#13544,#6404);
#5469=LINE('',#13548,#6405);
#5470=LINE('',#13550,#6406);
#5471=LINE('',#13554,#6407);
#5472=LINE('',#13558,#6408);
#5473=LINE('',#13560,#6409);
#5474=LINE('',#13564,#6410);
#5475=LINE('',#13566,#6411);
#5476=LINE('',#13568,#6412);
#5477=LINE('',#13570,#6413);
#5478=LINE('',#13572,#6414);
#5479=LINE('',#13576,#6415);
#5480=LINE('',#13578,#6416);
#5481=LINE('',#13580,#6417);
#5482=LINE('',#13582,#6418);
#5483=LINE('',#13583,#6419);
#5484=LINE('',#13585,#6420);
#5485=LINE('',#13587,#6421);
#5486=LINE('',#13589,#6422);
#5487=LINE('',#13593,#6423);
#5488=LINE('',#13597,#6424);
#5489=LINE('',#13599,#6425);
#5490=LINE('',#13601,#6426);
#5491=LINE('',#13602,#6427);
#5492=LINE('',#13604,#6428);
#5493=LINE('',#13611,#6429);
#5494=LINE('',#13622,#6430);
#5495=LINE('',#13628,#6431);
#5496=LINE('',#13630,#6432);
#5497=LINE('',#13631,#6433);
#5498=LINE('',#13633,#6434);
#5499=LINE('',#13634,#6435);
#5500=LINE('',#13636,#6436);
#5501=LINE('',#13637,#6437);
#5502=LINE('',#13640,#6438);
#5503=LINE('',#13641,#6439);
#5504=LINE('',#13643,#6440);
#5505=LINE('',#13645,#6441);
#5506=LINE('',#13647,#6442);
#5507=LINE('',#13649,#6443);
#5508=LINE('',#13664,#6444);
#5509=LINE('',#13666,#6445);
#5510=LINE('',#13668,#6446);
#5511=LINE('',#13670,#6447);
#5512=LINE('',#13673,#6448);
#5513=LINE('',#13675,#6449);
#5514=LINE('',#13677,#6450);
#5515=LINE('',#13679,#6451);
#5516=LINE('',#13681,#6452);
#5517=LINE('',#13683,#6453);
#5518=LINE('',#13685,#6454);
#5519=LINE('',#13692,#6455);
#5520=LINE('',#13699,#6456);
#5521=LINE('',#13711,#6457);
#5522=LINE('',#13713,#6458);
#5523=LINE('',#13715,#6459);
#5524=LINE('',#13717,#6460);
#5525=LINE('',#13724,#6461);
#5526=LINE('',#13731,#6462);
#5527=LINE('',#13743,#6463);
#5528=LINE('',#13746,#6464);
#5529=LINE('',#13748,#6465);
#5530=LINE('',#13750,#6466);
#5531=LINE('',#13752,#6467);
#5532=LINE('',#13754,#6468);
#5533=LINE('',#13756,#6469);
#5534=LINE('',#13758,#6470);
#5535=LINE('',#13760,#6471);
#5536=LINE('',#13761,#6472);
#5537=LINE('',#13765,#6473);
#5538=LINE('',#13768,#6474);
#5539=LINE('',#13771,#6475);
#5540=LINE('',#13773,#6476);
#5541=LINE('',#13775,#6477);
#5542=LINE('',#13778,#6478);
#5543=LINE('',#13782,#6479);
#5544=LINE('',#13817,#6480);
#5545=LINE('',#13819,#6481);
#5546=LINE('',#13821,#6482);
#5547=LINE('',#13823,#6483);
#5548=LINE('',#13825,#6484);
#5549=LINE('',#13827,#6485);
#5550=LINE('',#13829,#6486);
#5551=LINE('',#13831,#6487);
#5552=LINE('',#13833,#6488);
#5553=LINE('',#13835,#6489);
#5554=LINE('',#13837,#6490);
#5555=LINE('',#13839,#6491);
#5556=LINE('',#13841,#6492);
#5557=LINE('',#13843,#6493);
#5558=LINE('',#13845,#6494);
#5559=LINE('',#13847,#6495);
#5560=LINE('',#13849,#6496);
#5561=LINE('',#13851,#6497);
#5562=LINE('',#13853,#6498);
#5563=LINE('',#13855,#6499);
#5564=LINE('',#13857,#6500);
#5565=LINE('',#13859,#6501);
#5566=LINE('',#13861,#6502);
#5567=LINE('',#13863,#6503);
#5568=LINE('',#13866,#6504);
#5569=LINE('',#13870,#6505);
#5570=LINE('',#13872,#6506);
#5571=LINE('',#13879,#6507);
#5572=LINE('',#13883,#6508);
#5573=LINE('',#13885,#6509);
#5574=LINE('',#13892,#6510);
#5575=LINE('',#13894,#6511);
#5576=LINE('',#13896,#6512);
#5577=LINE('',#13898,#6513);
#5578=LINE('',#13900,#6514);
#5579=LINE('',#13902,#6515);
#5580=LINE('',#13904,#6516);
#5581=LINE('',#13906,#6517);
#5582=LINE('',#13908,#6518);
#5583=LINE('',#13910,#6519);
#5584=LINE('',#13912,#6520);
#5585=LINE('',#13914,#6521);
#5586=LINE('',#13916,#6522);
#5587=LINE('',#13918,#6523);
#5588=LINE('',#13920,#6524);
#5589=LINE('',#13922,#6525);
#5590=LINE('',#13924,#6526);
#5591=LINE('',#13926,#6527);
#5592=LINE('',#13928,#6528);
#5593=LINE('',#13930,#6529);
#5594=LINE('',#13933,#6530);
#5595=LINE('',#13935,#6531);
#5596=LINE('',#13937,#6532);
#5597=LINE('',#13939,#6533);
#5598=LINE('',#13941,#6534);
#5599=LINE('',#13943,#6535);
#5600=LINE('',#13945,#6536);
#5601=LINE('',#13947,#6537);
#5602=LINE('',#13949,#6538);
#5603=LINE('',#13951,#6539);
#5604=LINE('',#13953,#6540);
#5605=LINE('',#13955,#6541);
#5606=LINE('',#13957,#6542);
#5607=LINE('',#13959,#6543);
#5608=LINE('',#13961,#6544);
#5609=LINE('',#13963,#6545);
#5610=LINE('',#13965,#6546);
#5611=LINE('',#13966,#6547);
#5612=LINE('',#13968,#6548);
#5613=LINE('',#13970,#6549);
#5614=LINE('',#13972,#6550);
#5615=LINE('',#13974,#6551);
#5616=LINE('',#13976,#6552);
#5617=LINE('',#13978,#6553);
#5618=LINE('',#13980,#6554);
#5619=LINE('',#13982,#6555);
#5620=LINE('',#13988,#6556);
#5621=LINE('',#13993,#6557);
#5622=LINE('',#13995,#6558);
#5623=LINE('',#13998,#6559);
#5624=LINE('',#14003,#6560);
#5625=LINE('',#14006,#6561);
#5626=LINE('',#14008,#6562);
#5627=LINE('',#14010,#6563);
#5628=LINE('',#14012,#6564);
#5629=LINE('',#14014,#6565);
#5630=LINE('',#14016,#6566);
#5631=LINE('',#14020,#6567);
#5632=LINE('',#14022,#6568);
#5633=LINE('',#14024,#6569);
#5634=LINE('',#14026,#6570);
#5635=LINE('',#14028,#6571);
#5636=LINE('',#14030,#6572);
#5637=LINE('',#14032,#6573);
#5638=LINE('',#14034,#6574);
#5639=LINE('',#14036,#6575);
#5640=LINE('',#14038,#6576);
#5641=LINE('',#14040,#6577);
#5642=LINE('',#14042,#6578);
#5643=LINE('',#14044,#6579);
#5644=LINE('',#14046,#6580);
#5645=LINE('',#14048,#6581);
#5646=LINE('',#14050,#6582);
#5647=LINE('',#14052,#6583);
#5648=LINE('',#14054,#6584);
#5649=LINE('',#14056,#6585);
#5650=LINE('',#14058,#6586);
#5651=LINE('',#14060,#6587);
#5652=LINE('',#14063,#6588);
#5653=LINE('',#14065,#6589);
#5654=LINE('',#14067,#6590);
#5655=LINE('',#14069,#6591);
#5656=LINE('',#14071,#6592);
#5657=LINE('',#14073,#6593);
#5658=LINE('',#14075,#6594);
#5659=LINE('',#14077,#6595);
#5660=LINE('',#14082,#6596);
#5661=LINE('',#14085,#6597);
#5662=LINE('',#14089,#6598);
#5663=LINE('',#14095,#6599);
#5664=LINE('',#14097,#6600);
#5665=LINE('',#14099,#6601);
#5666=LINE('',#14101,#6602);
#5667=LINE('',#14103,#6603);
#5668=LINE('',#14105,#6604);
#5669=LINE('',#14107,#6605);
#5670=LINE('',#14109,#6606);
#5671=LINE('',#14111,#6607);
#5672=LINE('',#14113,#6608);
#5673=LINE('',#14115,#6609);
#5674=LINE('',#14117,#6610);
#5675=LINE('',#14119,#6611);
#5676=LINE('',#14121,#6612);
#5677=LINE('',#14123,#6613);
#5678=LINE('',#14125,#6614);
#5679=LINE('',#14127,#6615);
#5680=LINE('',#14129,#6616);
#5681=LINE('',#14131,#6617);
#5682=LINE('',#14133,#6618);
#5683=LINE('',#14135,#6619);
#5684=LINE('',#14137,#6620);
#5685=LINE('',#14139,#6621);
#5686=LINE('',#14141,#6622);
#5687=LINE('',#14143,#6623);
#5688=LINE('',#14148,#6624);
#5689=LINE('',#14150,#6625);
#5690=LINE('',#14152,#6626);
#5691=LINE('',#14154,#6627);
#5692=LINE('',#14156,#6628);
#5693=LINE('',#14158,#6629);
#5694=LINE('',#14160,#6630);
#5695=LINE('',#14162,#6631);
#5696=LINE('',#14164,#6632);
#5697=LINE('',#14166,#6633);
#5698=LINE('',#14168,#6634);
#5699=LINE('',#14173,#6635);
#5700=LINE('',#14178,#6636);
#5701=LINE('',#14180,#6637);
#5702=LINE('',#14182,#6638);
#5703=LINE('',#14184,#6639);
#5704=LINE('',#14186,#6640);
#5705=LINE('',#14188,#6641);
#5706=LINE('',#14190,#6642);
#5707=LINE('',#14192,#6643);
#5708=LINE('',#14194,#6644);
#5709=LINE('',#14196,#6645);
#5710=LINE('',#14198,#6646);
#5711=LINE('',#14201,#6647);
#5712=LINE('',#14206,#6648);
#5713=LINE('',#14207,#6649);
#5714=LINE('',#14209,#6650);
#5715=LINE('',#14211,#6651);
#5716=LINE('',#14213,#6652);
#5717=LINE('',#14215,#6653);
#5718=LINE('',#14217,#6654);
#5719=LINE('',#14222,#6655);
#5720=LINE('',#14226,#6656);
#5721=LINE('',#14228,#6657);
#5722=LINE('',#14230,#6658);
#5723=LINE('',#14232,#6659);
#5724=LINE('',#14234,#6660);
#5725=LINE('',#14236,#6661);
#5726=LINE('',#14238,#6662);
#5727=LINE('',#14240,#6663);
#5728=LINE('',#14242,#6664);
#5729=LINE('',#14244,#6665);
#5730=LINE('',#14246,#6666);
#5731=LINE('',#14248,#6667);
#5732=LINE('',#14298,#6668);
#5733=LINE('',#14301,#6669);
#5734=LINE('',#14303,#6670);
#5735=LINE('',#14305,#6671);
#5736=LINE('',#14307,#6672);
#5737=LINE('',#14315,#6673);
#5738=LINE('',#14317,#6674);
#5739=LINE('',#14324,#6675);
#5740=LINE('',#14328,#6676);
#5741=LINE('',#14331,#6677);
#5742=LINE('',#14333,#6678);
#5743=LINE('',#14335,#6679);
#5744=LINE('',#14337,#6680);
#5745=LINE('',#14342,#6681);
#5746=LINE('',#14349,#6682);
#5747=LINE('',#14351,#6683);
#5748=LINE('',#14353,#6684);
#5749=LINE('',#14356,#6685);
#5750=LINE('',#14358,#6686);
#5751=LINE('',#14360,#6687);
#5752=LINE('',#14362,#6688);
#5753=LINE('',#14365,#6689);
#5754=LINE('',#14367,#6690);
#5755=LINE('',#14369,#6691);
#5756=LINE('',#14371,#6692);
#5757=LINE('',#14374,#6693);
#5758=LINE('',#14376,#6694);
#5759=LINE('',#14378,#6695);
#5760=LINE('',#14380,#6696);
#5761=LINE('',#14381,#6697);
#5762=LINE('',#14383,#6698);
#5763=LINE('',#14385,#6699);
#5764=LINE('',#14388,#6700);
#5765=LINE('',#14390,#6701);
#5766=LINE('',#14392,#6702);
#5767=LINE('',#14394,#6703);
#5768=LINE('',#14396,#6704);
#5769=LINE('',#14398,#6705);
#5770=LINE('',#14400,#6706);
#5771=LINE('',#14402,#6707);
#5772=LINE('',#14404,#6708);
#5773=LINE('',#14406,#6709);
#5774=LINE('',#14408,#6710);
#5775=LINE('',#14410,#6711);
#5776=LINE('',#14412,#6712);
#5777=LINE('',#14414,#6713);
#5778=LINE('',#14420,#6714);
#5779=LINE('',#14423,#6715);
#5780=LINE('',#14425,#6716);
#5781=LINE('',#14427,#6717);
#5782=LINE('',#14429,#6718);
#5783=LINE('',#14431,#6719);
#5784=LINE('',#14433,#6720);
#5785=LINE('',#14434,#6721);
#5786=LINE('',#14437,#6722);
#5787=LINE('',#14439,#6723);
#5788=LINE('',#14441,#6724);
#5789=LINE('',#14445,#6725);
#5790=LINE('',#14449,#6726);
#5791=LINE('',#14453,#6727);
#5792=LINE('',#14455,#6728);
#5793=LINE('',#14459,#6729);
#5794=LINE('',#14463,#6730);
#5795=LINE('',#14465,#6731);
#5796=LINE('',#14467,#6732);
#5797=LINE('',#14469,#6733);
#5798=LINE('',#14471,#6734);
#5799=LINE('',#14473,#6735);
#5800=LINE('',#14475,#6736);
#5801=LINE('',#14479,#6737);
#5802=LINE('',#14481,#6738);
#5803=LINE('',#14483,#6739);
#5804=LINE('',#14485,#6740);
#5805=LINE('',#14487,#6741);
#5806=LINE('',#14489,#6742);
#5807=LINE('',#14491,#6743);
#5808=LINE('',#14493,#6744);
#5809=LINE('',#14506,#6745);
#5810=LINE('',#14509,#6746);
#5811=LINE('',#14511,#6747);
#5812=LINE('',#14513,#6748);
#5813=LINE('',#14515,#6749);
#5814=LINE('',#14517,#6750);
#5815=LINE('',#14519,#6751);
#5816=LINE('',#14521,#6752);
#5817=LINE('',#14523,#6753);
#5818=LINE('',#14527,#6754);
#5819=LINE('',#14529,#6755);
#5820=LINE('',#14532,#6756);
#5821=LINE('',#14534,#6757);
#5822=LINE('',#14536,#6758);
#5823=LINE('',#14538,#6759);
#5824=LINE('',#14541,#6760);
#5825=LINE('',#14542,#6761);
#5826=LINE('',#14546,#6762);
#5827=LINE('',#14550,#6763);
#5828=LINE('',#14551,#6764);
#5829=LINE('',#14553,#6765);
#5830=LINE('',#14557,#6766);
#5831=LINE('',#14559,#6767);
#5832=LINE('',#14560,#6768);
#5833=LINE('',#14564,#6769);
#5834=LINE('',#14565,#6770);
#5835=LINE('',#14569,#6771);
#5836=LINE('',#14570,#6772);
#5837=LINE('',#14574,#6773);
#5838=LINE('',#14575,#6774);
#5839=LINE('',#14579,#6775);
#5840=LINE('',#14580,#6776);
#5841=LINE('',#14584,#6777);
#5842=LINE('',#14585,#6778);
#5843=LINE('',#14589,#6779);
#5844=LINE('',#14590,#6780);
#5845=LINE('',#14594,#6781);
#5846=LINE('',#14595,#6782);
#5847=LINE('',#14599,#6783);
#5848=LINE('',#14600,#6784);
#5849=LINE('',#14604,#6785);
#5850=LINE('',#14605,#6786);
#5851=LINE('',#14609,#6787);
#5852=LINE('',#14610,#6788);
#5853=LINE('',#14612,#6789);
#5854=LINE('',#14616,#6790);
#5855=LINE('',#14617,#6791);
#5856=LINE('',#14619,#6792);
#5857=LINE('',#14621,#6793);
#5858=LINE('',#14625,#6794);
#5859=LINE('',#14627,#6795);
#5860=LINE('',#14629,#6796);
#5861=LINE('',#14631,#6797);
#5862=LINE('',#14633,#6798);
#5863=LINE('',#14635,#6799);
#5864=LINE('',#14639,#6800);
#5865=LINE('',#14641,#6801);
#5866=LINE('',#14643,#6802);
#5867=LINE('',#14645,#6803);
#5868=LINE('',#14647,#6804);
#5869=LINE('',#14649,#6805);
#5870=LINE('',#14651,#6806);
#5871=LINE('',#14653,#6807);
#5872=LINE('',#14655,#6808);
#5873=LINE('',#14657,#6809);
#5874=LINE('',#14659,#6810);
#5875=LINE('',#14661,#6811);
#5876=LINE('',#14663,#6812);
#5877=LINE('',#14665,#6813);
#5878=LINE('',#14667,#6814);
#5879=LINE('',#14669,#6815);
#5880=LINE('',#14674,#6816);
#5881=LINE('',#14678,#6817);
#5882=LINE('',#14680,#6818);
#5883=LINE('',#14682,#6819);
#5884=LINE('',#14684,#6820);
#5885=LINE('',#14686,#6821);
#5886=LINE('',#14687,#6822);
#5887=LINE('',#14689,#6823);
#5888=LINE('',#14693,#6824);
#5889=LINE('',#14697,#6825);
#5890=LINE('',#14699,#6826);
#5891=LINE('',#14701,#6827);
#5892=LINE('',#14703,#6828);
#5893=LINE('',#14705,#6829);
#5894=LINE('',#14707,#6830);
#5895=LINE('',#14709,#6831);
#5896=LINE('',#14711,#6832);
#5897=LINE('',#14715,#6833);
#5898=LINE('',#14717,#6834);
#5899=LINE('',#14719,#6835);
#5900=LINE('',#14721,#6836);
#5901=LINE('',#14723,#6837);
#5902=LINE('',#14726,#6838);
#5903=LINE('',#14730,#6839);
#5904=LINE('',#14732,#6840);
#5905=LINE('',#14736,#6841);
#5906=LINE('',#14743,#6842);
#5907=LINE('',#14745,#6843);
#5908=LINE('',#14748,#6844);
#5909=LINE('',#14750,#6845);
#5910=LINE('',#14753,#6846);
#5911=LINE('',#14755,#6847);
#5912=LINE('',#14758,#6848);
#5913=LINE('',#14760,#6849);
#5914=LINE('',#14762,#6850);
#5915=LINE('',#14765,#6851);
#5916=LINE('',#14767,#6852);
#5917=LINE('',#14770,#6853);
#5918=LINE('',#14772,#6854);
#5919=LINE('',#14775,#6855);
#5920=LINE('',#14777,#6856);
#5921=LINE('',#14779,#6857);
#5922=LINE('',#14781,#6858);
#5923=LINE('',#14784,#6859);
#5924=LINE('',#14786,#6860);
#5925=LINE('',#14789,#6861);
#5926=LINE('',#14791,#6862);
#5927=LINE('',#14794,#6863);
#5928=LINE('',#14796,#6864);
#5929=LINE('',#14799,#6865);
#5930=LINE('',#14801,#6866);
#5931=LINE('',#14804,#6867);
#5932=LINE('',#14806,#6868);
#5933=LINE('',#14809,#6869);
#5934=LINE('',#14811,#6870);
#5935=LINE('',#14849,#6871);
#5936=LINE('',#14852,#6872);
#5937=LINE('',#14854,#6873);
#5938=LINE('',#14856,#6874);
#5939=LINE('',#14863,#6875);
#5940=LINE('',#14871,#6876);
#5941=LINE('',#14873,#6877);
#5942=LINE('',#14875,#6878);
#5943=LINE('',#14877,#6879);
#5944=LINE('',#14885,#6880);
#5945=LINE('',#14887,#6881);
#5946=LINE('',#14889,#6882);
#5947=LINE('',#14891,#6883);
#5948=LINE('',#14894,#6884);
#5949=LINE('',#14896,#6885);
#5950=LINE('',#14898,#6886);
#5951=LINE('',#14905,#6887);
#5952=LINE('',#14913,#6888);
#5953=LINE('',#14915,#6889);
#5954=LINE('',#14917,#6890);
#5955=LINE('',#14919,#6891);
#5956=LINE('',#14922,#6892);
#5957=LINE('',#14924,#6893);
#5958=LINE('',#14926,#6894);
#5959=LINE('',#14933,#6895);
#5960=LINE('',#14941,#6896);
#5961=LINE('',#14943,#6897);
#5962=LINE('',#14945,#6898);
#5963=LINE('',#14947,#6899);
#5964=LINE('',#14950,#6900);
#5965=LINE('',#14952,#6901);
#5966=LINE('',#14954,#6902);
#5967=LINE('',#14961,#6903);
#5968=LINE('',#14965,#6904);
#5969=LINE('',#14975,#6905);
#5970=LINE('',#14984,#6906);
#5971=LINE('',#15013,#6907);
#5972=LINE('',#15043,#6908);
#5973=LINE('',#15052,#6909);
#5974=LINE('',#15054,#6910);
#5975=LINE('',#15056,#6911);
#5976=LINE('',#15058,#6912);
#5977=LINE('',#15060,#6913);
#5978=LINE('',#15062,#6914);
#5979=LINE('',#15064,#6915);
#5980=LINE('',#15066,#6916);
#5981=LINE('',#15068,#6917);
#5982=LINE('',#15070,#6918);
#5983=LINE('',#15072,#6919);
#5984=LINE('',#15074,#6920);
#5985=LINE('',#15076,#6921);
#5986=LINE('',#15078,#6922);
#5987=LINE('',#15080,#6923);
#5988=LINE('',#15082,#6924);
#5989=LINE('',#15084,#6925);
#5990=LINE('',#15086,#6926);
#5991=LINE('',#15088,#6927);
#5992=LINE('',#15090,#6928);
#5993=LINE('',#15092,#6929);
#5994=LINE('',#15094,#6930);
#5995=LINE('',#15096,#6931);
#5996=LINE('',#15098,#6932);
#5997=LINE('',#15100,#6933);
#5998=LINE('',#15104,#6934);
#5999=LINE('',#15106,#6935);
#6000=LINE('',#15108,#6936);
#6001=LINE('',#15110,#6937);
#6002=LINE('',#15113,#6938);
#6003=LINE('',#15115,#6939);
#6004=LINE('',#15117,#6940);
#6005=LINE('',#15119,#6941);
#6006=LINE('',#15121,#6942);
#6007=LINE('',#15123,#6943);
#6008=LINE('',#15125,#6944);
#6009=LINE('',#15127,#6945);
#6010=LINE('',#15129,#6946);
#6011=LINE('',#15131,#6947);
#6012=LINE('',#15133,#6948);
#6013=LINE('',#15135,#6949);
#6014=LINE('',#15137,#6950);
#6015=LINE('',#15139,#6951);
#6016=LINE('',#15141,#6952);
#6017=LINE('',#15143,#6953);
#6018=LINE('',#15145,#6954);
#6019=LINE('',#15147,#6955);
#6020=LINE('',#15149,#6956);
#6021=LINE('',#15151,#6957);
#6022=LINE('',#15153,#6958);
#6023=LINE('',#15155,#6959);
#6024=LINE('',#15157,#6960);
#6025=LINE('',#15159,#6961);
#6026=LINE('',#15161,#6962);
#6027=LINE('',#15163,#6963);
#6028=LINE('',#15165,#6964);
#6029=LINE('',#15167,#6965);
#6030=LINE('',#15169,#6966);
#6031=LINE('',#15171,#6967);
#6032=LINE('',#15173,#6968);
#6033=LINE('',#15175,#6969);
#6034=LINE('',#15177,#6970);
#6035=LINE('',#15179,#6971);
#6036=LINE('',#15181,#6972);
#6037=LINE('',#15183,#6973);
#6038=LINE('',#15185,#6974);
#6039=LINE('',#15187,#6975);
#6040=LINE('',#15189,#6976);
#6041=LINE('',#15191,#6977);
#6042=LINE('',#15193,#6978);
#6043=LINE('',#15438,#6979);
#6044=LINE('',#15440,#6980);
#6045=LINE('',#15442,#6981);
#6046=LINE('',#15444,#6982);
#6047=LINE('',#15446,#6983);
#6048=LINE('',#15448,#6984);
#6049=LINE('',#15450,#6985);
#6050=LINE('',#15452,#6986);
#6051=LINE('',#15454,#6987);
#6052=LINE('',#15456,#6988);
#6053=LINE('',#15458,#6989);
#6054=LINE('',#15460,#6990);
#6055=LINE('',#15462,#6991);
#6056=LINE('',#15464,#6992);
#6057=LINE('',#15466,#6993);
#6058=LINE('',#15468,#6994);
#6059=LINE('',#15470,#6995);
#6060=LINE('',#15472,#6996);
#6061=LINE('',#15474,#6997);
#6062=LINE('',#15476,#6998);
#6063=LINE('',#15478,#6999);
#6064=LINE('',#15480,#7000);
#6065=VECTOR('',#10199,1.);
#6066=VECTOR('',#10200,1.);
#6067=VECTOR('',#10201,1.);
#6068=VECTOR('',#10202,1.);
#6069=VECTOR('',#10205,1.);
#6070=VECTOR('',#10206,1.);
#6071=VECTOR('',#10207,1.);
#6072=VECTOR('',#10208,1.);
#6073=VECTOR('',#10211,1.);
#6074=VECTOR('',#10212,1.);
#6075=VECTOR('',#10213,1.);
#6076=VECTOR('',#10214,1.);
#6077=VECTOR('',#10217,1.);
#6078=VECTOR('',#10218,1.);
#6079=VECTOR('',#10219,1.);
#6080=VECTOR('',#10220,1.);
#6081=VECTOR('',#10223,1.);
#6082=VECTOR('',#10224,1.);
#6083=VECTOR('',#10225,1.);
#6084=VECTOR('',#10228,1.);
#6085=VECTOR('',#10229,1.);
#6086=VECTOR('',#10230,1.);
#6087=VECTOR('',#10231,1.);
#6088=VECTOR('',#10234,1.);
#6089=VECTOR('',#10235,1.);
#6090=VECTOR('',#10236,1.);
#6091=VECTOR('',#10237,1.);
#6092=VECTOR('',#10240,1.);
#6093=VECTOR('',#10241,1.);
#6094=VECTOR('',#10242,1.);
#6095=VECTOR('',#10243,1.);
#6096=VECTOR('',#10246,1.);
#6097=VECTOR('',#10247,1.);
#6098=VECTOR('',#10248,1.);
#6099=VECTOR('',#10251,1.);
#6100=VECTOR('',#10252,1.);
#6101=VECTOR('',#10253,1.);
#6102=VECTOR('',#10254,1.);
#6103=VECTOR('',#10257,1.);
#6104=VECTOR('',#10258,1.);
#6105=VECTOR('',#10259,1.);
#6106=VECTOR('',#10260,1.);
#6107=VECTOR('',#10263,1.);
#6108=VECTOR('',#10264,1.);
#6109=VECTOR('',#10265,1.);
#6110=VECTOR('',#10268,1.);
#6111=VECTOR('',#10269,1.);
#6112=VECTOR('',#10270,1.);
#6113=VECTOR('',#10271,1.);
#6114=VECTOR('',#10274,1.);
#6115=VECTOR('',#10275,1.);
#6116=VECTOR('',#10276,1.);
#6117=VECTOR('',#10277,1.);
#6118=VECTOR('',#10280,1.);
#6119=VECTOR('',#10281,1.);
#6120=VECTOR('',#10282,1.);
#6121=VECTOR('',#10285,1.);
#6122=VECTOR('',#10286,1.);
#6123=VECTOR('',#10287,1.);
#6124=VECTOR('',#10290,1.);
#6125=VECTOR('',#10291,1.);
#6126=VECTOR('',#10292,1.);
#6127=VECTOR('',#10293,1.);
#6128=VECTOR('',#10296,1.);
#6129=VECTOR('',#10297,1.);
#6130=VECTOR('',#10298,1.);
#6131=VECTOR('',#10299,1.);
#6132=VECTOR('',#10302,1.);
#6133=VECTOR('',#10305,1.);
#6134=VECTOR('',#10308,1.);
#6135=VECTOR('',#10311,1.);
#6136=VECTOR('',#10314,1.);
#6137=VECTOR('',#10317,1.);
#6138=VECTOR('',#10320,1.);
#6139=VECTOR('',#10323,1.);
#6140=VECTOR('',#10326,1.);
#6141=VECTOR('',#10329,1.);
#6142=VECTOR('',#10332,1.);
#6143=VECTOR('',#10335,1.);
#6144=VECTOR('',#10338,1.);
#6145=VECTOR('',#10339,1.);
#6146=VECTOR('',#10342,1.);
#6147=VECTOR('',#10343,1.);
#6148=VECTOR('',#10346,1.);
#6149=VECTOR('',#10349,1.);
#6150=VECTOR('',#10352,1.);
#6151=VECTOR('',#10355,1.);
#6152=VECTOR('',#10358,1.);
#6153=VECTOR('',#10361,1.);
#6154=VECTOR('',#10362,1.);
#6155=VECTOR('',#10365,1.);
#6156=VECTOR('',#10368,1.);
#6157=VECTOR('',#10371,1.);
#6158=VECTOR('',#10374,1.);
#6159=VECTOR('',#10377,1.);
#6160=VECTOR('',#10378,1.);
#6161=VECTOR('',#10379,1.);
#6162=VECTOR('',#10380,1.);
#6163=VECTOR('',#10381,1.);
#6164=VECTOR('',#10382,1.);
#6165=VECTOR('',#10383,1.);
#6166=VECTOR('',#10384,1.);
#6167=VECTOR('',#10385,1.);
#6168=VECTOR('',#10386,1.);
#6169=VECTOR('',#10387,1.);
#6170=VECTOR('',#10388,1.);
#6171=VECTOR('',#10389,1.);
#6172=VECTOR('',#10390,1.);
#6173=VECTOR('',#10391,1.);
#6174=VECTOR('',#10398,1.);
#6175=VECTOR('',#10399,1.);
#6176=VECTOR('',#10400,1.);
#6177=VECTOR('',#10401,1.);
#6178=VECTOR('',#10402,1.);
#6179=VECTOR('',#10403,1.);
#6180=VECTOR('',#10404,1.);
#6181=VECTOR('',#10405,1.);
#6182=VECTOR('',#10406,1.);
#6183=VECTOR('',#10407,1.);
#6184=VECTOR('',#10408,1.);
#6185=VECTOR('',#10409,1.);
#6186=VECTOR('',#10410,1.);
#6187=VECTOR('',#10411,1.);
#6188=VECTOR('',#10412,1.);
#6189=VECTOR('',#10413,1.);
#6190=VECTOR('',#10414,1.);
#6191=VECTOR('',#10415,1.);
#6192=VECTOR('',#10416,1.);
#6193=VECTOR('',#10417,1.);
#6194=VECTOR('',#10418,1.);
#6195=VECTOR('',#10419,1.);
#6196=VECTOR('',#10420,1.);
#6197=VECTOR('',#10421,1.);
#6198=VECTOR('',#10422,1.);
#6199=VECTOR('',#10423,1.);
#6200=VECTOR('',#10424,1.);
#6201=VECTOR('',#10425,1.);
#6202=VECTOR('',#10426,1.);
#6203=VECTOR('',#10427,1.);
#6204=VECTOR('',#10428,1.);
#6205=VECTOR('',#10429,1.);
#6206=VECTOR('',#10430,1.);
#6207=VECTOR('',#10431,1.);
#6208=VECTOR('',#10432,1.);
#6209=VECTOR('',#10433,1.);
#6210=VECTOR('',#10434,1.);
#6211=VECTOR('',#10435,1.);
#6212=VECTOR('',#10436,1.);
#6213=VECTOR('',#10439,1.);
#6214=VECTOR('',#10440,1.);
#6215=VECTOR('',#10441,1.);
#6216=VECTOR('',#10442,1.);
#6217=VECTOR('',#10443,1.);
#6218=VECTOR('',#10446,1.);
#6219=VECTOR('',#10447,1.);
#6220=VECTOR('',#10448,1.);
#6221=VECTOR('',#10451,1.);
#6222=VECTOR('',#10452,1.);
#6223=VECTOR('',#10457,1.);
#6224=VECTOR('',#10458,1.);
#6225=VECTOR('',#10459,1.);
#6226=VECTOR('',#10460,1.);
#6227=VECTOR('',#10463,1.);
#6228=VECTOR('',#10464,1.);
#6229=VECTOR('',#10465,1.);
#6230=VECTOR('',#10472,1.);
#6231=VECTOR('',#10473,1.);
#6232=VECTOR('',#10474,1.);
#6233=VECTOR('',#10475,1.);
#6234=VECTOR('',#10476,1.);
#6235=VECTOR('',#10477,1.);
#6236=VECTOR('',#10478,1.);
#6237=VECTOR('',#10479,1.);
#6238=VECTOR('',#10480,1.);
#6239=VECTOR('',#10481,1.);
#6240=VECTOR('',#10482,1.);
#6241=VECTOR('',#10485,1.);
#6242=VECTOR('',#10486,1.);
#6243=VECTOR('',#10489,1.);
#6244=VECTOR('',#10492,1.);
#6245=VECTOR('',#10495,1.);
#6246=VECTOR('',#10496,1.);
#6247=VECTOR('',#10499,1.);
#6248=VECTOR('',#10500,1.);
#6249=VECTOR('',#10501,1.);
#6250=VECTOR('',#10502,1.);
#6251=VECTOR('',#10503,1.);
#6252=VECTOR('',#10504,1.);
#6253=VECTOR('',#10505,1.);
#6254=VECTOR('',#10506,1.);
#6255=VECTOR('',#10507,1.);
#6256=VECTOR('',#10508,1.);
#6257=VECTOR('',#10509,1.);
#6258=VECTOR('',#10510,1.);
#6259=VECTOR('',#10511,1.);
#6260=VECTOR('',#10512,1.);
#6261=VECTOR('',#10513,1.);
#6262=VECTOR('',#10514,1.);
#6263=VECTOR('',#10515,1.);
#6264=VECTOR('',#10516,1.);
#6265=VECTOR('',#10517,1.);
#6266=VECTOR('',#10518,1.);
#6267=VECTOR('',#10519,1.);
#6268=VECTOR('',#10520,1.);
#6269=VECTOR('',#10521,1.);
#6270=VECTOR('',#10522,1.);
#6271=VECTOR('',#10523,1.);
#6272=VECTOR('',#10524,1.);
#6273=VECTOR('',#10525,1.);
#6274=VECTOR('',#10526,1.);
#6275=VECTOR('',#10527,1.);
#6276=VECTOR('',#10528,1.);
#6277=VECTOR('',#10529,1.);
#6278=VECTOR('',#10530,1.);
#6279=VECTOR('',#10531,1.);
#6280=VECTOR('',#10532,1.);
#6281=VECTOR('',#10533,1.);
#6282=VECTOR('',#10534,1.);
#6283=VECTOR('',#10535,1.);
#6284=VECTOR('',#10536,1.);
#6285=VECTOR('',#10537,1.);
#6286=VECTOR('',#10538,1.);
#6287=VECTOR('',#10539,1.);
#6288=VECTOR('',#10540,1.);
#6289=VECTOR('',#10541,1.);
#6290=VECTOR('',#10542,1.);
#6291=VECTOR('',#10543,1.);
#6292=VECTOR('',#10544,1.);
#6293=VECTOR('',#10545,1.);
#6294=VECTOR('',#10546,1.);
#6295=VECTOR('',#10547,1.);
#6296=VECTOR('',#10548,1.);
#6297=VECTOR('',#10549,1.);
#6298=VECTOR('',#10554,1.);
#6299=VECTOR('',#10555,1.);
#6300=VECTOR('',#10556,1.);
#6301=VECTOR('',#10557,1.);
#6302=VECTOR('',#10558,1.);
#6303=VECTOR('',#10559,1.);
#6304=VECTOR('',#10560,1.);
#6305=VECTOR('',#10561,1.);
#6306=VECTOR('',#10562,1.);
#6307=VECTOR('',#10563,1.);
#6308=VECTOR('',#10564,1.);
#6309=VECTOR('',#10565,1.);
#6310=VECTOR('',#10566,1.);
#6311=VECTOR('',#10569,1.);
#6312=VECTOR('',#10570,1.);
#6313=VECTOR('',#10571,1.);
#6314=VECTOR('',#10572,1.);
#6315=VECTOR('',#10573,1.);
#6316=VECTOR('',#10574,1.);
#6317=VECTOR('',#10575,1.);
#6318=VECTOR('',#10578,1.);
#6319=VECTOR('',#10579,1.);
#6320=VECTOR('',#10582,1.);
#6321=VECTOR('',#10585,1.);
#6322=VECTOR('',#10586,1.);
#6323=VECTOR('',#10587,1.);
#6324=VECTOR('',#10588,1.);
#6325=VECTOR('',#10589,1.);
#6326=VECTOR('',#10590,1.);
#6327=VECTOR('',#10591,1.);
#6328=VECTOR('',#10592,1.);
#6329=VECTOR('',#10593,1.);
#6330=VECTOR('',#10594,1.);
#6331=VECTOR('',#10595,1.);
#6332=VECTOR('',#10596,1.);
#6333=VECTOR('',#10597,1.);
#6334=VECTOR('',#10598,1.);
#6335=VECTOR('',#10599,1.);
#6336=VECTOR('',#10600,1.);
#6337=VECTOR('',#10601,1.);
#6338=VECTOR('',#10602,1.);
#6339=VECTOR('',#10603,1.);
#6340=VECTOR('',#10604,1.);
#6341=VECTOR('',#10607,1.);
#6342=VECTOR('',#10608,1.);
#6343=VECTOR('',#10609,1.);
#6344=VECTOR('',#10610,1.);
#6345=VECTOR('',#10611,1.);
#6346=VECTOR('',#10612,1.);
#6347=VECTOR('',#10613,1.);
#6348=VECTOR('',#10616,1.);
#6349=VECTOR('',#10617,1.);
#6350=VECTOR('',#10618,1.);
#6351=VECTOR('',#10619,1.);
#6352=VECTOR('',#10620,1.);
#6353=VECTOR('',#10621,1.);
#6354=VECTOR('',#10622,1.);
#6355=VECTOR('',#10625,1.);
#6356=VECTOR('',#10626,1.);
#6357=VECTOR('',#10627,1.);
#6358=VECTOR('',#10628,1.);
#6359=VECTOR('',#10629,1.);
#6360=VECTOR('',#10632,1.);
#6361=VECTOR('',#10633,1.);
#6362=VECTOR('',#10634,1.);
#6363=VECTOR('',#10635,1.);
#6364=VECTOR('',#10636,1.);
#6365=VECTOR('',#10637,1.);
#6366=VECTOR('',#10638,1.);
#6367=VECTOR('',#10639,1.);
#6368=VECTOR('',#10640,1.);
#6369=VECTOR('',#10641,1.);
#6370=VECTOR('',#10642,1.);
#6371=VECTOR('',#10643,1.);
#6372=VECTOR('',#10644,1.);
#6373=VECTOR('',#10645,1.);
#6374=VECTOR('',#10646,1.);
#6375=VECTOR('',#10647,1.);
#6376=VECTOR('',#10648,1.);
#6377=VECTOR('',#10649,1.);
#6378=VECTOR('',#10660,1.);
#6379=VECTOR('',#10661,1.);
#6380=VECTOR('',#10666,1.);
#6381=VECTOR('',#10667,1.);
#6382=VECTOR('',#10672,1.);
#6383=VECTOR('',#10673,1.);
#6384=VECTOR('',#10678,1.);
#6385=VECTOR('',#10679,1.);
#6386=VECTOR('',#10684,1.);
#6387=VECTOR('',#10685,1.);
#6388=VECTOR('',#10718,1.);
#6389=VECTOR('',#10719,1.);
#6390=VECTOR('',#10720,1.);
#6391=VECTOR('',#10723,1.);
#6392=VECTOR('',#10724,1.);
#6393=VECTOR('',#10725,1.);
#6394=VECTOR('',#10726,1.);
#6395=VECTOR('',#10727,1.);
#6396=VECTOR('',#10730,1.);
#6397=VECTOR('',#10731,1.);
#6398=VECTOR('',#10734,1.);
#6399=VECTOR('',#10735,1.);
#6400=VECTOR('',#10736,1.);
#6401=VECTOR('',#10747,1.);
#6402=VECTOR('',#10748,1.);
#6403=VECTOR('',#10749,1.);
#6404=VECTOR('',#10752,1.);
#6405=VECTOR('',#10755,1.);
#6406=VECTOR('',#10756,1.);
#6407=VECTOR('',#10759,1.);
#6408=VECTOR('',#10762,1.);
#6409=VECTOR('',#10763,1.);
#6410=VECTOR('',#10766,1.);
#6411=VECTOR('',#10767,1.);
#6412=VECTOR('',#10768,1.);
#6413=VECTOR('',#10769,1.);
#6414=VECTOR('',#10770,1.);
#6415=VECTOR('',#10773,1.);
#6416=VECTOR('',#10774,1.);
#6417=VECTOR('',#10775,1.);
#6418=VECTOR('',#10776,1.);
#6419=VECTOR('',#10777,1.);
#6420=VECTOR('',#10778,1.);
#6421=VECTOR('',#10779,1.);
#6422=VECTOR('',#10780,1.);
#6423=VECTOR('',#10783,1.);
#6424=VECTOR('',#10786,1.);
#6425=VECTOR('',#10787,1.);
#6426=VECTOR('',#10790,1.);
#6427=VECTOR('',#10791,1.);
#6428=VECTOR('',#10794,1.);
#6429=VECTOR('',#10795,1.);
#6430=VECTOR('',#10798,1.);
#6431=VECTOR('',#10799,1.);
#6432=VECTOR('',#10802,1.);
#6433=VECTOR('',#10803,1.);
#6434=VECTOR('',#10806,1.);
#6435=VECTOR('',#10807,1.);
#6436=VECTOR('',#10810,1.);
#6437=VECTOR('',#10811,1.);
#6438=VECTOR('',#10816,1.);
#6439=VECTOR('',#10817,1.);
#6440=VECTOR('',#10820,1.);
#6441=VECTOR('',#10823,1.);
#6442=VECTOR('',#10826,1.);
#6443=VECTOR('',#10829,1.);
#6444=VECTOR('',#10850,1.);
#6445=VECTOR('',#10853,1.);
#6446=VECTOR('',#10854,1.);
#6447=VECTOR('',#10857,1.);
#6448=VECTOR('',#10858,1.);
#6449=VECTOR('',#10859,1.);
#6450=VECTOR('',#10860,1.);
#6451=VECTOR('',#10861,1.);
#6452=VECTOR('',#10862,1.);
#6453=VECTOR('',#10863,1.);
#6454=VECTOR('',#10864,1.);
#6455=VECTOR('',#10867,1.);
#6456=VECTOR('',#10870,1.);
#6457=VECTOR('',#10873,1.);
#6458=VECTOR('',#10874,1.);
#6459=VECTOR('',#10877,1.);
#6460=VECTOR('',#10878,1.);
#6461=VECTOR('',#10881,1.);
#6462=VECTOR('',#10884,1.);
#6463=VECTOR('',#10887,1.);
#6464=VECTOR('',#10888,1.);
#6465=VECTOR('',#10889,1.);
#6466=VECTOR('',#10890,1.);
#6467=VECTOR('',#10891,1.);
#6468=VECTOR('',#10892,1.);
#6469=VECTOR('',#10893,1.);
#6470=VECTOR('',#10894,1.);
#6471=VECTOR('',#10897,1.);
#6472=VECTOR('',#10898,1.);
#6473=VECTOR('',#10905,1.);
#6474=VECTOR('',#10910,1.);
#6475=VECTOR('',#10915,1.);
#6476=VECTOR('',#10916,1.);
#6477=VECTOR('',#10919,1.);
#6478=VECTOR('',#10924,1.);
#6479=VECTOR('',#10927,1.);
#6480=VECTOR('',#10972,1.);
#6481=VECTOR('',#10973,1.);
#6482=VECTOR('',#10974,1.);
#6483=VECTOR('',#10977,1.);
#6484=VECTOR('',#10978,1.);
#6485=VECTOR('',#10981,1.);
#6486=VECTOR('',#10982,1.);
#6487=VECTOR('',#10985,1.);
#6488=VECTOR('',#10986,1.);
#6489=VECTOR('',#10989,1.);
#6490=VECTOR('',#10990,1.);
#6491=VECTOR('',#10993,1.);
#6492=VECTOR('',#10994,1.);
#6493=VECTOR('',#10997,1.);
#6494=VECTOR('',#10998,1.);
#6495=VECTOR('',#11001,1.);
#6496=VECTOR('',#11002,1.);
#6497=VECTOR('',#11005,1.);
#6498=VECTOR('',#11006,1.);
#6499=VECTOR('',#11009,1.);
#6500=VECTOR('',#11010,1.);
#6501=VECTOR('',#11013,1.);
#6502=VECTOR('',#11014,1.);
#6503=VECTOR('',#11017,1.);
#6504=VECTOR('',#11022,1.);
#6505=VECTOR('',#11025,1.);
#6506=VECTOR('',#11028,1.);
#6507=VECTOR('',#11039,1.);
#6508=VECTOR('',#11042,1.);
#6509=VECTOR('',#11045,1.);
#6510=VECTOR('',#11056,1.);
#6511=VECTOR('',#11057,1.);
#6512=VECTOR('',#11058,1.);
#6513=VECTOR('',#11061,1.);
#6514=VECTOR('',#11062,1.);
#6515=VECTOR('',#11065,1.);
#6516=VECTOR('',#11066,1.);
#6517=VECTOR('',#11069,1.);
#6518=VECTOR('',#11070,1.);
#6519=VECTOR('',#11073,1.);
#6520=VECTOR('',#11074,1.);
#6521=VECTOR('',#11077,1.);
#6522=VECTOR('',#11078,1.);
#6523=VECTOR('',#11081,1.);
#6524=VECTOR('',#11082,1.);
#6525=VECTOR('',#11085,1.);
#6526=VECTOR('',#11086,1.);
#6527=VECTOR('',#11089,1.);
#6528=VECTOR('',#11090,1.);
#6529=VECTOR('',#11093,1.);
#6530=VECTOR('',#11098,1.);
#6531=VECTOR('',#11099,1.);
#6532=VECTOR('',#11100,1.);
#6533=VECTOR('',#11103,1.);
#6534=VECTOR('',#11104,1.);
#6535=VECTOR('',#11107,1.);
#6536=VECTOR('',#11108,1.);
#6537=VECTOR('',#11111,1.);
#6538=VECTOR('',#11112,1.);
#6539=VECTOR('',#11115,1.);
#6540=VECTOR('',#11116,1.);
#6541=VECTOR('',#11119,1.);
#6542=VECTOR('',#11120,1.);
#6543=VECTOR('',#11123,1.);
#6544=VECTOR('',#11124,1.);
#6545=VECTOR('',#11125,1.);
#6546=VECTOR('',#11128,1.);
#6547=VECTOR('',#11129,1.);
#6548=VECTOR('',#11130,1.);
#6549=VECTOR('',#11133,1.);
#6550=VECTOR('',#11134,1.);
#6551=VECTOR('',#11137,1.);
#6552=VECTOR('',#11138,1.);
#6553=VECTOR('',#11141,1.);
#6554=VECTOR('',#11142,1.);
#6555=VECTOR('',#11145,1.);
#6556=VECTOR('',#11154,1.);
#6557=VECTOR('',#11157,1.);
#6558=VECTOR('',#11158,1.);
#6559=VECTOR('',#11163,1.);
#6560=VECTOR('',#11166,1.);
#6561=VECTOR('',#11169,1.);
#6562=VECTOR('',#11172,1.);
#6563=VECTOR('',#11173,1.);
#6564=VECTOR('',#11176,1.);
#6565=VECTOR('',#11177,1.);
#6566=VECTOR('',#11180,1.);
#6567=VECTOR('',#11185,1.);
#6568=VECTOR('',#11188,1.);
#6569=VECTOR('',#11189,1.);
#6570=VECTOR('',#11190,1.);
#6571=VECTOR('',#11193,1.);
#6572=VECTOR('',#11194,1.);
#6573=VECTOR('',#11197,1.);
#6574=VECTOR('',#11198,1.);
#6575=VECTOR('',#11201,1.);
#6576=VECTOR('',#11202,1.);
#6577=VECTOR('',#11205,1.);
#6578=VECTOR('',#11206,1.);
#6579=VECTOR('',#11209,1.);
#6580=VECTOR('',#11210,1.);
#6581=VECTOR('',#11213,1.);
#6582=VECTOR('',#11214,1.);
#6583=VECTOR('',#11217,1.);
#6584=VECTOR('',#11218,1.);
#6585=VECTOR('',#11221,1.);
#6586=VECTOR('',#11222,1.);
#6587=VECTOR('',#11225,1.);
#6588=VECTOR('',#11230,1.);
#6589=VECTOR('',#11231,1.);
#6590=VECTOR('',#11232,1.);
#6591=VECTOR('',#11235,1.);
#6592=VECTOR('',#11236,1.);
#6593=VECTOR('',#11239,1.);
#6594=VECTOR('',#11240,1.);
#6595=VECTOR('',#11243,1.);
#6596=VECTOR('',#11246,1.);
#6597=VECTOR('',#11251,1.);
#6598=VECTOR('',#11254,1.);
#6599=VECTOR('',#11261,1.);
#6600=VECTOR('',#11264,1.);
#6601=VECTOR('',#11265,1.);
#6602=VECTOR('',#11266,1.);
#6603=VECTOR('',#11269,1.);
#6604=VECTOR('',#11270,1.);
#6605=VECTOR('',#11273,1.);
#6606=VECTOR('',#11274,1.);
#6607=VECTOR('',#11277,1.);
#6608=VECTOR('',#11278,1.);
#6609=VECTOR('',#11281,1.);
#6610=VECTOR('',#11282,1.);
#6611=VECTOR('',#11285,1.);
#6612=VECTOR('',#11286,1.);
#6613=VECTOR('',#11289,1.);
#6614=VECTOR('',#11290,1.);
#6615=VECTOR('',#11293,1.);
#6616=VECTOR('',#11294,1.);
#6617=VECTOR('',#11297,1.);
#6618=VECTOR('',#11298,1.);
#6619=VECTOR('',#11301,1.);
#6620=VECTOR('',#11302,1.);
#6621=VECTOR('',#11305,1.);
#6622=VECTOR('',#11306,1.);
#6623=VECTOR('',#11309,1.);
#6624=VECTOR('',#11316,1.);
#6625=VECTOR('',#11317,1.);
#6626=VECTOR('',#11318,1.);
#6627=VECTOR('',#11321,1.);
#6628=VECTOR('',#11322,1.);
#6629=VECTOR('',#11325,1.);
#6630=VECTOR('',#11326,1.);
#6631=VECTOR('',#11329,1.);
#6632=VECTOR('',#11330,1.);
#6633=VECTOR('',#11333,1.);
#6634=VECTOR('',#11334,1.);
#6635=VECTOR('',#11341,1.);
#6636=VECTOR('',#11348,1.);
#6637=VECTOR('',#11349,1.);
#6638=VECTOR('',#11350,1.);
#6639=VECTOR('',#11353,1.);
#6640=VECTOR('',#11354,1.);
#6641=VECTOR('',#11357,1.);
#6642=VECTOR('',#11358,1.);
#6643=VECTOR('',#11361,1.);
#6644=VECTOR('',#11362,1.);
#6645=VECTOR('',#11365,1.);
#6646=VECTOR('',#11366,1.);
#6647=VECTOR('',#11371,1.);
#6648=VECTOR('',#11378,1.);
#6649=VECTOR('',#11379,1.);
#6650=VECTOR('',#11380,1.);
#6651=VECTOR('',#11383,1.);
#6652=VECTOR('',#11386,1.);
#6653=VECTOR('',#11389,1.);
#6654=VECTOR('',#11392,1.);
#6655=VECTOR('',#11399,1.);
#6656=VECTOR('',#11406,1.);
#6657=VECTOR('',#11407,1.);
#6658=VECTOR('',#11408,1.);
#6659=VECTOR('',#11411,1.);
#6660=VECTOR('',#11412,1.);
#6661=VECTOR('',#11415,1.);
#6662=VECTOR('',#11416,1.);
#6663=VECTOR('',#11419,1.);
#6664=VECTOR('',#11420,1.);
#6665=VECTOR('',#11423,1.);
#6666=VECTOR('',#11424,1.);
#6667=VECTOR('',#11427,1.);
#6668=VECTOR('',#11500,1.);
#6669=VECTOR('',#11501,1.);
#6670=VECTOR('',#11502,1.);
#6671=VECTOR('',#11503,1.);
#6672=VECTOR('',#11506,1.);
#6673=VECTOR('',#11507,1.);
#6674=VECTOR('',#11508,1.);
#6675=VECTOR('',#11509,1.);
#6676=VECTOR('',#11514,1.);
#6677=VECTOR('',#11515,1.);
#6678=VECTOR('',#11516,1.);
#6679=VECTOR('',#11517,1.);
#6680=VECTOR('',#11520,1.);
#6681=VECTOR('',#11523,1.);
#6682=VECTOR('',#11524,1.);
#6683=VECTOR('',#11525,1.);
#6684=VECTOR('',#11528,1.);
#6685=VECTOR('',#11529,1.);
#6686=VECTOR('',#11530,1.);
#6687=VECTOR('',#11531,1.);
#6688=VECTOR('',#11534,1.);
#6689=VECTOR('',#11535,1.);
#6690=VECTOR('',#11536,1.);
#6691=VECTOR('',#11537,1.);
#6692=VECTOR('',#11540,1.);
#6693=VECTOR('',#11541,1.);
#6694=VECTOR('',#11542,1.);
#6695=VECTOR('',#11543,1.);
#6696=VECTOR('',#11546,1.);
#6697=VECTOR('',#11547,1.);
#6698=VECTOR('',#11550,1.);
#6699=VECTOR('',#11553,1.);
#6700=VECTOR('',#11558,1.);
#6701=VECTOR('',#11559,1.);
#6702=VECTOR('',#11560,1.);
#6703=VECTOR('',#11563,1.);
#6704=VECTOR('',#11564,1.);
#6705=VECTOR('',#11567,1.);
#6706=VECTOR('',#11568,1.);
#6707=VECTOR('',#11571,1.);
#6708=VECTOR('',#11572,1.);
#6709=VECTOR('',#11575,1.);
#6710=VECTOR('',#11576,1.);
#6711=VECTOR('',#11579,1.);
#6712=VECTOR('',#11580,1.);
#6713=VECTOR('',#11583,1.);
#6714=VECTOR('',#11590,1.);
#6715=VECTOR('',#11591,1.);
#6716=VECTOR('',#11592,1.);
#6717=VECTOR('',#11593,1.);
#6718=VECTOR('',#11594,1.);
#6719=VECTOR('',#11595,1.);
#6720=VECTOR('',#11596,1.);
#6721=VECTOR('',#11597,1.);
#6722=VECTOR('',#11598,1.);
#6723=VECTOR('',#11599,1.);
#6724=VECTOR('',#11600,1.);
#6725=VECTOR('',#11603,1.);
#6726=VECTOR('',#11608,1.);
#6727=VECTOR('',#11611,1.);
#6728=VECTOR('',#11614,1.);
#6729=VECTOR('',#11619,1.);
#6730=VECTOR('',#11624,1.);
#6731=VECTOR('',#11625,1.);
#6732=VECTOR('',#11628,1.);
#6733=VECTOR('',#11629,1.);
#6734=VECTOR('',#11632,1.);
#6735=VECTOR('',#11633,1.);
#6736=VECTOR('',#11636,1.);
#6737=VECTOR('',#11641,1.);
#6738=VECTOR('',#11642,1.);
#6739=VECTOR('',#11645,1.);
#6740=VECTOR('',#11646,1.);
#6741=VECTOR('',#11649,1.);
#6742=VECTOR('',#11650,1.);
#6743=VECTOR('',#11653,1.);
#6744=VECTOR('',#11654,1.);
#6745=VECTOR('',#11671,1.);
#6746=VECTOR('',#11672,1.);
#6747=VECTOR('',#11673,1.);
#6748=VECTOR('',#11674,1.);
#6749=VECTOR('',#11677,1.);
#6750=VECTOR('',#11678,1.);
#6751=VECTOR('',#11679,1.);
#6752=VECTOR('',#11682,1.);
#6753=VECTOR('',#11683,1.);
#6754=VECTOR('',#11686,1.);
#6755=VECTOR('',#11689,1.);
#6756=VECTOR('',#11690,1.);
#6757=VECTOR('',#11691,1.);
#6758=VECTOR('',#11692,1.);
#6759=VECTOR('',#11695,1.);
#6760=VECTOR('',#11696,1.);
#6761=VECTOR('',#11697,1.);
#6762=VECTOR('',#11702,1.);
#6763=VECTOR('',#11705,1.);
#6764=VECTOR('',#11706,1.);
#6765=VECTOR('',#11707,1.);
#6766=VECTOR('',#11710,1.);
#6767=VECTOR('',#11711,1.);
#6768=VECTOR('',#11712,1.);
#6769=VECTOR('',#11715,1.);
#6770=VECTOR('',#11716,1.);
#6771=VECTOR('',#11719,1.);
#6772=VECTOR('',#11720,1.);
#6773=VECTOR('',#11723,1.);
#6774=VECTOR('',#11724,1.);
#6775=VECTOR('',#11727,1.);
#6776=VECTOR('',#11728,1.);
#6777=VECTOR('',#11731,1.);
#6778=VECTOR('',#11732,1.);
#6779=VECTOR('',#11735,1.);
#6780=VECTOR('',#11736,1.);
#6781=VECTOR('',#11739,1.);
#6782=VECTOR('',#11740,1.);
#6783=VECTOR('',#11743,1.);
#6784=VECTOR('',#11744,1.);
#6785=VECTOR('',#11747,1.);
#6786=VECTOR('',#11748,1.);
#6787=VECTOR('',#11751,1.);
#6788=VECTOR('',#11752,1.);
#6789=VECTOR('',#11753,1.);
#6790=VECTOR('',#11756,1.);
#6791=VECTOR('',#11757,1.);
#6792=VECTOR('',#11760,1.);
#6793=VECTOR('',#11761,1.);
#6794=VECTOR('',#11766,1.);
#6795=VECTOR('',#11767,1.);
#6796=VECTOR('',#11768,1.);
#6797=VECTOR('',#11771,1.);
#6798=VECTOR('',#11772,1.);
#6799=VECTOR('',#11775,1.);
#6800=VECTOR('',#11780,1.);
#6801=VECTOR('',#11781,1.);
#6802=VECTOR('',#11784,1.);
#6803=VECTOR('',#11785,1.);
#6804=VECTOR('',#11788,1.);
#6805=VECTOR('',#11789,1.);
#6806=VECTOR('',#11792,1.);
#6807=VECTOR('',#11793,1.);
#6808=VECTOR('',#11796,1.);
#6809=VECTOR('',#11797,1.);
#6810=VECTOR('',#11800,1.);
#6811=VECTOR('',#11801,1.);
#6812=VECTOR('',#11804,1.);
#6813=VECTOR('',#11805,1.);
#6814=VECTOR('',#11808,1.);
#6815=VECTOR('',#11809,1.);
#6816=VECTOR('',#11814,1.);
#6817=VECTOR('',#11817,1.);
#6818=VECTOR('',#11820,1.);
#6819=VECTOR('',#11821,1.);
#6820=VECTOR('',#11822,1.);
#6821=VECTOR('',#11825,1.);
#6822=VECTOR('',#11826,1.);
#6823=VECTOR('',#11829,1.);
#6824=VECTOR('',#11836,1.);
#6825=VECTOR('',#11839,1.);
#6826=VECTOR('',#11842,1.);
#6827=VECTOR('',#11843,1.);
#6828=VECTOR('',#11846,1.);
#6829=VECTOR('',#11847,1.);
#6830=VECTOR('',#11850,1.);
#6831=VECTOR('',#11851,1.);
#6832=VECTOR('',#11854,1.);
#6833=VECTOR('',#11859,1.);
#6834=VECTOR('',#11860,1.);
#6835=VECTOR('',#11863,1.);
#6836=VECTOR('',#11864,1.);
#6837=VECTOR('',#11867,1.);
#6838=VECTOR('',#11872,1.);
#6839=VECTOR('',#11875,1.);
#6840=VECTOR('',#11878,1.);
#6841=VECTOR('',#11883,1.);
#6842=VECTOR('',#11894,1.);
#6843=VECTOR('',#11897,1.);
#6844=VECTOR('',#11902,1.);
#6845=VECTOR('',#11905,1.);
#6846=VECTOR('',#11910,1.);
#6847=VECTOR('',#11913,1.);
#6848=VECTOR('',#11918,1.);
#6849=VECTOR('',#11921,1.);
#6850=VECTOR('',#11924,1.);
#6851=VECTOR('',#11929,1.);
#6852=VECTOR('',#11932,1.);
#6853=VECTOR('',#11937,1.);
#6854=VECTOR('',#11940,1.);
#6855=VECTOR('',#11945,1.);
#6856=VECTOR('',#11948,1.);
#6857=VECTOR('',#11951,1.);
#6858=VECTOR('',#11954,1.);
#6859=VECTOR('',#11959,1.);
#6860=VECTOR('',#11962,1.);
#6861=VECTOR('',#11967,1.);
#6862=VECTOR('',#11970,1.);
#6863=VECTOR('',#11975,1.);
#6864=VECTOR('',#11978,1.);
#6865=VECTOR('',#11983,1.);
#6866=VECTOR('',#11986,1.);
#6867=VECTOR('',#11991,1.);
#6868=VECTOR('',#11994,1.);
#6869=VECTOR('',#11999,1.);
#6870=VECTOR('',#12002,1.);
#6871=VECTOR('',#12077,1.);
#6872=VECTOR('',#12078,1.);
#6873=VECTOR('',#12079,1.);
#6874=VECTOR('',#12080,1.);
#6875=VECTOR('',#12083,1.);
#6876=VECTOR('',#12084,1.);
#6877=VECTOR('',#12085,1.);
#6878=VECTOR('',#12086,1.);
#6879=VECTOR('',#12089,1.);
#6880=VECTOR('',#12090,1.);
#6881=VECTOR('',#12091,1.);
#6882=VECTOR('',#12092,1.);
#6883=VECTOR('',#12095,1.);
#6884=VECTOR('',#12096,1.);
#6885=VECTOR('',#12097,1.);
#6886=VECTOR('',#12098,1.);
#6887=VECTOR('',#12101,1.);
#6888=VECTOR('',#12102,1.);
#6889=VECTOR('',#12103,1.);
#6890=VECTOR('',#12104,1.);
#6891=VECTOR('',#12107,1.);
#6892=VECTOR('',#12108,1.);
#6893=VECTOR('',#12109,1.);
#6894=VECTOR('',#12110,1.);
#6895=VECTOR('',#12113,1.);
#6896=VECTOR('',#12114,1.);
#6897=VECTOR('',#12115,1.);
#6898=VECTOR('',#12116,1.);
#6899=VECTOR('',#12119,1.);
#6900=VECTOR('',#12120,1.);
#6901=VECTOR('',#12121,1.);
#6902=VECTOR('',#12122,1.);
#6903=VECTOR('',#12125,1.);
#6904=VECTOR('',#12128,1.);
#6905=VECTOR('',#12145,1.);
#6906=VECTOR('',#12158,1.);
#6907=VECTOR('',#12199,1.);
#6908=VECTOR('',#12242,1.);
#6909=VECTOR('',#12257,1.);
#6910=VECTOR('',#12258,1.);
#6911=VECTOR('',#12259,1.);
#6912=VECTOR('',#12262,1.);
#6913=VECTOR('',#12263,1.);
#6914=VECTOR('',#12266,1.);
#6915=VECTOR('',#12267,1.);
#6916=VECTOR('',#12270,1.);
#6917=VECTOR('',#12271,1.);
#6918=VECTOR('',#12274,1.);
#6919=VECTOR('',#12275,1.);
#6920=VECTOR('',#12278,1.);
#6921=VECTOR('',#12279,1.);
#6922=VECTOR('',#12282,1.);
#6923=VECTOR('',#12283,1.);
#6924=VECTOR('',#12286,1.);
#6925=VECTOR('',#12287,1.);
#6926=VECTOR('',#12290,1.);
#6927=VECTOR('',#12291,1.);
#6928=VECTOR('',#12294,1.);
#6929=VECTOR('',#12295,1.);
#6930=VECTOR('',#12298,1.);
#6931=VECTOR('',#12299,1.);
#6932=VECTOR('',#12302,1.);
#6933=VECTOR('',#12303,1.);
#6934=VECTOR('',#12308,1.);
#6935=VECTOR('',#12309,1.);
#6936=VECTOR('',#12312,1.);
#6937=VECTOR('',#12313,1.);
#6938=VECTOR('',#12318,1.);
#6939=VECTOR('',#12319,1.);
#6940=VECTOR('',#12322,1.);
#6941=VECTOR('',#12323,1.);
#6942=VECTOR('',#12326,1.);
#6943=VECTOR('',#12327,1.);
#6944=VECTOR('',#12330,1.);
#6945=VECTOR('',#12331,1.);
#6946=VECTOR('',#12334,1.);
#6947=VECTOR('',#12335,1.);
#6948=VECTOR('',#12338,1.);
#6949=VECTOR('',#12339,1.);
#6950=VECTOR('',#12342,1.);
#6951=VECTOR('',#12343,1.);
#6952=VECTOR('',#12346,1.);
#6953=VECTOR('',#12347,1.);
#6954=VECTOR('',#12350,1.);
#6955=VECTOR('',#12351,1.);
#6956=VECTOR('',#12354,1.);
#6957=VECTOR('',#12355,1.);
#6958=VECTOR('',#12358,1.);
#6959=VECTOR('',#12359,1.);
#6960=VECTOR('',#12362,1.);
#6961=VECTOR('',#12363,1.);
#6962=VECTOR('',#12366,1.);
#6963=VECTOR('',#12367,1.);
#6964=VECTOR('',#12370,1.);
#6965=VECTOR('',#12371,1.);
#6966=VECTOR('',#12374,1.);
#6967=VECTOR('',#12375,1.);
#6968=VECTOR('',#12378,1.);
#6969=VECTOR('',#12379,1.);
#6970=VECTOR('',#12382,1.);
#6971=VECTOR('',#12383,1.);
#6972=VECTOR('',#12386,1.);
#6973=VECTOR('',#12387,1.);
#6974=VECTOR('',#12390,1.);
#6975=VECTOR('',#12391,1.);
#6976=VECTOR('',#12394,1.);
#6977=VECTOR('',#12395,1.);
#6978=VECTOR('',#12398,1.);
#6979=VECTOR('',#12655,1.);
#6980=VECTOR('',#12656,1.);
#6981=VECTOR('',#12657,1.);
#6982=VECTOR('',#12660,1.);
#6983=VECTOR('',#12661,1.);
#6984=VECTOR('',#12664,1.);
#6985=VECTOR('',#12665,1.);
#6986=VECTOR('',#12668,1.);
#6987=VECTOR('',#12669,1.);
#6988=VECTOR('',#12672,1.);
#6989=VECTOR('',#12673,1.);
#6990=VECTOR('',#12676,1.);
#6991=VECTOR('',#12677,1.);
#6992=VECTOR('',#12680,1.);
#6993=VECTOR('',#12681,1.);
#6994=VECTOR('',#12684,1.);
#6995=VECTOR('',#12685,1.);
#6996=VECTOR('',#12688,1.);
#6997=VECTOR('',#12689,1.);
#6998=VECTOR('',#12692,1.);
#6999=VECTOR('',#12693,1.);
#7000=VECTOR('',#12696,1.);
#7001=EDGE_LOOP('',(#546,#547,#548,#549));
#7002=EDGE_LOOP('',(#550,#551,#552,#553));
#7003=EDGE_LOOP('',(#554,#555,#556,#557));
#7004=EDGE_LOOP('',(#558,#559,#560,#561));
#7005=EDGE_LOOP('',(#562,#563,#564,#565));
#7006=EDGE_LOOP('',(#566,#567,#568,#569));
#7007=EDGE_LOOP('',(#570,#571,#572,#573));
#7008=EDGE_LOOP('',(#574,#575,#576,#577));
#7009=EDGE_LOOP('',(#578,#579,#580,#581));
#7010=EDGE_LOOP('',(#582,#583,#584,#585));
#7011=EDGE_LOOP('',(#586,#587,#588,#589));
#7012=EDGE_LOOP('',(#590,#591,#592,#593));
#7013=EDGE_LOOP('',(#594,#595,#596,#597));
#7014=EDGE_LOOP('',(#598,#599,#600,#601));
#7015=EDGE_LOOP('',(#602,#603,#604,#605));
#7016=EDGE_LOOP('',(#606,#607,#608,#609));
#7017=EDGE_LOOP('',(#610,#611,#612,#613));
#7018=EDGE_LOOP('',(#614,#615,#616,#617));
#7019=EDGE_LOOP('',(#618,#619,#620,#621,#622));
#7020=EDGE_LOOP('',(#623,#624,#625,#626,#627));
#7021=EDGE_LOOP('',(#628,#629,#630,#631));
#7022=EDGE_LOOP('',(#632,#633,#634,#635));
#7023=EDGE_LOOP('',(#636,#637,#638,#639));
#7024=EDGE_LOOP('',(#640,#641,#642,#643));
#7025=EDGE_LOOP('',(#644,#645,#646,#647,#648,#649,#650));
#7026=EDGE_LOOP('',(#651,#652,#653,#654));
#7027=EDGE_LOOP('',(#655,#656,#657,#658,#659));
#7028=EDGE_LOOP('',(#660,#661,#662,#663,#664,#665));
#7029=EDGE_LOOP('',(#666,#667,#668,#669));
#7030=EDGE_LOOP('',(#670,#671,#672,#673));
#7031=EDGE_LOOP('',(#674,#675,#676,#677));
#7032=EDGE_LOOP('',(#678,#679,#680,#681,#682,#683,#684,#685,#686,#687,#688,
#689));
#7033=EDGE_LOOP('',(#690,#691,#692,#693,#694,#695,#696,#697,#698,#699,#700,
#701,#702,#703,#704,#705,#706,#707,#708,#709,#710,#711,#712,#713,#714,#715,
#716,#717,#718,#719,#720,#721,#722,#723,#724,#725,#726,#727,#728,#729,#730,
#731,#732,#733,#734));
#7034=EDGE_LOOP('',(#735,#736,#737,#738,#739,#740,#741,#742));
#7035=EDGE_LOOP('',(#743,#744,#745,#746,#747,#748,#749,#750,#751,#752,#753,
#754));
#7036=EDGE_LOOP('',(#755,#756,#757,#758,#759,#760,#761,#762,#763,#764,#765));
#7037=EDGE_LOOP('',(#766,#767,#768,#769,#770,#771,#772,#773,#774,#775,#776,
#777));
#7038=EDGE_LOOP('',(#778,#779,#780,#781,#782,#783));
#7039=EDGE_LOOP('',(#784,#785,#786,#787,#788,#789));
#7040=EDGE_LOOP('',(#790,#791,#792,#793,#794,#795));
#7041=EDGE_LOOP('',(#796,#797,#798,#799,#800,#801,#802,#803,#804,#805,#806,
#807));
#7042=EDGE_LOOP('',(#808,#809,#810,#811,#812,#813,#814,#815,#816,#817));
#7043=EDGE_LOOP('',(#818,#819,#820,#821,#822,#823,#824,#825,#826,#827));
#7044=EDGE_LOOP('',(#828,#829));
#7045=EDGE_LOOP('',(#830,#831,#832,#833,#834,#835,#836,#837,#838,#839,#840,
#841));
#7046=EDGE_LOOP('',(#842,#843,#844,#845,#846,#847,#848,#849,#850,#851,#852,
#853,#854,#855,#856,#857,#858,#859,#860,#861,#862,#863,#864,#865,#866,#867,
#868,#869,#870,#871,#872,#873,#874,#875,#876,#877,#878,#879,#880,#881,#882,
#883,#884,#885,#886,#887,#888,#889,#890,#891,#892,#893,#894,#895,#896,#897,
#898,#899,#900));
#7047=EDGE_LOOP('',(#901,#902,#903,#904,#905,#906));
#7048=EDGE_LOOP('',(#907,#908,#909,#910));
#7049=EDGE_LOOP('',(#911,#912,#913,#914,#915,#916,#917));
#7050=EDGE_LOOP('',(#918));
#7051=EDGE_LOOP('',(#919));
#7052=EDGE_LOOP('',(#920,#921,#922));
#7053=EDGE_LOOP('',(#923,#924,#925));
#7054=EDGE_LOOP('',(#926,#927,#928));
#7055=EDGE_LOOP('',(#929,#930,#931));
#7056=EDGE_LOOP('',(#932,#933,#934));
#7057=EDGE_LOOP('',(#935));
#7058=EDGE_LOOP('',(#936));
#7059=EDGE_LOOP('',(#937));
#7060=EDGE_LOOP('',(#938));
#7061=EDGE_LOOP('',(#939));
#7062=EDGE_LOOP('',(#940));
#7063=EDGE_LOOP('',(#941));
#7064=EDGE_LOOP('',(#942));
#7065=EDGE_LOOP('',(#943));
#7066=EDGE_LOOP('',(#944));
#7067=EDGE_LOOP('',(#945,#946,#947,#948));
#7068=EDGE_LOOP('',(#949,#950,#951,#952,#953,#954));
#7069=EDGE_LOOP('',(#955,#956,#957,#958));
#7070=EDGE_LOOP('',(#959,#960,#961,#962,#963,#964));
#7071=EDGE_LOOP('',(#965));
#7072=EDGE_LOOP('',(#966));
#7073=EDGE_LOOP('',(#967));
#7074=EDGE_LOOP('',(#968));
#7075=EDGE_LOOP('',(#969,#970,#971,#972,#973,#974,#975,#976,#977,#978,#979,
#980,#981,#982,#983,#984,#985,#986,#987,#988,#989,#990,#991,#992,#993,#994,
#995,#996,#997,#998,#999,#1000,#1001,#1002));
#7076=EDGE_LOOP('',(#1003,#1004,#1005,#1006));
#7077=EDGE_LOOP('',(#1007,#1008,#1009,#1010,#1011,#1012));
#7078=EDGE_LOOP('',(#1013,#1014,#1015,#1016,#1017,#1018));
#7079=EDGE_LOOP('',(#1019,#1020,#1021,#1022));
#7080=EDGE_LOOP('',(#1023,#1024,#1025,#1026));
#7081=EDGE_LOOP('',(#1027,#1028,#1029,#1030));
#7082=EDGE_LOOP('',(#1031,#1032,#1033,#1034));
#7083=EDGE_LOOP('',(#1035,#1036,#1037,#1038));
#7084=EDGE_LOOP('',(#1039,#1040,#1041,#1042));
#7085=EDGE_LOOP('',(#1043,#1044,#1045,#1046));
#7086=EDGE_LOOP('',(#1047,#1048,#1049,#1050));
#7087=EDGE_LOOP('',(#1051,#1052,#1053,#1054));
#7088=EDGE_LOOP('',(#1055,#1056,#1057,#1058));
#7089=EDGE_LOOP('',(#1059));
#7090=EDGE_LOOP('',(#1060));
#7091=EDGE_LOOP('',(#1061));
#7092=EDGE_LOOP('',(#1062));
#7093=EDGE_LOOP('',(#1063));
#7094=EDGE_LOOP('',(#1064));
#7095=EDGE_LOOP('',(#1065));
#7096=EDGE_LOOP('',(#1066));
#7097=EDGE_LOOP('',(#1067,#1068,#1069,#1070));
#7098=EDGE_LOOP('',(#1071,#1072,#1073,#1074,#1075,#1076));
#7099=EDGE_LOOP('',(#1077,#1078,#1079,#1080,#1081,#1082,#1083,#1084));
#7100=EDGE_LOOP('',(#1085,#1086,#1087,#1088));
#7101=EDGE_LOOP('',(#1089,#1090,#1091,#1092));
#7102=EDGE_LOOP('',(#1093,#1094,#1095,#1096,#1097,#1098));
#7103=EDGE_LOOP('',(#1099,#1100,#1101,#1102,#1103,#1104));
#7104=EDGE_LOOP('',(#1105,#1106,#1107,#1108,#1109,#1110));
#7105=EDGE_LOOP('',(#1111,#1112,#1113,#1114,#1115,#1116));
#7106=EDGE_LOOP('',(#1117,#1118,#1119,#1120,#1121,#1122,#1123,#1124));
#7107=EDGE_LOOP('',(#1125,#1126,#1127,#1128));
#7108=EDGE_LOOP('',(#1129,#1130,#1131,#1132));
#7109=EDGE_LOOP('',(#1133,#1134,#1135,#1136));
#7110=EDGE_LOOP('',(#1137,#1138,#1139,#1140));
#7111=EDGE_LOOP('',(#1141,#1142,#1143,#1144));
#7112=EDGE_LOOP('',(#1145,#1146,#1147,#1148,#1149,#1150));
#7113=EDGE_LOOP('',(#1151,#1152,#1153,#1154));
#7114=EDGE_LOOP('',(#1155,#1156,#1157,#1158));
#7115=EDGE_LOOP('',(#1159,#1160,#1161,#1162));
#7116=EDGE_LOOP('',(#1163,#1164,#1165,#1166));
#7117=EDGE_LOOP('',(#1167,#1168,#1169,#1170));
#7118=EDGE_LOOP('',(#1171,#1172,#1173,#1174));
#7119=EDGE_LOOP('',(#1175,#1176,#1177));
#7120=EDGE_LOOP('',(#1178,#1179,#1180));
#7121=EDGE_LOOP('',(#1181));
#7122=EDGE_LOOP('',(#1182,#1183));
#7123=EDGE_LOOP('',(#1184));
#7124=EDGE_LOOP('',(#1185));
#7125=EDGE_LOOP('',(#1186));
#7126=EDGE_LOOP('',(#1187));
#7127=EDGE_LOOP('',(#1188));
#7128=EDGE_LOOP('',(#1189));
#7129=EDGE_LOOP('',(#1190));
#7130=EDGE_LOOP('',(#1191));
#7131=EDGE_LOOP('',(#1192));
#7132=EDGE_LOOP('',(#1193));
#7133=EDGE_LOOP('',(#1194));
#7134=EDGE_LOOP('',(#1195,#1196,#1197,#1198));
#7135=EDGE_LOOP('',(#1199,#1200,#1201,#1202));
#7136=EDGE_LOOP('',(#1203,#1204,#1205,#1206));
#7137=EDGE_LOOP('',(#1207,#1208,#1209,#1210));
#7138=EDGE_LOOP('',(#1211,#1212,#1213,#1214));
#7139=EDGE_LOOP('',(#1215,#1216,#1217,#1218));
#7140=EDGE_LOOP('',(#1219,#1220,#1221,#1222));
#7141=EDGE_LOOP('',(#1223,#1224,#1225,#1226));
#7142=EDGE_LOOP('',(#1227,#1228,#1229,#1230));
#7143=EDGE_LOOP('',(#1231,#1232,#1233,#1234));
#7144=EDGE_LOOP('',(#1235,#1236,#1237,#1238));
#7145=EDGE_LOOP('',(#1239,#1240,#1241,#1242));
#7146=EDGE_LOOP('',(#1243,#1244,#1245,#1246,#1247,#1248,#1249,#1250,#1251,
#1252,#1253,#1254));
#7147=EDGE_LOOP('',(#1255,#1256,#1257,#1258));
#7148=EDGE_LOOP('',(#1259,#1260,#1261,#1262));
#7149=EDGE_LOOP('',(#1263,#1264,#1265,#1266));
#7150=EDGE_LOOP('',(#1267,#1268,#1269));
#7151=EDGE_LOOP('',(#1270,#1271,#1272,#1273));
#7152=EDGE_LOOP('',(#1274,#1275,#1276,#1277));
#7153=EDGE_LOOP('',(#1278,#1279,#1280,#1281));
#7154=EDGE_LOOP('',(#1282,#1283,#1284));
#7155=EDGE_LOOP('',(#1285,#1286,#1287,#1288));
#7156=EDGE_LOOP('',(#1289,#1290,#1291,#1292));
#7157=EDGE_LOOP('',(#1293,#1294,#1295,#1296));
#7158=EDGE_LOOP('',(#1297,#1298,#1299,#1300));
#7159=EDGE_LOOP('',(#1301,#1302,#1303,#1304));
#7160=EDGE_LOOP('',(#1305,#1306,#1307,#1308));
#7161=EDGE_LOOP('',(#1309,#1310,#1311,#1312));
#7162=EDGE_LOOP('',(#1313,#1314,#1315,#1316));
#7163=EDGE_LOOP('',(#1317,#1318,#1319,#1320));
#7164=EDGE_LOOP('',(#1321,#1322,#1323,#1324));
#7165=EDGE_LOOP('',(#1325,#1326,#1327,#1328,#1329,#1330,#1331,#1332,#1333,
#1334));
#7166=EDGE_LOOP('',(#1335,#1336,#1337,#1338));
#7167=EDGE_LOOP('',(#1339,#1340,#1341,#1342));
#7168=EDGE_LOOP('',(#1343,#1344,#1345,#1346));
#7169=EDGE_LOOP('',(#1347,#1348,#1349,#1350));
#7170=EDGE_LOOP('',(#1351,#1352,#1353,#1354));
#7171=EDGE_LOOP('',(#1355,#1356,#1357,#1358));
#7172=EDGE_LOOP('',(#1359,#1360,#1361,#1362,#1363));
#7173=EDGE_LOOP('',(#1364,#1365,#1366,#1367,#1368));
#7174=EDGE_LOOP('',(#1369,#1370,#1371,#1372));
#7175=EDGE_LOOP('',(#1373,#1374,#1375,#1376));
#7176=EDGE_LOOP('',(#1377,#1378,#1379,#1380));
#7177=EDGE_LOOP('',(#1381,#1382,#1383,#1384));
#7178=EDGE_LOOP('',(#1385));
#7179=EDGE_LOOP('',(#1386,#1387,#1388,#1389,#1390,#1391,#1392,#1393,#1394,
#1395,#1396,#1397));
#7180=EDGE_LOOP('',(#1398,#1399,#1400));
#7181=EDGE_LOOP('',(#1401,#1402,#1403,#1404,#1405,#1406));
#7182=EDGE_LOOP('',(#1407,#1408,#1409,#1410,#1411,#1412));
#7183=EDGE_LOOP('',(#1413,#1414,#1415,#1416));
#7184=EDGE_LOOP('',(#1417,#1418,#1419,#1420));
#7185=EDGE_LOOP('',(#1421,#1422,#1423,#1424));
#7186=EDGE_LOOP('',(#1425));
#7187=EDGE_LOOP('',(#1426,#1427,#1428,#1429,#1430,#1431));
#7188=EDGE_LOOP('',(#1432,#1433,#1434,#1435));
#7189=EDGE_LOOP('',(#1436,#1437,#1438,#1439));
#7190=EDGE_LOOP('',(#1440,#1441,#1442,#1443));
#7191=EDGE_LOOP('',(#1444,#1445,#1446,#1447));
#7192=EDGE_LOOP('',(#1448,#1449,#1450,#1451));
#7193=EDGE_LOOP('',(#1452,#1453,#1454,#1455));
#7194=EDGE_LOOP('',(#1456,#1457,#1458,#1459));
#7195=EDGE_LOOP('',(#1460,#1461,#1462,#1463));
#7196=EDGE_LOOP('',(#1464,#1465,#1466,#1467));
#7197=EDGE_LOOP('',(#1468,#1469,#1470,#1471));
#7198=EDGE_LOOP('',(#1472,#1473,#1474,#1475,#1476,#1477,#1478,#1479,#1480,
#1481));
#7199=EDGE_LOOP('',(#1482,#1483,#1484,#1485));
#7200=EDGE_LOOP('',(#1486,#1487,#1488,#1489));
#7201=EDGE_LOOP('',(#1490,#1491,#1492,#1493));
#7202=EDGE_LOOP('',(#1494,#1495,#1496,#1497,#1498,#1499));
#7203=EDGE_LOOP('',(#1500,#1501,#1502,#1503,#1504,#1505));
#7204=EDGE_LOOP('',(#1506));
#7205=EDGE_LOOP('',(#1507,#1508,#1509,#1510,#1511,#1512));
#7206=EDGE_LOOP('',(#1513,#1514,#1515,#1516));
#7207=EDGE_LOOP('',(#1517,#1518,#1519,#1520));
#7208=EDGE_LOOP('',(#1521,#1522,#1523,#1524));
#7209=EDGE_LOOP('',(#1525,#1526,#1527,#1528));
#7210=EDGE_LOOP('',(#1529,#1530,#1531,#1532));
#7211=EDGE_LOOP('',(#1533,#1534,#1535,#1536));
#7212=EDGE_LOOP('',(#1537,#1538,#1539,#1540));
#7213=EDGE_LOOP('',(#1541,#1542,#1543,#1544));
#7214=EDGE_LOOP('',(#1545,#1546,#1547,#1548));
#7215=EDGE_LOOP('',(#1549,#1550,#1551,#1552));
#7216=EDGE_LOOP('',(#1553,#1554,#1555,#1556));
#7217=EDGE_LOOP('',(#1557,#1558,#1559,#1560));
#7218=EDGE_LOOP('',(#1561));
#7219=EDGE_LOOP('',(#1562,#1563,#1564,#1565,#1566,#1567,#1568,#1569,#1570,
#1571,#1572,#1573));
#7220=EDGE_LOOP('',(#1574,#1575,#1576,#1577));
#7221=EDGE_LOOP('',(#1578,#1579,#1580,#1581));
#7222=EDGE_LOOP('',(#1582,#1583,#1584,#1585));
#7223=EDGE_LOOP('',(#1586,#1587,#1588,#1589));
#7224=EDGE_LOOP('',(#1590,#1591,#1592,#1593));
#7225=EDGE_LOOP('',(#1594));
#7226=EDGE_LOOP('',(#1595));
#7227=EDGE_LOOP('',(#1596,#1597,#1598,#1599));
#7228=EDGE_LOOP('',(#1600));
#7229=EDGE_LOOP('',(#1601,#1602,#1603,#1604,#1605,#1606));
#7230=EDGE_LOOP('',(#1607,#1608,#1609,#1610));
#7231=EDGE_LOOP('',(#1611,#1612,#1613,#1614));
#7232=EDGE_LOOP('',(#1615,#1616,#1617,#1618));
#7233=EDGE_LOOP('',(#1619,#1620,#1621,#1622));
#7234=EDGE_LOOP('',(#1623,#1624,#1625,#1626));
#7235=EDGE_LOOP('',(#1627));
#7236=EDGE_LOOP('',(#1628));
#7237=EDGE_LOOP('',(#1629,#1630,#1631,#1632));
#7238=EDGE_LOOP('',(#1633));
#7239=EDGE_LOOP('',(#1634,#1635,#1636,#1637,#1638,#1639));
#7240=EDGE_LOOP('',(#1640,#1641,#1642,#1643,#1644));
#7241=EDGE_LOOP('',(#1645,#1646,#1647,#1648,#1649));
#7242=EDGE_LOOP('',(#1650,#1651,#1652,#1653,#1654));
#7243=EDGE_LOOP('',(#1655,#1656,#1657,#1658,#1659));
#7244=EDGE_LOOP('',(#1660,#1661,#1662,#1663,#1664));
#7245=EDGE_LOOP('',(#1665));
#7246=EDGE_LOOP('',(#1666));
#7247=EDGE_LOOP('',(#1667,#1668,#1669,#1670,#1671));
#7248=EDGE_LOOP('',(#1672,#1673,#1674));
#7249=EDGE_LOOP('',(#1675,#1676,#1677,#1678));
#7250=EDGE_LOOP('',(#1679,#1680,#1681,#1682));
#7251=EDGE_LOOP('',(#1683,#1684,#1685,#1686));
#7252=EDGE_LOOP('',(#1687,#1688,#1689,#1690));
#7253=EDGE_LOOP('',(#1691,#1692,#1693,#1694));
#7254=EDGE_LOOP('',(#1695,#1696,#1697,#1698));
#7255=EDGE_LOOP('',(#1699));
#7256=EDGE_LOOP('',(#1700));
#7257=EDGE_LOOP('',(#1701));
#7258=EDGE_LOOP('',(#1702,#1703,#1704,#1705,#1706,#1707));
#7259=EDGE_LOOP('',(#1708));
#7260=EDGE_LOOP('',(#1709));
#7261=EDGE_LOOP('',(#1710));
#7262=EDGE_LOOP('',(#1711));
#7263=EDGE_LOOP('',(#1712));
#7264=EDGE_LOOP('',(#1713));
#7265=EDGE_LOOP('',(#1714));
#7266=EDGE_LOOP('',(#1715));
#7267=EDGE_LOOP('',(#1716));
#7268=EDGE_LOOP('',(#1717,#1718,#1719,#1720,#1721,#1722));
#7269=EDGE_LOOP('',(#1723));
#7270=EDGE_LOOP('',(#1724));
#7271=EDGE_LOOP('',(#1725));
#7272=EDGE_LOOP('',(#1726));
#7273=EDGE_LOOP('',(#1727));
#7274=EDGE_LOOP('',(#1728));
#7275=EDGE_LOOP('',(#1729));
#7276=EDGE_LOOP('',(#1730));
#7277=EDGE_LOOP('',(#1731));
#7278=EDGE_LOOP('',(#1732));
#7279=EDGE_LOOP('',(#1733));
#7280=EDGE_LOOP('',(#1734));
#7281=EDGE_LOOP('',(#1735));
#7282=EDGE_LOOP('',(#1736));
#7283=EDGE_LOOP('',(#1737));
#7284=EDGE_LOOP('',(#1738));
#7285=EDGE_LOOP('',(#1739));
#7286=EDGE_LOOP('',(#1740));
#7287=EDGE_LOOP('',(#1741));
#7288=EDGE_LOOP('',(#1742));
#7289=EDGE_LOOP('',(#1743));
#7290=EDGE_LOOP('',(#1744));
#7291=EDGE_LOOP('',(#1745));
#7292=EDGE_LOOP('',(#1746));
#7293=EDGE_LOOP('',(#1747));
#7294=EDGE_LOOP('',(#1748));
#7295=EDGE_LOOP('',(#1749,#1750,#1751,#1752));
#7296=EDGE_LOOP('',(#1753,#1754,#1755,#1756,#1757,#1758,#1759));
#7297=EDGE_LOOP('',(#1760,#1761,#1762,#1763));
#7298=EDGE_LOOP('',(#1764,#1765,#1766,#1767,#1768,#1769));
#7299=EDGE_LOOP('',(#1770,#1771,#1772,#1773));
#7300=EDGE_LOOP('',(#1774,#1775,#1776,#1777));
#7301=EDGE_LOOP('',(#1778,#1779,#1780,#1781));
#7302=EDGE_LOOP('',(#1782,#1783,#1784,#1785));
#7303=EDGE_LOOP('',(#1786,#1787,#1788,#1789));
#7304=EDGE_LOOP('',(#1790,#1791,#1792,#1793));
#7305=EDGE_LOOP('',(#1794,#1795,#1796,#1797));
#7306=EDGE_LOOP('',(#1798,#1799,#1800,#1801));
#7307=EDGE_LOOP('',(#1802,#1803,#1804,#1805));
#7308=EDGE_LOOP('',(#1806,#1807,#1808,#1809));
#7309=EDGE_LOOP('',(#1810,#1811,#1812,#1813));
#7310=EDGE_LOOP('',(#1814,#1815,#1816,#1817));
#7311=EDGE_LOOP('',(#1818,#1819,#1820,#1821));
#7312=EDGE_LOOP('',(#1822,#1823,#1824,#1825));
#7313=EDGE_LOOP('',(#1826,#1827));
#7314=EDGE_LOOP('',(#1828,#1829,#1830,#1831,#1832,#1833,#1834));
#7315=EDGE_LOOP('',(#1835,#1836,#1837,#1838,#1839,#1840,#1841));
#7316=EDGE_LOOP('',(#1842,#1843,#1844,#1845));
#7317=EDGE_LOOP('',(#1846,#1847,#1848,#1849));
#7318=EDGE_LOOP('',(#1850,#1851,#1852,#1853));
#7319=EDGE_LOOP('',(#1854,#1855,#1856,#1857));
#7320=EDGE_LOOP('',(#1858,#1859,#1860,#1861));
#7321=EDGE_LOOP('',(#1862,#1863,#1864,#1865));
#7322=EDGE_LOOP('',(#1866,#1867,#1868,#1869));
#7323=EDGE_LOOP('',(#1870,#1871,#1872,#1873));
#7324=EDGE_LOOP('',(#1874,#1875,#1876,#1877));
#7325=EDGE_LOOP('',(#1878,#1879,#1880,#1881));
#7326=EDGE_LOOP('',(#1882,#1883,#1884,#1885));
#7327=EDGE_LOOP('',(#1886,#1887,#1888,#1889));
#7328=EDGE_LOOP('',(#1890,#1891,#1892,#1893));
#7329=EDGE_LOOP('',(#1894,#1895,#1896,#1897,#1898,#1899,#1900,#1901,#1902,
#1903,#1904,#1905));
#7330=EDGE_LOOP('',(#1906,#1907,#1908,#1909));
#7331=EDGE_LOOP('',(#1910,#1911,#1912,#1913));
#7332=EDGE_LOOP('',(#1914,#1915,#1916,#1917,#1918));
#7333=EDGE_LOOP('',(#1919,#1920,#1921,#1922));
#7334=EDGE_LOOP('',(#1923,#1924,#1925,#1926,#1927));
#7335=EDGE_LOOP('',(#1928,#1929,#1930,#1931));
#7336=EDGE_LOOP('',(#1932,#1933,#1934,#1935,#1936,#1937,#1938));
#7337=EDGE_LOOP('',(#1939,#1940,#1941,#1942,#1943));
#7338=EDGE_LOOP('',(#1944,#1945,#1946,#1947));
#7339=EDGE_LOOP('',(#1948,#1949,#1950,#1951,#1952));
#7340=EDGE_LOOP('',(#1953,#1954,#1955,#1956));
#7341=EDGE_LOOP('',(#1957,#1958,#1959,#1960));
#7342=EDGE_LOOP('',(#1961,#1962,#1963,#1964,#1965));
#7343=EDGE_LOOP('',(#1966,#1967,#1968,#1969));
#7344=EDGE_LOOP('',(#1970,#1971,#1972,#1973));
#7345=EDGE_LOOP('',(#1974,#1975,#1976,#1977));
#7346=EDGE_LOOP('',(#1978,#1979,#1980,#1981));
#7347=EDGE_LOOP('',(#1982,#1983,#1984,#1985,#1986,#1987));
#7348=EDGE_LOOP('',(#1988,#1989,#1990,#1991,#1992));
#7349=EDGE_LOOP('',(#1993,#1994,#1995,#1996));
#7350=EDGE_LOOP('',(#1997,#1998,#1999,#2000));
#7351=EDGE_LOOP('',(#2001,#2002,#2003,#2004));
#7352=EDGE_LOOP('',(#2005,#2006,#2007,#2008));
#7353=EDGE_LOOP('',(#2009,#2010,#2011,#2012));
#7354=EDGE_LOOP('',(#2013,#2014,#2015,#2016));
#7355=EDGE_LOOP('',(#2017,#2018,#2019,#2020));
#7356=EDGE_LOOP('',(#2021,#2022,#2023,#2024));
#7357=EDGE_LOOP('',(#2025,#2026,#2027,#2028));
#7358=EDGE_LOOP('',(#2029,#2030,#2031,#2032));
#7359=EDGE_LOOP('',(#2033,#2034,#2035,#2036));
#7360=EDGE_LOOP('',(#2037,#2038,#2039,#2040));
#7361=EDGE_LOOP('',(#2041,#2042,#2043,#2044));
#7362=EDGE_LOOP('',(#2045,#2046,#2047,#2048));
#7363=EDGE_LOOP('',(#2049,#2050,#2051,#2052));
#7364=EDGE_LOOP('',(#2053,#2054,#2055,#2056));
#7365=EDGE_LOOP('',(#2057,#2058,#2059));
#7366=EDGE_LOOP('',(#2060,#2061,#2062,#2063,#2064,#2065,#2066,#2067,#2068,
#2069,#2070,#2071));
#7367=EDGE_LOOP('',(#2072,#2073,#2074));
#7368=EDGE_LOOP('',(#2075,#2076,#2077,#2078));
#7369=EDGE_LOOP('',(#2079,#2080,#2081,#2082));
#7370=EDGE_LOOP('',(#2083,#2084,#2085,#2086));
#7371=EDGE_LOOP('',(#2087,#2088,#2089,#2090));
#7372=EDGE_LOOP('',(#2091,#2092,#2093,#2094));
#7373=EDGE_LOOP('',(#2095,#2096,#2097,#2098));
#7374=EDGE_LOOP('',(#2099,#2100,#2101,#2102));
#7375=EDGE_LOOP('',(#2103,#2104,#2105,#2106));
#7376=EDGE_LOOP('',(#2107,#2108,#2109,#2110,#2111,#2112,#2113,#2114));
#7377=EDGE_LOOP('',(#2115,#2116,#2117,#2118));
#7378=EDGE_LOOP('',(#2119,#2120,#2121,#2122));
#7379=EDGE_LOOP('',(#2123,#2124,#2125,#2126));
#7380=EDGE_LOOP('',(#2127,#2128,#2129,#2130));
#7381=EDGE_LOOP('',(#2131,#2132,#2133,#2134));
#7382=EDGE_LOOP('',(#2135,#2136,#2137,#2138));
#7383=EDGE_LOOP('',(#2139,#2140,#2141,#2142));
#7384=EDGE_LOOP('',(#2143,#2144,#2145,#2146));
#7385=EDGE_LOOP('',(#2147,#2148,#2149,#2150));
#7386=EDGE_LOOP('',(#2151,#2152,#2153,#2154));
#7387=EDGE_LOOP('',(#2155,#2156,#2157,#2158));
#7388=EDGE_LOOP('',(#2159,#2160,#2161,#2162));
#7389=EDGE_LOOP('',(#2163,#2164,#2165,#2166));
#7390=EDGE_LOOP('',(#2167,#2168,#2169,#2170));
#7391=EDGE_LOOP('',(#2171,#2172,#2173,#2174));
#7392=EDGE_LOOP('',(#2175,#2176,#2177,#2178));
#7393=EDGE_LOOP('',(#2179,#2180,#2181,#2182));
#7394=EDGE_LOOP('',(#2183,#2184,#2185,#2186));
#7395=EDGE_LOOP('',(#2187,#2188,#2189,#2190));
#7396=EDGE_LOOP('',(#2191,#2192,#2193,#2194));
#7397=EDGE_LOOP('',(#2195,#2196,#2197,#2198));
#7398=EDGE_LOOP('',(#2199,#2200,#2201,#2202));
#7399=EDGE_LOOP('',(#2203,#2204,#2205,#2206));
#7400=EDGE_LOOP('',(#2207,#2208,#2209,#2210));
#7401=EDGE_LOOP('',(#2211,#2212,#2213,#2214));
#7402=EDGE_LOOP('',(#2215,#2216,#2217,#2218));
#7403=EDGE_LOOP('',(#2219,#2220,#2221,#2222));
#7404=EDGE_LOOP('',(#2223,#2224,#2225,#2226));
#7405=EDGE_LOOP('',(#2227,#2228,#2229,#2230));
#7406=EDGE_LOOP('',(#2231,#2232,#2233,#2234));
#7407=EDGE_LOOP('',(#2235,#2236,#2237,#2238));
#7408=EDGE_LOOP('',(#2239,#2240,#2241,#2242));
#7409=EDGE_LOOP('',(#2243,#2244,#2245,#2246));
#7410=EDGE_LOOP('',(#2247,#2248,#2249,#2250));
#7411=EDGE_LOOP('',(#2251,#2252,#2253,#2254));
#7412=EDGE_LOOP('',(#2255,#2256,#2257,#2258));
#7413=EDGE_LOOP('',(#2259,#2260,#2261,#2262));
#7414=EDGE_LOOP('',(#2263,#2264,#2265,#2266));
#7415=EDGE_LOOP('',(#2267,#2268,#2269,#2270));
#7416=EDGE_LOOP('',(#2271,#2272,#2273,#2274));
#7417=EDGE_LOOP('',(#2275,#2276,#2277,#2278));
#7418=EDGE_LOOP('',(#2279,#2280,#2281,#2282));
#7419=EDGE_LOOP('',(#2283,#2284,#2285,#2286));
#7420=EDGE_LOOP('',(#2287,#2288,#2289,#2290));
#7421=EDGE_LOOP('',(#2291,#2292,#2293,#2294));
#7422=EDGE_LOOP('',(#2295,#2296,#2297,#2298));
#7423=EDGE_LOOP('',(#2299,#2300,#2301,#2302));
#7424=EDGE_LOOP('',(#2303,#2304,#2305,#2306,#2307,#2308));
#7425=EDGE_LOOP('',(#2309,#2310,#2311,#2312));
#7426=EDGE_LOOP('',(#2313,#2314,#2315,#2316));
#7427=EDGE_LOOP('',(#2317,#2318,#2319,#2320));
#7428=EDGE_LOOP('',(#2321,#2322,#2323,#2324));
#7429=EDGE_LOOP('',(#2325,#2326,#2327,#2328));
#7430=EDGE_LOOP('',(#2329,#2330,#2331,#2332));
#7431=EDGE_LOOP('',(#2333,#2334,#2335,#2336));
#7432=EDGE_LOOP('',(#2337,#2338,#2339,#2340));
#7433=EDGE_LOOP('',(#2341,#2342,#2343,#2344));
#7434=EDGE_LOOP('',(#2345,#2346,#2347,#2348));
#7435=EDGE_LOOP('',(#2349,#2350,#2351,#2352));
#7436=EDGE_LOOP('',(#2353,#2354,#2355,#2356));
#7437=EDGE_LOOP('',(#2357,#2358,#2359,#2360));
#7438=EDGE_LOOP('',(#2361,#2362,#2363,#2364));
#7439=EDGE_LOOP('',(#2365,#2366,#2367,#2368));
#7440=EDGE_LOOP('',(#2369,#2370,#2371,#2372));
#7441=EDGE_LOOP('',(#2373,#2374,#2375,#2376,#2377));
#7442=EDGE_LOOP('',(#2378,#2379,#2380,#2381,#2382));
#7443=EDGE_LOOP('',(#2383,#2384,#2385,#2386,#2387));
#7444=EDGE_LOOP('',(#2388,#2389,#2390,#2391,#2392));
#7445=EDGE_LOOP('',(#2393,#2394,#2395,#2396,#2397));
#7446=EDGE_LOOP('',(#2398,#2399,#2400,#2401,#2402));
#7447=EDGE_LOOP('',(#2403,#2404,#2405,#2406,#2407));
#7448=EDGE_LOOP('',(#2408,#2409,#2410,#2411,#2412));
#7449=EDGE_LOOP('',(#2413,#2414,#2415,#2416));
#7450=EDGE_LOOP('',(#2417,#2418,#2419,#2420));
#7451=EDGE_LOOP('',(#2421,#2422,#2423,#2424));
#7452=EDGE_LOOP('',(#2425,#2426,#2427,#2428));
#7453=EDGE_LOOP('',(#2429,#2430,#2431,#2432));
#7454=EDGE_LOOP('',(#2433,#2434,#2435,#2436));
#7455=EDGE_LOOP('',(#2437,#2438,#2439,#2440));
#7456=EDGE_LOOP('',(#2441,#2442,#2443,#2444));
#7457=EDGE_LOOP('',(#2445,#2446,#2447,#2448));
#7458=EDGE_LOOP('',(#2449,#2450,#2451,#2452));
#7459=EDGE_LOOP('',(#2453,#2454,#2455,#2456));
#7460=EDGE_LOOP('',(#2457,#2458,#2459,#2460));
#7461=EDGE_LOOP('',(#2461,#2462,#2463,#2464));
#7462=EDGE_LOOP('',(#2465,#2466,#2467,#2468));
#7463=EDGE_LOOP('',(#2469,#2470,#2471,#2472));
#7464=EDGE_LOOP('',(#2473,#2474,#2475));
#7465=EDGE_LOOP('',(#2476,#2477,#2478));
#7466=EDGE_LOOP('',(#2479));
#7467=EDGE_LOOP('',(#2480,#2481,#2482,#2483));
#7468=EDGE_LOOP('',(#2484,#2485,#2486,#2487));
#7469=EDGE_LOOP('',(#2488,#2489,#2490,#2491,#2492,#2493));
#7470=EDGE_LOOP('',(#2494,#2495,#2496,#2497,#2498,#2499));
#7471=EDGE_LOOP('',(#2500,#2501));
#7472=EDGE_LOOP('',(#2502,#2503,#2504,#2505));
#7473=EDGE_LOOP('',(#2506,#2507,#2508,#2509));
#7474=EDGE_LOOP('',(#2510,#2511,#2512,#2513));
#7475=EDGE_LOOP('',(#2514,#2515,#2516,#2517));
#7476=EDGE_LOOP('',(#2518,#2519,#2520,#2521));
#7477=EDGE_LOOP('',(#2522,#2523,#2524,#2525));
#7478=EDGE_LOOP('',(#2526,#2527,#2528,#2529));
#7479=EDGE_LOOP('',(#2530,#2531,#2532));
#7480=EDGE_LOOP('',(#2533,#2534,#2535));
#7481=EDGE_LOOP('',(#2536));
#7482=EDGE_LOOP('',(#2537));
#7483=EDGE_LOOP('',(#2538));
#7484=EDGE_LOOP('',(#2539,#2540,#2541,#2542));
#7485=EDGE_LOOP('',(#2543,#2544,#2545,#2546));
#7486=EDGE_LOOP('',(#2547,#2548,#2549,#2550));
#7487=EDGE_LOOP('',(#2551,#2552,#2553,#2554));
#7488=EDGE_LOOP('',(#2555,#2556,#2557,#2558));
#7489=EDGE_LOOP('',(#2559,#2560,#2561,#2562));
#7490=EDGE_LOOP('',(#2563,#2564,#2565,#2566));
#7491=EDGE_LOOP('',(#2567,#2568,#2569,#2570));
#7492=EDGE_LOOP('',(#2571,#2572,#2573,#2574));
#7493=EDGE_LOOP('',(#2575,#2576,#2577,#2578));
#7494=EDGE_LOOP('',(#2579,#2580,#2581,#2582));
#7495=EDGE_LOOP('',(#2583,#2584,#2585,#2586));
#7496=EDGE_LOOP('',(#2587,#2588,#2589,#2590,#2591));
#7497=EDGE_LOOP('',(#2592,#2593,#2594,#2595,#2596));
#7498=EDGE_LOOP('',(#2597,#2598,#2599,#2600));
#7499=EDGE_LOOP('',(#2601,#2602,#2603,#2604));
#7500=EDGE_LOOP('',(#2605,#2606,#2607,#2608));
#7501=EDGE_LOOP('',(#2609,#2610,#2611,#2612));
#7502=EDGE_LOOP('',(#2613,#2614,#2615,#2616));
#7503=EDGE_LOOP('',(#2617,#2618,#2619,#2620));
#7504=EDGE_LOOP('',(#2621,#2622,#2623,#2624));
#7505=EDGE_LOOP('',(#2625,#2626,#2627,#2628));
#7506=EDGE_LOOP('',(#2629,#2630,#2631,#2632));
#7507=EDGE_LOOP('',(#2633,#2634,#2635,#2636));
#7508=EDGE_LOOP('',(#2637,#2638,#2639,#2640));
#7509=EDGE_LOOP('',(#2641,#2642,#2643,#2644));
#7510=EDGE_LOOP('',(#2645,#2646,#2647,#2648));
#7511=EDGE_LOOP('',(#2649,#2650,#2651,#2652));
#7512=EDGE_LOOP('',(#2653,#2654,#2655,#2656));
#7513=EDGE_LOOP('',(#2657,#2658,#2659,#2660));
#7514=EDGE_LOOP('',(#2661,#2662,#2663,#2664));
#7515=EDGE_LOOP('',(#2665,#2666,#2667,#2668));
#7516=EDGE_LOOP('',(#2669,#2670,#2671,#2672));
#7517=EDGE_LOOP('',(#2673,#2674,#2675,#2676));
#7518=EDGE_LOOP('',(#2677,#2678,#2679,#2680));
#7519=EDGE_LOOP('',(#2681,#2682,#2683,#2684,#2685,#2686,#2687,#2688,#2689,
#2690,#2691,#2692,#2693,#2694,#2695,#2696,#2697,#2698,#2699,#2700,#2701,
#2702,#2703,#2704,#2705,#2706,#2707,#2708,#2709,#2710,#2711,#2712,#2713,
#2714,#2715));
#7520=EDGE_LOOP('',(#2716,#2717,#2718,#2719));
#7521=EDGE_LOOP('',(#2720,#2721,#2722,#2723,#2724));
#7522=EDGE_LOOP('',(#2725,#2726,#2727,#2728,#2729));
#7523=EDGE_LOOP('',(#2730,#2731,#2732,#2733,#2734));
#7524=EDGE_LOOP('',(#2735,#2736,#2737,#2738));
#7525=EDGE_LOOP('',(#2739,#2740,#2741,#2742));
#7526=EDGE_LOOP('',(#2743,#2744,#2745,#2746,#2747));
#7527=EDGE_LOOP('',(#2748,#2749,#2750,#2751,#2752,#2753));
#7528=EDGE_LOOP('',(#2754,#2755,#2756,#2757));
#7529=EDGE_LOOP('',(#2758,#2759,#2760,#2761));
#7530=EDGE_LOOP('',(#2762,#2763,#2764,#2765,#2766));
#7531=EDGE_LOOP('',(#2767,#2768,#2769,#2770,#2771));
#7532=EDGE_LOOP('',(#2772,#2773,#2774,#2775));
#7533=EDGE_LOOP('',(#2776,#2777,#2778,#2779));
#7534=EDGE_LOOP('',(#2780,#2781,#2782,#2783));
#7535=EDGE_LOOP('',(#2784,#2785,#2786,#2787,#2788));
#7536=EDGE_LOOP('',(#2789,#2790,#2791,#2792));
#7537=EDGE_LOOP('',(#2793,#2794,#2795,#2796));
#7538=EDGE_LOOP('',(#2797,#2798,#2799,#2800));
#7539=EDGE_LOOP('',(#2801,#2802,#2803,#2804,#2805,#2806));
#7540=EDGE_LOOP('',(#2807,#2808,#2809,#2810));
#7541=EDGE_LOOP('',(#2811,#2812,#2813,#2814));
#7542=EDGE_LOOP('',(#2815,#2816,#2817,#2818));
#7543=EDGE_LOOP('',(#2819,#2820,#2821,#2822,#2823));
#7544=EDGE_LOOP('',(#2824,#2825,#2826,#2827));
#7545=EDGE_LOOP('',(#2828,#2829,#2830,#2831));
#7546=EDGE_LOOP('',(#2832,#2833,#2834));
#7547=EDGE_LOOP('',(#2835,#2836,#2837,#2838));
#7548=EDGE_LOOP('',(#2839,#2840,#2841,#2842));
#7549=EDGE_LOOP('',(#2843,#2844,#2845,#2846));
#7550=EDGE_LOOP('',(#2847,#2848,#2849,#2850,#2851));
#7551=EDGE_LOOP('',(#2852,#2853,#2854,#2855));
#7552=EDGE_LOOP('',(#2856,#2857,#2858,#2859));
#7553=EDGE_LOOP('',(#2860,#2861,#2862,#2863));
#7554=EDGE_LOOP('',(#2864,#2865,#2866,#2867));
#7555=EDGE_LOOP('',(#2868,#2869,#2870,#2871));
#7556=EDGE_LOOP('',(#2872,#2873,#2874,#2875,#2876));
#7557=EDGE_LOOP('',(#2877,#2878,#2879,#2880));
#7558=EDGE_LOOP('',(#2881,#2882,#2883,#2884));
#7559=EDGE_LOOP('',(#2885,#2886,#2887,#2888));
#7560=EDGE_LOOP('',(#2889,#2890,#2891,#2892));
#7561=EDGE_LOOP('',(#2893,#2894,#2895,#2896));
#7562=EDGE_LOOP('',(#2897,#2898,#2899));
#7563=EDGE_LOOP('',(#2900,#2901,#2902,#2903));
#7564=EDGE_LOOP('',(#2904,#2905,#2906));
#7565=EDGE_LOOP('',(#2907,#2908,#2909));
#7566=EDGE_LOOP('',(#2910,#2911,#2912));
#7567=EDGE_LOOP('',(#2913,#2914,#2915,#2916,#2917,#2918,#2919));
#7568=EDGE_LOOP('',(#2920,#2921,#2922,#2923));
#7569=EDGE_LOOP('',(#2924,#2925,#2926));
#7570=EDGE_LOOP('',(#2927,#2928,#2929,#2930));
#7571=EDGE_LOOP('',(#2931,#2932,#2933,#2934));
#7572=EDGE_LOOP('',(#2935,#2936,#2937,#2938));
#7573=EDGE_LOOP('',(#2939,#2940,#2941,#2942));
#7574=EDGE_LOOP('',(#2943,#2944,#2945,#2946));
#7575=EDGE_LOOP('',(#2947,#2948,#2949,#2950));
#7576=EDGE_LOOP('',(#2951,#2952,#2953,#2954));
#7577=EDGE_LOOP('',(#2955,#2956,#2957));
#7578=EDGE_LOOP('',(#2958,#2959,#2960,#2961));
#7579=EDGE_LOOP('',(#2962,#2963,#2964,#2965));
#7580=EDGE_LOOP('',(#2966,#2967,#2968));
#7581=EDGE_LOOP('',(#2969,#2970,#2971));
#7582=EDGE_LOOP('',(#2972,#2973,#2974,#2975));
#7583=EDGE_LOOP('',(#2976,#2977,#2978));
#7584=EDGE_LOOP('',(#2979,#2980,#2981,#2982));
#7585=EDGE_LOOP('',(#2983,#2984,#2985,#2986));
#7586=EDGE_LOOP('',(#2987,#2988,#2989,#2990));
#7587=EDGE_LOOP('',(#2991,#2992,#2993,#2994));
#7588=EDGE_LOOP('',(#2995,#2996,#2997,#2998));
#7589=EDGE_LOOP('',(#2999,#3000,#3001,#3002));
#7590=EDGE_LOOP('',(#3003,#3004,#3005,#3006));
#7591=EDGE_LOOP('',(#3007,#3008,#3009,#3010));
#7592=EDGE_LOOP('',(#3011,#3012,#3013,#3014));
#7593=EDGE_LOOP('',(#3015,#3016,#3017,#3018));
#7594=EDGE_LOOP('',(#3019,#3020,#3021,#3022));
#7595=EDGE_LOOP('',(#3023,#3024,#3025,#3026,#3027,#3028,#3029,#3030,#3031,
#3032,#3033));
#7596=EDGE_LOOP('',(#3034));
#7597=EDGE_LOOP('',(#3035));
#7598=EDGE_LOOP('',(#3036));
#7599=EDGE_LOOP('',(#3037));
#7600=EDGE_LOOP('',(#3038));
#7601=EDGE_LOOP('',(#3039));
#7602=EDGE_LOOP('',(#3040));
#7603=EDGE_LOOP('',(#3041));
#7604=EDGE_LOOP('',(#3042));
#7605=EDGE_LOOP('',(#3043));
#7606=EDGE_LOOP('',(#3044));
#7607=EDGE_LOOP('',(#3045));
#7608=EDGE_LOOP('',(#3046));
#7609=EDGE_LOOP('',(#3047));
#7610=EDGE_LOOP('',(#3048));
#7611=EDGE_LOOP('',(#3049));
#7612=FACE_BOUND('',#7001,.T.);
#7613=FACE_BOUND('',#7002,.T.);
#7614=FACE_BOUND('',#7003,.T.);
#7615=FACE_BOUND('',#7004,.T.);
#7616=FACE_BOUND('',#7005,.T.);
#7617=FACE_BOUND('',#7006,.T.);
#7618=FACE_BOUND('',#7007,.T.);
#7619=FACE_BOUND('',#7008,.T.);
#7620=FACE_BOUND('',#7009,.T.);
#7621=FACE_BOUND('',#7010,.T.);
#7622=FACE_BOUND('',#7011,.T.);
#7623=FACE_BOUND('',#7012,.T.);
#7624=FACE_BOUND('',#7013,.T.);
#7625=FACE_BOUND('',#7014,.T.);
#7626=FACE_BOUND('',#7015,.T.);
#7627=FACE_BOUND('',#7016,.T.);
#7628=FACE_BOUND('',#7017,.T.);
#7629=FACE_BOUND('',#7018,.T.);
#7630=FACE_BOUND('',#7019,.T.);
#7631=FACE_BOUND('',#7020,.T.);
#7632=FACE_BOUND('',#7021,.T.);
#7633=FACE_BOUND('',#7022,.T.);
#7634=FACE_BOUND('',#7023,.T.);
#7635=FACE_BOUND('',#7024,.T.);
#7636=FACE_BOUND('',#7025,.T.);
#7637=FACE_BOUND('',#7026,.T.);
#7638=FACE_BOUND('',#7027,.T.);
#7639=FACE_BOUND('',#7028,.T.);
#7640=FACE_BOUND('',#7029,.T.);
#7641=FACE_BOUND('',#7030,.T.);
#7642=FACE_BOUND('',#7031,.T.);
#7643=FACE_BOUND('',#7032,.T.);
#7644=FACE_BOUND('',#7033,.T.);
#7645=FACE_BOUND('',#7034,.T.);
#7646=FACE_BOUND('',#7035,.T.);
#7647=FACE_BOUND('',#7036,.T.);
#7648=FACE_BOUND('',#7037,.T.);
#7649=FACE_BOUND('',#7038,.T.);
#7650=FACE_BOUND('',#7039,.T.);
#7651=FACE_BOUND('',#7040,.T.);
#7652=FACE_BOUND('',#7041,.T.);
#7653=FACE_BOUND('',#7042,.T.);
#7654=FACE_BOUND('',#7043,.T.);
#7655=FACE_BOUND('',#7044,.T.);
#7656=FACE_BOUND('',#7045,.T.);
#7657=FACE_BOUND('',#7046,.T.);
#7658=FACE_BOUND('',#7047,.T.);
#7659=FACE_BOUND('',#7048,.T.);
#7660=FACE_BOUND('',#7049,.T.);
#7661=FACE_BOUND('',#7050,.T.);
#7662=FACE_BOUND('',#7051,.T.);
#7663=FACE_BOUND('',#7052,.T.);
#7664=FACE_BOUND('',#7053,.T.);
#7665=FACE_BOUND('',#7054,.T.);
#7666=FACE_BOUND('',#7055,.T.);
#7667=FACE_BOUND('',#7056,.T.);
#7668=FACE_BOUND('',#7057,.T.);
#7669=FACE_BOUND('',#7058,.T.);
#7670=FACE_BOUND('',#7059,.T.);
#7671=FACE_BOUND('',#7060,.T.);
#7672=FACE_BOUND('',#7061,.T.);
#7673=FACE_BOUND('',#7062,.T.);
#7674=FACE_BOUND('',#7063,.T.);
#7675=FACE_BOUND('',#7064,.T.);
#7676=FACE_BOUND('',#7065,.T.);
#7677=FACE_BOUND('',#7066,.T.);
#7678=FACE_BOUND('',#7067,.T.);
#7679=FACE_BOUND('',#7068,.T.);
#7680=FACE_BOUND('',#7069,.T.);
#7681=FACE_BOUND('',#7070,.T.);
#7682=FACE_BOUND('',#7071,.T.);
#7683=FACE_BOUND('',#7072,.T.);
#7684=FACE_BOUND('',#7073,.T.);
#7685=FACE_BOUND('',#7074,.T.);
#7686=FACE_BOUND('',#7075,.T.);
#7687=FACE_BOUND('',#7076,.T.);
#7688=FACE_BOUND('',#7077,.T.);
#7689=FACE_BOUND('',#7078,.T.);
#7690=FACE_BOUND('',#7079,.T.);
#7691=FACE_BOUND('',#7080,.T.);
#7692=FACE_BOUND('',#7081,.T.);
#7693=FACE_BOUND('',#7082,.T.);
#7694=FACE_BOUND('',#7083,.T.);
#7695=FACE_BOUND('',#7084,.T.);
#7696=FACE_BOUND('',#7085,.T.);
#7697=FACE_BOUND('',#7086,.T.);
#7698=FACE_BOUND('',#7087,.T.);
#7699=FACE_BOUND('',#7088,.T.);
#7700=FACE_BOUND('',#7089,.T.);
#7701=FACE_BOUND('',#7090,.T.);
#7702=FACE_BOUND('',#7091,.T.);
#7703=FACE_BOUND('',#7092,.T.);
#7704=FACE_BOUND('',#7093,.T.);
#7705=FACE_BOUND('',#7094,.T.);
#7706=FACE_BOUND('',#7095,.T.);
#7707=FACE_BOUND('',#7096,.T.);
#7708=FACE_BOUND('',#7097,.T.);
#7709=FACE_BOUND('',#7098,.T.);
#7710=FACE_BOUND('',#7099,.T.);
#7711=FACE_BOUND('',#7100,.T.);
#7712=FACE_BOUND('',#7101,.T.);
#7713=FACE_BOUND('',#7102,.T.);
#7714=FACE_BOUND('',#7103,.T.);
#7715=FACE_BOUND('',#7104,.T.);
#7716=FACE_BOUND('',#7105,.T.);
#7717=FACE_BOUND('',#7106,.T.);
#7718=FACE_BOUND('',#7107,.T.);
#7719=FACE_BOUND('',#7108,.T.);
#7720=FACE_BOUND('',#7109,.T.);
#7721=FACE_BOUND('',#7110,.T.);
#7722=FACE_BOUND('',#7111,.T.);
#7723=FACE_BOUND('',#7112,.T.);
#7724=FACE_BOUND('',#7113,.T.);
#7725=FACE_BOUND('',#7114,.T.);
#7726=FACE_BOUND('',#7115,.T.);
#7727=FACE_BOUND('',#7116,.T.);
#7728=FACE_BOUND('',#7117,.T.);
#7729=FACE_BOUND('',#7118,.T.);
#7730=FACE_BOUND('',#7119,.T.);
#7731=FACE_BOUND('',#7120,.T.);
#7732=FACE_BOUND('',#7121,.T.);
#7733=FACE_BOUND('',#7122,.T.);
#7734=FACE_BOUND('',#7123,.T.);
#7735=FACE_BOUND('',#7124,.T.);
#7736=FACE_BOUND('',#7125,.T.);
#7737=FACE_BOUND('',#7126,.T.);
#7738=FACE_BOUND('',#7127,.T.);
#7739=FACE_BOUND('',#7128,.T.);
#7740=FACE_BOUND('',#7129,.T.);
#7741=FACE_BOUND('',#7130,.T.);
#7742=FACE_BOUND('',#7131,.T.);
#7743=FACE_BOUND('',#7132,.T.);
#7744=FACE_BOUND('',#7133,.T.);
#7745=FACE_BOUND('',#7134,.T.);
#7746=FACE_BOUND('',#7135,.T.);
#7747=FACE_BOUND('',#7136,.T.);
#7748=FACE_BOUND('',#7137,.T.);
#7749=FACE_BOUND('',#7138,.T.);
#7750=FACE_BOUND('',#7139,.T.);
#7751=FACE_BOUND('',#7140,.T.);
#7752=FACE_BOUND('',#7141,.T.);
#7753=FACE_BOUND('',#7142,.T.);
#7754=FACE_BOUND('',#7143,.T.);
#7755=FACE_BOUND('',#7144,.T.);
#7756=FACE_BOUND('',#7145,.T.);
#7757=FACE_BOUND('',#7146,.T.);
#7758=FACE_BOUND('',#7147,.T.);
#7759=FACE_BOUND('',#7148,.T.);
#7760=FACE_BOUND('',#7149,.T.);
#7761=FACE_BOUND('',#7150,.T.);
#7762=FACE_BOUND('',#7151,.T.);
#7763=FACE_BOUND('',#7152,.T.);
#7764=FACE_BOUND('',#7153,.T.);
#7765=FACE_BOUND('',#7154,.T.);
#7766=FACE_BOUND('',#7155,.T.);
#7767=FACE_BOUND('',#7156,.T.);
#7768=FACE_BOUND('',#7157,.T.);
#7769=FACE_BOUND('',#7158,.T.);
#7770=FACE_BOUND('',#7159,.T.);
#7771=FACE_BOUND('',#7160,.T.);
#7772=FACE_BOUND('',#7161,.T.);
#7773=FACE_BOUND('',#7162,.T.);
#7774=FACE_BOUND('',#7163,.T.);
#7775=FACE_BOUND('',#7164,.T.);
#7776=FACE_BOUND('',#7165,.T.);
#7777=FACE_BOUND('',#7166,.T.);
#7778=FACE_BOUND('',#7167,.T.);
#7779=FACE_BOUND('',#7168,.T.);
#7780=FACE_BOUND('',#7169,.T.);
#7781=FACE_BOUND('',#7170,.T.);
#7782=FACE_BOUND('',#7171,.T.);
#7783=FACE_BOUND('',#7172,.T.);
#7784=FACE_BOUND('',#7173,.T.);
#7785=FACE_BOUND('',#7174,.T.);
#7786=FACE_BOUND('',#7175,.T.);
#7787=FACE_BOUND('',#7176,.T.);
#7788=FACE_BOUND('',#7177,.T.);
#7789=FACE_BOUND('',#7178,.T.);
#7790=FACE_BOUND('',#7179,.T.);
#7791=FACE_BOUND('',#7180,.T.);
#7792=FACE_BOUND('',#7181,.T.);
#7793=FACE_BOUND('',#7182,.T.);
#7794=FACE_BOUND('',#7183,.T.);
#7795=FACE_BOUND('',#7184,.T.);
#7796=FACE_BOUND('',#7185,.T.);
#7797=FACE_BOUND('',#7186,.T.);
#7798=FACE_BOUND('',#7187,.T.);
#7799=FACE_BOUND('',#7188,.T.);
#7800=FACE_BOUND('',#7189,.T.);
#7801=FACE_BOUND('',#7190,.T.);
#7802=FACE_BOUND('',#7191,.T.);
#7803=FACE_BOUND('',#7192,.T.);
#7804=FACE_BOUND('',#7193,.T.);
#7805=FACE_BOUND('',#7194,.T.);
#7806=FACE_BOUND('',#7195,.T.);
#7807=FACE_BOUND('',#7196,.T.);
#7808=FACE_BOUND('',#7197,.T.);
#7809=FACE_BOUND('',#7198,.T.);
#7810=FACE_BOUND('',#7199,.T.);
#7811=FACE_BOUND('',#7200,.T.);
#7812=FACE_BOUND('',#7201,.T.);
#7813=FACE_BOUND('',#7202,.T.);
#7814=FACE_BOUND('',#7203,.T.);
#7815=FACE_BOUND('',#7204,.T.);
#7816=FACE_BOUND('',#7205,.T.);
#7817=FACE_BOUND('',#7206,.T.);
#7818=FACE_BOUND('',#7207,.T.);
#7819=FACE_BOUND('',#7208,.T.);
#7820=FACE_BOUND('',#7209,.T.);
#7821=FACE_BOUND('',#7210,.T.);
#7822=FACE_BOUND('',#7211,.T.);
#7823=FACE_BOUND('',#7212,.T.);
#7824=FACE_BOUND('',#7213,.T.);
#7825=FACE_BOUND('',#7214,.T.);
#7826=FACE_BOUND('',#7215,.T.);
#7827=FACE_BOUND('',#7216,.T.);
#7828=FACE_BOUND('',#7217,.T.);
#7829=FACE_BOUND('',#7218,.T.);
#7830=FACE_BOUND('',#7219,.T.);
#7831=FACE_BOUND('',#7220,.T.);
#7832=FACE_BOUND('',#7221,.T.);
#7833=FACE_BOUND('',#7222,.T.);
#7834=FACE_BOUND('',#7223,.T.);
#7835=FACE_BOUND('',#7224,.T.);
#7836=FACE_BOUND('',#7225,.T.);
#7837=FACE_BOUND('',#7226,.T.);
#7838=FACE_BOUND('',#7227,.T.);
#7839=FACE_BOUND('',#7228,.T.);
#7840=FACE_BOUND('',#7229,.T.);
#7841=FACE_BOUND('',#7230,.T.);
#7842=FACE_BOUND('',#7231,.T.);
#7843=FACE_BOUND('',#7232,.T.);
#7844=FACE_BOUND('',#7233,.T.);
#7845=FACE_BOUND('',#7234,.T.);
#7846=FACE_BOUND('',#7235,.T.);
#7847=FACE_BOUND('',#7236,.T.);
#7848=FACE_BOUND('',#7237,.T.);
#7849=FACE_BOUND('',#7238,.T.);
#7850=FACE_BOUND('',#7239,.T.);
#7851=FACE_BOUND('',#7240,.T.);
#7852=FACE_BOUND('',#7241,.T.);
#7853=FACE_BOUND('',#7242,.T.);
#7854=FACE_BOUND('',#7243,.T.);
#7855=FACE_BOUND('',#7244,.T.);
#7856=FACE_BOUND('',#7245,.T.);
#7857=FACE_BOUND('',#7246,.T.);
#7858=FACE_BOUND('',#7247,.T.);
#7859=FACE_BOUND('',#7248,.T.);
#7860=FACE_BOUND('',#7249,.T.);
#7861=FACE_BOUND('',#7250,.T.);
#7862=FACE_BOUND('',#7251,.T.);
#7863=FACE_BOUND('',#7252,.T.);
#7864=FACE_BOUND('',#7253,.T.);
#7865=FACE_BOUND('',#7254,.T.);
#7866=FACE_BOUND('',#7255,.T.);
#7867=FACE_BOUND('',#7256,.T.);
#7868=FACE_BOUND('',#7257,.T.);
#7869=FACE_BOUND('',#7258,.T.);
#7870=FACE_BOUND('',#7259,.T.);
#7871=FACE_BOUND('',#7260,.T.);
#7872=FACE_BOUND('',#7261,.T.);
#7873=FACE_BOUND('',#7262,.T.);
#7874=FACE_BOUND('',#7263,.T.);
#7875=FACE_BOUND('',#7264,.T.);
#7876=FACE_BOUND('',#7265,.T.);
#7877=FACE_BOUND('',#7266,.T.);
#7878=FACE_BOUND('',#7267,.T.);
#7879=FACE_BOUND('',#7268,.T.);
#7880=FACE_BOUND('',#7269,.T.);
#7881=FACE_BOUND('',#7270,.T.);
#7882=FACE_BOUND('',#7271,.T.);
#7883=FACE_BOUND('',#7272,.T.);
#7884=FACE_BOUND('',#7273,.T.);
#7885=FACE_BOUND('',#7274,.T.);
#7886=FACE_BOUND('',#7275,.T.);
#7887=FACE_BOUND('',#7276,.T.);
#7888=FACE_BOUND('',#7277,.T.);
#7889=FACE_BOUND('',#7278,.T.);
#7890=FACE_BOUND('',#7279,.T.);
#7891=FACE_BOUND('',#7280,.T.);
#7892=FACE_BOUND('',#7281,.T.);
#7893=FACE_BOUND('',#7282,.T.);
#7894=FACE_BOUND('',#7283,.T.);
#7895=FACE_BOUND('',#7284,.T.);
#7896=FACE_BOUND('',#7285,.T.);
#7897=FACE_BOUND('',#7286,.T.);
#7898=FACE_BOUND('',#7287,.T.);
#7899=FACE_BOUND('',#7288,.T.);
#7900=FACE_BOUND('',#7289,.T.);
#7901=FACE_BOUND('',#7290,.T.);
#7902=FACE_BOUND('',#7291,.T.);
#7903=FACE_BOUND('',#7292,.T.);
#7904=FACE_BOUND('',#7293,.T.);
#7905=FACE_BOUND('',#7294,.T.);
#7906=FACE_BOUND('',#7295,.T.);
#7907=FACE_BOUND('',#7296,.T.);
#7908=FACE_BOUND('',#7297,.T.);
#7909=FACE_BOUND('',#7298,.T.);
#7910=FACE_BOUND('',#7299,.T.);
#7911=FACE_BOUND('',#7300,.T.);
#7912=FACE_BOUND('',#7301,.T.);
#7913=FACE_BOUND('',#7302,.T.);
#7914=FACE_BOUND('',#7303,.T.);
#7915=FACE_BOUND('',#7304,.T.);
#7916=FACE_BOUND('',#7305,.T.);
#7917=FACE_BOUND('',#7306,.T.);
#7918=FACE_BOUND('',#7307,.T.);
#7919=FACE_BOUND('',#7308,.T.);
#7920=FACE_BOUND('',#7309,.T.);
#7921=FACE_BOUND('',#7310,.T.);
#7922=FACE_BOUND('',#7311,.T.);
#7923=FACE_BOUND('',#7312,.T.);
#7924=FACE_BOUND('',#7313,.T.);
#7925=FACE_BOUND('',#7314,.T.);
#7926=FACE_BOUND('',#7315,.T.);
#7927=FACE_BOUND('',#7316,.T.);
#7928=FACE_BOUND('',#7317,.T.);
#7929=FACE_BOUND('',#7318,.T.);
#7930=FACE_BOUND('',#7319,.T.);
#7931=FACE_BOUND('',#7320,.T.);
#7932=FACE_BOUND('',#7321,.T.);
#7933=FACE_BOUND('',#7322,.T.);
#7934=FACE_BOUND('',#7323,.T.);
#7935=FACE_BOUND('',#7324,.T.);
#7936=FACE_BOUND('',#7325,.T.);
#7937=FACE_BOUND('',#7326,.T.);
#7938=FACE_BOUND('',#7327,.T.);
#7939=FACE_BOUND('',#7328,.T.);
#7940=FACE_BOUND('',#7329,.T.);
#7941=FACE_BOUND('',#7330,.T.);
#7942=FACE_BOUND('',#7331,.T.);
#7943=FACE_BOUND('',#7332,.T.);
#7944=FACE_BOUND('',#7333,.T.);
#7945=FACE_BOUND('',#7334,.T.);
#7946=FACE_BOUND('',#7335,.T.);
#7947=FACE_BOUND('',#7336,.T.);
#7948=FACE_BOUND('',#7337,.T.);
#7949=FACE_BOUND('',#7338,.T.);
#7950=FACE_BOUND('',#7339,.T.);
#7951=FACE_BOUND('',#7340,.T.);
#7952=FACE_BOUND('',#7341,.T.);
#7953=FACE_BOUND('',#7342,.T.);
#7954=FACE_BOUND('',#7343,.T.);
#7955=FACE_BOUND('',#7344,.T.);
#7956=FACE_BOUND('',#7345,.T.);
#7957=FACE_BOUND('',#7346,.T.);
#7958=FACE_BOUND('',#7347,.T.);
#7959=FACE_BOUND('',#7348,.T.);
#7960=FACE_BOUND('',#7349,.T.);
#7961=FACE_BOUND('',#7350,.T.);
#7962=FACE_BOUND('',#7351,.T.);
#7963=FACE_BOUND('',#7352,.T.);
#7964=FACE_BOUND('',#7353,.T.);
#7965=FACE_BOUND('',#7354,.T.);
#7966=FACE_BOUND('',#7355,.T.);
#7967=FACE_BOUND('',#7356,.T.);
#7968=FACE_BOUND('',#7357,.T.);
#7969=FACE_BOUND('',#7358,.T.);
#7970=FACE_BOUND('',#7359,.T.);
#7971=FACE_BOUND('',#7360,.T.);
#7972=FACE_BOUND('',#7361,.T.);
#7973=FACE_BOUND('',#7362,.T.);
#7974=FACE_BOUND('',#7363,.T.);
#7975=FACE_BOUND('',#7364,.T.);
#7976=FACE_BOUND('',#7365,.T.);
#7977=FACE_BOUND('',#7366,.T.);
#7978=FACE_BOUND('',#7367,.T.);
#7979=FACE_BOUND('',#7368,.T.);
#7980=FACE_BOUND('',#7369,.T.);
#7981=FACE_BOUND('',#7370,.T.);
#7982=FACE_BOUND('',#7371,.T.);
#7983=FACE_BOUND('',#7372,.T.);
#7984=FACE_BOUND('',#7373,.T.);
#7985=FACE_BOUND('',#7374,.T.);
#7986=FACE_BOUND('',#7375,.T.);
#7987=FACE_BOUND('',#7376,.T.);
#7988=FACE_BOUND('',#7377,.T.);
#7989=FACE_BOUND('',#7378,.T.);
#7990=FACE_BOUND('',#7379,.T.);
#7991=FACE_BOUND('',#7380,.T.);
#7992=FACE_BOUND('',#7381,.T.);
#7993=FACE_BOUND('',#7382,.T.);
#7994=FACE_BOUND('',#7383,.T.);
#7995=FACE_BOUND('',#7384,.T.);
#7996=FACE_BOUND('',#7385,.T.);
#7997=FACE_BOUND('',#7386,.T.);
#7998=FACE_BOUND('',#7387,.T.);
#7999=FACE_BOUND('',#7388,.T.);
#8000=FACE_BOUND('',#7389,.T.);
#8001=FACE_BOUND('',#7390,.T.);
#8002=FACE_BOUND('',#7391,.T.);
#8003=FACE_BOUND('',#7392,.T.);
#8004=FACE_BOUND('',#7393,.T.);
#8005=FACE_BOUND('',#7394,.T.);
#8006=FACE_BOUND('',#7395,.T.);
#8007=FACE_BOUND('',#7396,.T.);
#8008=FACE_BOUND('',#7397,.T.);
#8009=FACE_BOUND('',#7398,.T.);
#8010=FACE_BOUND('',#7399,.T.);
#8011=FACE_BOUND('',#7400,.T.);
#8012=FACE_BOUND('',#7401,.T.);
#8013=FACE_BOUND('',#7402,.T.);
#8014=FACE_BOUND('',#7403,.T.);
#8015=FACE_BOUND('',#7404,.T.);
#8016=FACE_BOUND('',#7405,.T.);
#8017=FACE_BOUND('',#7406,.T.);
#8018=FACE_BOUND('',#7407,.T.);
#8019=FACE_BOUND('',#7408,.T.);
#8020=FACE_BOUND('',#7409,.T.);
#8021=FACE_BOUND('',#7410,.T.);
#8022=FACE_BOUND('',#7411,.T.);
#8023=FACE_BOUND('',#7412,.T.);
#8024=FACE_BOUND('',#7413,.T.);
#8025=FACE_BOUND('',#7414,.T.);
#8026=FACE_BOUND('',#7415,.T.);
#8027=FACE_BOUND('',#7416,.T.);
#8028=FACE_BOUND('',#7417,.T.);
#8029=FACE_BOUND('',#7418,.T.);
#8030=FACE_BOUND('',#7419,.T.);
#8031=FACE_BOUND('',#7420,.T.);
#8032=FACE_BOUND('',#7421,.T.);
#8033=FACE_BOUND('',#7422,.T.);
#8034=FACE_BOUND('',#7423,.T.);
#8035=FACE_BOUND('',#7424,.T.);
#8036=FACE_BOUND('',#7425,.T.);
#8037=FACE_BOUND('',#7426,.T.);
#8038=FACE_BOUND('',#7427,.T.);
#8039=FACE_BOUND('',#7428,.T.);
#8040=FACE_BOUND('',#7429,.T.);
#8041=FACE_BOUND('',#7430,.T.);
#8042=FACE_BOUND('',#7431,.T.);
#8043=FACE_BOUND('',#7432,.T.);
#8044=FACE_BOUND('',#7433,.T.);
#8045=FACE_BOUND('',#7434,.T.);
#8046=FACE_BOUND('',#7435,.T.);
#8047=FACE_BOUND('',#7436,.T.);
#8048=FACE_BOUND('',#7437,.T.);
#8049=FACE_BOUND('',#7438,.T.);
#8050=FACE_BOUND('',#7439,.T.);
#8051=FACE_BOUND('',#7440,.T.);
#8052=FACE_BOUND('',#7441,.T.);
#8053=FACE_BOUND('',#7442,.T.);
#8054=FACE_BOUND('',#7443,.T.);
#8055=FACE_BOUND('',#7444,.T.);
#8056=FACE_BOUND('',#7445,.T.);
#8057=FACE_BOUND('',#7446,.T.);
#8058=FACE_BOUND('',#7447,.T.);
#8059=FACE_BOUND('',#7448,.T.);
#8060=FACE_BOUND('',#7449,.T.);
#8061=FACE_BOUND('',#7450,.T.);
#8062=FACE_BOUND('',#7451,.T.);
#8063=FACE_BOUND('',#7452,.T.);
#8064=FACE_BOUND('',#7453,.T.);
#8065=FACE_BOUND('',#7454,.T.);
#8066=FACE_BOUND('',#7455,.T.);
#8067=FACE_BOUND('',#7456,.T.);
#8068=FACE_BOUND('',#7457,.T.);
#8069=FACE_BOUND('',#7458,.T.);
#8070=FACE_BOUND('',#7459,.T.);
#8071=FACE_BOUND('',#7460,.T.);
#8072=FACE_BOUND('',#7461,.T.);
#8073=FACE_BOUND('',#7462,.T.);
#8074=FACE_BOUND('',#7463,.T.);
#8075=FACE_BOUND('',#7464,.T.);
#8076=FACE_BOUND('',#7465,.T.);
#8077=FACE_BOUND('',#7466,.T.);
#8078=FACE_BOUND('',#7467,.T.);
#8079=FACE_BOUND('',#7468,.T.);
#8080=FACE_BOUND('',#7469,.T.);
#8081=FACE_BOUND('',#7470,.T.);
#8082=FACE_BOUND('',#7471,.T.);
#8083=FACE_BOUND('',#7472,.T.);
#8084=FACE_BOUND('',#7473,.T.);
#8085=FACE_BOUND('',#7474,.T.);
#8086=FACE_BOUND('',#7475,.T.);
#8087=FACE_BOUND('',#7476,.T.);
#8088=FACE_BOUND('',#7477,.T.);
#8089=FACE_BOUND('',#7478,.T.);
#8090=FACE_BOUND('',#7479,.T.);
#8091=FACE_BOUND('',#7480,.T.);
#8092=FACE_BOUND('',#7481,.T.);
#8093=FACE_BOUND('',#7482,.T.);
#8094=FACE_BOUND('',#7483,.T.);
#8095=FACE_BOUND('',#7484,.T.);
#8096=FACE_BOUND('',#7485,.T.);
#8097=FACE_BOUND('',#7486,.T.);
#8098=FACE_BOUND('',#7487,.T.);
#8099=FACE_BOUND('',#7488,.T.);
#8100=FACE_BOUND('',#7489,.T.);
#8101=FACE_BOUND('',#7490,.T.);
#8102=FACE_BOUND('',#7491,.T.);
#8103=FACE_BOUND('',#7492,.T.);
#8104=FACE_BOUND('',#7493,.T.);
#8105=FACE_BOUND('',#7494,.T.);
#8106=FACE_BOUND('',#7495,.T.);
#8107=FACE_BOUND('',#7496,.T.);
#8108=FACE_BOUND('',#7497,.T.);
#8109=FACE_BOUND('',#7498,.T.);
#8110=FACE_BOUND('',#7499,.T.);
#8111=FACE_BOUND('',#7500,.T.);
#8112=FACE_BOUND('',#7501,.T.);
#8113=FACE_BOUND('',#7502,.T.);
#8114=FACE_BOUND('',#7503,.T.);
#8115=FACE_BOUND('',#7504,.T.);
#8116=FACE_BOUND('',#7505,.T.);
#8117=FACE_BOUND('',#7506,.T.);
#8118=FACE_BOUND('',#7507,.T.);
#8119=FACE_BOUND('',#7508,.T.);
#8120=FACE_BOUND('',#7509,.T.);
#8121=FACE_BOUND('',#7510,.T.);
#8122=FACE_BOUND('',#7511,.T.);
#8123=FACE_BOUND('',#7512,.T.);
#8124=FACE_BOUND('',#7513,.T.);
#8125=FACE_BOUND('',#7514,.T.);
#8126=FACE_BOUND('',#7515,.T.);
#8127=FACE_BOUND('',#7516,.T.);
#8128=FACE_BOUND('',#7517,.T.);
#8129=FACE_BOUND('',#7518,.T.);
#8130=FACE_BOUND('',#7519,.T.);
#8131=FACE_BOUND('',#7520,.T.);
#8132=FACE_BOUND('',#7521,.T.);
#8133=FACE_BOUND('',#7522,.T.);
#8134=FACE_BOUND('',#7523,.T.);
#8135=FACE_BOUND('',#7524,.T.);
#8136=FACE_BOUND('',#7525,.T.);
#8137=FACE_BOUND('',#7526,.T.);
#8138=FACE_BOUND('',#7527,.T.);
#8139=FACE_BOUND('',#7528,.T.);
#8140=FACE_BOUND('',#7529,.T.);
#8141=FACE_BOUND('',#7530,.T.);
#8142=FACE_BOUND('',#7531,.T.);
#8143=FACE_BOUND('',#7532,.T.);
#8144=FACE_BOUND('',#7533,.T.);
#8145=FACE_BOUND('',#7534,.T.);
#8146=FACE_BOUND('',#7535,.T.);
#8147=FACE_BOUND('',#7536,.T.);
#8148=FACE_BOUND('',#7537,.T.);
#8149=FACE_BOUND('',#7538,.T.);
#8150=FACE_BOUND('',#7539,.T.);
#8151=FACE_BOUND('',#7540,.T.);
#8152=FACE_BOUND('',#7541,.T.);
#8153=FACE_BOUND('',#7542,.T.);
#8154=FACE_BOUND('',#7543,.T.);
#8155=FACE_BOUND('',#7544,.T.);
#8156=FACE_BOUND('',#7545,.T.);
#8157=FACE_BOUND('',#7546,.T.);
#8158=FACE_BOUND('',#7547,.T.);
#8159=FACE_BOUND('',#7548,.T.);
#8160=FACE_BOUND('',#7549,.T.);
#8161=FACE_BOUND('',#7550,.T.);
#8162=FACE_BOUND('',#7551,.T.);
#8163=FACE_BOUND('',#7552,.T.);
#8164=FACE_BOUND('',#7553,.T.);
#8165=FACE_BOUND('',#7554,.T.);
#8166=FACE_BOUND('',#7555,.T.);
#8167=FACE_BOUND('',#7556,.T.);
#8168=FACE_BOUND('',#7557,.T.);
#8169=FACE_BOUND('',#7558,.T.);
#8170=FACE_BOUND('',#7559,.T.);
#8171=FACE_BOUND('',#7560,.T.);
#8172=FACE_BOUND('',#7561,.T.);
#8173=FACE_BOUND('',#7562,.T.);
#8174=FACE_BOUND('',#7563,.T.);
#8175=FACE_BOUND('',#7564,.T.);
#8176=FACE_BOUND('',#7565,.T.);
#8177=FACE_BOUND('',#7566,.T.);
#8178=FACE_BOUND('',#7567,.T.);
#8179=FACE_BOUND('',#7568,.T.);
#8180=FACE_BOUND('',#7569,.T.);
#8181=FACE_BOUND('',#7570,.T.);
#8182=FACE_BOUND('',#7571,.T.);
#8183=FACE_BOUND('',#7572,.T.);
#8184=FACE_BOUND('',#7573,.T.);
#8185=FACE_BOUND('',#7574,.T.);
#8186=FACE_BOUND('',#7575,.T.);
#8187=FACE_BOUND('',#7576,.T.);
#8188=FACE_BOUND('',#7577,.T.);
#8189=FACE_BOUND('',#7578,.T.);
#8190=FACE_BOUND('',#7579,.T.);
#8191=FACE_BOUND('',#7580,.T.);
#8192=FACE_BOUND('',#7581,.T.);
#8193=FACE_BOUND('',#7582,.T.);
#8194=FACE_BOUND('',#7583,.T.);
#8195=FACE_BOUND('',#7584,.T.);
#8196=FACE_BOUND('',#7585,.T.);
#8197=FACE_BOUND('',#7586,.T.);
#8198=FACE_BOUND('',#7587,.T.);
#8199=FACE_BOUND('',#7588,.T.);
#8200=FACE_BOUND('',#7589,.T.);
#8201=FACE_BOUND('',#7590,.T.);
#8202=FACE_BOUND('',#7591,.T.);
#8203=FACE_BOUND('',#7592,.T.);
#8204=FACE_BOUND('',#7593,.T.);
#8205=FACE_BOUND('',#7594,.T.);
#8206=FACE_BOUND('',#7595,.T.);
#8207=FACE_BOUND('',#7596,.T.);
#8208=FACE_BOUND('',#7597,.T.);
#8209=FACE_BOUND('',#7598,.T.);
#8210=FACE_BOUND('',#7599,.T.);
#8211=FACE_BOUND('',#7600,.T.);
#8212=FACE_BOUND('',#7601,.T.);
#8213=FACE_BOUND('',#7602,.T.);
#8214=FACE_BOUND('',#7603,.T.);
#8215=FACE_BOUND('',#7604,.T.);
#8216=FACE_BOUND('',#7605,.T.);
#8217=FACE_BOUND('',#7606,.T.);
#8218=FACE_BOUND('',#7607,.T.);
#8219=FACE_BOUND('',#7608,.T.);
#8220=FACE_BOUND('',#7609,.T.);
#8221=FACE_BOUND('',#7610,.T.);
#8222=FACE_BOUND('',#7611,.T.);
#8223=PLANE('',#9400);
#8224=PLANE('',#9401);
#8225=PLANE('',#9402);
#8226=PLANE('',#9403);
#8227=PLANE('',#9404);
#8228=PLANE('',#9405);
#8229=PLANE('',#9406);
#8230=PLANE('',#9407);
#8231=PLANE('',#9408);
#8232=PLANE('',#9409);
#8233=PLANE('',#9410);
#8234=PLANE('',#9411);
#8235=PLANE('',#9412);
#8236=PLANE('',#9413);
#8237=PLANE('',#9414);
#8238=PLANE('',#9415);
#8239=PLANE('',#9416);
#8240=PLANE('',#9417);
#8241=PLANE('',#9418);
#8242=PLANE('',#9420);
#8243=PLANE('',#9422);
#8244=PLANE('',#9424);
#8245=PLANE('',#9426);
#8246=PLANE('',#9428);
#8247=PLANE('',#9430);
#8248=PLANE('',#9432);
#8249=PLANE('',#9434);
#8250=PLANE('',#9436);
#8251=PLANE('',#9438);
#8252=PLANE('',#9440);
#8253=PLANE('',#9442);
#8254=PLANE('',#9444);
#8255=PLANE('',#9454);
#8256=PLANE('',#9470);
#8257=PLANE('',#9473);
#8258=PLANE('',#9475);
#8259=PLANE('',#9477);
#8260=PLANE('',#9479);
#8261=PLANE('',#9481);
#8262=PLANE('',#9483);
#8263=PLANE('',#9486);
#8264=PLANE('',#9489);
#8265=PLANE('',#9492);
#8266=PLANE('',#9495);
#8267=PLANE('',#9498);
#8268=PLANE('',#9499);
#8269=PLANE('',#9500);
#8270=PLANE('',#9501);
#8271=PLANE('',#9502);
#8272=PLANE('',#9515);
#8273=PLANE('',#9516);
#8274=PLANE('',#9517);
#8275=PLANE('',#9518);
#8276=PLANE('',#9519);
#8277=PLANE('',#9520);
#8278=PLANE('',#9522);
#8279=PLANE('',#9524);
#8280=PLANE('',#9526);
#8281=PLANE('',#9536);
#8282=PLANE('',#9537);
#8283=PLANE('',#9538);
#8284=PLANE('',#9539);
#8285=PLANE('',#9540);
#8286=PLANE('',#9541);
#8287=PLANE('',#9542);
#8288=PLANE('',#9543);
#8289=PLANE('',#9544);
#8290=PLANE('',#9545);
#8291=PLANE('',#9546);
#8292=PLANE('',#9547);
#8293=PLANE('',#9548);
#8294=PLANE('',#9549);
#8295=PLANE('',#9550);
#8296=PLANE('',#9551);
#8297=PLANE('',#9552);
#8298=PLANE('',#9553);
#8299=PLANE('',#9554);
#8300=PLANE('',#9555);
#8301=PLANE('',#9560);
#8302=PLANE('',#9573);
#8303=PLANE('',#9574);
#8304=PLANE('',#9578);
#8305=PLANE('',#9579);
#8306=PLANE('',#9580);
#8307=PLANE('',#9581);
#8308=PLANE('',#9582);
#8309=PLANE('',#9583);
#8310=PLANE('',#9584);
#8311=PLANE('',#9585);
#8312=PLANE('',#9586);
#8313=PLANE('',#9587);
#8314=PLANE('',#9588);
#8315=PLANE('',#9589);
#8316=PLANE('',#9590);
#8317=PLANE('',#9591);
#8318=PLANE('',#9598);
#8319=PLANE('',#9605);
#8320=PLANE('',#9606);
#8321=PLANE('',#9607);
#8322=PLANE('',#9608);
#8323=PLANE('',#9609);
#8324=PLANE('',#9610);
#8325=PLANE('',#9611);
#8326=PLANE('',#9612);
#8327=PLANE('',#9613);
#8328=PLANE('',#9614);
#8329=PLANE('',#9615);
#8330=PLANE('',#9616);
#8331=PLANE('',#9617);
#8332=PLANE('',#9618);
#8333=PLANE('',#9619);
#8334=PLANE('',#9620);
#8335=PLANE('',#9621);
#8336=PLANE('',#9622);
#8337=PLANE('',#9623);
#8338=PLANE('',#9624);
#8339=PLANE('',#9625);
#8340=PLANE('',#9626);
#8341=PLANE('',#9627);
#8342=PLANE('',#9628);
#8343=PLANE('',#9629);
#8344=PLANE('',#9631);
#8345=PLANE('',#9632);
#8346=PLANE('',#9635);
#8347=PLANE('',#9638);
#8348=PLANE('',#9639);
#8349=PLANE('',#9640);
#8350=PLANE('',#9641);
#8351=PLANE('',#9643);
#8352=PLANE('',#9644);
#8353=PLANE('',#9645);
#8354=PLANE('',#9646);
#8355=PLANE('',#9647);
#8356=PLANE('',#9648);
#8357=PLANE('',#9649);
#8358=PLANE('',#9650);
#8359=PLANE('',#9651);
#8360=PLANE('',#9652);
#8361=PLANE('',#9653);
#8362=PLANE('',#9654);
#8363=PLANE('',#9655);
#8364=PLANE('',#9656);
#8365=PLANE('',#9657);
#8366=PLANE('',#9660);
#8367=PLANE('',#9663);
#8368=PLANE('',#9665);
#8369=PLANE('',#9666);
#8370=PLANE('',#9667);
#8371=PLANE('',#9668);
#8372=PLANE('',#9669);
#8373=PLANE('',#9670);
#8374=PLANE('',#9671);
#8375=PLANE('',#9672);
#8376=PLANE('',#9673);
#8377=PLANE('',#9674);
#8378=PLANE('',#9675);
#8379=PLANE('',#9676);
#8380=PLANE('',#9677);
#8381=PLANE('',#9679);
#8382=PLANE('',#9680);
#8383=PLANE('',#9681);
#8384=PLANE('',#9682);
#8385=PLANE('',#9683);
#8386=PLANE('',#9686);
#8387=PLANE('',#9687);
#8388=PLANE('',#9689);
#8389=PLANE('',#9690);
#8390=PLANE('',#9691);
#8391=PLANE('',#9692);
#8392=PLANE('',#9693);
#8393=PLANE('',#9695);
#8394=PLANE('',#9696);
#8395=PLANE('',#9698);
#8396=PLANE('',#9699);
#8397=PLANE('',#9700);
#8398=PLANE('',#9701);
#8399=PLANE('',#9702);
#8400=PLANE('',#9705);
#8401=PLANE('',#9706);
#8402=PLANE('',#9708);
#8403=PLANE('',#9709);
#8404=PLANE('',#9710);
#8405=PLANE('',#9711);
#8406=PLANE('',#9712);
#8407=PLANE('',#9713);
#8408=PLANE('',#9715);
#8409=PLANE('',#9721);
#8410=PLANE('',#9726);
#8411=PLANE('',#9731);
#8412=PLANE('',#9736);
#8413=PLANE('',#9739);
#8414=PLANE('',#9742);
#8415=PLANE('',#9745);
#8416=PLANE('',#9748);
#8417=PLANE('',#9749);
#8418=PLANE('',#9750);
#8419=PLANE('',#9752);
#8420=PLANE('',#9753);
#8421=PLANE('',#9755);
#8422=PLANE('',#9756);
#8423=PLANE('',#9757);
#8424=PLANE('',#9758);
#8425=PLANE('',#9759);
#8426=PLANE('',#9760);
#8427=PLANE('',#9761);
#8428=PLANE('',#9762);
#8429=PLANE('',#9763);
#8430=PLANE('',#9764);
#8431=PLANE('',#9765);
#8432=PLANE('',#9766);
#8433=PLANE('',#9767);
#8434=PLANE('',#9768);
#8435=PLANE('',#9769);
#8436=PLANE('',#9780);
#8437=PLANE('',#9781);
#8438=PLANE('',#9782);
#8439=PLANE('',#9785);
#8440=PLANE('',#9786);
#8441=PLANE('',#9787);
#8442=PLANE('',#9788);
#8443=PLANE('',#9791);
#8444=PLANE('',#9796);
#8445=PLANE('',#9797);
#8446=PLANE('',#9798);
#8447=PLANE('',#9800);
#8448=PLANE('',#9801);
#8449=PLANE('',#9803);
#8450=PLANE('',#9817);
#8451=PLANE('',#9819);
#8452=PLANE('',#9820);
#8453=PLANE('',#9823);
#8454=PLANE('',#9824);
#8455=PLANE('',#9825);
#8456=PLANE('',#9826);
#8457=PLANE('',#9827);
#8458=PLANE('',#9828);
#8459=PLANE('',#9829);
#8460=PLANE('',#9830);
#8461=PLANE('',#9834);
#8462=PLANE('',#9835);
#8463=PLANE('',#9836);
#8464=PLANE('',#9837);
#8465=PLANE('',#9838);
#8466=PLANE('',#9841);
#8467=PLANE('',#9842);
#8468=PLANE('',#9843);
#8469=PLANE('',#9846);
#8470=PLANE('',#9847);
#8471=PLANE('',#9848);
#8472=PLANE('',#9849);
#8473=PLANE('',#9858);
#8474=PLANE('',#9859);
#8475=PLANE('',#9861);
#8476=PLANE('',#9862);
#8477=PLANE('',#9864);
#8478=PLANE('',#9865);
#8479=PLANE('',#9867);
#8480=PLANE('',#9868);
#8481=PLANE('',#9869);
#8482=PLANE('',#9871);
#8483=PLANE('',#9872);
#8484=PLANE('',#9874);
#8485=PLANE('',#9875);
#8486=PLANE('',#9877);
#8487=PLANE('',#9878);
#8488=PLANE('',#9879);
#8489=PLANE('',#9881);
#8490=PLANE('',#9882);
#8491=PLANE('',#9883);
#8492=PLANE('',#9885);
#8493=PLANE('',#9886);
#8494=PLANE('',#9888);
#8495=PLANE('',#9889);
#8496=PLANE('',#9891);
#8497=PLANE('',#9892);
#8498=PLANE('',#9894);
#8499=PLANE('',#9895);
#8500=PLANE('',#9897);
#8501=PLANE('',#9898);
#8502=PLANE('',#9900);
#8503=PLANE('',#9936);
#8504=PLANE('',#9937);
#8505=PLANE('',#9938);
#8506=PLANE('',#9939);
#8507=PLANE('',#9940);
#8508=PLANE('',#9941);
#8509=PLANE('',#9942);
#8510=PLANE('',#9943);
#8511=PLANE('',#9971);
#8512=PLANE('',#9982);
#8513=PLANE('',#9983);
#8514=PLANE('',#9984);
#8515=PLANE('',#9993);
#8516=PLANE('',#10002);
#8517=PLANE('',#10003);
#8518=PLANE('',#10006);
#8519=PLANE('',#10007);
#8520=PLANE('',#10008);
#8521=PLANE('',#10009);
#8522=PLANE('',#10010);
#8523=PLANE('',#10011);
#8524=PLANE('',#10012);
#8525=PLANE('',#10013);
#8526=PLANE('',#10014);
#8527=PLANE('',#10015);
#8528=PLANE('',#10016);
#8529=PLANE('',#10017);
#8530=PLANE('',#10018);
#8531=PLANE('',#10019);
#8532=PLANE('',#10021);
#8533=PLANE('',#10023);
#8534=PLANE('',#10024);
#8535=PLANE('',#10025);
#8536=PLANE('',#10026);
#8537=PLANE('',#10027);
#8538=PLANE('',#10028);
#8539=PLANE('',#10029);
#8540=PLANE('',#10030);
#8541=PLANE('',#10031);
#8542=PLANE('',#10032);
#8543=PLANE('',#10033);
#8544=PLANE('',#10034);
#8545=PLANE('',#10035);
#8546=PLANE('',#10036);
#8547=PLANE('',#10037);
#8548=PLANE('',#10038);
#8549=PLANE('',#10039);
#8550=PLANE('',#10040);
#8551=PLANE('',#10041);
#8552=PLANE('',#10042);
#8553=PLANE('',#10043);
#8554=PLANE('',#10044);
#8555=PLANE('',#10171);
#8556=PLANE('',#10172);
#8557=PLANE('',#10173);
#8558=PLANE('',#10174);
#8559=PLANE('',#10175);
#8560=PLANE('',#10176);
#8561=PLANE('',#10177);
#8562=PLANE('',#10178);
#8563=PLANE('',#10179);
#8564=PLANE('',#10180);
#8565=PLANE('',#10181);
#8566=PLANE('',#10182);
#8567=PLANE('',#10185);
#8568=PLANE('',#10188);
#8569=PLANE('',#10191);
#8570=PLANE('',#10194);
#8571=ADVANCED_FACE('',(#7612),#8223,.T.);
#8572=ADVANCED_FACE('',(#7613),#8224,.T.);
#8573=ADVANCED_FACE('',(#7614),#8225,.T.);
#8574=ADVANCED_FACE('',(#7615),#8226,.T.);
#8575=ADVANCED_FACE('',(#7616),#8227,.T.);
#8576=ADVANCED_FACE('',(#7617),#8228,.T.);
#8577=ADVANCED_FACE('',(#7618),#8229,.T.);
#8578=ADVANCED_FACE('',(#7619),#8230,.T.);
#8579=ADVANCED_FACE('',(#7620),#8231,.T.);
#8580=ADVANCED_FACE('',(#7621),#8232,.T.);
#8581=ADVANCED_FACE('',(#7622),#8233,.T.);
#8582=ADVANCED_FACE('',(#7623),#8234,.T.);
#8583=ADVANCED_FACE('',(#7624),#8235,.T.);
#8584=ADVANCED_FACE('',(#7625),#8236,.T.);
#8585=ADVANCED_FACE('',(#7626),#8237,.T.);
#8586=ADVANCED_FACE('',(#7627),#8238,.T.);
#8587=ADVANCED_FACE('',(#7628),#8239,.T.);
#8588=ADVANCED_FACE('',(#7629),#8240,.T.);
#8589=ADVANCED_FACE('',(#7630),#8241,.T.);
#8590=ADVANCED_FACE('',(#7631),#8242,.T.);
#8591=ADVANCED_FACE('',(#7632),#8243,.T.);
#8592=ADVANCED_FACE('',(#7633),#8244,.T.);
#8593=ADVANCED_FACE('',(#7634),#8245,.T.);
#8594=ADVANCED_FACE('',(#7635),#8246,.T.);
#8595=ADVANCED_FACE('',(#7636),#8247,.T.);
#8596=ADVANCED_FACE('',(#7637),#8248,.T.);
#8597=ADVANCED_FACE('',(#7638),#8249,.T.);
#8598=ADVANCED_FACE('',(#7639),#8250,.T.);
#8599=ADVANCED_FACE('',(#7640),#8251,.T.);
#8600=ADVANCED_FACE('',(#7641),#8252,.T.);
#8601=ADVANCED_FACE('',(#7642,#7643),#8253,.T.);
#8602=ADVANCED_FACE('',(#7644,#7645,#7646),#8254,.T.);
#8603=ADVANCED_FACE('',(#7647,#7648,#7649,#7650,#7651,#7652,#7653,#7654,
#7655,#7656,#7657,#7658,#7659,#7660),#8255,.T.);
#8604=ADVANCED_FACE('',(#7661,#7662),#8256,.T.);
#8605=ADVANCED_FACE('',(#7663),#8257,.T.);
#8606=ADVANCED_FACE('',(#7664),#8258,.T.);
#8607=ADVANCED_FACE('',(#7665),#8259,.T.);
#8608=ADVANCED_FACE('',(#7666),#8260,.T.);
#8609=ADVANCED_FACE('',(#7667),#8261,.T.);
#8610=ADVANCED_FACE('',(#7668,#7669),#8262,.T.);
#8611=ADVANCED_FACE('',(#7670,#7671),#8263,.T.);
#8612=ADVANCED_FACE('',(#7672,#7673),#8264,.T.);
#8613=ADVANCED_FACE('',(#7674,#7675),#8265,.T.);
#8614=ADVANCED_FACE('',(#7676,#7677),#8266,.T.);
#8615=ADVANCED_FACE('',(#7678),#8267,.F.);
#8616=ADVANCED_FACE('',(#7679),#8268,.F.);
#8617=ADVANCED_FACE('',(#7680),#8269,.T.);
#8618=ADVANCED_FACE('',(#7681),#8270,.F.);
#8619=ADVANCED_FACE('',(#7682,#7683,#7684,#7685,#7686),#8271,.F.);
#8620=ADVANCED_FACE('',(#7687),#8272,.T.);
#8621=ADVANCED_FACE('',(#7688),#8273,.T.);
#8622=ADVANCED_FACE('',(#7689),#8274,.T.);
#8623=ADVANCED_FACE('',(#7690),#8275,.T.);
#8624=ADVANCED_FACE('',(#7691),#8276,.F.);
#8625=ADVANCED_FACE('',(#7692),#8277,.T.);
#8626=ADVANCED_FACE('',(#7693),#140,.T.);
#8627=ADVANCED_FACE('',(#7694),#8278,.T.);
#8628=ADVANCED_FACE('',(#7695),#141,.T.);
#8629=ADVANCED_FACE('',(#7696),#8279,.F.);
#8630=ADVANCED_FACE('',(#7697),#142,.T.);
#8631=ADVANCED_FACE('',(#7698),#8280,.F.);
#8632=ADVANCED_FACE('',(#7699),#143,.T.);
#8633=ADVANCED_FACE('',(#7700,#7701),#144,.F.);
#8634=ADVANCED_FACE('',(#7702,#7703),#145,.F.);
#8635=ADVANCED_FACE('',(#7704,#7705),#146,.F.);
#8636=ADVANCED_FACE('',(#7706,#7707),#147,.F.);
#8637=ADVANCED_FACE('',(#7708),#8281,.T.);
#8638=ADVANCED_FACE('',(#7709),#8282,.F.);
#8639=ADVANCED_FACE('',(#7710),#8283,.F.);
#8640=ADVANCED_FACE('',(#7711),#8284,.F.);
#8641=ADVANCED_FACE('',(#7712),#8285,.T.);
#8642=ADVANCED_FACE('',(#7713),#8286,.F.);
#8643=ADVANCED_FACE('',(#7714),#8287,.T.);
#8644=ADVANCED_FACE('',(#7715),#8288,.T.);
#8645=ADVANCED_FACE('',(#7716),#8289,.F.);
#8646=ADVANCED_FACE('',(#7717),#8290,.T.);
#8647=ADVANCED_FACE('',(#7718),#8291,.T.);
#8648=ADVANCED_FACE('',(#7719),#8292,.T.);
#8649=ADVANCED_FACE('',(#7720),#8293,.F.);
#8650=ADVANCED_FACE('',(#7721),#8294,.T.);
#8651=ADVANCED_FACE('',(#7722),#8295,.T.);
#8652=ADVANCED_FACE('',(#7723),#8296,.T.);
#8653=ADVANCED_FACE('',(#7724),#8297,.T.);
#8654=ADVANCED_FACE('',(#7725),#8298,.T.);
#8655=ADVANCED_FACE('',(#7726),#8299,.F.);
#8656=ADVANCED_FACE('',(#7727),#8300,.T.);
#8657=ADVANCED_FACE('',(#7728),#148,.T.);
#8658=ADVANCED_FACE('',(#7729),#149,.T.);
#8659=ADVANCED_FACE('Face appearance 14',(#7730,#7731,#7732,#7733),#8301,
 .T.);
#8660=ADVANCED_FACE('',(#7734,#7735),#150,.F.);
#8661=ADVANCED_FACE('',(#7736,#7737),#151,.T.);
#8662=ADVANCED_FACE('Face appearance 3',(#7738,#7739),#8302,.T.);
#8663=ADVANCED_FACE('',(#7740,#7741),#8303,.T.);
#8664=ADVANCED_FACE('',(#7742,#7743),#152,.T.);
#8665=ADVANCED_FACE('Face appearance 4',(#7744),#8304,.T.);
#8666=ADVANCED_FACE('Face appearance 2',(#7745),#8305,.F.);
#8667=ADVANCED_FACE('Face appearance 2',(#7746),#8306,.F.);
#8668=ADVANCED_FACE('Face appearance 2',(#7747),#8307,.T.);
#8669=ADVANCED_FACE('Face appearance 2',(#7748),#8308,.F.);
#8670=ADVANCED_FACE('Face appearance 2',(#7749),#8309,.F.);
#8671=ADVANCED_FACE('Face appearance 2',(#7750),#8310,.F.);
#8672=ADVANCED_FACE('Face appearance 2',(#7751),#8311,.F.);
#8673=ADVANCED_FACE('Face appearance 2',(#7752),#8312,.F.);
#8674=ADVANCED_FACE('Face appearance 2',(#7753),#8313,.F.);
#8675=ADVANCED_FACE('Face appearance 2',(#7754),#8314,.T.);
#8676=ADVANCED_FACE('Face appearance 2',(#7755),#8315,.F.);
#8677=ADVANCED_FACE('Face appearance 2',(#7756),#8316,.F.);
#8678=ADVANCED_FACE('Face appearance 2',(#7757),#8317,.T.);
#8679=ADVANCED_FACE('',(#7758),#153,.F.);
#8680=ADVANCED_FACE('',(#7759),#154,.F.);
#8681=ADVANCED_FACE('',(#7760),#155,.T.);
#8682=ADVANCED_FACE('',(#7761),#8318,.T.);
#8683=ADVANCED_FACE('',(#7762),#156,.F.);
#8684=ADVANCED_FACE('',(#7763),#157,.F.);
#8685=ADVANCED_FACE('',(#7764),#158,.T.);
#8686=ADVANCED_FACE('',(#7765),#8319,.T.);
#8687=ADVANCED_FACE('',(#7766),#8320,.T.);
#8688=ADVANCED_FACE('',(#7767),#8321,.T.);
#8689=ADVANCED_FACE('',(#7768),#8322,.T.);
#8690=ADVANCED_FACE('',(#7769),#8323,.T.);
#8691=ADVANCED_FACE('',(#7770),#8324,.F.);
#8692=ADVANCED_FACE('',(#7771),#8325,.F.);
#8693=ADVANCED_FACE('',(#7772),#8326,.F.);
#8694=ADVANCED_FACE('',(#7773),#8327,.F.);
#8695=ADVANCED_FACE('',(#7774),#8328,.T.);
#8696=ADVANCED_FACE('',(#7775),#8329,.T.);
#8697=ADVANCED_FACE('Face appearance 15',(#7776),#8330,.T.);
#8698=ADVANCED_FACE('',(#7777),#8331,.T.);
#8699=ADVANCED_FACE('',(#7778),#8332,.F.);
#8700=ADVANCED_FACE('',(#7779),#8333,.F.);
#8701=ADVANCED_FACE('',(#7780),#8334,.F.);
#8702=ADVANCED_FACE('',(#7781),#8335,.T.);
#8703=ADVANCED_FACE('',(#7782),#8336,.F.);
#8704=ADVANCED_FACE('',(#7783),#8337,.F.);
#8705=ADVANCED_FACE('',(#7784),#8338,.F.);
#8706=ADVANCED_FACE('',(#7785),#8339,.F.);
#8707=ADVANCED_FACE('',(#7786),#8340,.F.);
#8708=ADVANCED_FACE('',(#7787),#8341,.F.);
#8709=ADVANCED_FACE('',(#7788),#8342,.F.);
#8710=ADVANCED_FACE('Face appearance 7',(#7789,#7790),#8343,.T.);
#8711=ADVANCED_FACE('',(#7791),#8344,.F.);
#8712=ADVANCED_FACE('',(#7792),#8345,.F.);
#8713=ADVANCED_FACE('',(#7793),#8346,.F.);
#8714=ADVANCED_FACE('',(#7794),#8347,.F.);
#8715=ADVANCED_FACE('',(#7795),#8348,.F.);
#8716=ADVANCED_FACE('',(#7796),#8349,.F.);
#8717=ADVANCED_FACE('Face appearance 5',(#7797,#7798),#8350,.T.);
#8718=ADVANCED_FACE('',(#7799),#8351,.T.);
#8719=ADVANCED_FACE('',(#7800),#8352,.F.);
#8720=ADVANCED_FACE('',(#7801),#8353,.F.);
#8721=ADVANCED_FACE('',(#7802),#8354,.F.);
#8722=ADVANCED_FACE('',(#7803),#8355,.F.);
#8723=ADVANCED_FACE('',(#7804),#8356,.F.);
#8724=ADVANCED_FACE('',(#7805),#8357,.F.);
#8725=ADVANCED_FACE('',(#7806),#8358,.T.);
#8726=ADVANCED_FACE('',(#7807),#8359,.T.);
#8727=ADVANCED_FACE('',(#7808),#8360,.T.);
#8728=ADVANCED_FACE('Face appearance 16',(#7809),#8361,.T.);
#8729=ADVANCED_FACE('',(#7810),#8362,.T.);
#8730=ADVANCED_FACE('',(#7811),#8363,.T.);
#8731=ADVANCED_FACE('',(#7812),#8364,.T.);
#8732=ADVANCED_FACE('',(#7813),#8365,.T.);
#8733=ADVANCED_FACE('',(#7814),#8366,.T.);
#8734=ADVANCED_FACE('Face appearance 6',(#7815,#7816),#8367,.T.);
#8735=ADVANCED_FACE('',(#7817),#8368,.T.);
#8736=ADVANCED_FACE('',(#7818),#8369,.T.);
#8737=ADVANCED_FACE('',(#7819),#8370,.T.);
#8738=ADVANCED_FACE('',(#7820),#8371,.T.);
#8739=ADVANCED_FACE('',(#7821),#8372,.T.);
#8740=ADVANCED_FACE('',(#7822),#8373,.F.);
#8741=ADVANCED_FACE('',(#7823),#8374,.F.);
#8742=ADVANCED_FACE('',(#7824),#8375,.F.);
#8743=ADVANCED_FACE('',(#7825),#8376,.F.);
#8744=ADVANCED_FACE('',(#7826),#8377,.F.);
#8745=ADVANCED_FACE('',(#7827),#8378,.F.);
#8746=ADVANCED_FACE('',(#7828),#8379,.F.);
#8747=ADVANCED_FACE('Face appearance 8',(#7829,#7830),#8380,.T.);
#8748=ADVANCED_FACE('',(#7831),#8381,.F.);
#8749=ADVANCED_FACE('',(#7832),#8382,.F.);
#8750=ADVANCED_FACE('',(#7833),#8383,.F.);
#8751=ADVANCED_FACE('',(#7834),#8384,.F.);
#8752=ADVANCED_FACE('',(#7835),#8385,.F.);
#8753=ADVANCED_FACE('',(#7836,#7837),#159,.F.);
#8754=ADVANCED_FACE('',(#7838),#8386,.F.);
#8755=ADVANCED_FACE('Face appearance 13',(#7839,#7840),#8387,.T.);
#8756=ADVANCED_FACE('',(#7841),#8388,.F.);
#8757=ADVANCED_FACE('',(#7842),#8389,.F.);
#8758=ADVANCED_FACE('',(#7843),#8390,.F.);
#8759=ADVANCED_FACE('',(#7844),#8391,.F.);
#8760=ADVANCED_FACE('',(#7845),#8392,.F.);
#8761=ADVANCED_FACE('',(#7846,#7847),#160,.F.);
#8762=ADVANCED_FACE('',(#7848),#8393,.F.);
#8763=ADVANCED_FACE('',(#7849,#7850),#8394,.T.);
#8764=ADVANCED_FACE('',(#7851),#8395,.F.);
#8765=ADVANCED_FACE('',(#7852),#8396,.F.);
#8766=ADVANCED_FACE('',(#7853),#8397,.F.);
#8767=ADVANCED_FACE('',(#7854),#8398,.F.);
#8768=ADVANCED_FACE('',(#7855),#8399,.F.);
#8769=ADVANCED_FACE('',(#7856,#7857),#161,.F.);
#8770=ADVANCED_FACE('',(#7858),#8400,.F.);
#8771=ADVANCED_FACE('',(#7859),#8401,.T.);
#8772=ADVANCED_FACE('',(#7860),#8402,.T.);
#8773=ADVANCED_FACE('',(#7861),#8403,.T.);
#8774=ADVANCED_FACE('',(#7862),#8404,.T.);
#8775=ADVANCED_FACE('',(#7863),#8405,.T.);
#8776=ADVANCED_FACE('',(#7864),#8406,.T.);
#8777=ADVANCED_FACE('',(#7865),#8407,.T.);
#8778=ADVANCED_FACE('',(#7866,#7867),#162,.F.);
#8779=ADVANCED_FACE('',(#7868,#7869),#8408,.T.);
#8780=ADVANCED_FACE('',(#7870,#7871),#163,.F.);
#8781=ADVANCED_FACE('',(#7872,#7873),#164,.T.);
#8782=ADVANCED_FACE('Face appearance 12',(#7874,#7875),#8409,.T.);
#8783=ADVANCED_FACE('',(#7876,#7877),#165,.F.);
#8784=ADVANCED_FACE('',(#7878,#7879),#166,.T.);
#8785=ADVANCED_FACE('Face appearance 11',(#7880,#7881),#8410,.T.);
#8786=ADVANCED_FACE('',(#7882,#7883),#167,.F.);
#8787=ADVANCED_FACE('',(#7884,#7885),#168,.T.);
#8788=ADVANCED_FACE('Face appearance 9',(#7886,#7887),#8411,.T.);
#8789=ADVANCED_FACE('',(#7888,#7889),#169,.F.);
#8790=ADVANCED_FACE('',(#7890,#7891),#170,.T.);
#8791=ADVANCED_FACE('Face appearance 10',(#7892,#7893),#8412,.T.);
#8792=ADVANCED_FACE('',(#7894,#7895),#171,.T.);
#8793=ADVANCED_FACE('Face appearance 17',(#7896),#8413,.T.);
#8794=ADVANCED_FACE('',(#7897,#7898),#172,.T.);
#8795=ADVANCED_FACE('Face appearance 17',(#7899),#8414,.T.);
#8796=ADVANCED_FACE('',(#7900,#7901),#173,.T.);
#8797=ADVANCED_FACE('Face appearance 17',(#7902),#8415,.T.);
#8798=ADVANCED_FACE('',(#7903,#7904),#174,.T.);
#8799=ADVANCED_FACE('Face appearance 17',(#7905),#8416,.T.);
#8800=ADVANCED_FACE('',(#7906),#8417,.T.);
#8801=ADVANCED_FACE('',(#7907),#8418,.F.);
#8802=ADVANCED_FACE('',(#7908),#8419,.F.);
#8803=ADVANCED_FACE('',(#7909),#8420,.F.);
#8804=ADVANCED_FACE('',(#7910),#8421,.T.);
#8805=ADVANCED_FACE('',(#7911),#8422,.T.);
#8806=ADVANCED_FACE('',(#7912),#8423,.T.);
#8807=ADVANCED_FACE('',(#7913),#8424,.F.);
#8808=ADVANCED_FACE('',(#7914),#8425,.F.);
#8809=ADVANCED_FACE('',(#7915),#8426,.F.);
#8810=ADVANCED_FACE('',(#7916),#8427,.F.);
#8811=ADVANCED_FACE('',(#7917),#8428,.F.);
#8812=ADVANCED_FACE('',(#7918),#8429,.T.);
#8813=ADVANCED_FACE('',(#7919),#8430,.T.);
#8814=ADVANCED_FACE('',(#7920),#8431,.T.);
#8815=ADVANCED_FACE('',(#7921),#8432,.F.);
#8816=ADVANCED_FACE('',(#7922),#8433,.F.);
#8817=ADVANCED_FACE('',(#7923),#8434,.F.);
#8818=ADVANCED_FACE('',(#7924,#7925,#7926),#8435,.T.);
#8819=ADVANCED_FACE('',(#7927),#175,.F.);
#8820=ADVANCED_FACE('',(#7928),#176,.T.);
#8821=ADVANCED_FACE('',(#7929),#177,.T.);
#8822=ADVANCED_FACE('',(#7930),#8436,.F.);
#8823=ADVANCED_FACE('',(#7931),#8437,.T.);
#8824=ADVANCED_FACE('',(#7932),#8438,.T.);
#8825=ADVANCED_FACE('',(#7933),#178,.T.);
#8826=ADVANCED_FACE('',(#7934),#8439,.F.);
#8827=ADVANCED_FACE('',(#7935),#8440,.F.);
#8828=ADVANCED_FACE('',(#7936),#8441,.T.);
#8829=ADVANCED_FACE('',(#7937),#8442,.T.);
#8830=ADVANCED_FACE('',(#7938),#179,.T.);
#8831=ADVANCED_FACE('Face appearance 19',(#7939,#7940),#8443,.T.);
#8832=ADVANCED_FACE('',(#7941),#8444,.F.);
#8833=ADVANCED_FACE('',(#7942),#8445,.F.);
#8834=ADVANCED_FACE('',(#7943),#8446,.F.);
#8835=ADVANCED_FACE('',(#7944),#8447,.F.);
#8836=ADVANCED_FACE('',(#7945),#8448,.F.);
#8837=ADVANCED_FACE('Face appearance 22',(#7946,#7947,#7948,#7949,#7950,
#7951,#7952,#7953,#7954,#7955,#7956,#7957,#7958,#7959),#8449,.T.);
#8838=ADVANCED_FACE('',(#7960),#8450,.T.);
#8839=ADVANCED_FACE('',(#7961),#8451,.T.);
#8840=ADVANCED_FACE('',(#7962),#8452,.T.);
#8841=ADVANCED_FACE('',(#7963),#180,.T.);
#8842=ADVANCED_FACE('',(#7964),#8453,.F.);
#8843=ADVANCED_FACE('',(#7965),#8454,.F.);
#8844=ADVANCED_FACE('',(#7966),#8455,.F.);
#8845=ADVANCED_FACE('',(#7967),#8456,.F.);
#8846=ADVANCED_FACE('',(#7968),#8457,.T.);
#8847=ADVANCED_FACE('',(#7969),#8458,.F.);
#8848=ADVANCED_FACE('',(#7970),#8459,.F.);
#8849=ADVANCED_FACE('',(#7971),#8460,.T.);
#8850=ADVANCED_FACE('',(#7972),#181,.F.);
#8851=ADVANCED_FACE('',(#7973),#8461,.T.);
#8852=ADVANCED_FACE('',(#7974),#8462,.T.);
#8853=ADVANCED_FACE('',(#7975),#8463,.T.);
#8854=ADVANCED_FACE('Face appearance 18',(#7976,#7977),#8464,.T.);
#8855=ADVANCED_FACE('',(#7978),#8465,.T.);
#8856=ADVANCED_FACE('',(#7979),#182,.F.);
#8857=ADVANCED_FACE('',(#7980),#8466,.T.);
#8858=ADVANCED_FACE('',(#7981),#8467,.T.);
#8859=ADVANCED_FACE('',(#7982),#8468,.F.);
#8860=ADVANCED_FACE('',(#7983),#183,.T.);
#8861=ADVANCED_FACE('',(#7984),#8469,.T.);
#8862=ADVANCED_FACE('',(#7985),#8470,.F.);
#8863=ADVANCED_FACE('',(#7986),#8471,.F.);
#8864=ADVANCED_FACE('Face appearance 20',(#7987),#8472,.T.);
#8865=ADVANCED_FACE('',(#7988),#184,.F.);
#8866=ADVANCED_FACE('',(#7989),#185,.F.);
#8867=ADVANCED_FACE('',(#7990),#186,.T.);
#8868=ADVANCED_FACE('',(#7991),#187,.F.);
#8869=ADVANCED_FACE('',(#7992),#8473,.T.);
#8870=ADVANCED_FACE('',(#7993),#8474,.F.);
#8871=ADVANCED_FACE('',(#7994),#188,.T.);
#8872=ADVANCED_FACE('',(#7995),#8475,.F.);
#8873=ADVANCED_FACE('',(#7996),#8476,.F.);
#8874=ADVANCED_FACE('',(#7997),#189,.T.);
#8875=ADVANCED_FACE('',(#7998),#8477,.T.);
#8876=ADVANCED_FACE('',(#7999),#8478,.T.);
#8877=ADVANCED_FACE('',(#8000),#190,.T.);
#8878=ADVANCED_FACE('',(#8001),#8479,.F.);
#8879=ADVANCED_FACE('',(#8002),#8480,.F.);
#8880=ADVANCED_FACE('',(#8003),#8481,.F.);
#8881=ADVANCED_FACE('',(#8004),#191,.T.);
#8882=ADVANCED_FACE('',(#8005),#8482,.F.);
#8883=ADVANCED_FACE('',(#8006),#8483,.F.);
#8884=ADVANCED_FACE('',(#8007),#192,.T.);
#8885=ADVANCED_FACE('',(#8008),#8484,.F.);
#8886=ADVANCED_FACE('',(#8009),#8485,.F.);
#8887=ADVANCED_FACE('',(#8010),#193,.T.);
#8888=ADVANCED_FACE('',(#8011),#8486,.F.);
#8889=ADVANCED_FACE('',(#8012),#8487,.F.);
#8890=ADVANCED_FACE('',(#8013),#8488,.F.);
#8891=ADVANCED_FACE('',(#8014),#194,.T.);
#8892=ADVANCED_FACE('',(#8015),#8489,.F.);
#8893=ADVANCED_FACE('',(#8016),#8490,.F.);
#8894=ADVANCED_FACE('',(#8017),#8491,.F.);
#8895=ADVANCED_FACE('',(#8018),#195,.T.);
#8896=ADVANCED_FACE('',(#8019),#8492,.F.);
#8897=ADVANCED_FACE('',(#8020),#8493,.F.);
#8898=ADVANCED_FACE('',(#8021),#196,.T.);
#8899=ADVANCED_FACE('',(#8022),#8494,.F.);
#8900=ADVANCED_FACE('',(#8023),#8495,.F.);
#8901=ADVANCED_FACE('',(#8024),#197,.T.);
#8902=ADVANCED_FACE('',(#8025),#8496,.F.);
#8903=ADVANCED_FACE('',(#8026),#8497,.F.);
#8904=ADVANCED_FACE('',(#8027),#198,.T.);
#8905=ADVANCED_FACE('',(#8028),#8498,.F.);
#8906=ADVANCED_FACE('',(#8029),#8499,.F.);
#8907=ADVANCED_FACE('',(#8030),#199,.T.);
#8908=ADVANCED_FACE('',(#8031),#8500,.F.);
#8909=ADVANCED_FACE('',(#8032),#8501,.F.);
#8910=ADVANCED_FACE('',(#8033),#200,.T.);
#8911=ADVANCED_FACE('',(#8034),#8502,.F.);
#8912=ADVANCED_FACE('',(#8035),#201,.T.);
#8913=ADVANCED_FACE('',(#8036),#202,.T.);
#8914=ADVANCED_FACE('',(#8037),#203,.F.);
#8915=ADVANCED_FACE('',(#8038),#204,.T.);
#8916=ADVANCED_FACE('',(#8039),#24,.F.);
#8917=ADVANCED_FACE('',(#8040),#25,.F.);
#8918=ADVANCED_FACE('',(#8041),#205,.F.);
#8919=ADVANCED_FACE('',(#8042),#206,.F.);
#8920=ADVANCED_FACE('',(#8043),#207,.F.);
#8921=ADVANCED_FACE('',(#8044),#208,.F.);
#8922=ADVANCED_FACE('',(#8045),#209,.T.);
#8923=ADVANCED_FACE('',(#8046),#210,.T.);
#8924=ADVANCED_FACE('',(#8047),#211,.T.);
#8925=ADVANCED_FACE('',(#8048),#212,.T.);
#8926=ADVANCED_FACE('',(#8049),#213,.T.);
#8927=ADVANCED_FACE('',(#8050),#214,.T.);
#8928=ADVANCED_FACE('',(#8051),#215,.T.);
#8929=ADVANCED_FACE('',(#8052),#8503,.T.);
#8930=ADVANCED_FACE('',(#8053),#8504,.T.);
#8931=ADVANCED_FACE('',(#8054),#8505,.T.);
#8932=ADVANCED_FACE('',(#8055),#8506,.T.);
#8933=ADVANCED_FACE('',(#8056),#8507,.T.);
#8934=ADVANCED_FACE('',(#8057),#8508,.T.);
#8935=ADVANCED_FACE('',(#8058),#8509,.T.);
#8936=ADVANCED_FACE('',(#8059),#8510,.T.);
#8937=ADVANCED_FACE('',(#8060),#216,.T.);
#8938=ADVANCED_FACE('',(#8061),#217,.F.);
#8939=ADVANCED_FACE('',(#8062),#218,.F.);
#8940=ADVANCED_FACE('',(#8063),#219,.F.);
#8941=ADVANCED_FACE('',(#8064),#220,.F.);
#8942=ADVANCED_FACE('',(#8065),#221,.F.);
#8943=ADVANCED_FACE('',(#8066),#222,.F.);
#8944=ADVANCED_FACE('',(#8067),#223,.T.);
#8945=ADVANCED_FACE('',(#8068),#26,.F.);
#8946=ADVANCED_FACE('',(#8069),#224,.T.);
#8947=ADVANCED_FACE('',(#8070),#8511,.T.);
#8948=ADVANCED_FACE('',(#8071),#27,.F.);
#8949=ADVANCED_FACE('',(#8072),#28,.F.);
#8950=ADVANCED_FACE('',(#8073),#225,.T.);
#8951=ADVANCED_FACE('',(#8074),#226,.T.);
#8952=ADVANCED_FACE('',(#8075),#8512,.T.);
#8953=ADVANCED_FACE('',(#8076),#8513,.T.);
#8954=ADVANCED_FACE('Face appearance 23',(#8077,#8078,#8079,#8080,#8081,
#8082),#8514,.T.);
#8955=ADVANCED_FACE('',(#8083),#29,.F.);
#8956=ADVANCED_FACE('',(#8084),#227,.T.);
#8957=ADVANCED_FACE('',(#8085),#8515,.T.);
#8958=ADVANCED_FACE('',(#8086),#30,.F.);
#8959=ADVANCED_FACE('',(#8087),#31,.F.);
#8960=ADVANCED_FACE('',(#8088),#228,.T.);
#8961=ADVANCED_FACE('',(#8089),#229,.T.);
#8962=ADVANCED_FACE('',(#8090),#8516,.T.);
#8963=ADVANCED_FACE('',(#8091),#8517,.T.);
#8964=ADVANCED_FACE('Face appearance 25',(#8092,#8093),#230,.T.);
#8965=ADVANCED_FACE('Face appearance 24',(#8094),#8518,.T.);
#8966=ADVANCED_FACE('',(#8095),#8519,.T.);
#8967=ADVANCED_FACE('',(#8096),#8520,.T.);
#8968=ADVANCED_FACE('',(#8097),#8521,.T.);
#8969=ADVANCED_FACE('',(#8098),#8522,.F.);
#8970=ADVANCED_FACE('',(#8099),#8523,.F.);
#8971=ADVANCED_FACE('',(#8100),#8524,.F.);
#8972=ADVANCED_FACE('',(#8101),#8525,.F.);
#8973=ADVANCED_FACE('',(#8102),#8526,.F.);
#8974=ADVANCED_FACE('',(#8103),#8527,.F.);
#8975=ADVANCED_FACE('',(#8104),#8528,.F.);
#8976=ADVANCED_FACE('',(#8105),#8529,.F.);
#8977=ADVANCED_FACE('',(#8106),#8530,.T.);
#8978=ADVANCED_FACE('',(#8107),#8531,.T.);
#8979=ADVANCED_FACE('',(#8108),#8532,.T.);
#8980=ADVANCED_FACE('',(#8109),#8533,.F.);
#8981=ADVANCED_FACE('',(#8110),#8534,.F.);
#8982=ADVANCED_FACE('',(#8111),#8535,.F.);
#8983=ADVANCED_FACE('',(#8112),#8536,.F.);
#8984=ADVANCED_FACE('',(#8113),#8537,.F.);
#8985=ADVANCED_FACE('',(#8114),#8538,.F.);
#8986=ADVANCED_FACE('',(#8115),#8539,.F.);
#8987=ADVANCED_FACE('',(#8116),#8540,.F.);
#8988=ADVANCED_FACE('',(#8117),#8541,.F.);
#8989=ADVANCED_FACE('',(#8118),#8542,.F.);
#8990=ADVANCED_FACE('',(#8119),#8543,.F.);
#8991=ADVANCED_FACE('',(#8120),#8544,.F.);
#8992=ADVANCED_FACE('',(#8121),#8545,.F.);
#8993=ADVANCED_FACE('',(#8122),#8546,.F.);
#8994=ADVANCED_FACE('',(#8123),#8547,.F.);
#8995=ADVANCED_FACE('',(#8124),#8548,.F.);
#8996=ADVANCED_FACE('',(#8125),#8549,.F.);
#8997=ADVANCED_FACE('',(#8126),#8550,.F.);
#8998=ADVANCED_FACE('',(#8127),#8551,.F.);
#8999=ADVANCED_FACE('',(#8128),#8552,.F.);
#9000=ADVANCED_FACE('',(#8129),#8553,.F.);
#9001=ADVANCED_FACE('Face appearance 26',(#8130),#8554,.T.);
#9002=ADVANCED_FACE('',(#8131),#231,.F.);
#9003=ADVANCED_FACE('',(#8132),#32,.T.);
#9004=ADVANCED_FACE('',(#8133),#33,.T.);
#9005=ADVANCED_FACE('',(#8134),#232,.T.);
#9006=ADVANCED_FACE('',(#8135),#233,.T.);
#9007=ADVANCED_FACE('',(#8136),#234,.T.);
#9008=ADVANCED_FACE('',(#8137),#34,.T.);
#9009=ADVANCED_FACE('',(#8138),#235,.T.);
#9010=ADVANCED_FACE('',(#8139),#236,.F.);
#9011=ADVANCED_FACE('',(#8140),#237,.T.);
#9012=ADVANCED_FACE('',(#8141),#35,.T.);
#9013=ADVANCED_FACE('',(#8142),#238,.T.);
#9014=ADVANCED_FACE('',(#8143),#239,.F.);
#9015=ADVANCED_FACE('',(#8144),#36,.T.);
#9016=ADVANCED_FACE('',(#8145),#37,.T.);
#9017=ADVANCED_FACE('',(#8146),#240,.T.);
#9018=ADVANCED_FACE('',(#8147),#241,.T.);
#9019=ADVANCED_FACE('',(#8148),#242,.T.);
#9020=ADVANCED_FACE('',(#8149),#38,.T.);
#9021=ADVANCED_FACE('',(#8150),#243,.T.);
#9022=ADVANCED_FACE('',(#8151),#244,.F.);
#9023=ADVANCED_FACE('',(#8152),#245,.T.);
#9024=ADVANCED_FACE('',(#8153),#39,.T.);
#9025=ADVANCED_FACE('',(#8154),#246,.T.);
#9026=ADVANCED_FACE('',(#8155),#247,.T.);
#9027=ADVANCED_FACE('',(#8156),#40,.T.);
#9028=ADVANCED_FACE('',(#8157),#20,.T.);
#9029=ADVANCED_FACE('',(#8158),#248,.F.);
#9030=ADVANCED_FACE('',(#8159),#249,.T.);
#9031=ADVANCED_FACE('',(#8160),#250,.T.);
#9032=ADVANCED_FACE('',(#8161),#251,.F.);
#9033=ADVANCED_FACE('',(#8162),#252,.T.);
#9034=ADVANCED_FACE('',(#8163),#41,.F.);
#9035=ADVANCED_FACE('',(#8164),#42,.F.);
#9036=ADVANCED_FACE('',(#8165),#253,.F.);
#9037=ADVANCED_FACE('',(#8166),#254,.F.);
#9038=ADVANCED_FACE('',(#8167),#255,.F.);
#9039=ADVANCED_FACE('',(#8168),#256,.F.);
#9040=ADVANCED_FACE('',(#8169),#43,.F.);
#9041=ADVANCED_FACE('',(#8170),#44,.T.);
#9042=ADVANCED_FACE('',(#8171),#257,.T.);
#9043=ADVANCED_FACE('',(#8172),#258,.T.);
#9044=ADVANCED_FACE('',(#8173),#21,.T.);
#9045=ADVANCED_FACE('',(#8174),#259,.T.);
#9046=ADVANCED_FACE('',(#8175),#22,.T.);
#9047=ADVANCED_FACE('',(#8176),#12,.T.);
#9048=ADVANCED_FACE('',(#8177),#13,.F.);
#9049=ADVANCED_FACE('',(#8178),#260,.T.);
#9050=ADVANCED_FACE('',(#8179),#14,.F.);
#9051=ADVANCED_FACE('',(#8180),#23,.T.);
#9052=ADVANCED_FACE('',(#8181),#261,.T.);
#9053=ADVANCED_FACE('',(#8182),#262,.F.);
#9054=ADVANCED_FACE('',(#8183),#263,.T.);
#9055=ADVANCED_FACE('',(#8184),#45,.F.);
#9056=ADVANCED_FACE('',(#8185),#264,.T.);
#9057=ADVANCED_FACE('',(#8186),#265,.F.);
#9058=ADVANCED_FACE('',(#8187),#46,.F.);
#9059=ADVANCED_FACE('',(#8188),#15,.F.);
#9060=ADVANCED_FACE('',(#8189),#266,.F.);
#9061=ADVANCED_FACE('',(#8190),#16,.F.);
#9062=ADVANCED_FACE('',(#8191),#17,.F.);
#9063=ADVANCED_FACE('',(#8192),#18,.T.);
#9064=ADVANCED_FACE('',(#8193),#267,.T.);
#9065=ADVANCED_FACE('',(#8194),#19,.T.);
#9066=ADVANCED_FACE('Face appearance 30',(#8195),#8555,.T.);
#9067=ADVANCED_FACE('Face appearance 30',(#8196),#8556,.F.);
#9068=ADVANCED_FACE('Face appearance 30',(#8197),#8557,.F.);
#9069=ADVANCED_FACE('Face appearance 30',(#8198),#8558,.F.);
#9070=ADVANCED_FACE('Face appearance 30',(#8199),#8559,.F.);
#9071=ADVANCED_FACE('Face appearance 30',(#8200),#8560,.F.);
#9072=ADVANCED_FACE('Face appearance 30',(#8201),#8561,.T.);
#9073=ADVANCED_FACE('Face appearance 30',(#8202),#8562,.T.);
#9074=ADVANCED_FACE('Face appearance 30',(#8203),#8563,.T.);
#9075=ADVANCED_FACE('Face appearance 30',(#8204),#8564,.T.);
#9076=ADVANCED_FACE('Face appearance 30',(#8205),#8565,.T.);
#9077=ADVANCED_FACE('Face appearance 30',(#8206),#8566,.T.);
#9078=ADVANCED_FACE('',(#8207,#8208),#268,.T.);
#9079=ADVANCED_FACE('',(#8209,#8210),#8567,.T.);
#9080=ADVANCED_FACE('',(#8211,#8212),#269,.T.);
#9081=ADVANCED_FACE('',(#8213,#8214),#8568,.T.);
#9082=ADVANCED_FACE('',(#8215,#8216),#270,.T.);
#9083=ADVANCED_FACE('',(#8217,#8218),#8569,.T.);
#9084=ADVANCED_FACE('',(#8219,#8220),#271,.T.);
#9085=ADVANCED_FACE('',(#8221,#8222),#8570,.T.);
#9086=CLOSED_SHELL('',(#8571,#8572,#8573,#8574,#8575,#8576,#8577,#8578,
#8579,#8580,#8581,#8582,#8583,#8584,#8585,#8586,#8587,#8588,#8589,#8590,
#8591,#8592,#8593,#8594,#8595,#8596,#8597,#8598,#8599,#8600,#8601,#8602,
#8603,#8604,#8605,#8606,#8607,#8608,#8609,#8610,#8611,#8612,#8613,#8614,
#8615,#8616,#8617,#8618,#8619,#8620,#8621,#8622,#8623,#8624,#8625,#8626,
#8627,#8628,#8629,#8630,#8631,#8632,#8633,#8634,#8635,#8636,#8637,#8638,
#8639,#8640,#8641,#8642,#8643,#8644,#8645,#8646,#8647,#8648,#8649,#8650,
#8651,#8652,#8653,#8654,#8655,#8656,#8657,#8658,#8659,#8660,#8661,#8662,
#8663,#8664,#8665,#8666,#8667,#8668,#8669,#8670,#8671,#8672,#8673,#8674,
#8675,#8676,#8677,#8678,#8679,#8680,#8681,#8682,#8683,#8684,#8685,#8686,
#8687,#8688,#8689,#8690,#8691,#8692,#8693,#8694,#8695,#8696,#8697,#8698,
#8699,#8700,#8701,#8702,#8703,#8704,#8705,#8706,#8707,#8708,#8709,#8710,
#8711,#8712,#8713,#8714,#8715,#8716,#8717,#8718,#8719,#8720,#8721,#8722,
#8723,#8724,#8725,#8726,#8727,#8728,#8729,#8730,#8731,#8732,#8733,#8734,
#8735,#8736,#8737,#8738,#8739,#8740,#8741,#8742,#8743,#8744,#8745,#8746,
#8747,#8748,#8749,#8750,#8751,#8752,#8753,#8754,#8755,#8756,#8757,#8758,
#8759,#8760,#8761,#8762,#8763,#8764,#8765,#8766,#8767,#8768,#8769,#8770,
#8771,#8772,#8773,#8774,#8775,#8776,#8777,#8778,#8779,#8780,#8781,#8782,
#8783,#8784,#8785,#8786,#8787,#8788,#8789,#8790,#8791,#8792,#8793,#8794,
#8795,#8796,#8797,#8798,#8799,#8800,#8801,#8802,#8803,#8804,#8805,#8806,
#8807,#8808,#8809,#8810,#8811,#8812,#8813,#8814,#8815,#8816,#8817,#8818,
#8819,#8820,#8821,#8822,#8823,#8824,#8825,#8826,#8827,#8828,#8829,#8830,
#8831,#8832,#8833,#8834,#8835,#8836,#8837,#8838,#8839,#8840,#8841,#8842,
#8843,#8844,#8845,#8846,#8847,#8848,#8849,#8850,#8851,#8852,#8853,#8854,
#8855,#8856,#8857,#8858,#8859,#8860,#8861,#8862,#8863,#8864,#8865,#8866,
#8867,#8868,#8869,#8870,#8871,#8872,#8873,#8874,#8875,#8876,#8877,#8878,
#8879,#8880,#8881,#8882,#8883,#8884,#8885,#8886,#8887,#8888,#8889,#8890,
#8891,#8892,#8893,#8894,#8895,#8896,#8897,#8898,#8899,#8900,#8901,#8902,
#8903,#8904,#8905,#8906,#8907,#8908,#8909,#8910,#8911,#8912,#8913,#8914,
#8915,#8916,#8917,#8918,#8919,#8920,#8921,#8922,#8923,#8924,#8925,#8926,
#8927,#8928,#8929,#8930,#8931,#8932,#8933,#8934,#8935,#8936,#8937,#8938,
#8939,#8940,#8941,#8942,#8943,#8944,#8945,#8946,#8947,#8948,#8949,#8950,
#8951,#8952,#8953,#8954,#8955,#8956,#8957,#8958,#8959,#8960,#8961,#8962,
#8963,#8964,#8965,#8966,#8967,#8968,#8969,#8970,#8971,#8972,#8973,#8974,
#8975,#8976,#8977,#8978,#8979,#8980,#8981,#8982,#8983,#8984,#8985,#8986,
#8987,#8988,#8989,#8990,#8991,#8992,#8993,#8994,#8995,#8996,#8997,#8998,
#8999,#9000,#9001,#9002,#9003,#9004,#9005,#9006,#9007,#9008,#9009,#9010,
#9011,#9012,#9013,#9014,#9015,#9016,#9017,#9018,#9019,#9020,#9021,#9022,
#9023,#9024,#9025,#9026,#9027,#9028,#9029,#9030,#9031,#9032,#9033,#9034,
#9035,#9036,#9037,#9038,#9039,#9040,#9041,#9042,#9043,#9044,#9045,#9046,
#9047,#9048,#9049,#9050,#9051,#9052,#9053,#9054,#9055,#9056,#9057,#9058,
#9059,#9060,#9061,#9062,#9063,#9064,#9065,#9066,#9067,#9068,#9069,#9070,
#9071,#9072,#9073,#9074,#9075,#9076,#9077,#9078,#9079,#9080,#9081,#9082,
#9083,#9084,#9085));
#9087=STYLED_ITEM('',(#9088),#9396);
#9088=PRESENTATION_STYLE_ASSIGNMENT((#9139));
#9089=PRESENTATION_STYLE_ASSIGNMENT((#9140));
#9090=PRESENTATION_STYLE_ASSIGNMENT((#9141));
#9091=PRESENTATION_STYLE_ASSIGNMENT((#9142));
#9092=PRESENTATION_STYLE_ASSIGNMENT((#9143));
#9093=PRESENTATION_STYLE_ASSIGNMENT((#9144));
#9094=PRESENTATION_STYLE_ASSIGNMENT((#9145));
#9095=PRESENTATION_STYLE_ASSIGNMENT((#9146));
#9096=PRESENTATION_STYLE_ASSIGNMENT((#9147));
#9097=PRESENTATION_STYLE_ASSIGNMENT((#9148));
#9098=PRESENTATION_STYLE_ASSIGNMENT((#9149));
#9099=PRESENTATION_STYLE_ASSIGNMENT((#9150));
#9100=PRESENTATION_STYLE_ASSIGNMENT((#9151));
#9101=PRESENTATION_STYLE_ASSIGNMENT((#9152));
#9102=PRESENTATION_STYLE_ASSIGNMENT((#9153));
#9103=PRESENTATION_STYLE_ASSIGNMENT((#9154));
#9104=PRESENTATION_STYLE_ASSIGNMENT((#9155));
#9105=PRESENTATION_STYLE_ASSIGNMENT((#9156));
#9106=PRESENTATION_STYLE_ASSIGNMENT((#9157));
#9107=PRESENTATION_STYLE_ASSIGNMENT((#9158));
#9108=PRESENTATION_STYLE_ASSIGNMENT((#9159));
#9109=PRESENTATION_STYLE_ASSIGNMENT((#9160));
#9110=PRESENTATION_STYLE_ASSIGNMENT((#9161));
#9111=PRESENTATION_STYLE_ASSIGNMENT((#9162));
#9112=PRESENTATION_STYLE_ASSIGNMENT((#9163));
#9113=PRESENTATION_STYLE_ASSIGNMENT((#9164));
#9114=PRESENTATION_STYLE_ASSIGNMENT((#9165));
#9115=PRESENTATION_STYLE_ASSIGNMENT((#9166));
#9116=PRESENTATION_STYLE_ASSIGNMENT((#9167));
#9117=PRESENTATION_STYLE_ASSIGNMENT((#9168));
#9118=PRESENTATION_STYLE_ASSIGNMENT((#9169));
#9119=PRESENTATION_STYLE_ASSIGNMENT((#9170));
#9120=PRESENTATION_STYLE_ASSIGNMENT((#9171));
#9121=PRESENTATION_STYLE_ASSIGNMENT((#9172));
#9122=PRESENTATION_STYLE_ASSIGNMENT((#9173));
#9123=PRESENTATION_STYLE_ASSIGNMENT((#9174));
#9124=PRESENTATION_STYLE_ASSIGNMENT((#9175));
#9125=PRESENTATION_STYLE_ASSIGNMENT((#9176));
#9126=PRESENTATION_STYLE_ASSIGNMENT((#9177));
#9127=PRESENTATION_STYLE_ASSIGNMENT((#9178));
#9128=PRESENTATION_STYLE_ASSIGNMENT((#9179));
#9129=PRESENTATION_STYLE_ASSIGNMENT((#9180));
#9130=PRESENTATION_STYLE_ASSIGNMENT((#9181));
#9131=PRESENTATION_STYLE_ASSIGNMENT((#9182));
#9132=PRESENTATION_STYLE_ASSIGNMENT((#9183));
#9133=PRESENTATION_STYLE_ASSIGNMENT((#9184));
#9134=PRESENTATION_STYLE_ASSIGNMENT((#9185));
#9135=PRESENTATION_STYLE_ASSIGNMENT((#9186));
#9136=PRESENTATION_STYLE_ASSIGNMENT((#9187));
#9137=PRESENTATION_STYLE_ASSIGNMENT((#9188));
#9138=PRESENTATION_STYLE_ASSIGNMENT((#9189));
#9139=SURFACE_STYLE_USAGE(.BOTH.,#9190);
#9140=SURFACE_STYLE_USAGE(.BOTH.,#9191);
#9141=SURFACE_STYLE_USAGE(.BOTH.,#9192);
#9142=SURFACE_STYLE_USAGE(.BOTH.,#9193);
#9143=SURFACE_STYLE_USAGE(.BOTH.,#9194);
#9144=SURFACE_STYLE_USAGE(.BOTH.,#9195);
#9145=SURFACE_STYLE_USAGE(.BOTH.,#9196);
#9146=SURFACE_STYLE_USAGE(.BOTH.,#9197);
#9147=SURFACE_STYLE_USAGE(.BOTH.,#9198);
#9148=SURFACE_STYLE_USAGE(.BOTH.,#9199);
#9149=SURFACE_STYLE_USAGE(.BOTH.,#9200);
#9150=SURFACE_STYLE_USAGE(.BOTH.,#9201);
#9151=SURFACE_STYLE_USAGE(.BOTH.,#9202);
#9152=SURFACE_STYLE_USAGE(.BOTH.,#9203);
#9153=SURFACE_STYLE_USAGE(.BOTH.,#9204);
#9154=SURFACE_STYLE_USAGE(.BOTH.,#9205);
#9155=SURFACE_STYLE_USAGE(.BOTH.,#9206);
#9156=SURFACE_STYLE_USAGE(.BOTH.,#9207);
#9157=SURFACE_STYLE_USAGE(.BOTH.,#9208);
#9158=SURFACE_STYLE_USAGE(.BOTH.,#9209);
#9159=SURFACE_STYLE_USAGE(.BOTH.,#9210);
#9160=SURFACE_STYLE_USAGE(.BOTH.,#9211);
#9161=SURFACE_STYLE_USAGE(.BOTH.,#9212);
#9162=SURFACE_STYLE_USAGE(.BOTH.,#9213);
#9163=SURFACE_STYLE_USAGE(.BOTH.,#9214);
#9164=SURFACE_STYLE_USAGE(.BOTH.,#9215);
#9165=SURFACE_STYLE_USAGE(.BOTH.,#9216);
#9166=SURFACE_STYLE_USAGE(.BOTH.,#9217);
#9167=SURFACE_STYLE_USAGE(.BOTH.,#9218);
#9168=SURFACE_STYLE_USAGE(.BOTH.,#9219);
#9169=SURFACE_STYLE_USAGE(.BOTH.,#9220);
#9170=SURFACE_STYLE_USAGE(.BOTH.,#9221);
#9171=SURFACE_STYLE_USAGE(.BOTH.,#9222);
#9172=SURFACE_STYLE_USAGE(.BOTH.,#9223);
#9173=SURFACE_STYLE_USAGE(.BOTH.,#9224);
#9174=SURFACE_STYLE_USAGE(.BOTH.,#9225);
#9175=SURFACE_STYLE_USAGE(.BOTH.,#9226);
#9176=SURFACE_STYLE_USAGE(.BOTH.,#9227);
#9177=SURFACE_STYLE_USAGE(.BOTH.,#9228);
#9178=SURFACE_STYLE_USAGE(.BOTH.,#9229);
#9179=SURFACE_STYLE_USAGE(.BOTH.,#9230);
#9180=SURFACE_STYLE_USAGE(.BOTH.,#9231);
#9181=SURFACE_STYLE_USAGE(.BOTH.,#9232);
#9182=SURFACE_STYLE_USAGE(.BOTH.,#9233);
#9183=SURFACE_STYLE_USAGE(.BOTH.,#9234);
#9184=SURFACE_STYLE_USAGE(.BOTH.,#9235);
#9185=SURFACE_STYLE_USAGE(.BOTH.,#9236);
#9186=SURFACE_STYLE_USAGE(.BOTH.,#9237);
#9187=SURFACE_STYLE_USAGE(.BOTH.,#9238);
#9188=SURFACE_STYLE_USAGE(.BOTH.,#9239);
#9189=SURFACE_STYLE_USAGE(.BOTH.,#9240);
#9190=SURFACE_SIDE_STYLE('',(#9241));
#9191=SURFACE_SIDE_STYLE('',(#9242));
#9192=SURFACE_SIDE_STYLE('',(#9243));
#9193=SURFACE_SIDE_STYLE('',(#9244));
#9194=SURFACE_SIDE_STYLE('',(#9245));
#9195=SURFACE_SIDE_STYLE('',(#9246));
#9196=SURFACE_SIDE_STYLE('',(#9247));
#9197=SURFACE_SIDE_STYLE('',(#9248));
#9198=SURFACE_SIDE_STYLE('',(#9249));
#9199=SURFACE_SIDE_STYLE('',(#9250));
#9200=SURFACE_SIDE_STYLE('',(#9251));
#9201=SURFACE_SIDE_STYLE('',(#9252));
#9202=SURFACE_SIDE_STYLE('',(#9253));
#9203=SURFACE_SIDE_STYLE('',(#9254));
#9204=SURFACE_SIDE_STYLE('',(#9255));
#9205=SURFACE_SIDE_STYLE('',(#9256));
#9206=SURFACE_SIDE_STYLE('',(#9257));
#9207=SURFACE_SIDE_STYLE('',(#9258));
#9208=SURFACE_SIDE_STYLE('',(#9259));
#9209=SURFACE_SIDE_STYLE('',(#9260));
#9210=SURFACE_SIDE_STYLE('',(#9261));
#9211=SURFACE_SIDE_STYLE('',(#9262));
#9212=SURFACE_SIDE_STYLE('',(#9263));
#9213=SURFACE_SIDE_STYLE('',(#9264));
#9214=SURFACE_SIDE_STYLE('',(#9265));
#9215=SURFACE_SIDE_STYLE('',(#9266));
#9216=SURFACE_SIDE_STYLE('',(#9267));
#9217=SURFACE_SIDE_STYLE('',(#9268));
#9218=SURFACE_SIDE_STYLE('',(#9269));
#9219=SURFACE_SIDE_STYLE('',(#9270));
#9220=SURFACE_SIDE_STYLE('',(#9271));
#9221=SURFACE_SIDE_STYLE('',(#9272));
#9222=SURFACE_SIDE_STYLE('',(#9273));
#9223=SURFACE_SIDE_STYLE('',(#9274));
#9224=SURFACE_SIDE_STYLE('',(#9275));
#9225=SURFACE_SIDE_STYLE('',(#9276));
#9226=SURFACE_SIDE_STYLE('',(#9277));
#9227=SURFACE_SIDE_STYLE('',(#9278));
#9228=SURFACE_SIDE_STYLE('',(#9279));
#9229=SURFACE_SIDE_STYLE('',(#9280));
#9230=SURFACE_SIDE_STYLE('',(#9281));
#9231=SURFACE_SIDE_STYLE('',(#9282));
#9232=SURFACE_SIDE_STYLE('',(#9283));
#9233=SURFACE_SIDE_STYLE('',(#9284));
#9234=SURFACE_SIDE_STYLE('',(#9285));
#9235=SURFACE_SIDE_STYLE('',(#9286));
#9236=SURFACE_SIDE_STYLE('',(#9287));
#9237=SURFACE_SIDE_STYLE('',(#9288));
#9238=SURFACE_SIDE_STYLE('',(#9289));
#9239=SURFACE_SIDE_STYLE('',(#9290));
#9240=SURFACE_SIDE_STYLE('',(#9291));
#9241=SURFACE_STYLE_FILL_AREA(#9292);
#9242=SURFACE_STYLE_FILL_AREA(#9293);
#9243=SURFACE_STYLE_FILL_AREA(#9294);
#9244=SURFACE_STYLE_FILL_AREA(#9295);
#9245=SURFACE_STYLE_FILL_AREA(#9296);
#9246=SURFACE_STYLE_FILL_AREA(#9297);
#9247=SURFACE_STYLE_FILL_AREA(#9298);
#9248=SURFACE_STYLE_FILL_AREA(#9299);
#9249=SURFACE_STYLE_FILL_AREA(#9300);
#9250=SURFACE_STYLE_FILL_AREA(#9301);
#9251=SURFACE_STYLE_FILL_AREA(#9302);
#9252=SURFACE_STYLE_FILL_AREA(#9303);
#9253=SURFACE_STYLE_FILL_AREA(#9304);
#9254=SURFACE_STYLE_FILL_AREA(#9305);
#9255=SURFACE_STYLE_FILL_AREA(#9306);
#9256=SURFACE_STYLE_FILL_AREA(#9307);
#9257=SURFACE_STYLE_FILL_AREA(#9308);
#9258=SURFACE_STYLE_FILL_AREA(#9309);
#9259=SURFACE_STYLE_FILL_AREA(#9310);
#9260=SURFACE_STYLE_FILL_AREA(#9311);
#9261=SURFACE_STYLE_FILL_AREA(#9312);
#9262=SURFACE_STYLE_FILL_AREA(#9313);
#9263=SURFACE_STYLE_FILL_AREA(#9314);
#9264=SURFACE_STYLE_FILL_AREA(#9315);
#9265=SURFACE_STYLE_FILL_AREA(#9316);
#9266=SURFACE_STYLE_FILL_AREA(#9317);
#9267=SURFACE_STYLE_FILL_AREA(#9318);
#9268=SURFACE_STYLE_FILL_AREA(#9319);
#9269=SURFACE_STYLE_FILL_AREA(#9320);
#9270=SURFACE_STYLE_FILL_AREA(#9321);
#9271=SURFACE_STYLE_FILL_AREA(#9322);
#9272=SURFACE_STYLE_FILL_AREA(#9323);
#9273=SURFACE_STYLE_FILL_AREA(#9324);
#9274=SURFACE_STYLE_FILL_AREA(#9325);
#9275=SURFACE_STYLE_FILL_AREA(#9326);
#9276=SURFACE_STYLE_FILL_AREA(#9327);
#9277=SURFACE_STYLE_FILL_AREA(#9328);
#9278=SURFACE_STYLE_FILL_AREA(#9329);
#9279=SURFACE_STYLE_FILL_AREA(#9330);
#9280=SURFACE_STYLE_FILL_AREA(#9331);
#9281=SURFACE_STYLE_FILL_AREA(#9332);
#9282=SURFACE_STYLE_FILL_AREA(#9333);
#9283=SURFACE_STYLE_FILL_AREA(#9334);
#9284=SURFACE_STYLE_FILL_AREA(#9335);
#9285=SURFACE_STYLE_FILL_AREA(#9336);
#9286=SURFACE_STYLE_FILL_AREA(#9337);
#9287=SURFACE_STYLE_FILL_AREA(#9338);
#9288=SURFACE_STYLE_FILL_AREA(#9339);
#9289=SURFACE_STYLE_FILL_AREA(#9340);
#9290=SURFACE_STYLE_FILL_AREA(#9341);
#9291=SURFACE_STYLE_FILL_AREA(#9342);
#9292=FILL_AREA_STYLE('',(#9343));
#9293=FILL_AREA_STYLE('',(#9344));
#9294=FILL_AREA_STYLE('',(#9345));
#9295=FILL_AREA_STYLE('',(#9346));
#9296=FILL_AREA_STYLE('',(#9347));
#9297=FILL_AREA_STYLE('',(#9348));
#9298=FILL_AREA_STYLE('',(#9349));
#9299=FILL_AREA_STYLE('',(#9350));
#9300=FILL_AREA_STYLE('',(#9351));
#9301=FILL_AREA_STYLE('',(#9352));
#9302=FILL_AREA_STYLE('',(#9353));
#9303=FILL_AREA_STYLE('',(#9354));
#9304=FILL_AREA_STYLE('',(#9355));
#9305=FILL_AREA_STYLE('',(#9356));
#9306=FILL_AREA_STYLE('',(#9357));
#9307=FILL_AREA_STYLE('',(#9358));
#9308=FILL_AREA_STYLE('',(#9359));
#9309=FILL_AREA_STYLE('',(#9360));
#9310=FILL_AREA_STYLE('',(#9361));
#9311=FILL_AREA_STYLE('',(#9362));
#9312=FILL_AREA_STYLE('',(#9363));
#9313=FILL_AREA_STYLE('',(#9364));
#9314=FILL_AREA_STYLE('',(#9365));
#9315=FILL_AREA_STYLE('',(#9366));
#9316=FILL_AREA_STYLE('',(#9367));
#9317=FILL_AREA_STYLE('',(#9368));
#9318=FILL_AREA_STYLE('',(#9369));
#9319=FILL_AREA_STYLE('',(#9370));
#9320=FILL_AREA_STYLE('',(#9371));
#9321=FILL_AREA_STYLE('',(#9372));
#9322=FILL_AREA_STYLE('',(#9373));
#9323=FILL_AREA_STYLE('',(#9374));
#9324=FILL_AREA_STYLE('',(#9375));
#9325=FILL_AREA_STYLE('',(#9376));
#9326=FILL_AREA_STYLE('',(#9377));
#9327=FILL_AREA_STYLE('',(#9378));
#9328=FILL_AREA_STYLE('',(#9379));
#9329=FILL_AREA_STYLE('',(#9380));
#9330=FILL_AREA_STYLE('',(#9381));
#9331=FILL_AREA_STYLE('',(#9382));
#9332=FILL_AREA_STYLE('',(#9383));
#9333=FILL_AREA_STYLE('',(#9384));
#9334=FILL_AREA_STYLE('',(#9385));
#9335=FILL_AREA_STYLE('',(#9386));
#9336=FILL_AREA_STYLE('',(#9387));
#9337=FILL_AREA_STYLE('',(#9388));
#9338=FILL_AREA_STYLE('',(#9389));
#9339=FILL_AREA_STYLE('',(#9390));
#9340=FILL_AREA_STYLE('',(#9391));
#9341=FILL_AREA_STYLE('',(#9392));
#9342=FILL_AREA_STYLE('',(#9393));
#9343=FILL_AREA_STYLE_COLOUR('',#9394);
#9344=FILL_AREA_STYLE_COLOUR('',#9395);
#9345=FILL_AREA_STYLE_COLOUR('',#89);
#9346=FILL_AREA_STYLE_COLOUR('',#9395);
#9347=FILL_AREA_STYLE_COLOUR('',#89);
#9348=FILL_AREA_STYLE_COLOUR('',#89);
#9349=FILL_AREA_STYLE_COLOUR('',#89);
#9350=FILL_AREA_STYLE_COLOUR('',#89);
#9351=FILL_AREA_STYLE_COLOUR('',#89);
#9352=FILL_AREA_STYLE_COLOUR('',#89);
#9353=FILL_AREA_STYLE_COLOUR('',#89);
#9354=FILL_AREA_STYLE_COLOUR('',#89);
#9355=FILL_AREA_STYLE_COLOUR('',#89);
#9356=FILL_AREA_STYLE_COLOUR('',#89);
#9357=FILL_AREA_STYLE_COLOUR('',#89);
#9358=FILL_AREA_STYLE_COLOUR('',#89);
#9359=FILL_AREA_STYLE_COLOUR('',#89);
#9360=FILL_AREA_STYLE_COLOUR('',#9395);
#9361=FILL_AREA_STYLE_COLOUR('',#9395);
#9362=FILL_AREA_STYLE_COLOUR('',#89);
#9363=FILL_AREA_STYLE_COLOUR('',#9395);
#9364=FILL_AREA_STYLE_COLOUR('',#89);
#9365=FILL_AREA_STYLE_COLOUR('',#9395);
#9366=FILL_AREA_STYLE_COLOUR('',#9395);
#9367=FILL_AREA_STYLE_COLOUR('',#9395);
#9368=FILL_AREA_STYLE_COLOUR('',#9395);
#9369=FILL_AREA_STYLE_COLOUR('',#9395);
#9370=FILL_AREA_STYLE_COLOUR('',#9395);
#9371=FILL_AREA_STYLE_COLOUR('',#9395);
#9372=FILL_AREA_STYLE_COLOUR('',#9395);
#9373=FILL_AREA_STYLE_COLOUR('',#9395);
#9374=FILL_AREA_STYLE_COLOUR('',#89);
#9375=FILL_AREA_STYLE_COLOUR('',#9395);
#9376=FILL_AREA_STYLE_COLOUR('',#89);
#9377=FILL_AREA_STYLE_COLOUR('',#89);
#9378=FILL_AREA_STYLE_COLOUR('',#89);
#9379=FILL_AREA_STYLE_COLOUR('',#9395);
#9380=FILL_AREA_STYLE_COLOUR('',#9395);
#9381=FILL_AREA_STYLE_COLOUR('',#9395);
#9382=FILL_AREA_STYLE_COLOUR('',#89);
#9383=FILL_AREA_STYLE_COLOUR('',#89);
#9384=FILL_AREA_STYLE_COLOUR('',#89);
#9385=FILL_AREA_STYLE_COLOUR('',#89);
#9386=FILL_AREA_STYLE_COLOUR('',#89);
#9387=FILL_AREA_STYLE_COLOUR('',#89);
#9388=FILL_AREA_STYLE_COLOUR('',#89);
#9389=FILL_AREA_STYLE_COLOUR('',#89);
#9390=FILL_AREA_STYLE_COLOUR('',#89);
#9391=FILL_AREA_STYLE_COLOUR('',#89);
#9392=FILL_AREA_STYLE_COLOUR('',#89);
#9393=FILL_AREA_STYLE_COLOUR('',#89);
#9394=COLOUR_RGB('',0.917647058823529,0.917647058823529,0.917647058823529);
#9395=COLOUR_RGB('',0.980392156862745,0.713725490196078,0.00392156862745098);
#9396=MANIFOLD_SOLID_BREP('top_cover',#9086);
#9397=SHAPE_DEFINITION_REPRESENTATION(#15504,#9398);
#9398=SHAPE_REPRESENTATION('top_cover',(#9399),#15499);
#9399=AXIS2_PLACEMENT_3D('',#12723,#10195,#10196);
#9400=AXIS2_PLACEMENT_3D('',#12724,#10197,#10198);
#9401=AXIS2_PLACEMENT_3D('',#12733,#10203,#10204);
#9402=AXIS2_PLACEMENT_3D('',#12742,#10209,#10210);
#9403=AXIS2_PLACEMENT_3D('',#12751,#10215,#10216);
#9404=AXIS2_PLACEMENT_3D('',#12760,#10221,#10222);
#9405=AXIS2_PLACEMENT_3D('',#12766,#10226,#10227);
#9406=AXIS2_PLACEMENT_3D('',#12775,#10232,#10233);
#9407=AXIS2_PLACEMENT_3D('',#12784,#10238,#10239);
#9408=AXIS2_PLACEMENT_3D('',#12793,#10244,#10245);
#9409=AXIS2_PLACEMENT_3D('',#12799,#10249,#10250);
#9410=AXIS2_PLACEMENT_3D('',#12808,#10255,#10256);
#9411=AXIS2_PLACEMENT_3D('',#12817,#10261,#10262);
#9412=AXIS2_PLACEMENT_3D('',#12823,#10266,#10267);
#9413=AXIS2_PLACEMENT_3D('',#12832,#10272,#10273);
#9414=AXIS2_PLACEMENT_3D('',#12841,#10278,#10279);
#9415=AXIS2_PLACEMENT_3D('',#12847,#10283,#10284);
#9416=AXIS2_PLACEMENT_3D('',#12853,#10288,#10289);
#9417=AXIS2_PLACEMENT_3D('',#12862,#10294,#10295);
#9418=AXIS2_PLACEMENT_3D('',#12871,#10300,#10301);
#9419=AXIS2_PLACEMENT_3D('',#12874,#10303,#10304);
#9420=AXIS2_PLACEMENT_3D('',#12877,#10306,#10307);
#9421=AXIS2_PLACEMENT_3D('',#12880,#10309,#10310);
#9422=AXIS2_PLACEMENT_3D('',#12883,#10312,#10313);
#9423=AXIS2_PLACEMENT_3D('',#12886,#10315,#10316);
#9424=AXIS2_PLACEMENT_3D('',#12889,#10318,#10319);
#9425=AXIS2_PLACEMENT_3D('',#12892,#10321,#10322);
#9426=AXIS2_PLACEMENT_3D('',#12895,#10324,#10325);
#9427=AXIS2_PLACEMENT_3D('',#12898,#10327,#10328);
#9428=AXIS2_PLACEMENT_3D('',#12901,#10330,#10331);
#9429=AXIS2_PLACEMENT_3D('',#12904,#10333,#10334);
#9430=AXIS2_PLACEMENT_3D('',#12907,#10336,#10337);
#9431=AXIS2_PLACEMENT_3D('',#12912,#10340,#10341);
#9432=AXIS2_PLACEMENT_3D('',#12917,#10344,#10345);
#9433=AXIS2_PLACEMENT_3D('',#12920,#10347,#10348);
#9434=AXIS2_PLACEMENT_3D('',#12923,#10350,#10351);
#9435=AXIS2_PLACEMENT_3D('',#12926,#10353,#10354);
#9436=AXIS2_PLACEMENT_3D('',#12929,#10356,#10357);
#9437=AXIS2_PLACEMENT_3D('',#12932,#10359,#10360);
#9438=AXIS2_PLACEMENT_3D('',#12937,#10363,#10364);
#9439=AXIS2_PLACEMENT_3D('',#12940,#10366,#10367);
#9440=AXIS2_PLACEMENT_3D('',#12943,#10369,#10370);
#9441=AXIS2_PLACEMENT_3D('',#12946,#10372,#10373);
#9442=AXIS2_PLACEMENT_3D('',#12949,#10375,#10376);
#9443=AXIS2_PLACEMENT_3D('',#12981,#10392,#10393);
#9444=AXIS2_PLACEMENT_3D('',#12982,#10394,#10395);
#9445=AXIS2_PLACEMENT_3D('',#12983,#10396,#10397);
#9446=AXIS2_PLACEMENT_3D('',#13064,#10437,#10438);
#9447=AXIS2_PLACEMENT_3D('',#13076,#10444,#10445);
#9448=AXIS2_PLACEMENT_3D('',#13084,#10449,#10450);
#9449=AXIS2_PLACEMENT_3D('',#13089,#10453,#10454);
#9450=AXIS2_PLACEMENT_3D('',#13092,#10455,#10456);
#9451=AXIS2_PLACEMENT_3D('',#13102,#10461,#10462);
#9452=AXIS2_PLACEMENT_3D('',#13110,#10466,#10467);
#9453=AXIS2_PLACEMENT_3D('',#13112,#10468,#10469);
#9454=AXIS2_PLACEMENT_3D('',#13113,#10470,#10471);
#9455=AXIS2_PLACEMENT_3D('',#13136,#10483,#10484);
#9456=AXIS2_PLACEMENT_3D('',#13143,#10487,#10488);
#9457=AXIS2_PLACEMENT_3D('',#13147,#10490,#10491);
#9458=AXIS2_PLACEMENT_3D('',#13151,#10493,#10494);
#9459=AXIS2_PLACEMENT_3D('',#13157,#10497,#10498);
#9460=AXIS2_PLACEMENT_3D('',#13260,#10550,#10551);
#9461=AXIS2_PLACEMENT_3D('',#13263,#10552,#10553);
#9462=AXIS2_PLACEMENT_3D('',#13291,#10567,#10568);
#9463=AXIS2_PLACEMENT_3D('',#13307,#10576,#10577);
#9464=AXIS2_PLACEMENT_3D('',#13313,#10580,#10581);
#9465=AXIS2_PLACEMENT_3D('',#13317,#10583,#10584);
#9466=AXIS2_PLACEMENT_3D('',#13359,#10605,#10606);
#9467=AXIS2_PLACEMENT_3D('',#13375,#10614,#10615);
#9468=AXIS2_PLACEMENT_3D('',#13391,#10623,#10624);
#9469=AXIS2_PLACEMENT_3D('',#13403,#10630,#10631);
#9470=AXIS2_PLACEMENT_3D('',#13440,#10650,#10651);
#9471=AXIS2_PLACEMENT_3D('',#13441,#10652,#10653);
#9472=AXIS2_PLACEMENT_3D('',#13443,#10654,#10655);
#9473=AXIS2_PLACEMENT_3D('',#13445,#10656,#10657);
#9474=AXIS2_PLACEMENT_3D('',#13446,#10658,#10659);
#9475=AXIS2_PLACEMENT_3D('',#13452,#10662,#10663);
#9476=AXIS2_PLACEMENT_3D('',#13453,#10664,#10665);
#9477=AXIS2_PLACEMENT_3D('',#13458,#10668,#10669);
#9478=AXIS2_PLACEMENT_3D('',#13459,#10670,#10671);
#9479=AXIS2_PLACEMENT_3D('',#13464,#10674,#10675);
#9480=AXIS2_PLACEMENT_3D('',#13465,#10676,#10677);
#9481=AXIS2_PLACEMENT_3D('',#13470,#10680,#10681);
#9482=AXIS2_PLACEMENT_3D('',#13471,#10682,#10683);
#9483=AXIS2_PLACEMENT_3D('',#13476,#10686,#10687);
#9484=AXIS2_PLACEMENT_3D('',#13477,#10688,#10689);
#9485=AXIS2_PLACEMENT_3D('',#13479,#10690,#10691);
#9486=AXIS2_PLACEMENT_3D('',#13481,#10692,#10693);
#9487=AXIS2_PLACEMENT_3D('',#13482,#10694,#10695);
#9488=AXIS2_PLACEMENT_3D('',#13484,#10696,#10697);
#9489=AXIS2_PLACEMENT_3D('',#13486,#10698,#10699);
#9490=AXIS2_PLACEMENT_3D('',#13487,#10700,#10701);
#9491=AXIS2_PLACEMENT_3D('',#13489,#10702,#10703);
#9492=AXIS2_PLACEMENT_3D('',#13491,#10704,#10705);
#9493=AXIS2_PLACEMENT_3D('',#13492,#10706,#10707);
#9494=AXIS2_PLACEMENT_3D('',#13494,#10708,#10709);
#9495=AXIS2_PLACEMENT_3D('',#13496,#10710,#10711);
#9496=AXIS2_PLACEMENT_3D('',#13497,#10712,#10713);
#9497=AXIS2_PLACEMENT_3D('',#13499,#10714,#10715);
#9498=AXIS2_PLACEMENT_3D('',#13501,#10716,#10717);
#9499=AXIS2_PLACEMENT_3D('',#13507,#10721,#10722);
#9500=AXIS2_PLACEMENT_3D('',#13517,#10728,#10729);
#9501=AXIS2_PLACEMENT_3D('',#13521,#10732,#10733);
#9502=AXIS2_PLACEMENT_3D('',#13526,#10737,#10738);
#9503=AXIS2_PLACEMENT_3D('',#13527,#10739,#10740);
#9504=AXIS2_PLACEMENT_3D('',#13529,#10741,#10742);
#9505=AXIS2_PLACEMENT_3D('',#13531,#10743,#10744);
#9506=AXIS2_PLACEMENT_3D('',#13533,#10745,#10746);
#9507=AXIS2_PLACEMENT_3D('',#13542,#10750,#10751);
#9508=AXIS2_PLACEMENT_3D('',#13546,#10753,#10754);
#9509=AXIS2_PLACEMENT_3D('',#13552,#10757,#10758);
#9510=AXIS2_PLACEMENT_3D('',#13556,#10760,#10761);
#9511=AXIS2_PLACEMENT_3D('',#13562,#10764,#10765);
#9512=AXIS2_PLACEMENT_3D('',#13574,#10771,#10772);
#9513=AXIS2_PLACEMENT_3D('',#13591,#10781,#10782);
#9514=AXIS2_PLACEMENT_3D('',#13595,#10784,#10785);
#9515=AXIS2_PLACEMENT_3D('',#13600,#10788,#10789);
#9516=AXIS2_PLACEMENT_3D('',#13603,#10792,#10793);
#9517=AXIS2_PLACEMENT_3D('',#13616,#10796,#10797);
#9518=AXIS2_PLACEMENT_3D('',#13629,#10800,#10801);
#9519=AXIS2_PLACEMENT_3D('',#13632,#10804,#10805);
#9520=AXIS2_PLACEMENT_3D('',#13635,#10808,#10809);
#9521=AXIS2_PLACEMENT_3D('',#13638,#10812,#10813);
#9522=AXIS2_PLACEMENT_3D('',#13639,#10814,#10815);
#9523=AXIS2_PLACEMENT_3D('',#13642,#10818,#10819);
#9524=AXIS2_PLACEMENT_3D('',#13644,#10821,#10822);
#9525=AXIS2_PLACEMENT_3D('',#13646,#10824,#10825);
#9526=AXIS2_PLACEMENT_3D('',#13648,#10827,#10828);
#9527=AXIS2_PLACEMENT_3D('',#13650,#10830,#10831);
#9528=AXIS2_PLACEMENT_3D('',#13651,#10832,#10833);
#9529=AXIS2_PLACEMENT_3D('',#13652,#10834,#10835);
#9530=AXIS2_PLACEMENT_3D('',#13654,#10836,#10837);
#9531=AXIS2_PLACEMENT_3D('',#13655,#10838,#10839);
#9532=AXIS2_PLACEMENT_3D('',#13657,#10840,#10841);
#9533=AXIS2_PLACEMENT_3D('',#13658,#10842,#10843);
#9534=AXIS2_PLACEMENT_3D('',#13660,#10844,#10845);
#9535=AXIS2_PLACEMENT_3D('',#13661,#10846,#10847);
#9536=AXIS2_PLACEMENT_3D('',#13663,#10848,#10849);
#9537=AXIS2_PLACEMENT_3D('',#13665,#10851,#10852);
#9538=AXIS2_PLACEMENT_3D('',#13669,#10855,#10856);
#9539=AXIS2_PLACEMENT_3D('',#13686,#10865,#10866);
#9540=AXIS2_PLACEMENT_3D('',#13698,#10868,#10869);
#9541=AXIS2_PLACEMENT_3D('',#13710,#10871,#10872);
#9542=AXIS2_PLACEMENT_3D('',#13714,#10875,#10876);
#9543=AXIS2_PLACEMENT_3D('',#13718,#10879,#10880);
#9544=AXIS2_PLACEMENT_3D('',#13730,#10882,#10883);
#9545=AXIS2_PLACEMENT_3D('',#13742,#10885,#10886);
#9546=AXIS2_PLACEMENT_3D('',#13759,#10895,#10896);
#9547=AXIS2_PLACEMENT_3D('',#13762,#10899,#10900);
#9548=AXIS2_PLACEMENT_3D('',#13763,#10901,#10902);
#9549=AXIS2_PLACEMENT_3D('',#13764,#10903,#10904);
#9550=AXIS2_PLACEMENT_3D('',#13766,#10906,#10907);
#9551=AXIS2_PLACEMENT_3D('',#13767,#10908,#10909);
#9552=AXIS2_PLACEMENT_3D('',#13769,#10911,#10912);
#9553=AXIS2_PLACEMENT_3D('',#13770,#10913,#10914);
#9554=AXIS2_PLACEMENT_3D('',#13774,#10917,#10918);
#9555=AXIS2_PLACEMENT_3D('',#13776,#10920,#10921);
#9556=AXIS2_PLACEMENT_3D('',#13777,#10922,#10923);
#9557=AXIS2_PLACEMENT_3D('',#13780,#10925,#10926);
#9558=AXIS2_PLACEMENT_3D('',#13783,#10928,#10929);
#9559=AXIS2_PLACEMENT_3D('',#13784,#10930,#10931);
#9560=AXIS2_PLACEMENT_3D('',#13785,#10932,#10933);
#9561=AXIS2_PLACEMENT_3D('',#13786,#10934,#10935);
#9562=AXIS2_PLACEMENT_3D('',#13789,#10936,#10937);
#9563=AXIS2_PLACEMENT_3D('',#13791,#10938,#10939);
#9564=AXIS2_PLACEMENT_3D('',#13792,#10940,#10941);
#9565=AXIS2_PLACEMENT_3D('',#13795,#10942,#10943);
#9566=AXIS2_PLACEMENT_3D('',#13797,#10944,#10945);
#9567=AXIS2_PLACEMENT_3D('',#13798,#10946,#10947);
#9568=AXIS2_PLACEMENT_3D('',#13800,#10948,#10949);
#9569=AXIS2_PLACEMENT_3D('',#13801,#10950,#10951);
#9570=AXIS2_PLACEMENT_3D('',#13803,#10952,#10953);
#9571=AXIS2_PLACEMENT_3D('',#13805,#10954,#10955);
#9572=AXIS2_PLACEMENT_3D('',#13806,#10956,#10957);
#9573=AXIS2_PLACEMENT_3D('',#13808,#10958,#10959);
#9574=AXIS2_PLACEMENT_3D('',#13809,#10960,#10961);
#9575=AXIS2_PLACEMENT_3D('',#13810,#10962,#10963);
#9576=AXIS2_PLACEMENT_3D('',#13812,#10964,#10965);
#9577=AXIS2_PLACEMENT_3D('',#13813,#10966,#10967);
#9578=AXIS2_PLACEMENT_3D('',#13815,#10968,#10969);
#9579=AXIS2_PLACEMENT_3D('',#13816,#10970,#10971);
#9580=AXIS2_PLACEMENT_3D('',#13822,#10975,#10976);
#9581=AXIS2_PLACEMENT_3D('',#13826,#10979,#10980);
#9582=AXIS2_PLACEMENT_3D('',#13830,#10983,#10984);
#9583=AXIS2_PLACEMENT_3D('',#13834,#10987,#10988);
#9584=AXIS2_PLACEMENT_3D('',#13838,#10991,#10992);
#9585=AXIS2_PLACEMENT_3D('',#13842,#10995,#10996);
#9586=AXIS2_PLACEMENT_3D('',#13846,#10999,#11000);
#9587=AXIS2_PLACEMENT_3D('',#13850,#11003,#11004);
#9588=AXIS2_PLACEMENT_3D('',#13854,#11007,#11008);
#9589=AXIS2_PLACEMENT_3D('',#13858,#11011,#11012);
#9590=AXIS2_PLACEMENT_3D('',#13862,#11015,#11016);
#9591=AXIS2_PLACEMENT_3D('',#13864,#11018,#11019);
#9592=AXIS2_PLACEMENT_3D('',#13865,#11020,#11021);
#9593=AXIS2_PLACEMENT_3D('',#13868,#11023,#11024);
#9594=AXIS2_PLACEMENT_3D('',#13871,#11026,#11027);
#9595=AXIS2_PLACEMENT_3D('',#13874,#11029,#11030);
#9596=AXIS2_PLACEMENT_3D('',#13875,#11031,#11032);
#9597=AXIS2_PLACEMENT_3D('',#13876,#11033,#11034);
#9598=AXIS2_PLACEMENT_3D('',#13877,#11035,#11036);
#9599=AXIS2_PLACEMENT_3D('',#13878,#11037,#11038);
#9600=AXIS2_PLACEMENT_3D('',#13881,#11040,#11041);
#9601=AXIS2_PLACEMENT_3D('',#13884,#11043,#11044);
#9602=AXIS2_PLACEMENT_3D('',#13887,#11046,#11047);
#9603=AXIS2_PLACEMENT_3D('',#13888,#11048,#11049);
#9604=AXIS2_PLACEMENT_3D('',#13889,#11050,#11051);
#9605=AXIS2_PLACEMENT_3D('',#13890,#11052,#11053);
#9606=AXIS2_PLACEMENT_3D('',#13891,#11054,#11055);
#9607=AXIS2_PLACEMENT_3D('',#13897,#11059,#11060);
#9608=AXIS2_PLACEMENT_3D('',#13901,#11063,#11064);
#9609=AXIS2_PLACEMENT_3D('',#13905,#11067,#11068);
#9610=AXIS2_PLACEMENT_3D('',#13909,#11071,#11072);
#9611=AXIS2_PLACEMENT_3D('',#13913,#11075,#11076);
#9612=AXIS2_PLACEMENT_3D('',#13917,#11079,#11080);
#9613=AXIS2_PLACEMENT_3D('',#13921,#11083,#11084);
#9614=AXIS2_PLACEMENT_3D('',#13925,#11087,#11088);
#9615=AXIS2_PLACEMENT_3D('',#13929,#11091,#11092);
#9616=AXIS2_PLACEMENT_3D('',#13931,#11094,#11095);
#9617=AXIS2_PLACEMENT_3D('',#13932,#11096,#11097);
#9618=AXIS2_PLACEMENT_3D('',#13938,#11101,#11102);
#9619=AXIS2_PLACEMENT_3D('',#13942,#11105,#11106);
#9620=AXIS2_PLACEMENT_3D('',#13946,#11109,#11110);
#9621=AXIS2_PLACEMENT_3D('',#13950,#11113,#11114);
#9622=AXIS2_PLACEMENT_3D('',#13954,#11117,#11118);
#9623=AXIS2_PLACEMENT_3D('',#13958,#11121,#11122);
#9624=AXIS2_PLACEMENT_3D('',#13964,#11126,#11127);
#9625=AXIS2_PLACEMENT_3D('',#13969,#11131,#11132);
#9626=AXIS2_PLACEMENT_3D('',#13973,#11135,#11136);
#9627=AXIS2_PLACEMENT_3D('',#13977,#11139,#11140);
#9628=AXIS2_PLACEMENT_3D('',#13981,#11143,#11144);
#9629=AXIS2_PLACEMENT_3D('',#13983,#11146,#11147);
#9630=AXIS2_PLACEMENT_3D('',#13984,#11148,#11149);
#9631=AXIS2_PLACEMENT_3D('',#13986,#11150,#11151);
#9632=AXIS2_PLACEMENT_3D('',#13987,#11152,#11153);
#9633=AXIS2_PLACEMENT_3D('',#13991,#11155,#11156);
#9634=AXIS2_PLACEMENT_3D('',#13996,#11159,#11160);
#9635=AXIS2_PLACEMENT_3D('',#13997,#11161,#11162);
#9636=AXIS2_PLACEMENT_3D('',#14001,#11164,#11165);
#9637=AXIS2_PLACEMENT_3D('',#14005,#11167,#11168);
#9638=AXIS2_PLACEMENT_3D('',#14007,#11170,#11171);
#9639=AXIS2_PLACEMENT_3D('',#14011,#11174,#11175);
#9640=AXIS2_PLACEMENT_3D('',#14015,#11178,#11179);
#9641=AXIS2_PLACEMENT_3D('',#14017,#11181,#11182);
#9642=AXIS2_PLACEMENT_3D('',#14018,#11183,#11184);
#9643=AXIS2_PLACEMENT_3D('',#14021,#11186,#11187);
#9644=AXIS2_PLACEMENT_3D('',#14027,#11191,#11192);
#9645=AXIS2_PLACEMENT_3D('',#14031,#11195,#11196);
#9646=AXIS2_PLACEMENT_3D('',#14035,#11199,#11200);
#9647=AXIS2_PLACEMENT_3D('',#14039,#11203,#11204);
#9648=AXIS2_PLACEMENT_3D('',#14043,#11207,#11208);
#9649=AXIS2_PLACEMENT_3D('',#14047,#11211,#11212);
#9650=AXIS2_PLACEMENT_3D('',#14051,#11215,#11216);
#9651=AXIS2_PLACEMENT_3D('',#14055,#11219,#11220);
#9652=AXIS2_PLACEMENT_3D('',#14059,#11223,#11224);
#9653=AXIS2_PLACEMENT_3D('',#14061,#11226,#11227);
#9654=AXIS2_PLACEMENT_3D('',#14062,#11228,#11229);
#9655=AXIS2_PLACEMENT_3D('',#14068,#11233,#11234);
#9656=AXIS2_PLACEMENT_3D('',#14072,#11237,#11238);
#9657=AXIS2_PLACEMENT_3D('',#14076,#11241,#11242);
#9658=AXIS2_PLACEMENT_3D('',#14080,#11244,#11245);
#9659=AXIS2_PLACEMENT_3D('',#14083,#11247,#11248);
#9660=AXIS2_PLACEMENT_3D('',#14084,#11249,#11250);
#9661=AXIS2_PLACEMENT_3D('',#14087,#11252,#11253);
#9662=AXIS2_PLACEMENT_3D('',#14091,#11255,#11256);
#9663=AXIS2_PLACEMENT_3D('',#14092,#11257,#11258);
#9664=AXIS2_PLACEMENT_3D('',#14093,#11259,#11260);
#9665=AXIS2_PLACEMENT_3D('',#14096,#11262,#11263);
#9666=AXIS2_PLACEMENT_3D('',#14102,#11267,#11268);
#9667=AXIS2_PLACEMENT_3D('',#14106,#11271,#11272);
#9668=AXIS2_PLACEMENT_3D('',#14110,#11275,#11276);
#9669=AXIS2_PLACEMENT_3D('',#14114,#11279,#11280);
#9670=AXIS2_PLACEMENT_3D('',#14118,#11283,#11284);
#9671=AXIS2_PLACEMENT_3D('',#14122,#11287,#11288);
#9672=AXIS2_PLACEMENT_3D('',#14126,#11291,#11292);
#9673=AXIS2_PLACEMENT_3D('',#14130,#11295,#11296);
#9674=AXIS2_PLACEMENT_3D('',#14134,#11299,#11300);
#9675=AXIS2_PLACEMENT_3D('',#14138,#11303,#11304);
#9676=AXIS2_PLACEMENT_3D('',#14142,#11307,#11308);
#9677=AXIS2_PLACEMENT_3D('',#14144,#11310,#11311);
#9678=AXIS2_PLACEMENT_3D('',#14145,#11312,#11313);
#9679=AXIS2_PLACEMENT_3D('',#14147,#11314,#11315);
#9680=AXIS2_PLACEMENT_3D('',#14153,#11319,#11320);
#9681=AXIS2_PLACEMENT_3D('',#14157,#11323,#11324);
#9682=AXIS2_PLACEMENT_3D('',#14161,#11327,#11328);
#9683=AXIS2_PLACEMENT_3D('',#14165,#11331,#11332);
#9684=AXIS2_PLACEMENT_3D('',#14169,#11335,#11336);
#9685=AXIS2_PLACEMENT_3D('',#14170,#11337,#11338);
#9686=AXIS2_PLACEMENT_3D('',#14172,#11339,#11340);
#9687=AXIS2_PLACEMENT_3D('',#14174,#11342,#11343);
#9688=AXIS2_PLACEMENT_3D('',#14175,#11344,#11345);
#9689=AXIS2_PLACEMENT_3D('',#14177,#11346,#11347);
#9690=AXIS2_PLACEMENT_3D('',#14183,#11351,#11352);
#9691=AXIS2_PLACEMENT_3D('',#14187,#11355,#11356);
#9692=AXIS2_PLACEMENT_3D('',#14191,#11359,#11360);
#9693=AXIS2_PLACEMENT_3D('',#14195,#11363,#11364);
#9694=AXIS2_PLACEMENT_3D('',#14199,#11367,#11368);
#9695=AXIS2_PLACEMENT_3D('',#14200,#11369,#11370);
#9696=AXIS2_PLACEMENT_3D('',#14202,#11372,#11373);
#9697=AXIS2_PLACEMENT_3D('',#14203,#11374,#11375);
#9698=AXIS2_PLACEMENT_3D('',#14205,#11376,#11377);
#9699=AXIS2_PLACEMENT_3D('',#14210,#11381,#11382);
#9700=AXIS2_PLACEMENT_3D('',#14212,#11384,#11385);
#9701=AXIS2_PLACEMENT_3D('',#14214,#11387,#11388);
#9702=AXIS2_PLACEMENT_3D('',#14216,#11390,#11391);
#9703=AXIS2_PLACEMENT_3D('',#14218,#11393,#11394);
#9704=AXIS2_PLACEMENT_3D('',#14219,#11395,#11396);
#9705=AXIS2_PLACEMENT_3D('',#14221,#11397,#11398);
#9706=AXIS2_PLACEMENT_3D('',#14223,#11400,#11401);
#9707=AXIS2_PLACEMENT_3D('',#14224,#11402,#11403);
#9708=AXIS2_PLACEMENT_3D('',#14225,#11404,#11405);
#9709=AXIS2_PLACEMENT_3D('',#14231,#11409,#11410);
#9710=AXIS2_PLACEMENT_3D('',#14235,#11413,#11414);
#9711=AXIS2_PLACEMENT_3D('',#14239,#11417,#11418);
#9712=AXIS2_PLACEMENT_3D('',#14243,#11421,#11422);
#9713=AXIS2_PLACEMENT_3D('',#14247,#11425,#11426);
#9714=AXIS2_PLACEMENT_3D('',#14249,#11428,#11429);
#9715=AXIS2_PLACEMENT_3D('',#14250,#11430,#11431);
#9716=AXIS2_PLACEMENT_3D('',#14251,#11432,#11433);
#9717=AXIS2_PLACEMENT_3D('',#14253,#11434,#11435);
#9718=AXIS2_PLACEMENT_3D('',#14254,#11436,#11437);
#9719=AXIS2_PLACEMENT_3D('',#14256,#11438,#11439);
#9720=AXIS2_PLACEMENT_3D('',#14257,#11440,#11441);
#9721=AXIS2_PLACEMENT_3D('',#14259,#11442,#11443);
#9722=AXIS2_PLACEMENT_3D('',#14260,#11444,#11445);
#9723=AXIS2_PLACEMENT_3D('',#14261,#11446,#11447);
#9724=AXIS2_PLACEMENT_3D('',#14263,#11448,#11449);
#9725=AXIS2_PLACEMENT_3D('',#14264,#11450,#11451);
#9726=AXIS2_PLACEMENT_3D('',#14266,#11452,#11453);
#9727=AXIS2_PLACEMENT_3D('',#14267,#11454,#11455);
#9728=AXIS2_PLACEMENT_3D('',#14268,#11456,#11457);
#9729=AXIS2_PLACEMENT_3D('',#14270,#11458,#11459);
#9730=AXIS2_PLACEMENT_3D('',#14271,#11460,#11461);
#9731=AXIS2_PLACEMENT_3D('',#14273,#11462,#11463);
#9732=AXIS2_PLACEMENT_3D('',#14274,#11464,#11465);
#9733=AXIS2_PLACEMENT_3D('',#14275,#11466,#11467);
#9734=AXIS2_PLACEMENT_3D('',#14277,#11468,#11469);
#9735=AXIS2_PLACEMENT_3D('',#14278,#11470,#11471);
#9736=AXIS2_PLACEMENT_3D('',#14280,#11472,#11473);
#9737=AXIS2_PLACEMENT_3D('',#14281,#11474,#11475);
#9738=AXIS2_PLACEMENT_3D('',#14282,#11476,#11477);
#9739=AXIS2_PLACEMENT_3D('',#14284,#11478,#11479);
#9740=AXIS2_PLACEMENT_3D('',#14285,#11480,#11481);
#9741=AXIS2_PLACEMENT_3D('',#14286,#11482,#11483);
#9742=AXIS2_PLACEMENT_3D('',#14288,#11484,#11485);
#9743=AXIS2_PLACEMENT_3D('',#14289,#11486,#11487);
#9744=AXIS2_PLACEMENT_3D('',#14290,#11488,#11489);
#9745=AXIS2_PLACEMENT_3D('',#14292,#11490,#11491);
#9746=AXIS2_PLACEMENT_3D('',#14293,#11492,#11493);
#9747=AXIS2_PLACEMENT_3D('',#14294,#11494,#11495);
#9748=AXIS2_PLACEMENT_3D('',#14296,#11496,#11497);
#9749=AXIS2_PLACEMENT_3D('',#14297,#11498,#11499);
#9750=AXIS2_PLACEMENT_3D('',#14306,#11504,#11505);
#9751=AXIS2_PLACEMENT_3D('',#14326,#11510,#11511);
#9752=AXIS2_PLACEMENT_3D('',#14327,#11512,#11513);
#9753=AXIS2_PLACEMENT_3D('',#14336,#11518,#11519);
#9754=AXIS2_PLACEMENT_3D('',#14340,#11521,#11522);
#9755=AXIS2_PLACEMENT_3D('',#14352,#11526,#11527);
#9756=AXIS2_PLACEMENT_3D('',#14361,#11532,#11533);
#9757=AXIS2_PLACEMENT_3D('',#14370,#11538,#11539);
#9758=AXIS2_PLACEMENT_3D('',#14379,#11544,#11545);
#9759=AXIS2_PLACEMENT_3D('',#14382,#11548,#11549);
#9760=AXIS2_PLACEMENT_3D('',#14384,#11551,#11552);
#9761=AXIS2_PLACEMENT_3D('',#14386,#11554,#11555);
#9762=AXIS2_PLACEMENT_3D('',#14387,#11556,#11557);
#9763=AXIS2_PLACEMENT_3D('',#14393,#11561,#11562);
#9764=AXIS2_PLACEMENT_3D('',#14397,#11565,#11566);
#9765=AXIS2_PLACEMENT_3D('',#14401,#11569,#11570);
#9766=AXIS2_PLACEMENT_3D('',#14405,#11573,#11574);
#9767=AXIS2_PLACEMENT_3D('',#14409,#11577,#11578);
#9768=AXIS2_PLACEMENT_3D('',#14413,#11581,#11582);
#9769=AXIS2_PLACEMENT_3D('',#14415,#11584,#11585);
#9770=AXIS2_PLACEMENT_3D('',#14416,#11586,#11587);
#9771=AXIS2_PLACEMENT_3D('',#14419,#11588,#11589);
#9772=AXIS2_PLACEMENT_3D('',#14443,#11601,#11602);
#9773=AXIS2_PLACEMENT_3D('',#14447,#11604,#11605);
#9774=AXIS2_PLACEMENT_3D('',#14448,#11606,#11607);
#9775=AXIS2_PLACEMENT_3D('',#14451,#11609,#11610);
#9776=AXIS2_PLACEMENT_3D('',#14454,#11612,#11613);
#9777=AXIS2_PLACEMENT_3D('',#14457,#11615,#11616);
#9778=AXIS2_PLACEMENT_3D('',#14458,#11617,#11618);
#9779=AXIS2_PLACEMENT_3D('',#14461,#11620,#11621);
#9780=AXIS2_PLACEMENT_3D('',#14462,#11622,#11623);
#9781=AXIS2_PLACEMENT_3D('',#14466,#11626,#11627);
#9782=AXIS2_PLACEMENT_3D('',#14470,#11630,#11631);
#9783=AXIS2_PLACEMENT_3D('',#14474,#11634,#11635);
#9784=AXIS2_PLACEMENT_3D('',#14477,#11637,#11638);
#9785=AXIS2_PLACEMENT_3D('',#14478,#11639,#11640);
#9786=AXIS2_PLACEMENT_3D('',#14482,#11643,#11644);
#9787=AXIS2_PLACEMENT_3D('',#14486,#11647,#11648);
#9788=AXIS2_PLACEMENT_3D('',#14490,#11651,#11652);
#9789=AXIS2_PLACEMENT_3D('',#14494,#11655,#11656);
#9790=AXIS2_PLACEMENT_3D('',#14495,#11657,#11658);
#9791=AXIS2_PLACEMENT_3D('',#14496,#11659,#11660);
#9792=AXIS2_PLACEMENT_3D('',#14497,#11661,#11662);
#9793=AXIS2_PLACEMENT_3D('',#14500,#11663,#11664);
#9794=AXIS2_PLACEMENT_3D('',#14502,#11665,#11666);
#9795=AXIS2_PLACEMENT_3D('',#14504,#11667,#11668);
#9796=AXIS2_PLACEMENT_3D('',#14505,#11669,#11670);
#9797=AXIS2_PLACEMENT_3D('',#14514,#11675,#11676);
#9798=AXIS2_PLACEMENT_3D('',#14520,#11680,#11681);
#9799=AXIS2_PLACEMENT_3D('',#14525,#11684,#11685);
#9800=AXIS2_PLACEMENT_3D('',#14528,#11687,#11688);
#9801=AXIS2_PLACEMENT_3D('',#14537,#11693,#11694);
#9802=AXIS2_PLACEMENT_3D('',#14544,#11698,#11699);
#9803=AXIS2_PLACEMENT_3D('',#14545,#11700,#11701);
#9804=AXIS2_PLACEMENT_3D('',#14548,#11703,#11704);
#9805=AXIS2_PLACEMENT_3D('',#14555,#11708,#11709);
#9806=AXIS2_PLACEMENT_3D('',#14562,#11713,#11714);
#9807=AXIS2_PLACEMENT_3D('',#14567,#11717,#11718);
#9808=AXIS2_PLACEMENT_3D('',#14572,#11721,#11722);
#9809=AXIS2_PLACEMENT_3D('',#14577,#11725,#11726);
#9810=AXIS2_PLACEMENT_3D('',#14582,#11729,#11730);
#9811=AXIS2_PLACEMENT_3D('',#14587,#11733,#11734);
#9812=AXIS2_PLACEMENT_3D('',#14592,#11737,#11738);
#9813=AXIS2_PLACEMENT_3D('',#14597,#11741,#11742);
#9814=AXIS2_PLACEMENT_3D('',#14602,#11745,#11746);
#9815=AXIS2_PLACEMENT_3D('',#14607,#11749,#11750);
#9816=AXIS2_PLACEMENT_3D('',#14614,#11754,#11755);
#9817=AXIS2_PLACEMENT_3D('',#14618,#11758,#11759);
#9818=AXIS2_PLACEMENT_3D('',#14623,#11762,#11763);
#9819=AXIS2_PLACEMENT_3D('',#14624,#11764,#11765);
#9820=AXIS2_PLACEMENT_3D('',#14630,#11769,#11770);
#9821=AXIS2_PLACEMENT_3D('',#14634,#11773,#11774);
#9822=AXIS2_PLACEMENT_3D('',#14637,#11776,#11777);
#9823=AXIS2_PLACEMENT_3D('',#14638,#11778,#11779);
#9824=AXIS2_PLACEMENT_3D('',#14642,#11782,#11783);
#9825=AXIS2_PLACEMENT_3D('',#14646,#11786,#11787);
#9826=AXIS2_PLACEMENT_3D('',#14650,#11790,#11791);
#9827=AXIS2_PLACEMENT_3D('',#14654,#11794,#11795);
#9828=AXIS2_PLACEMENT_3D('',#14658,#11798,#11799);
#9829=AXIS2_PLACEMENT_3D('',#14662,#11802,#11803);
#9830=AXIS2_PLACEMENT_3D('',#14666,#11806,#11807);
#9831=AXIS2_PLACEMENT_3D('',#14670,#11810,#11811);
#9832=AXIS2_PLACEMENT_3D('',#14671,#11812,#11813);
#9833=AXIS2_PLACEMENT_3D('',#14676,#11815,#11816);
#9834=AXIS2_PLACEMENT_3D('',#14679,#11818,#11819);
#9835=AXIS2_PLACEMENT_3D('',#14685,#11823,#11824);
#9836=AXIS2_PLACEMENT_3D('',#14688,#11827,#11828);
#9837=AXIS2_PLACEMENT_3D('',#14690,#11830,#11831);
#9838=AXIS2_PLACEMENT_3D('',#14691,#11832,#11833);
#9839=AXIS2_PLACEMENT_3D('',#14692,#11834,#11835);
#9840=AXIS2_PLACEMENT_3D('',#14695,#11837,#11838);
#9841=AXIS2_PLACEMENT_3D('',#14698,#11840,#11841);
#9842=AXIS2_PLACEMENT_3D('',#14702,#11844,#11845);
#9843=AXIS2_PLACEMENT_3D('',#14706,#11848,#11849);
#9844=AXIS2_PLACEMENT_3D('',#14710,#11852,#11853);
#9845=AXIS2_PLACEMENT_3D('',#14713,#11855,#11856);
#9846=AXIS2_PLACEMENT_3D('',#14714,#11857,#11858);
#9847=AXIS2_PLACEMENT_3D('',#14718,#11861,#11862);
#9848=AXIS2_PLACEMENT_3D('',#14722,#11865,#11866);
#9849=AXIS2_PLACEMENT_3D('',#14724,#11868,#11869);
#9850=AXIS2_PLACEMENT_3D('',#14725,#11870,#11871);
#9851=AXIS2_PLACEMENT_3D('',#14728,#11873,#11874);
#9852=AXIS2_PLACEMENT_3D('',#14731,#11876,#11877);
#9853=AXIS2_PLACEMENT_3D('',#14734,#11879,#11880);
#9854=AXIS2_PLACEMENT_3D('',#14735,#11881,#11882);
#9855=AXIS2_PLACEMENT_3D('',#14738,#11884,#11885);
#9856=AXIS2_PLACEMENT_3D('',#14739,#11886,#11887);
#9857=AXIS2_PLACEMENT_3D('',#14740,#11888,#11889);
#9858=AXIS2_PLACEMENT_3D('',#14741,#11890,#11891);
#9859=AXIS2_PLACEMENT_3D('',#14742,#11892,#11893);
#9860=AXIS2_PLACEMENT_3D('',#14744,#11895,#11896);
#9861=AXIS2_PLACEMENT_3D('',#14746,#11898,#11899);
#9862=AXIS2_PLACEMENT_3D('',#14747,#11900,#11901);
#9863=AXIS2_PLACEMENT_3D('',#14749,#11903,#11904);
#9864=AXIS2_PLACEMENT_3D('',#14751,#11906,#11907);
#9865=AXIS2_PLACEMENT_3D('',#14752,#11908,#11909);
#9866=AXIS2_PLACEMENT_3D('',#14754,#11911,#11912);
#9867=AXIS2_PLACEMENT_3D('',#14756,#11914,#11915);
#9868=AXIS2_PLACEMENT_3D('',#14757,#11916,#11917);
#9869=AXIS2_PLACEMENT_3D('',#14759,#11919,#11920);
#9870=AXIS2_PLACEMENT_3D('',#14761,#11922,#11923);
#9871=AXIS2_PLACEMENT_3D('',#14763,#11925,#11926);
#9872=AXIS2_PLACEMENT_3D('',#14764,#11927,#11928);
#9873=AXIS2_PLACEMENT_3D('',#14766,#11930,#11931);
#9874=AXIS2_PLACEMENT_3D('',#14768,#11933,#11934);
#9875=AXIS2_PLACEMENT_3D('',#14769,#11935,#11936);
#9876=AXIS2_PLACEMENT_3D('',#14771,#11938,#11939);
#9877=AXIS2_PLACEMENT_3D('',#14773,#11941,#11942);
#9878=AXIS2_PLACEMENT_3D('',#14774,#11943,#11944);
#9879=AXIS2_PLACEMENT_3D('',#14776,#11946,#11947);
#9880=AXIS2_PLACEMENT_3D('',#14778,#11949,#11950);
#9881=AXIS2_PLACEMENT_3D('',#14780,#11952,#11953);
#9882=AXIS2_PLACEMENT_3D('',#14782,#11955,#11956);
#9883=AXIS2_PLACEMENT_3D('',#14783,#11957,#11958);
#9884=AXIS2_PLACEMENT_3D('',#14785,#11960,#11961);
#9885=AXIS2_PLACEMENT_3D('',#14787,#11963,#11964);
#9886=AXIS2_PLACEMENT_3D('',#14788,#11965,#11966);
#9887=AXIS2_PLACEMENT_3D('',#14790,#11968,#11969);
#9888=AXIS2_PLACEMENT_3D('',#14792,#11971,#11972);
#9889=AXIS2_PLACEMENT_3D('',#14793,#11973,#11974);
#9890=AXIS2_PLACEMENT_3D('',#14795,#11976,#11977);
#9891=AXIS2_PLACEMENT_3D('',#14797,#11979,#11980);
#9892=AXIS2_PLACEMENT_3D('',#14798,#11981,#11982);
#9893=AXIS2_PLACEMENT_3D('',#14800,#11984,#11985);
#9894=AXIS2_PLACEMENT_3D('',#14802,#11987,#11988);
#9895=AXIS2_PLACEMENT_3D('',#14803,#11989,#11990);
#9896=AXIS2_PLACEMENT_3D('',#14805,#11992,#11993);
#9897=AXIS2_PLACEMENT_3D('',#14807,#11995,#11996);
#9898=AXIS2_PLACEMENT_3D('',#14808,#11997,#11998);
#9899=AXIS2_PLACEMENT_3D('',#14810,#12000,#12001);
#9900=AXIS2_PLACEMENT_3D('',#14812,#12003,#12004);
#9901=AXIS2_PLACEMENT_3D('',#14813,#12005,#12006);
#9902=AXIS2_PLACEMENT_3D('',#14814,#12007,#12008);
#9903=AXIS2_PLACEMENT_3D('',#14815,#12009,#12010);
#9904=AXIS2_PLACEMENT_3D('',#14816,#12011,#12012);
#9905=AXIS2_PLACEMENT_3D('',#14817,#12013,#12014);
#9906=AXIS2_PLACEMENT_3D('',#14818,#12015,#12016);
#9907=AXIS2_PLACEMENT_3D('',#14819,#12017,#12018);
#9908=AXIS2_PLACEMENT_3D('',#14820,#12019,#12020);
#9909=AXIS2_PLACEMENT_3D('',#14821,#12021,#12022);
#9910=AXIS2_PLACEMENT_3D('',#14822,#12023,#12024);
#9911=AXIS2_PLACEMENT_3D('',#14823,#12025,#12026);
#9912=AXIS2_PLACEMENT_3D('',#14824,#12027,#12028);
#9913=AXIS2_PLACEMENT_3D('',#14825,#12029,#12030);
#9914=AXIS2_PLACEMENT_3D('',#14826,#12031,#12032);
#9915=AXIS2_PLACEMENT_3D('',#14827,#12033,#12034);
#9916=AXIS2_PLACEMENT_3D('',#14828,#12035,#12036);
#9917=AXIS2_PLACEMENT_3D('',#14829,#12037,#12038);
#9918=AXIS2_PLACEMENT_3D('',#14830,#12039,#12040);
#9919=AXIS2_PLACEMENT_3D('',#14831,#12041,#12042);
#9920=AXIS2_PLACEMENT_3D('',#14832,#12043,#12044);
#9921=AXIS2_PLACEMENT_3D('',#14833,#12045,#12046);
#9922=AXIS2_PLACEMENT_3D('',#14834,#12047,#12048);
#9923=AXIS2_PLACEMENT_3D('',#14835,#12049,#12050);
#9924=AXIS2_PLACEMENT_3D('',#14836,#12051,#12052);
#9925=AXIS2_PLACEMENT_3D('',#14837,#12053,#12054);
#9926=AXIS2_PLACEMENT_3D('',#14838,#12055,#12056);
#9927=AXIS2_PLACEMENT_3D('',#14839,#12057,#12058);
#9928=AXIS2_PLACEMENT_3D('',#14840,#12059,#12060);
#9929=AXIS2_PLACEMENT_3D('',#14841,#12061,#12062);
#9930=AXIS2_PLACEMENT_3D('',#14842,#12063,#12064);
#9931=AXIS2_PLACEMENT_3D('',#14843,#12065,#12066);
#9932=AXIS2_PLACEMENT_3D('',#14844,#12067,#12068);
#9933=AXIS2_PLACEMENT_3D('',#14845,#12069,#12070);
#9934=AXIS2_PLACEMENT_3D('',#14846,#12071,#12072);
#9935=AXIS2_PLACEMENT_3D('',#14847,#12073,#12074);
#9936=AXIS2_PLACEMENT_3D('',#14848,#12075,#12076);
#9937=AXIS2_PLACEMENT_3D('',#14862,#12081,#12082);
#9938=AXIS2_PLACEMENT_3D('',#14876,#12087,#12088);
#9939=AXIS2_PLACEMENT_3D('',#14890,#12093,#12094);
#9940=AXIS2_PLACEMENT_3D('',#14904,#12099,#12100);
#9941=AXIS2_PLACEMENT_3D('',#14918,#12105,#12106);
#9942=AXIS2_PLACEMENT_3D('',#14932,#12111,#12112);
#9943=AXIS2_PLACEMENT_3D('',#14946,#12117,#12118);
#9944=AXIS2_PLACEMENT_3D('',#14960,#12123,#12124);
#9945=AXIS2_PLACEMENT_3D('',#14963,#12126,#12127);
#9946=AXIS2_PLACEMENT_3D('',#14966,#12129,#12130);
#9947=AXIS2_PLACEMENT_3D('',#14967,#12131,#12132);
#9948=AXIS2_PLACEMENT_3D('',#14968,#12133,#12134);
#9949=AXIS2_PLACEMENT_3D('',#14969,#12135,#12136);
#9950=AXIS2_PLACEMENT_3D('',#14970,#12137,#12138);
#9951=AXIS2_PLACEMENT_3D('',#14971,#12139,#12140);
#9952=AXIS2_PLACEMENT_3D('',#14972,#12141,#12142);
#9953=AXIS2_PLACEMENT_3D('',#14973,#12143,#12144);
#9954=AXIS2_PLACEMENT_3D('',#14977,#12146,#12147);
#9955=AXIS2_PLACEMENT_3D('',#14978,#12148,#12149);
#9956=AXIS2_PLACEMENT_3D('',#14979,#12150,#12151);
#9957=AXIS2_PLACEMENT_3D('',#14980,#12152,#12153);
#9958=AXIS2_PLACEMENT_3D('',#14981,#12154,#12155);
#9959=AXIS2_PLACEMENT_3D('',#14982,#12156,#12157);
#9960=AXIS2_PLACEMENT_3D('',#14986,#12159,#12160);
#9961=AXIS2_PLACEMENT_3D('',#14987,#12161,#12162);
#9962=AXIS2_PLACEMENT_3D('',#14988,#12163,#12164);
#9963=AXIS2_PLACEMENT_3D('',#14989,#12165,#12166);
#9964=AXIS2_PLACEMENT_3D('',#14990,#12167,#12168);
#9965=AXIS2_PLACEMENT_3D('',#14991,#12169,#12170);
#9966=AXIS2_PLACEMENT_3D('',#14992,#12171,#12172);
#9967=AXIS2_PLACEMENT_3D('',#14993,#12173,#12174);
#9968=AXIS2_PLACEMENT_3D('',#14994,#12175,#12176);
#9969=AXIS2_PLACEMENT_3D('',#14995,#12177,#12178);
#9970=AXIS2_PLACEMENT_3D('',#14996,#12179,#12180);
#9971=AXIS2_PLACEMENT_3D('',#14997,#12181,#12182);
#9972=AXIS2_PLACEMENT_3D('',#14998,#12183,#12184);
#9973=AXIS2_PLACEMENT_3D('',#14999,#12185,#12186);
#9974=AXIS2_PLACEMENT_3D('',#15000,#12187,#12188);
#9975=AXIS2_PLACEMENT_3D('',#15007,#12189,#12190);
#9976=AXIS2_PLACEMENT_3D('',#15008,#12191,#12192);
#9977=AXIS2_PLACEMENT_3D('',#15009,#12193,#12194);
#9978=AXIS2_PLACEMENT_3D('',#15010,#12195,#12196);
#9979=AXIS2_PLACEMENT_3D('',#15011,#12197,#12198);
#9980=AXIS2_PLACEMENT_3D('',#15014,#12200,#12201);
#9981=AXIS2_PLACEMENT_3D('',#15015,#12202,#12203);
#9982=AXIS2_PLACEMENT_3D('',#15016,#12204,#12205);
#9983=AXIS2_PLACEMENT_3D('',#15017,#12206,#12207);
#9984=AXIS2_PLACEMENT_3D('',#15018,#12208,#12209);
#9985=AXIS2_PLACEMENT_3D('',#15019,#12210,#12211);
#9986=AXIS2_PLACEMENT_3D('',#15021,#12212,#12213);
#9987=AXIS2_PLACEMENT_3D('',#15022,#12214,#12215);
#9988=AXIS2_PLACEMENT_3D('',#15024,#12216,#12217);
#9989=AXIS2_PLACEMENT_3D('',#15025,#12218,#12219);
#9990=AXIS2_PLACEMENT_3D('',#15026,#12220,#12221);
#9991=AXIS2_PLACEMENT_3D('',#15027,#12222,#12223);
#9992=AXIS2_PLACEMENT_3D('',#15028,#12224,#12225);
#9993=AXIS2_PLACEMENT_3D('',#15029,#12226,#12227);
#9994=AXIS2_PLACEMENT_3D('',#15030,#12228,#12229);
#9995=AXIS2_PLACEMENT_3D('',#15031,#12230,#12231);
#9996=AXIS2_PLACEMENT_3D('',#15033,#12232,#12233);
#9997=AXIS2_PLACEMENT_3D('',#15039,#12234,#12235);
#9998=AXIS2_PLACEMENT_3D('',#15040,#12236,#12237);
#9999=AXIS2_PLACEMENT_3D('',#15041,#12238,#12239);
#10000=AXIS2_PLACEMENT_3D('',#15042,#12240,#12241);
#10001=AXIS2_PLACEMENT_3D('',#15044,#12243,#12244);
#10002=AXIS2_PLACEMENT_3D('',#15045,#12245,#12246);
#10003=AXIS2_PLACEMENT_3D('',#15046,#12247,#12248);
#10004=AXIS2_PLACEMENT_3D('',#15047,#12249,#12250);
#10005=AXIS2_PLACEMENT_3D('',#15048,#12251,#12252);
#10006=AXIS2_PLACEMENT_3D('',#15050,#12253,#12254);
#10007=AXIS2_PLACEMENT_3D('',#15051,#12255,#12256);
#10008=AXIS2_PLACEMENT_3D('',#15057,#12260,#12261);
#10009=AXIS2_PLACEMENT_3D('',#15061,#12264,#12265);
#10010=AXIS2_PLACEMENT_3D('',#15065,#12268,#12269);
#10011=AXIS2_PLACEMENT_3D('',#15069,#12272,#12273);
#10012=AXIS2_PLACEMENT_3D('',#15073,#12276,#12277);
#10013=AXIS2_PLACEMENT_3D('',#15077,#12280,#12281);
#10014=AXIS2_PLACEMENT_3D('',#15081,#12284,#12285);
#10015=AXIS2_PLACEMENT_3D('',#15085,#12288,#12289);
#10016=AXIS2_PLACEMENT_3D('',#15089,#12292,#12293);
#10017=AXIS2_PLACEMENT_3D('',#15093,#12296,#12297);
#10018=AXIS2_PLACEMENT_3D('',#15097,#12300,#12301);
#10019=AXIS2_PLACEMENT_3D('',#15101,#12304,#12305);
#10020=AXIS2_PLACEMENT_3D('',#15102,#12306,#12307);
#10021=AXIS2_PLACEMENT_3D('',#15107,#12310,#12311);
#10022=AXIS2_PLACEMENT_3D('',#15111,#12314,#12315);
#10023=AXIS2_PLACEMENT_3D('',#15112,#12316,#12317);
#10024=AXIS2_PLACEMENT_3D('',#15116,#12320,#12321);
#10025=AXIS2_PLACEMENT_3D('',#15120,#12324,#12325);
#10026=AXIS2_PLACEMENT_3D('',#15124,#12328,#12329);
#10027=AXIS2_PLACEMENT_3D('',#15128,#12332,#12333);
#10028=AXIS2_PLACEMENT_3D('',#15132,#12336,#12337);
#10029=AXIS2_PLACEMENT_3D('',#15136,#12340,#12341);
#10030=AXIS2_PLACEMENT_3D('',#15140,#12344,#12345);
#10031=AXIS2_PLACEMENT_3D('',#15144,#12348,#12349);
#10032=AXIS2_PLACEMENT_3D('',#15148,#12352,#12353);
#10033=AXIS2_PLACEMENT_3D('',#15152,#12356,#12357);
#10034=AXIS2_PLACEMENT_3D('',#15156,#12360,#12361);
#10035=AXIS2_PLACEMENT_3D('',#15160,#12364,#12365);
#10036=AXIS2_PLACEMENT_3D('',#15164,#12368,#12369);
#10037=AXIS2_PLACEMENT_3D('',#15168,#12372,#12373);
#10038=AXIS2_PLACEMENT_3D('',#15172,#12376,#12377);
#10039=AXIS2_PLACEMENT_3D('',#15176,#12380,#12381);
#10040=AXIS2_PLACEMENT_3D('',#15180,#12384,#12385);
#10041=AXIS2_PLACEMENT_3D('',#15184,#12388,#12389);
#10042=AXIS2_PLACEMENT_3D('',#15188,#12392,#12393);
#10043=AXIS2_PLACEMENT_3D('',#15192,#12396,#12397);
#10044=AXIS2_PLACEMENT_3D('',#15194,#12399,#12400);
#10045=AXIS2_PLACEMENT_3D('',#15195,#12401,#12402);
#10046=AXIS2_PLACEMENT_3D('',#15196,#12403,#12404);
#10047=AXIS2_PLACEMENT_3D('',#15197,#12405,#12406);
#10048=AXIS2_PLACEMENT_3D('',#15198,#12407,#12408);
#10049=AXIS2_PLACEMENT_3D('',#15199,#12409,#12410);
#10050=AXIS2_PLACEMENT_3D('',#15200,#12411,#12412);
#10051=AXIS2_PLACEMENT_3D('',#15201,#12413,#12414);
#10052=AXIS2_PLACEMENT_3D('',#15202,#12415,#12416);
#10053=AXIS2_PLACEMENT_3D('',#15203,#12417,#12418);
#10054=AXIS2_PLACEMENT_3D('',#15204,#12419,#12420);
#10055=AXIS2_PLACEMENT_3D('',#15205,#12421,#12422);
#10056=AXIS2_PLACEMENT_3D('',#15206,#12423,#12424);
#10057=AXIS2_PLACEMENT_3D('',#15207,#12425,#12426);
#10058=AXIS2_PLACEMENT_3D('',#15208,#12427,#12428);
#10059=AXIS2_PLACEMENT_3D('',#15209,#12429,#12430);
#10060=AXIS2_PLACEMENT_3D('',#15210,#12431,#12432);
#10061=AXIS2_PLACEMENT_3D('',#15211,#12433,#12434);
#10062=AXIS2_PLACEMENT_3D('',#15212,#12435,#12436);
#10063=AXIS2_PLACEMENT_3D('',#15213,#12437,#12438);
#10064=AXIS2_PLACEMENT_3D('',#15214,#12439,#12440);
#10065=AXIS2_PLACEMENT_3D('',#15215,#12441,#12442);
#10066=AXIS2_PLACEMENT_3D('',#15216,#12443,#12444);
#10067=AXIS2_PLACEMENT_3D('',#15217,#12445,#12446);
#10068=AXIS2_PLACEMENT_3D('',#15218,#12447,#12448);
#10069=AXIS2_PLACEMENT_3D('',#15219,#12449,#12450);
#10070=AXIS2_PLACEMENT_3D('',#15220,#12451,#12452);
#10071=AXIS2_PLACEMENT_3D('',#15221,#12453,#12454);
#10072=AXIS2_PLACEMENT_3D('',#15222,#12455,#12456);
#10073=AXIS2_PLACEMENT_3D('',#15223,#12457,#12458);
#10074=AXIS2_PLACEMENT_3D('',#15224,#12459,#12460);
#10075=AXIS2_PLACEMENT_3D('',#15225,#12461,#12462);
#10076=AXIS2_PLACEMENT_3D('',#15226,#12463,#12464);
#10077=AXIS2_PLACEMENT_3D('',#15227,#12465,#12466);
#10078=AXIS2_PLACEMENT_3D('',#15228,#12467,#12468);
#10079=AXIS2_PLACEMENT_3D('',#15229,#12469,#12470);
#10080=AXIS2_PLACEMENT_3D('',#15230,#12471,#12472);
#10081=AXIS2_PLACEMENT_3D('',#15231,#12473,#12474);
#10082=AXIS2_PLACEMENT_3D('',#15232,#12475,#12476);
#10083=AXIS2_PLACEMENT_3D('',#15233,#12477,#12478);
#10084=AXIS2_PLACEMENT_3D('',#15234,#12479,#12480);
#10085=AXIS2_PLACEMENT_3D('',#15235,#12481,#12482);
#10086=AXIS2_PLACEMENT_3D('',#15236,#12483,#12484);
#10087=AXIS2_PLACEMENT_3D('',#15237,#12485,#12486);
#10088=AXIS2_PLACEMENT_3D('',#15238,#12487,#12488);
#10089=AXIS2_PLACEMENT_3D('',#15239,#12489,#12490);
#10090=AXIS2_PLACEMENT_3D('',#15240,#12491,#12492);
#10091=AXIS2_PLACEMENT_3D('',#15241,#12493,#12494);
#10092=AXIS2_PLACEMENT_3D('',#15242,#12495,#12496);
#10093=AXIS2_PLACEMENT_3D('',#15243,#12497,#12498);
#10094=AXIS2_PLACEMENT_3D('',#15244,#12499,#12500);
#10095=AXIS2_PLACEMENT_3D('',#15245,#12501,#12502);
#10096=AXIS2_PLACEMENT_3D('',#15246,#12503,#12504);
#10097=AXIS2_PLACEMENT_3D('',#15247,#12505,#12506);
#10098=AXIS2_PLACEMENT_3D('',#15252,#12507,#12508);
#10099=AXIS2_PLACEMENT_3D('',#15253,#12509,#12510);
#10100=AXIS2_PLACEMENT_3D('',#15254,#12511,#12512);
#10101=AXIS2_PLACEMENT_3D('',#15255,#12513,#12514);
#10102=AXIS2_PLACEMENT_3D('',#15256,#12515,#12516);
#10103=AXIS2_PLACEMENT_3D('',#15257,#12517,#12518);
#10104=AXIS2_PLACEMENT_3D('',#15258,#12519,#12520);
#10105=AXIS2_PLACEMENT_3D('',#15259,#12521,#12522);
#10106=AXIS2_PLACEMENT_3D('',#15260,#12523,#12524);
#10107=AXIS2_PLACEMENT_3D('',#15261,#12525,#12526);
#10108=AXIS2_PLACEMENT_3D('',#15262,#12527,#12528);
#10109=AXIS2_PLACEMENT_3D('',#15264,#12529,#12530);
#10110=AXIS2_PLACEMENT_3D('',#15265,#12531,#12532);
#10111=AXIS2_PLACEMENT_3D('',#15266,#12533,#12534);
#10112=AXIS2_PLACEMENT_3D('',#15267,#12535,#12536);
#10113=AXIS2_PLACEMENT_3D('',#15268,#12537,#12538);
#10114=AXIS2_PLACEMENT_3D('',#15269,#12539,#12540);
#10115=AXIS2_PLACEMENT_3D('',#15270,#12541,#12542);
#10116=AXIS2_PLACEMENT_3D('',#15271,#12543,#12544);
#10117=AXIS2_PLACEMENT_3D('',#15272,#12545,#12546);
#10118=AXIS2_PLACEMENT_3D('',#15273,#12547,#12548);
#10119=AXIS2_PLACEMENT_3D('',#15274,#12549,#12550);
#10120=AXIS2_PLACEMENT_3D('',#15275,#12551,#12552);
#10121=AXIS2_PLACEMENT_3D('',#15276,#12553,#12554);
#10122=AXIS2_PLACEMENT_3D('',#15277,#12555,#12556);
#10123=AXIS2_PLACEMENT_3D('',#15278,#12557,#12558);
#10124=AXIS2_PLACEMENT_3D('',#15280,#12559,#12560);
#10125=AXIS2_PLACEMENT_3D('',#15281,#12561,#12562);
#10126=AXIS2_PLACEMENT_3D('',#15282,#12563,#12564);
#10127=AXIS2_PLACEMENT_3D('',#15283,#12565,#12566);
#10128=AXIS2_PLACEMENT_3D('',#15284,#12567,#12568);
#10129=AXIS2_PLACEMENT_3D('',#15285,#12569,#12570);
#10130=AXIS2_PLACEMENT_3D('',#15286,#12571,#12572);
#10131=AXIS2_PLACEMENT_3D('',#15287,#12573,#12574);
#10132=AXIS2_PLACEMENT_3D('',#15292,#12575,#12576);
#10133=AXIS2_PLACEMENT_3D('',#15293,#12577,#12578);
#10134=AXIS2_PLACEMENT_3D('',#15294,#12579,#12580);
#10135=AXIS2_PLACEMENT_3D('',#15295,#12581,#12582);
#10136=AXIS2_PLACEMENT_3D('',#15296,#12583,#12584);
#10137=AXIS2_PLACEMENT_3D('',#15297,#12585,#12586);
#10138=AXIS2_PLACEMENT_3D('',#15298,#12587,#12588);
#10139=AXIS2_PLACEMENT_3D('',#15299,#12589,#12590);
#10140=AXIS2_PLACEMENT_3D('',#15300,#12591,#12592);
#10141=AXIS2_PLACEMENT_3D('',#15301,#12593,#12594);
#10142=AXIS2_PLACEMENT_3D('',#15317,#12595,#12596);
#10143=AXIS2_PLACEMENT_3D('',#15330,#12597,#12598);
#10144=AXIS2_PLACEMENT_3D('',#15331,#12599,#12600);
#10145=AXIS2_PLACEMENT_3D('',#15332,#12601,#12602);
#10146=AXIS2_PLACEMENT_3D('',#15345,#12603,#12604);
#10147=AXIS2_PLACEMENT_3D('',#15346,#12605,#12606);
#10148=AXIS2_PLACEMENT_3D('',#15347,#12607,#12608);
#10149=AXIS2_PLACEMENT_3D('',#15348,#12609,#12610);
#10150=AXIS2_PLACEMENT_3D('',#15349,#12611,#12612);
#10151=AXIS2_PLACEMENT_3D('',#15350,#12613,#12614);
#10152=AXIS2_PLACEMENT_3D('',#15351,#12615,#12616);
#10153=AXIS2_PLACEMENT_3D('',#15352,#12617,#12618);
#10154=AXIS2_PLACEMENT_3D('',#15353,#12619,#12620);
#10155=AXIS2_PLACEMENT_3D('',#15354,#12621,#12622);
#10156=AXIS2_PLACEMENT_3D('',#15355,#12623,#12624);
#10157=AXIS2_PLACEMENT_3D('',#15356,#12625,#12626);
#10158=AXIS2_PLACEMENT_3D('',#15357,#12627,#12628);
#10159=AXIS2_PLACEMENT_3D('',#15358,#12629,#12630);
#10160=AXIS2_PLACEMENT_3D('',#15359,#12631,#12632);
#10161=AXIS2_PLACEMENT_3D('',#15360,#12633,#12634);
#10162=AXIS2_PLACEMENT_3D('',#15361,#12635,#12636);
#10163=AXIS2_PLACEMENT_3D('',#15362,#12637,#12638);
#10164=AXIS2_PLACEMENT_3D('',#15379,#12639,#12640);
#10165=AXIS2_PLACEMENT_3D('',#15380,#12641,#12642);
#10166=AXIS2_PLACEMENT_3D('',#15381,#12643,#12644);
#10167=AXIS2_PLACEMENT_3D('',#15394,#12645,#12646);
#10168=AXIS2_PLACEMENT_3D('',#15419,#12647,#12648);
#10169=AXIS2_PLACEMENT_3D('',#15420,#12649,#12650);
#10170=AXIS2_PLACEMENT_3D('',#15421,#12651,#12652);
#10171=AXIS2_PLACEMENT_3D('',#15437,#12653,#12654);
#10172=AXIS2_PLACEMENT_3D('',#15443,#12658,#12659);
#10173=AXIS2_PLACEMENT_3D('',#15447,#12662,#12663);
#10174=AXIS2_PLACEMENT_3D('',#15451,#12666,#12667);
#10175=AXIS2_PLACEMENT_3D('',#15455,#12670,#12671);
#10176=AXIS2_PLACEMENT_3D('',#15459,#12674,#12675);
#10177=AXIS2_PLACEMENT_3D('',#15463,#12678,#12679);
#10178=AXIS2_PLACEMENT_3D('',#15467,#12682,#12683);
#10179=AXIS2_PLACEMENT_3D('',#15471,#12686,#12687);
#10180=AXIS2_PLACEMENT_3D('',#15475,#12690,#12691);
#10181=AXIS2_PLACEMENT_3D('',#15479,#12694,#12695);
#10182=AXIS2_PLACEMENT_3D('',#15481,#12697,#12698);
#10183=AXIS2_PLACEMENT_3D('',#15482,#12699,#12700);
#10184=AXIS2_PLACEMENT_3D('',#15483,#12701,#12702);
#10185=AXIS2_PLACEMENT_3D('',#15485,#12703,#12704);
#10186=AXIS2_PLACEMENT_3D('',#15486,#12705,#12706);
#10187=AXIS2_PLACEMENT_3D('',#15487,#12707,#12708);
#10188=AXIS2_PLACEMENT_3D('',#15489,#12709,#12710);
#10189=AXIS2_PLACEMENT_3D('',#15490,#12711,#12712);
#10190=AXIS2_PLACEMENT_3D('',#15491,#12713,#12714);
#10191=AXIS2_PLACEMENT_3D('',#15493,#12715,#12716);
#10192=AXIS2_PLACEMENT_3D('',#15494,#12717,#12718);
#10193=AXIS2_PLACEMENT_3D('',#15495,#12719,#12720);
#10194=AXIS2_PLACEMENT_3D('',#15497,#12721,#12722);
#10195=DIRECTION('',(0.,0.,1.));
#10196=DIRECTION('',(1.,0.,0.));
#10197=DIRECTION('',(0.780868770817067,-0.624695095836875,0.));
#10198=DIRECTION('',(0.624695095836875,0.780868770817067,0.));
#10199=DIRECTION('',(-0.624695095836875,-0.780868770817067,0.));
#10200=DIRECTION('',(0.,0.,-1.));
#10201=DIRECTION('',(-0.624695095836875,-0.780868770817067,0.));
#10202=DIRECTION('',(0.,0.,-1.));
#10203=DIRECTION('',(0.780868770817067,-0.624695095836875,0.));
#10204=DIRECTION('',(0.624695095836875,0.780868770817067,0.));
#10205=DIRECTION('',(-0.624695095836875,-0.780868770817067,0.));
#10206=DIRECTION('',(0.,0.,1.));
#10207=DIRECTION('',(-0.624695095836875,-0.780868770817067,0.));
#10208=DIRECTION('',(0.,0.,-1.));
#10209=DIRECTION('',(0.780868770817067,-0.624695095836875,0.));
#10210=DIRECTION('',(0.624695095836875,0.780868770817067,0.));
#10211=DIRECTION('',(-0.624695095836875,-0.780868770817067,0.));
#10212=DIRECTION('',(0.,0.,1.));
#10213=DIRECTION('',(-0.624695095836875,-0.780868770817067,0.));
#10214=DIRECTION('',(0.,0.,-1.));
#10215=DIRECTION('',(0.731346877976734,-0.682005677449744,0.));
#10216=DIRECTION('',(0.682005677449744,0.731346877976734,0.));
#10217=DIRECTION('',(-0.682005677449744,-0.731346877976734,0.));
#10218=DIRECTION('',(0.,0.,-1.));
#10219=DIRECTION('',(-0.682005677449744,-0.731346877976734,0.));
#10220=DIRECTION('',(0.,0.,-1.));
#10221=DIRECTION('',(0.731346877976734,-0.682005677449744,0.));
#10222=DIRECTION('',(0.682005677449744,0.731346877976734,0.));
#10223=DIRECTION('',(-0.682005677449744,-0.731346877976734,0.));
#10224=DIRECTION('',(0.,0.,1.));
#10225=DIRECTION('',(-0.682005677449744,-0.731346877976734,0.));
#10226=DIRECTION('',(-0.596769323451727,-0.802412845477294,0.));
#10227=DIRECTION('',(0.802412845477294,-0.596769323451727,0.));
#10228=DIRECTION('',(-0.802412845477294,0.596769323451727,0.));
#10229=DIRECTION('',(0.,0.,-1.));
#10230=DIRECTION('',(-0.802412845477294,0.596769323451727,0.));
#10231=DIRECTION('',(0.,0.,1.));
#10232=DIRECTION('',(-0.596769323451727,-0.802412845477294,0.));
#10233=DIRECTION('',(0.802412845477294,-0.596769323451727,0.));
#10234=DIRECTION('',(-0.802412845477294,0.596769323451727,0.));
#10235=DIRECTION('',(0.,0.,1.));
#10236=DIRECTION('',(-0.802412845477294,0.596769323451727,0.));
#10237=DIRECTION('',(0.,0.,-1.));
#10238=DIRECTION('',(-0.596769323451727,-0.802412845477294,0.));
#10239=DIRECTION('',(0.802412845477294,-0.596769323451727,0.));
#10240=DIRECTION('',(0.,0.,-1.));
#10241=DIRECTION('',(-0.802412845477294,0.596769323451727,0.));
#10242=DIRECTION('',(0.,0.,-1.));
#10243=DIRECTION('',(-0.802412845477294,0.596769323451727,0.));
#10244=DIRECTION('',(-0.596769323451727,-0.802412845477294,0.));
#10245=DIRECTION('',(0.802412845477294,-0.596769323451727,0.));
#10246=DIRECTION('',(-0.802412845477294,0.596769323451727,0.));
#10247=DIRECTION('',(0.,0.,1.));
#10248=DIRECTION('',(-0.802412845477294,0.596769323451727,0.));
#10249=DIRECTION('',(-0.596769323451727,-0.802412845477294,0.));
#10250=DIRECTION('',(0.802412845477294,-0.596769323451727,0.));
#10251=DIRECTION('',(-0.802412845477294,0.596769323451727,0.));
#10252=DIRECTION('',(0.,0.,-1.));
#10253=DIRECTION('',(-0.802412845477294,0.596769323451727,0.));
#10254=DIRECTION('',(0.,0.,-1.));
#10255=DIRECTION('',(-0.780868770817067,0.624695095836875,0.));
#10256=DIRECTION('',(-0.624695095836875,-0.780868770817067,0.));
#10257=DIRECTION('',(0.624695095836875,0.780868770817067,0.));
#10258=DIRECTION('',(0.,0.,-1.));
#10259=DIRECTION('',(0.624695095836875,0.780868770817067,0.));
#10260=DIRECTION('',(0.,0.,-1.));
#10261=DIRECTION('',(-0.780868770817067,0.624695095836875,0.));
#10262=DIRECTION('',(-0.624695095836875,-0.780868770817067,0.));
#10263=DIRECTION('',(0.624695095836875,0.780868770817067,0.));
#10264=DIRECTION('',(0.,0.,1.));
#10265=DIRECTION('',(0.624695095836875,0.780868770817067,0.));
#10266=DIRECTION('',(-0.147238782449557,0.989100976110514,0.));
#10267=DIRECTION('',(-0.989100976110514,-0.147238782449557,0.));
#10268=DIRECTION('',(0.989100976110514,0.147238782449557,0.));
#10269=DIRECTION('',(0.,0.,1.));
#10270=DIRECTION('',(0.989100976110514,0.147238782449557,0.));
#10271=DIRECTION('',(0.,0.,-1.));
#10272=DIRECTION('',(-0.147238782449557,0.989100976110514,0.));
#10273=DIRECTION('',(-0.989100976110514,-0.147238782449557,0.));
#10274=DIRECTION('',(0.989100976110514,0.147238782449557,0.));
#10275=DIRECTION('',(0.,0.,1.));
#10276=DIRECTION('',(0.989100976110514,0.147238782449557,0.));
#10277=DIRECTION('',(0.,0.,-1.));
#10278=DIRECTION('',(-0.147238782449557,0.989100976110514,0.));
#10279=DIRECTION('',(-0.989100976110514,-0.147238782449557,0.));
#10280=DIRECTION('',(0.989100976110514,0.147238782449557,0.));
#10281=DIRECTION('',(0.,0.,1.));
#10282=DIRECTION('',(0.989100976110514,0.147238782449557,0.));
#10283=DIRECTION('',(0.624695095836875,0.780868770817067,0.));
#10284=DIRECTION('',(-0.780868770817067,0.624695095836875,0.));
#10285=DIRECTION('',(0.780868770817067,-0.624695095836875,0.));
#10286=DIRECTION('',(0.,0.,-1.));
#10287=DIRECTION('',(0.780868770817067,-0.624695095836875,0.));
#10288=DIRECTION('',(0.624695095836875,0.780868770817067,0.));
#10289=DIRECTION('',(-0.780868770817067,0.624695095836875,0.));
#10290=DIRECTION('',(0.780868770817067,-0.624695095836875,0.));
#10291=DIRECTION('',(0.,0.,1.));
#10292=DIRECTION('',(0.780868770817067,-0.624695095836875,0.));
#10293=DIRECTION('',(0.,0.,-1.));
#10294=DIRECTION('',(0.624695095836875,0.780868770817067,0.));
#10295=DIRECTION('',(-0.780868770817067,0.624695095836875,0.));
#10296=DIRECTION('',(0.780868770817067,-0.624695095836875,0.));
#10297=DIRECTION('',(0.,0.,1.));
#10298=DIRECTION('',(0.780868770817067,-0.624695095836875,0.));
#10299=DIRECTION('',(0.,0.,-1.));
#10300=DIRECTION('',(0.,0.,1.));
#10301=DIRECTION('',(1.,0.,0.));
#10302=DIRECTION('',(1.,3.63415084782682E-16,0.));
#10303=DIRECTION('',(0.,0.,1.));
#10304=DIRECTION('',(1.,0.,0.));
#10305=DIRECTION('',(-0.951655516626902,0.307167344738313,0.));
#10306=DIRECTION('',(0.,0.,1.));
#10307=DIRECTION('',(1.,0.,0.));
#10308=DIRECTION('',(0.951655516626901,-0.307167344738313,0.));
#10309=DIRECTION('',(0.,0.,1.));
#10310=DIRECTION('',(1.,0.,0.));
#10311=DIRECTION('',(-0.744121782030061,0.668043990698522,0.));
#10312=DIRECTION('',(0.,0.,1.));
#10313=DIRECTION('',(1.,0.,0.));
#10314=DIRECTION('',(0.744121782030061,-0.668043990698522,0.));
#10315=DIRECTION('',(0.,0.,1.));
#10316=DIRECTION('',(1.,0.,0.));
#10317=DIRECTION('',(-0.422869128883691,0.906190763491412,0.));
#10318=DIRECTION('',(0.,0.,1.));
#10319=DIRECTION('',(1.,0.,0.));
#10320=DIRECTION('',(0.422869128883692,-0.906190763491412,0.));
#10321=DIRECTION('',(0.,0.,1.));
#10322=DIRECTION('',(1.,0.,0.));
#10323=DIRECTION('',(0.195769138706013,0.980650011130529,0.));
#10324=DIRECTION('',(0.,0.,1.));
#10325=DIRECTION('',(1.,0.,0.));
#10326=DIRECTION('',(-0.195769138706013,-0.980650011130529,0.));
#10327=DIRECTION('',(0.,0.,1.));
#10328=DIRECTION('',(1.,0.,0.));
#10329=DIRECTION('',(0.668043990698523,0.74412178203006,0.));
#10330=DIRECTION('',(0.,0.,1.));
#10331=DIRECTION('',(1.,0.,0.));
#10332=DIRECTION('',(-0.668043990698523,-0.74412178203006,0.));
#10333=DIRECTION('',(0.,0.,1.));
#10334=DIRECTION('',(1.,0.,0.));
#10335=DIRECTION('',(0.877784006916511,0.47905661168759,0.));
#10336=DIRECTION('',(0.,0.,1.));
#10337=DIRECTION('',(1.,0.,0.));
#10338=DIRECTION('',(0.47905661168759,-0.877784006916511,0.));
#10339=DIRECTION('',(-0.877784006916511,-0.47905661168759,0.));
#10340=DIRECTION('',(0.,0.,1.));
#10341=DIRECTION('',(1.,0.,0.));
#10342=DIRECTION('',(0.958807403799432,-0.284056970376356,0.));
#10343=DIRECTION('',(-0.284056970376356,-0.958807403799432,0.));
#10344=DIRECTION('',(0.,0.,1.));
#10345=DIRECTION('',(1.,0.,0.));
#10346=DIRECTION('',(-0.958807403799431,0.284056970376356,0.));
#10347=DIRECTION('',(0.,0.,1.));
#10348=DIRECTION('',(1.,0.,0.));
#10349=DIRECTION('',(0.780868770817068,-0.624695095836875,0.));
#10350=DIRECTION('',(0.,0.,1.));
#10351=DIRECTION('',(1.,0.,0.));
#10352=DIRECTION('',(-0.780868770817066,0.624695095836876,0.));
#10353=DIRECTION('',(0.,0.,1.));
#10354=DIRECTION('',(1.,0.,0.));
#10355=DIRECTION('',(0.382987590578009,-0.923753487388952,0.));
#10356=DIRECTION('',(0.,0.,1.));
#10357=DIRECTION('',(1.,0.,0.));
#10358=DIRECTION('',(-0.382987590578007,0.923753487388953,0.));
#10359=DIRECTION('',(0.,0.,1.));
#10360=DIRECTION('',(1.,0.,0.));
#10361=DIRECTION('',(0.,-1.,0.));
#10362=DIRECTION('',(-1.,0.,0.));
#10363=DIRECTION('',(0.,0.,1.));
#10364=DIRECTION('',(1.,0.,0.));
#10365=DIRECTION('',(-0.596769323451728,-0.802412845477293,0.));
#10366=DIRECTION('',(0.,0.,1.));
#10367=DIRECTION('',(1.,0.,0.));
#10368=DIRECTION('',(-0.662356179173193,-0.749189089556895,0.));
#10369=DIRECTION('',(0.,0.,1.));
#10370=DIRECTION('',(1.,0.,0.));
#10371=DIRECTION('',(0.,1.,0.));
#10372=DIRECTION('',(0.,0.,1.));
#10373=DIRECTION('',(1.,0.,0.));
#10374=DIRECTION('',(0.596769323451728,0.802412845477293,0.));
#10375=DIRECTION('',(0.,0.,1.));
#10376=DIRECTION('',(1.,0.,0.));
#10377=DIRECTION('',(-0.944922667595189,-0.327293678925811,0.));
#10378=DIRECTION('',(0.327293678925811,-0.944922667595189,0.));
#10379=DIRECTION('',(0.944922667595189,0.327293678925811,0.));
#10380=DIRECTION('',(-0.327293678925811,0.944922667595189,0.));
#10381=DIRECTION('',(-0.245118730411401,-0.969493067536588,0.));
#10382=DIRECTION('',(0.905662650307839,0.423999013958028,0.));
#10383=DIRECTION('',(0.236950135092667,-0.971521813177433,0.));
#10384=DIRECTION('',(-0.967309952121129,-0.253597035722856,0.));
#10385=DIRECTION('',(-0.598709363123158,0.800966352919187,0.));
#10386=DIRECTION('',(0.944922667595189,0.327293678925811,0.));
#10387=DIRECTION('',(-0.0942900657241258,0.995544767203233,0.));
#10388=DIRECTION('',(0.963059332574093,0.269289290433064,0.));
#10389=DIRECTION('',(0.338462761523354,-0.940979786744639,0.));
#10390=DIRECTION('',(-0.988718032514392,-0.149788691765665,0.));
#10391=DIRECTION('',(0.8424310449778,-0.538804170787135,0.));
#10392=DIRECTION('',(0.,0.,1.));
#10393=DIRECTION('',(1.,0.,0.));
#10394=DIRECTION('',(0.,0.,1.));
#10395=DIRECTION('',(1.,0.,0.));
#10396=DIRECTION('',(0.,0.,1.));
#10397=DIRECTION('',(1.,0.,0.));
#10398=DIRECTION('',(-0.35608696963566,0.934452818528412,0.));
#10399=DIRECTION('',(-0.934452818528412,-0.35608696963566,0.));
#10400=DIRECTION('',(0.35608696963566,-0.934452818528412,0.));
#10401=DIRECTION('',(0.,1.,0.));
#10402=DIRECTION('',(1.,0.,0.));
#10403=DIRECTION('',(0.850154144126533,-0.526533884213051,0.));
#10404=DIRECTION('',(-0.526533884213051,-0.850154144126533,0.));
#10405=DIRECTION('',(-0.850154144126533,0.526533884213051,0.));
#10406=DIRECTION('',(-0.408231801045105,-0.912878303288817,0.));
#10407=DIRECTION('',(-0.912878303288818,0.408231801045103,0.));
#10408=DIRECTION('',(0.408231801045101,0.912878303288819,0.));
#10409=DIRECTION('',(-0.850154144126533,0.526533884213051,0.));
#10410=DIRECTION('',(0.35608696963566,-0.934452818528412,0.));
#10411=DIRECTION('',(-0.959057270600418,0.28321220261224,0.));
#10412=DIRECTION('',(0.283212202612248,0.959057270600416,0.));
#10413=DIRECTION('',(0.959057270600419,-0.283212202612238,0.));
#10414=DIRECTION('',(0.356086969635675,-0.934452818528406,0.));
#10415=DIRECTION('',(-0.934452818528411,-0.356086969635661,0.));
#10416=DIRECTION('',(-0.356086969635641,0.934452818528419,0.));
#10417=DIRECTION('',(-0.526533884213052,-0.850154144126532,0.));
#10418=DIRECTION('',(-0.850154144126534,0.526533884213049,0.));
#10419=DIRECTION('',(0.526533884213051,0.850154144126533,0.));
#10420=DIRECTION('',(-0.35608696963566,0.934452818528412,0.));
#10421=DIRECTION('',(-0.28321220261224,-0.959057270600418,0.));
#10422=DIRECTION('',(0.593007446414749,-0.805196974967404,0.));
#10423=DIRECTION('',(-0.805196974967404,-0.59300744641475,0.));
#10424=DIRECTION('',(-0.593007446414748,0.805196974967405,0.));
#10425=DIRECTION('',(-0.959057270600419,0.283212202612236,0.));
#10426=DIRECTION('',(-0.283212202612242,-0.959057270600418,0.));
#10427=DIRECTION('',(-0.959057270600418,0.283212202612241,0.));
#10428=DIRECTION('',(0.283212202612242,0.959057270600417,0.));
#10429=DIRECTION('',(-0.95905727060042,0.283212202612235,0.));
#10430=DIRECTION('',(0.283212202612239,0.959057270600419,0.));
#10431=DIRECTION('',(-0.35608696963566,0.934452818528412,0.));
#10432=DIRECTION('',(0.934452818528412,0.35608696963566,0.));
#10433=DIRECTION('',(0.35608696963566,-0.934452818528412,0.));
#10434=DIRECTION('',(0.850154144126533,-0.526533884213051,0.));
#10435=DIRECTION('',(-1.,0.,0.));
#10436=DIRECTION('',(0.35608696963566,-0.934452818528412,0.));
#10437=DIRECTION('',(0.,0.,1.));
#10438=DIRECTION('',(1.,0.,0.));
#10439=DIRECTION('',(0.,1.,0.));
#10440=DIRECTION('',(-1.,0.,0.));
#10441=DIRECTION('',(0.,-1.,0.));
#10442=DIRECTION('',(1.,0.,0.));
#10443=DIRECTION('',(0.,1.,0.));
#10444=DIRECTION('',(0.,0.,1.));
#10445=DIRECTION('',(1.,0.,0.));
#10446=DIRECTION('',(0.,-1.,0.));
#10447=DIRECTION('',(-1.,0.,0.));
#10448=DIRECTION('',(0.,-1.,0.));
#10449=DIRECTION('',(0.,0.,1.));
#10450=DIRECTION('',(1.,0.,0.));
#10451=DIRECTION('',(0.,1.,0.));
#10452=DIRECTION('',(-1.,0.,0.));
#10453=DIRECTION('',(0.,0.,1.));
#10454=DIRECTION('',(1.,0.,0.));
#10455=DIRECTION('',(0.,0.,1.));
#10456=DIRECTION('',(1.,0.,0.));
#10457=DIRECTION('',(-1.,0.,0.));
#10458=DIRECTION('',(0.,1.,0.));
#10459=DIRECTION('',(-1.,0.,0.));
#10460=DIRECTION('',(0.,1.,0.));
#10461=DIRECTION('',(0.,0.,1.));
#10462=DIRECTION('',(1.,0.,0.));
#10463=DIRECTION('',(0.,-1.,0.));
#10464=DIRECTION('',(-1.,0.,0.));
#10465=DIRECTION('',(0.,-1.,0.));
#10466=DIRECTION('',(0.,0.,1.));
#10467=DIRECTION('',(1.,0.,0.));
#10468=DIRECTION('',(0.,0.,1.));
#10469=DIRECTION('',(1.,0.,0.));
#10470=DIRECTION('',(0.,0.,1.));
#10471=DIRECTION('',(1.,0.,0.));
#10472=DIRECTION('',(-0.730271503463528,0.683157032628017,0.));
#10473=DIRECTION('',(0.683157032628018,0.730271503463528,0.));
#10474=DIRECTION('',(0.730271503463528,-0.683157032628017,0.));
#10475=DIRECTION('',(-0.683157032628017,-0.730271503463528,0.));
#10476=DIRECTION('',(1.,0.,0.));
#10477=DIRECTION('',(0.,-1.,0.));
#10478=DIRECTION('',(1.,0.,0.));
#10479=DIRECTION('',(-0.730271503463529,0.683157032628017,0.));
#10480=DIRECTION('',(0.683157032628016,0.730271503463529,0.));
#10481=DIRECTION('',(0.730271503463529,-0.683157032628017,0.));
#10482=DIRECTION('',(-0.683157032628017,-0.730271503463529,0.));
#10483=DIRECTION('',(0.,0.,1.));
#10484=DIRECTION('',(1.,0.,0.));
#10485=DIRECTION('',(-0.35608696963566,0.934452818528412,0.));
#10486=DIRECTION('',(1.,0.,0.));
#10487=DIRECTION('',(0.,0.,1.));
#10488=DIRECTION('',(1.,0.,0.));
#10489=DIRECTION('',(0.,-1.,0.));
#10490=DIRECTION('',(0.,0.,1.));
#10491=DIRECTION('',(1.,0.,0.));
#10492=DIRECTION('',(-1.,0.,0.));
#10493=DIRECTION('',(0.,0.,1.));
#10494=DIRECTION('',(1.,0.,0.));
#10495=DIRECTION('',(0.,1.,0.));
#10496=DIRECTION('',(0.35608696963566,-0.934452818528412,0.));
#10497=DIRECTION('',(0.,0.,1.));
#10498=DIRECTION('',(1.,0.,0.));
#10499=DIRECTION('',(-0.934452818528412,-0.35608696963566,0.));
#10500=DIRECTION('',(-0.00509217844121241,0.999987034775313,0.));
#10501=DIRECTION('',(0.863468086349888,0.504403473278349,0.));
#10502=DIRECTION('',(0.8685602647911,-0.495583561496963,0.));
#10503=DIRECTION('',(0.00509217844121081,-0.999987034775313,0.));
#10504=DIRECTION('',(-0.863468086349888,-0.504403473278349,0.));
#10505=DIRECTION('',(-0.8685602647911,0.495583561496963,0.));
#10506=DIRECTION('',(-0.869523952215628,0.493890773879523,0.));
#10507=DIRECTION('',(-0.00704001923339113,0.999975218757542,0.));
#10508=DIRECTION('',(0.862483932982237,0.506084444878018,0.));
#10509=DIRECTION('',(0.869523952215628,-0.493890773879523,0.));
#10510=DIRECTION('',(0.00704001923338968,-0.999975218757542,0.));
#10511=DIRECTION('',(-0.862483932982237,-0.506084444878018,0.));
#10512=DIRECTION('',(-0.863468086349888,0.504403473278349,0.));
#10513=DIRECTION('',(0.00509217844121081,0.999987034775313,0.));
#10514=DIRECTION('',(0.8685602647911,0.495583561496963,0.));
#10515=DIRECTION('',(0.863468086349888,-0.504403473278349,0.));
#10516=DIRECTION('',(-0.00509217844121241,-0.999987034775313,0.));
#10517=DIRECTION('',(-0.8685602647911,-0.495583561496964,0.));
#10518=DIRECTION('',(0.880471257151248,0.474099531038053,0.));
#10519=DIRECTION('',(0.474099531038053,-0.880471257151248,0.));
#10520=DIRECTION('',(-0.525460710475976,-0.850817866376866,0.));
#10521=DIRECTION('',(-0.999560241514028,0.0296533907743813,0.));
#10522=DIRECTION('',(-0.474099531038053,0.880471257151248,0.));
#10523=DIRECTION('',(0.525460710475976,0.850817866376866,0.));
#10524=DIRECTION('',(0.999560241514028,-0.0296533907743813,0.));
#10525=DIRECTION('',(0.474099531038054,-0.880471257151247,0.));
#10526=DIRECTION('',(-0.880471257151248,-0.474099531038053,0.));
#10527=DIRECTION('',(0.,-1.,0.));
#10528=DIRECTION('',(-1.,0.,0.));
#10529=DIRECTION('',(0.,1.,0.));
#10530=DIRECTION('',(-0.838035028365008,-0.545616432334346,0.));
#10531=DIRECTION('',(-0.545616432334346,0.838035028365008,0.));
#10532=DIRECTION('',(0.838035028365008,0.545616432334346,0.));
#10533=DIRECTION('',(1.,0.,0.));
#10534=DIRECTION('',(-0.803126857226988,0.595808065739884,0.));
#10535=DIRECTION('',(0.595808065739884,0.803126857226988,0.));
#10536=DIRECTION('',(0.803126857226988,-0.595808065739884,0.));
#10537=DIRECTION('',(1.,0.,0.));
#10538=DIRECTION('',(0.,-1.,0.));
#10539=DIRECTION('',(1.,0.,0.));
#10540=DIRECTION('',(0.803126857226988,0.595808065739884,0.));
#10541=DIRECTION('',(0.595808065739884,-0.803126857226988,0.));
#10542=DIRECTION('',(-0.803126857226988,-0.595808065739884,0.));
#10543=DIRECTION('',(1.,0.,0.));
#10544=DIRECTION('',(0.838035028365008,-0.545616432334346,0.));
#10545=DIRECTION('',(-0.545616432334346,-0.838035028365008,0.));
#10546=DIRECTION('',(-0.838035028365008,0.545616432334346,0.));
#10547=DIRECTION('',(1.,4.18674471850934E-16,0.));
#10548=DIRECTION('',(0.,1.,0.));
#10549=DIRECTION('',(1.,4.38548337823767E-16,0.));
#10550=DIRECTION('',(0.,0.,1.));
#10551=DIRECTION('',(1.,0.,0.));
#10552=DIRECTION('',(0.,0.,1.));
#10553=DIRECTION('',(1.,0.,0.));
#10554=DIRECTION('',(0.625960585205262,-0.779854695292325,0.));
#10555=DIRECTION('',(-0.779854695292325,-0.625960585205262,0.));
#10556=DIRECTION('',(-0.625960585205262,0.779854695292326,0.));
#10557=DIRECTION('',(0.717368716205477,0.696693709609687,0.));
#10558=DIRECTION('',(0.,-1.,0.));
#10559=DIRECTION('',(-0.711258218376834,0.702930826462614,0.));
#10560=DIRECTION('',(0.702930826462614,0.711258218376833,0.));
#10561=DIRECTION('',(0.711258218376834,-0.702930826462613,0.));
#10562=DIRECTION('',(-0.702930826462614,-0.711258218376833,0.));
#10563=DIRECTION('',(1.,0.,0.));
#10564=DIRECTION('',(0.,-1.,0.));
#10565=DIRECTION('',(1.,0.,0.));
#10566=DIRECTION('',(0.,-1.,0.));
#10567=DIRECTION('',(0.,0.,1.));
#10568=DIRECTION('',(1.,0.,0.));
#10569=DIRECTION('',(1.,0.,0.));
#10570=DIRECTION('',(-0.5,0.866025403784439,0.));
#10571=DIRECTION('',(0.5,0.866025403784439,0.));
#10572=DIRECTION('',(1.,0.,0.));
#10573=DIRECTION('',(0.5,-0.866025403784438,0.));
#10574=DIRECTION('',(-0.5,-0.866025403784439,0.));
#10575=DIRECTION('',(1.,0.,0.));
#10576=DIRECTION('',(0.,0.,1.));
#10577=DIRECTION('',(1.,0.,0.));
#10578=DIRECTION('',(0.,-1.,0.));
#10579=DIRECTION('',(-1.,0.,0.));
#10580=DIRECTION('',(0.,0.,1.));
#10581=DIRECTION('',(1.,0.,0.));
#10582=DIRECTION('',(0.,-1.,0.));
#10583=DIRECTION('',(0.,0.,1.));
#10584=DIRECTION('',(1.,0.,0.));
#10585=DIRECTION('',(-1.,0.,0.));
#10586=DIRECTION('',(0.,-1.,0.));
#10587=DIRECTION('',(1.,0.,0.));
#10588=DIRECTION('',(0.,-1.,0.));
#10589=DIRECTION('',(1.,0.,0.));
#10590=DIRECTION('',(-0.527752850179876,0.849397980411431,0.));
#10591=DIRECTION('',(0.471723803869559,0.881746365381131,0.));
#10592=DIRECTION('',(0.728185569682072,-0.685380023130815,0.));
#10593=DIRECTION('',(-0.128919673489091,0.991655039712634,0.));
#10594=DIRECTION('',(0.991655039712635,0.128919673489088,0.));
#10595=DIRECTION('',(0.128919673489089,-0.991655039712635,0.));
#10596=DIRECTION('',(-0.728185569682072,0.685380023130815,0.));
#10597=DIRECTION('',(0.471723803869556,0.881746365381132,0.));
#10598=DIRECTION('',(0.999476654049434,0.0323483849697008,0.));
#10599=DIRECTION('',(0.527752850179877,-0.849397980411431,0.));
#10600=DIRECTION('',(-0.471723803869558,-0.881746365381131,0.));
#10601=DIRECTION('',(-0.999476654049434,-0.0323483849697013,0.));
#10602=DIRECTION('',(1.,0.,0.));
#10603=DIRECTION('',(0.,-1.,0.));
#10604=DIRECTION('',(-1.,0.,0.));
#10605=DIRECTION('',(0.,0.,1.));
#10606=DIRECTION('',(1.,0.,0.));
#10607=DIRECTION('',(1.,0.,0.));
#10608=DIRECTION('',(-0.5,0.866025403784439,0.));
#10609=DIRECTION('',(0.5,0.866025403784439,0.));
#10610=DIRECTION('',(1.,0.,0.));
#10611=DIRECTION('',(0.5,-0.866025403784439,0.));
#10612=DIRECTION('',(-0.5,-0.866025403784439,0.));
#10613=DIRECTION('',(1.,0.,0.));
#10614=DIRECTION('',(0.,0.,1.));
#10615=DIRECTION('',(1.,0.,0.));
#10616=DIRECTION('',(-1.,0.,0.));
#10617=DIRECTION('',(0.,-1.,0.));
#10618=DIRECTION('',(1.,0.,0.));
#10619=DIRECTION('',(0.,-1.,0.));
#10620=DIRECTION('',(1.,0.,0.));
#10621=DIRECTION('',(0.,-1.,0.));
#10622=DIRECTION('',(-1.,0.,0.));
#10623=DIRECTION('',(0.,0.,1.));
#10624=DIRECTION('',(1.,0.,0.));
#10625=DIRECTION('',(0.,-1.,0.));
#10626=DIRECTION('',(1.,0.,0.));
#10627=DIRECTION('',(0.,-1.,0.));
#10628=DIRECTION('',(1.,0.,0.));
#10629=DIRECTION('',(0.,-1.,0.));
#10630=DIRECTION('',(0.,0.,1.));
#10631=DIRECTION('',(1.,0.,0.));
#10632=DIRECTION('',(-1.,0.,0.));
#10633=DIRECTION('',(-0.858733322927919,0.512422755245291,0.));
#10634=DIRECTION('',(0.0144044620556785,0.999896250354449,0.));
#10635=DIRECTION('',(0.873137784983597,0.487473495109157,0.));
#10636=DIRECTION('',(0.858733322927918,-0.512422755245292,0.));
#10637=DIRECTION('',(-0.0144044620556785,-0.999896250354449,0.));
#10638=DIRECTION('',(-0.873137784983597,-0.487473495109158,0.));
#10639=DIRECTION('',(0.327293678925811,-0.944922667595189,0.));
#10640=DIRECTION('',(-0.944922667595189,-0.327293678925811,0.));
#10641=DIRECTION('',(-0.327293678925811,0.944922667595189,0.));
#10642=DIRECTION('',(0.944922667595189,0.327293678925811,0.));
#10643=DIRECTION('',(-0.17468070115238,0.984625133055679,0.));
#10644=DIRECTION('',(0.780868770817067,-0.624695095836875,0.));
#10645=DIRECTION('',(-0.624695095836875,-0.780868770817068,0.));
#10646=DIRECTION('',(-0.780868770817067,0.624695095836875,0.));
#10647=DIRECTION('',(0.624695095836875,0.780868770817068,0.));
#10648=DIRECTION('',(0.17468070115238,-0.984625133055679,0.));
#10649=DIRECTION('',(-0.984625133055679,-0.17468070115238,0.));
#10650=DIRECTION('',(0.,0.,1.));
#10651=DIRECTION('',(1.,0.,0.));
#10652=DIRECTION('',(0.,0.,1.));
#10653=DIRECTION('',(1.,0.,0.));
#10654=DIRECTION('',(0.,0.,1.));
#10655=DIRECTION('',(1.,0.,0.));
#10656=DIRECTION('',(0.,0.,1.));
#10657=DIRECTION('',(1.,0.,0.));
#10658=DIRECTION('',(0.,0.,1.));
#10659=DIRECTION('',(1.,0.,0.));
#10660=DIRECTION('',(-0.00704001923339113,0.999975218757542,0.));
#10661=DIRECTION('',(-0.869523952215628,0.493890773879523,0.));
#10662=DIRECTION('',(0.,0.,1.));
#10663=DIRECTION('',(1.,0.,0.));
#10664=DIRECTION('',(0.,0.,1.));
#10665=DIRECTION('',(1.,0.,0.));
#10666=DIRECTION('',(-0.869523952215628,0.493890773879523,0.));
#10667=DIRECTION('',(-0.862483932982237,-0.506084444878018,0.));
#10668=DIRECTION('',(0.,0.,1.));
#10669=DIRECTION('',(1.,0.,0.));
#10670=DIRECTION('',(0.,0.,1.));
#10671=DIRECTION('',(1.,0.,0.));
#10672=DIRECTION('',(-0.862483932982237,-0.506084444878018,0.));
#10673=DIRECTION('',(0.00704001923338968,-0.999975218757542,0.));
#10674=DIRECTION('',(0.,0.,1.));
#10675=DIRECTION('',(1.,0.,0.));
#10676=DIRECTION('',(0.,0.,1.));
#10677=DIRECTION('',(1.,0.,0.));
#10678=DIRECTION('',(0.00704001923338968,-0.999975218757542,0.));
#10679=DIRECTION('',(0.869523952215628,-0.493890773879523,0.));
#10680=DIRECTION('',(0.,0.,1.));
#10681=DIRECTION('',(1.,0.,0.));
#10682=DIRECTION('',(0.,0.,1.));
#10683=DIRECTION('',(1.,0.,0.));
#10684=DIRECTION('',(0.869523952215628,-0.493890773879523,0.));
#10685=DIRECTION('',(0.862483932982237,0.506084444878018,0.));
#10686=DIRECTION('',(0.,0.,1.));
#10687=DIRECTION('',(1.,0.,0.));
#10688=DIRECTION('',(0.,0.,1.));
#10689=DIRECTION('',(1.,0.,0.));
#10690=DIRECTION('',(0.,0.,1.));
#10691=DIRECTION('',(1.,0.,0.));
#10692=DIRECTION('',(0.,0.,1.));
#10693=DIRECTION('',(1.,0.,0.));
#10694=DIRECTION('',(0.,0.,1.));
#10695=DIRECTION('',(1.,0.,0.));
#10696=DIRECTION('',(0.,0.,1.));
#10697=DIRECTION('',(1.,0.,0.));
#10698=DIRECTION('',(0.,0.,1.));
#10699=DIRECTION('',(1.,0.,0.));
#10700=DIRECTION('',(0.,0.,1.));
#10701=DIRECTION('',(1.,0.,0.));
#10702=DIRECTION('',(0.,0.,1.));
#10703=DIRECTION('',(1.,0.,0.));
#10704=DIRECTION('',(0.,0.,1.));
#10705=DIRECTION('',(1.,0.,0.));
#10706=DIRECTION('',(0.,0.,1.));
#10707=DIRECTION('',(1.,0.,0.));
#10708=DIRECTION('',(0.,0.,1.));
#10709=DIRECTION('',(1.,0.,0.));
#10710=DIRECTION('',(0.,0.,1.));
#10711=DIRECTION('',(1.,0.,0.));
#10712=DIRECTION('',(0.,0.,1.));
#10713=DIRECTION('',(1.,0.,0.));
#10714=DIRECTION('',(0.,0.,1.));
#10715=DIRECTION('',(1.,0.,0.));
#10716=DIRECTION('',(0.,-1.,0.));
#10717=DIRECTION('',(0.,0.,-1.));
#10718=DIRECTION('',(1.,0.,0.));
#10719=DIRECTION('',(0.,0.,1.));
#10720=DIRECTION('',(0.,0.,1.));
#10721=DIRECTION('',(0.,-1.,0.));
#10722=DIRECTION('',(0.,0.,-1.));
#10723=DIRECTION('',(1.,0.,0.));
#10724=DIRECTION('',(0.,0.,1.));
#10725=DIRECTION('',(0.,0.,1.));
#10726=DIRECTION('',(1.,0.,0.));
#10727=DIRECTION('',(0.,0.,1.));
#10728=DIRECTION('',(-1.,0.,0.));
#10729=DIRECTION('',(0.,0.,1.));
#10730=DIRECTION('',(0.,-1.,0.));
#10731=DIRECTION('',(0.,0.,1.));
#10732=DIRECTION('',(0.,-1.,0.));
#10733=DIRECTION('',(0.,0.,-1.));
#10734=DIRECTION('',(1.,0.,0.));
#10735=DIRECTION('',(0.,0.,1.));
#10736=DIRECTION('',(1.,0.,0.));
#10737=DIRECTION('',(0.,0.,1.));
#10738=DIRECTION('',(1.,0.,0.));
#10739=DIRECTION('',(0.,0.,1.));
#10740=DIRECTION('',(1.,0.,0.));
#10741=DIRECTION('',(0.,0.,1.));
#10742=DIRECTION('',(1.,0.,0.));
#10743=DIRECTION('',(0.,0.,1.));
#10744=DIRECTION('',(1.,0.,0.));
#10745=DIRECTION('',(0.,0.,1.));
#10746=DIRECTION('',(1.,0.,0.));
#10747=DIRECTION('',(-1.,-9.39389421913631E-17,0.));
#10748=DIRECTION('',(0.,-1.,0.));
#10749=DIRECTION('',(-1.,0.,0.));
#10750=DIRECTION('',(0.,0.,1.));
#10751=DIRECTION('',(1.,0.,0.));
#10752=DIRECTION('',(0.,-1.,0.));
#10753=DIRECTION('',(0.,0.,1.));
#10754=DIRECTION('',(1.,0.,0.));
#10755=DIRECTION('',(-1.,0.,0.));
#10756=DIRECTION('',(0.,-1.,0.));
#10757=DIRECTION('',(0.,0.,1.));
#10758=DIRECTION('',(1.,0.,0.));
#10759=DIRECTION('',(1.,0.,0.));
#10760=DIRECTION('',(0.,0.,1.));
#10761=DIRECTION('',(1.,0.,0.));
#10762=DIRECTION('',(0.,-1.,0.));
#10763=DIRECTION('',(-1.,0.,0.));
#10764=DIRECTION('',(0.,0.,1.));
#10765=DIRECTION('',(1.,0.,0.));
#10766=DIRECTION('',(0.,-1.,0.));
#10767=DIRECTION('',(1.,0.,0.));
#10768=DIRECTION('',(0.,-1.,0.));
#10769=DIRECTION('',(1.,0.,0.));
#10770=DIRECTION('',(0.,-1.,0.));
#10771=DIRECTION('',(0.,0.,1.));
#10772=DIRECTION('',(1.,0.,0.));
#10773=DIRECTION('',(-1.,0.,0.));
#10774=DIRECTION('',(0.,-1.,0.));
#10775=DIRECTION('',(-1.,-9.39389421913631E-17,0.));
#10776=DIRECTION('',(-9.39389421913631E-17,1.,0.));
#10777=DIRECTION('',(0.,-1.,0.));
#10778=DIRECTION('',(1.,0.,0.));
#10779=DIRECTION('',(0.,-1.,0.));
#10780=DIRECTION('',(-1.,0.,0.));
#10781=DIRECTION('',(0.,0.,1.));
#10782=DIRECTION('',(1.,0.,0.));
#10783=DIRECTION('',(1.,0.,0.));
#10784=DIRECTION('',(0.,0.,1.));
#10785=DIRECTION('',(1.,0.,0.));
#10786=DIRECTION('',(-1.,0.,0.));
#10787=DIRECTION('',(0.,-1.,0.));
#10788=DIRECTION('',(0.,1.,0.));
#10789=DIRECTION('',(0.,0.,1.));
#10790=DIRECTION('',(0.,0.,1.));
#10791=DIRECTION('',(0.,0.,1.));
#10792=DIRECTION('',(0.,1.,0.));
#10793=DIRECTION('',(0.,0.,1.));
#10794=DIRECTION('',(0.,0.,1.));
#10795=DIRECTION('',(0.,0.,1.));
#10796=DIRECTION('',(0.,1.,0.));
#10797=DIRECTION('',(0.,0.,1.));
#10798=DIRECTION('',(0.,0.,1.));
#10799=DIRECTION('',(0.,0.,1.));
#10800=DIRECTION('',(-1.,0.,0.));
#10801=DIRECTION('',(0.,0.,1.));
#10802=DIRECTION('',(0.,0.,1.));
#10803=DIRECTION('',(0.,0.,1.));
#10804=DIRECTION('',(0.,1.,0.));
#10805=DIRECTION('',(0.,0.,1.));
#10806=DIRECTION('',(0.,0.,1.));
#10807=DIRECTION('',(0.,0.,1.));
#10808=DIRECTION('',(0.,1.,0.));
#10809=DIRECTION('',(0.,0.,1.));
#10810=DIRECTION('',(0.,0.,1.));
#10811=DIRECTION('',(0.,0.,1.));
#10812=DIRECTION('',(0.,0.,1.));
#10813=DIRECTION('',(1.,0.,0.));
#10814=DIRECTION('',(-1.,0.,0.));
#10815=DIRECTION('',(0.,0.,1.));
#10816=DIRECTION('',(0.,0.,1.));
#10817=DIRECTION('',(0.,0.,1.));
#10818=DIRECTION('',(0.,0.,1.));
#10819=DIRECTION('',(1.,0.,0.));
#10820=DIRECTION('',(0.,0.,1.));
#10821=DIRECTION('',(0.,1.,0.));
#10822=DIRECTION('',(0.,0.,1.));
#10823=DIRECTION('',(0.,0.,1.));
#10824=DIRECTION('',(0.,0.,1.));
#10825=DIRECTION('',(1.,0.,0.));
#10826=DIRECTION('',(0.,0.,1.));
#10827=DIRECTION('',(-1.,0.,0.));
#10828=DIRECTION('',(0.,0.,1.));
#10829=DIRECTION('',(0.,0.,1.));
#10830=DIRECTION('',(0.,0.,1.));
#10831=DIRECTION('',(1.,0.,0.));
#10832=DIRECTION('',(0.,0.,1.));
#10833=DIRECTION('',(1.,0.,0.));
#10834=DIRECTION('',(0.,0.,-1.));
#10835=DIRECTION('',(-1.,0.,0.));
#10836=DIRECTION('',(0.,0.,1.));
#10837=DIRECTION('',(1.,0.,0.));
#10838=DIRECTION('',(0.,0.,-1.));
#10839=DIRECTION('',(-1.,0.,0.));
#10840=DIRECTION('',(0.,0.,1.));
#10841=DIRECTION('',(1.,0.,0.));
#10842=DIRECTION('',(0.,0.,-1.));
#10843=DIRECTION('',(-1.,0.,0.));
#10844=DIRECTION('',(0.,0.,1.));
#10845=DIRECTION('',(1.,0.,0.));
#10846=DIRECTION('',(0.,0.,-1.));
#10847=DIRECTION('',(-1.,0.,0.));
#10848=DIRECTION('',(-1.,0.,0.));
#10849=DIRECTION('',(0.,0.,1.));
#10850=DIRECTION('',(0.,0.,1.));
#10851=DIRECTION('',(-1.,0.,0.));
#10852=DIRECTION('',(0.,0.,1.));
#10853=DIRECTION('',(-9.39389421913631E-17,1.,0.));
#10854=DIRECTION('',(0.,0.,-1.));
#10855=DIRECTION('',(0.,-1.,0.));
#10856=DIRECTION('',(0.,0.,-1.));
#10857=DIRECTION('',(0.,0.,-1.));
#10858=DIRECTION('',(-1.,0.,0.));
#10859=DIRECTION('',(0.,0.,-1.));
#10860=DIRECTION('',(1.,0.,0.));
#10861=DIRECTION('',(0.,0.,1.));
#10862=DIRECTION('',(1.,0.,0.));
#10863=DIRECTION('',(0.,0.,1.));
#10864=DIRECTION('',(1.,0.,0.));
#10865=DIRECTION('',(-1.,0.,0.));
#10866=DIRECTION('',(0.,0.,1.));
#10867=DIRECTION('',(0.,0.,1.));
#10868=DIRECTION('',(-1.,0.,0.));
#10869=DIRECTION('',(0.,0.,1.));
#10870=DIRECTION('',(0.,0.,1.));
#10871=DIRECTION('',(-1.,0.,0.));
#10872=DIRECTION('',(0.,0.,1.));
#10873=DIRECTION('',(-9.39389421913631E-17,1.,0.));
#10874=DIRECTION('',(0.,0.,-1.));
#10875=DIRECTION('',(-1.,0.,0.));
#10876=DIRECTION('',(0.,0.,1.));
#10877=DIRECTION('',(0.,0.,-1.));
#10878=DIRECTION('',(-9.39389421913631E-17,1.,0.));
#10879=DIRECTION('',(-1.,0.,0.));
#10880=DIRECTION('',(0.,0.,1.));
#10881=DIRECTION('',(0.,0.,1.));
#10882=DIRECTION('',(-1.,0.,0.));
#10883=DIRECTION('',(0.,0.,1.));
#10884=DIRECTION('',(0.,0.,1.));
#10885=DIRECTION('',(0.,-1.,0.));
#10886=DIRECTION('',(0.,0.,-1.));
#10887=DIRECTION('',(0.,0.,-1.));
#10888=DIRECTION('',(-1.,0.,0.));
#10889=DIRECTION('',(0.,0.,-1.));
#10890=DIRECTION('',(1.,0.,0.));
#10891=DIRECTION('',(0.,0.,1.));
#10892=DIRECTION('',(1.,0.,0.));
#10893=DIRECTION('',(0.,0.,1.));
#10894=DIRECTION('',(1.,0.,0.));
#10895=DIRECTION('',(-1.,0.,0.));
#10896=DIRECTION('',(0.,0.,1.));
#10897=DIRECTION('',(0.,0.,1.));
#10898=DIRECTION('',(0.,0.,1.));
#10899=DIRECTION('',(0.,-1.,0.));
#10900=DIRECTION('',(0.,0.,-1.));
#10901=DIRECTION('',(0.,-1.,0.));
#10902=DIRECTION('',(0.,0.,-1.));
#10903=DIRECTION('',(0.,-1.,0.));
#10904=DIRECTION('',(0.,0.,-1.));
#10905=DIRECTION('',(0.,0.,1.));
#10906=DIRECTION('',(-1.,0.,0.));
#10907=DIRECTION('',(0.,0.,1.));
#10908=DIRECTION('',(0.,0.,-1.));
#10909=DIRECTION('',(-1.,0.,0.));
#10910=DIRECTION('',(-1.,-9.39389421913631E-17,0.));
#10911=DIRECTION('',(-9.39389421913631E-17,1.,0.));
#10912=DIRECTION('',(-1.,-9.39389421913631E-17,0.));
#10913=DIRECTION('',(0.,0.,-1.));
#10914=DIRECTION('',(-1.,0.,0.));
#10915=DIRECTION('',(-9.39389421913631E-17,1.,0.));
#10916=DIRECTION('',(-1.,-9.39389421913631E-17,0.));
#10917=DIRECTION('',(1.,9.39389421913631E-17,0.));
#10918=DIRECTION('',(-9.39389421913631E-17,1.,0.));
#10919=DIRECTION('',(0.,0.,-1.));
#10920=DIRECTION('',(-9.39389421913631E-17,1.,0.));
#10921=DIRECTION('',(-1.,-9.39389421913631E-17,0.));
#10922=DIRECTION('',(0.,0.,-1.));
#10923=DIRECTION('',(-1.,0.,0.));
#10924=DIRECTION('',(0.,0.,-1.));
#10925=DIRECTION('',(0.,0.,1.));
#10926=DIRECTION('',(1.,0.,0.));
#10927=DIRECTION('',(0.,0.,-1.));
#10928=DIRECTION('',(0.,0.,-1.));
#10929=DIRECTION('',(-1.,0.,0.));
#10930=DIRECTION('',(0.,0.,1.));
#10931=DIRECTION('',(1.,0.,0.));
#10932=DIRECTION('',(0.,0.,1.));
#10933=DIRECTION('',(1.,0.,0.));
#10934=DIRECTION('',(0.,0.,1.));
#10935=DIRECTION('',(1.,0.,0.));
#10936=DIRECTION('',(0.,0.,1.));
#10937=DIRECTION('',(1.,0.,0.));
#10938=DIRECTION('',(0.,0.,1.));
#10939=DIRECTION('',(1.,0.,0.));
#10940=DIRECTION('',(0.,0.,1.));
#10941=DIRECTION('',(1.,0.,0.));
#10942=DIRECTION('',(0.,0.,1.));
#10943=DIRECTION('',(1.,0.,0.));
#10944=DIRECTION('',(0.,0.,1.));
#10945=DIRECTION('',(1.,0.,0.));
#10946=DIRECTION('',(0.,0.,1.));
#10947=DIRECTION('',(1.,0.,0.));
#10948=DIRECTION('',(0.,0.,-1.));
#10949=DIRECTION('',(-1.,0.,0.));
#10950=DIRECTION('',(0.,0.,1.));
#10951=DIRECTION('',(1.,0.,0.));
#10952=DIRECTION('',(0.,0.,1.));
#10953=DIRECTION('',(1.,0.,0.));
#10954=DIRECTION('',(0.,0.,-1.));
#10955=DIRECTION('',(-1.,0.,0.));
#10956=DIRECTION('',(0.,0.,1.));
#10957=DIRECTION('',(1.,0.,0.));
#10958=DIRECTION('',(0.,0.,1.));
#10959=DIRECTION('',(1.,0.,0.));
#10960=DIRECTION('',(0.,0.,1.));
#10961=DIRECTION('',(1.,0.,0.));
#10962=DIRECTION('',(0.,0.,1.));
#10963=DIRECTION('',(1.,0.,0.));
#10964=DIRECTION('',(0.,0.,-1.));
#10965=DIRECTION('',(-1.,0.,0.));
#10966=DIRECTION('',(0.,0.,1.));
#10967=DIRECTION('',(1.,0.,0.));
#10968=DIRECTION('',(0.,0.,1.));
#10969=DIRECTION('',(1.,0.,0.));
#10970=DIRECTION('',(0.625960585205262,-0.779854695292326,0.));
#10971=DIRECTION('',(0.779854695292326,0.625960585205262,0.));
#10972=DIRECTION('',(0.,0.,-1.));
#10973=DIRECTION('',(-0.779854695292325,-0.625960585205262,0.));
#10974=DIRECTION('',(0.,0.,-1.));
#10975=DIRECTION('',(0.779854695292325,0.625960585205262,0.));
#10976=DIRECTION('',(-0.625960585205262,0.779854695292325,0.));
#10977=DIRECTION('',(0.,0.,-1.));
#10978=DIRECTION('',(0.625960585205262,-0.779854695292325,0.));
#10979=DIRECTION('',(0.,1.,0.));
#10980=DIRECTION('',(0.,0.,1.));
#10981=DIRECTION('',(0.,0.,-1.));
#10982=DIRECTION('',(1.,0.,0.));
#10983=DIRECTION('',(1.,0.,0.));
#10984=DIRECTION('',(0.,0.,-1.));
#10985=DIRECTION('',(0.,0.,-1.));
#10986=DIRECTION('',(0.,-1.,0.));
#10987=DIRECTION('',(0.,1.,0.));
#10988=DIRECTION('',(0.,0.,1.));
#10989=DIRECTION('',(0.,0.,-1.));
#10990=DIRECTION('',(1.,0.,0.));
#10991=DIRECTION('',(0.711258218376833,-0.702930826462614,0.));
#10992=DIRECTION('',(0.702930826462614,0.711258218376833,0.));
#10993=DIRECTION('',(0.,0.,-1.));
#10994=DIRECTION('',(-0.702930826462614,-0.711258218376833,0.));
#10995=DIRECTION('',(0.702930826462613,0.711258218376834,0.));
#10996=DIRECTION('',(-0.711258218376834,0.702930826462613,0.));
#10997=DIRECTION('',(0.,0.,-1.));
#10998=DIRECTION('',(0.711258218376834,-0.702930826462613,0.));
#10999=DIRECTION('',(-0.711258218376833,0.702930826462614,0.));
#11000=DIRECTION('',(-0.702930826462614,-0.711258218376833,0.));
#11001=DIRECTION('',(0.,0.,-1.));
#11002=DIRECTION('',(0.702930826462614,0.711258218376833,0.));
#11003=DIRECTION('',(-0.702930826462613,-0.711258218376833,0.));
#11004=DIRECTION('',(0.711258218376834,-0.702930826462614,0.));
#11005=DIRECTION('',(0.,0.,-1.));
#11006=DIRECTION('',(-0.711258218376834,0.702930826462614,0.));
#11007=DIRECTION('',(1.,0.,0.));
#11008=DIRECTION('',(0.,0.,-1.));
#11009=DIRECTION('',(0.,0.,-1.));
#11010=DIRECTION('',(0.,-1.,0.));
#11011=DIRECTION('',(-0.696693709609686,0.717368716205477,0.));
#11012=DIRECTION('',(-0.717368716205477,-0.696693709609687,0.));
#11013=DIRECTION('',(0.,0.,-1.));
#11014=DIRECTION('',(0.717368716205477,0.696693709609687,0.));
#11015=DIRECTION('',(-0.779854695292325,-0.625960585205262,0.));
#11016=DIRECTION('',(0.625960585205262,-0.779854695292326,0.));
#11017=DIRECTION('',(-0.625960585205262,0.779854695292326,0.));
#11018=DIRECTION('',(0.,0.,1.));
#11019=DIRECTION('',(1.,0.,0.));
#11020=DIRECTION('',(0.,0.,-1.));
#11021=DIRECTION('',(-1.,0.,0.));
#11022=DIRECTION('',(0.,0.,-1.));
#11023=DIRECTION('',(0.,0.,1.));
#11024=DIRECTION('',(1.,0.,0.));
#11025=DIRECTION('',(0.,0.,-1.));
#11026=DIRECTION('',(0.,0.,-1.));
#11027=DIRECTION('',(-1.,0.,0.));
#11028=DIRECTION('',(0.,0.,-1.));
#11029=DIRECTION('',(0.,0.,1.));
#11030=DIRECTION('',(1.,0.,0.));
#11031=DIRECTION('',(0.,0.,-1.));
#11032=DIRECTION('',(-1.,0.,0.));
#11033=DIRECTION('',(0.,0.,1.));
#11034=DIRECTION('',(1.,0.,0.));
#11035=DIRECTION('',(0.,0.,1.));
#11036=DIRECTION('',(1.,0.,0.));
#11037=DIRECTION('',(0.,0.,-1.));
#11038=DIRECTION('',(-1.,0.,0.));
#11039=DIRECTION('',(0.,0.,-1.));
#11040=DIRECTION('',(0.,0.,1.));
#11041=DIRECTION('',(1.,0.,0.));
#11042=DIRECTION('',(0.,0.,-1.));
#11043=DIRECTION('',(0.,0.,-1.));
#11044=DIRECTION('',(-1.,0.,0.));
#11045=DIRECTION('',(0.,0.,-1.));
#11046=DIRECTION('',(0.,0.,1.));
#11047=DIRECTION('',(1.,0.,0.));
#11048=DIRECTION('',(0.,0.,-1.));
#11049=DIRECTION('',(-1.,0.,0.));
#11050=DIRECTION('',(0.,0.,1.));
#11051=DIRECTION('',(1.,0.,0.));
#11052=DIRECTION('',(0.,0.,1.));
#11053=DIRECTION('',(1.,0.,0.));
#11054=DIRECTION('',(-0.595808065739884,0.803126857226988,0.));
#11055=DIRECTION('',(-0.803126857226988,-0.595808065739884,0.));
#11056=DIRECTION('',(0.,0.,-1.));
#11057=DIRECTION('',(0.803126857226988,0.595808065739884,0.));
#11058=DIRECTION('',(0.,0.,-1.));
#11059=DIRECTION('',(-4.38548337823767E-16,1.,0.));
#11060=DIRECTION('',(-1.,-4.38548337823767E-16,0.));
#11061=DIRECTION('',(0.,0.,-1.));
#11062=DIRECTION('',(1.,4.38548337823767E-16,0.));
#11063=DIRECTION('',(-1.,0.,0.));
#11064=DIRECTION('',(0.,0.,1.));
#11065=DIRECTION('',(0.,0.,-1.));
#11066=DIRECTION('',(0.,1.,0.));
#11067=DIRECTION('',(-4.18674471850934E-16,1.,0.));
#11068=DIRECTION('',(-1.,-4.18674471850934E-16,0.));
#11069=DIRECTION('',(0.,0.,-1.));
#11070=DIRECTION('',(1.,4.18674471850934E-16,0.));
#11071=DIRECTION('',(-0.545616432334346,-0.838035028365008,0.));
#11072=DIRECTION('',(0.838035028365008,-0.545616432334346,0.));
#11073=DIRECTION('',(0.,0.,-1.));
#11074=DIRECTION('',(-0.838035028365008,0.545616432334346,0.));
#11075=DIRECTION('',(0.838035028365008,-0.545616432334346,0.));
#11076=DIRECTION('',(0.545616432334346,0.838035028365008,0.));
#11077=DIRECTION('',(0.,0.,-1.));
#11078=DIRECTION('',(-0.545616432334346,-0.838035028365008,0.));
#11079=DIRECTION('',(0.545616432334346,0.838035028365008,0.));
#11080=DIRECTION('',(-0.838035028365008,0.545616432334346,0.));
#11081=DIRECTION('',(0.,0.,-1.));
#11082=DIRECTION('',(0.838035028365008,-0.545616432334346,0.));
#11083=DIRECTION('',(0.,1.,0.));
#11084=DIRECTION('',(0.,0.,1.));
#11085=DIRECTION('',(0.,0.,-1.));
#11086=DIRECTION('',(1.,0.,0.));
#11087=DIRECTION('',(0.595808065739884,-0.803126857226987,0.));
#11088=DIRECTION('',(0.803126857226988,0.595808065739884,0.));
#11089=DIRECTION('',(0.,0.,-1.));
#11090=DIRECTION('',(-0.803126857226988,-0.595808065739884,0.));
#11091=DIRECTION('',(0.803126857226988,0.595808065739883,0.));
#11092=DIRECTION('',(-0.595808065739884,0.803126857226988,0.));
#11093=DIRECTION('',(0.595808065739884,-0.803126857226988,0.));
#11094=DIRECTION('',(0.,0.,1.));
#11095=DIRECTION('',(1.,0.,0.));
#11096=DIRECTION('',(-0.685380023130815,-0.728185569682072,0.));
#11097=DIRECTION('',(0.728185569682072,-0.685380023130815,0.));
#11098=DIRECTION('',(0.,0.,-1.));
#11099=DIRECTION('',(-0.728185569682072,0.685380023130815,0.));
#11100=DIRECTION('',(0.,0.,-1.));
#11101=DIRECTION('',(0.991655039712634,0.128919673489089,0.));
#11102=DIRECTION('',(-0.128919673489089,0.991655039712635,0.));
#11103=DIRECTION('',(0.,0.,-1.));
#11104=DIRECTION('',(0.128919673489089,-0.991655039712635,0.));
#11105=DIRECTION('',(-0.128919673489088,0.991655039712635,0.));
#11106=DIRECTION('',(-0.991655039712635,-0.128919673489088,0.));
#11107=DIRECTION('',(0.,0.,-1.));
#11108=DIRECTION('',(0.991655039712635,0.128919673489088,0.));
#11109=DIRECTION('',(-0.991655039712634,-0.128919673489091,0.));
#11110=DIRECTION('',(0.128919673489091,-0.991655039712634,0.));
#11111=DIRECTION('',(0.,0.,-1.));
#11112=DIRECTION('',(-0.128919673489091,0.991655039712634,0.));
#11113=DIRECTION('',(0.685380023130815,0.728185569682072,0.));
#11114=DIRECTION('',(-0.728185569682072,0.685380023130815,0.));
#11115=DIRECTION('',(0.,0.,-1.));
#11116=DIRECTION('',(0.728185569682072,-0.685380023130815,0.));
#11117=DIRECTION('',(-0.88174636538113,0.471723803869559,0.));
#11118=DIRECTION('',(-0.471723803869559,-0.881746365381131,0.));
#11119=DIRECTION('',(0.,0.,-1.));
#11120=DIRECTION('',(0.471723803869559,0.881746365381131,0.));
#11121=DIRECTION('',(-0.849397980411431,-0.527752850179876,0.));
#11122=DIRECTION('',(0.527752850179876,-0.849397980411431,0.));
#11123=DIRECTION('',(-0.527752850179876,0.849397980411431,0.));
#11124=DIRECTION('',(0.,0.,-1.));
#11125=DIRECTION('',(-0.527752850179876,0.849397980411431,0.));
#11126=DIRECTION('',(0.0323483849697012,-0.999476654049434,0.));
#11127=DIRECTION('',(0.999476654049434,0.0323483849697013,0.));
#11128=DIRECTION('',(-0.999476654049434,-0.0323483849697013,0.));
#11129=DIRECTION('',(0.,0.,-1.));
#11130=DIRECTION('',(-0.999476654049434,-0.0323483849697013,0.));
#11131=DIRECTION('',(0.881746365381131,-0.471723803869558,0.));
#11132=DIRECTION('',(0.471723803869558,0.881746365381131,0.));
#11133=DIRECTION('',(0.,0.,-1.));
#11134=DIRECTION('',(-0.471723803869558,-0.881746365381131,0.));
#11135=DIRECTION('',(0.849397980411431,0.527752850179876,0.));
#11136=DIRECTION('',(-0.527752850179876,0.849397980411431,0.));
#11137=DIRECTION('',(0.,0.,-1.));
#11138=DIRECTION('',(0.527752850179877,-0.849397980411431,0.));
#11139=DIRECTION('',(-0.0323483849697008,0.999476654049434,0.));
#11140=DIRECTION('',(-0.999476654049434,-0.0323483849697008,0.));
#11141=DIRECTION('',(0.,0.,-1.));
#11142=DIRECTION('',(0.999476654049434,0.0323483849697008,0.));
#11143=DIRECTION('',(-0.881746365381132,0.471723803869556,0.));
#11144=DIRECTION('',(-0.471723803869556,-0.881746365381132,0.));
#11145=DIRECTION('',(0.471723803869556,0.881746365381132,0.));
#11146=DIRECTION('',(0.,0.,1.));
#11147=DIRECTION('',(1.,0.,0.));
#11148=DIRECTION('',(0.,0.,1.));
#11149=DIRECTION('',(1.,0.,0.));
#11150=DIRECTION('',(0.,0.,1.));
#11151=DIRECTION('',(1.,0.,0.));
#11152=DIRECTION('',(-0.866025403784439,-0.5,0.));
#11153=DIRECTION('',(0.5,-0.866025403784439,0.));
#11154=DIRECTION('',(0.,0.,-1.));
#11155=DIRECTION('',(-0.866025403784439,-0.5,0.));
#11156=DIRECTION('',(0.5,-0.866025403784439,0.));
#11157=DIRECTION('',(-0.5,0.866025403784439,0.));
#11158=DIRECTION('',(0.,0.,-1.));
#11159=DIRECTION('',(-0.866025403784439,-0.5,0.));
#11160=DIRECTION('',(-0.5,0.866025403784439,0.));
#11161=DIRECTION('',(0.866025403784439,-0.5,0.));
#11162=DIRECTION('',(0.5,0.866025403784439,0.));
#11163=DIRECTION('',(-0.5,-0.866025403784439,0.));
#11164=DIRECTION('',(0.866025403784439,-0.5,0.));
#11165=DIRECTION('',(0.5,0.866025403784439,0.));
#11166=DIRECTION('',(0.,0.,-1.));
#11167=DIRECTION('',(0.866025403784439,-0.5,0.));
#11168=DIRECTION('',(-0.5,-0.866025403784439,0.));
#11169=DIRECTION('',(0.,0.,-1.));
#11170=DIRECTION('',(0.866025403784439,0.5,0.));
#11171=DIRECTION('',(-0.5,0.866025403784439,0.));
#11172=DIRECTION('',(0.,0.,-1.));
#11173=DIRECTION('',(0.5,-0.866025403784439,0.));
#11174=DIRECTION('',(0.,1.,0.));
#11175=DIRECTION('',(0.,0.,1.));
#11176=DIRECTION('',(0.,0.,-1.));
#11177=DIRECTION('',(1.,0.,0.));
#11178=DIRECTION('',(-0.866025403784438,0.5,0.));
#11179=DIRECTION('',(-0.5,-0.866025403784439,0.));
#11180=DIRECTION('',(0.5,0.866025403784439,0.));
#11181=DIRECTION('',(0.,0.,1.));
#11182=DIRECTION('',(1.,0.,0.));
#11183=DIRECTION('',(0.,0.,1.));
#11184=DIRECTION('',(1.,0.,0.));
#11185=DIRECTION('',(-1.,0.,0.));
#11186=DIRECTION('',(0.545616432334346,-0.838035028365008,0.));
#11187=DIRECTION('',(0.838035028365008,0.545616432334346,0.));
#11188=DIRECTION('',(0.,0.,-1.));
#11189=DIRECTION('',(-0.838035028365008,-0.545616432334346,0.));
#11190=DIRECTION('',(0.,0.,-1.));
#11191=DIRECTION('',(0.,1.,0.));
#11192=DIRECTION('',(0.,0.,1.));
#11193=DIRECTION('',(0.,0.,-1.));
#11194=DIRECTION('',(1.,0.,0.));
#11195=DIRECTION('',(1.,0.,0.));
#11196=DIRECTION('',(0.,0.,-1.));
#11197=DIRECTION('',(0.,0.,-1.));
#11198=DIRECTION('',(0.,-1.,0.));
#11199=DIRECTION('',(0.,1.,0.));
#11200=DIRECTION('',(0.,0.,1.));
#11201=DIRECTION('',(0.,0.,-1.));
#11202=DIRECTION('',(1.,0.,0.));
#11203=DIRECTION('',(0.595808065739884,0.803126857226988,0.));
#11204=DIRECTION('',(-0.803126857226988,0.595808065739884,0.));
#11205=DIRECTION('',(0.,0.,-1.));
#11206=DIRECTION('',(0.803126857226988,-0.595808065739884,0.));
#11207=DIRECTION('',(-0.803126857226988,0.595808065739883,0.));
#11208=DIRECTION('',(-0.595808065739884,-0.803126857226988,0.));
#11209=DIRECTION('',(0.,0.,-1.));
#11210=DIRECTION('',(0.595808065739884,0.803126857226988,0.));
#11211=DIRECTION('',(-0.595808065739884,-0.803126857226988,0.));
#11212=DIRECTION('',(0.803126857226988,-0.595808065739884,0.));
#11213=DIRECTION('',(0.,0.,-1.));
#11214=DIRECTION('',(-0.803126857226988,0.595808065739884,0.));
#11215=DIRECTION('',(0.,1.,0.));
#11216=DIRECTION('',(0.,0.,1.));
#11217=DIRECTION('',(0.,0.,-1.));
#11218=DIRECTION('',(1.,0.,0.));
#11219=DIRECTION('',(-0.545616432334346,0.838035028365008,0.));
#11220=DIRECTION('',(-0.838035028365008,-0.545616432334346,0.));
#11221=DIRECTION('',(0.,0.,-1.));
#11222=DIRECTION('',(0.838035028365008,0.545616432334346,0.));
#11223=DIRECTION('',(-0.838035028365008,-0.545616432334346,0.));
#11224=DIRECTION('',(0.545616432334346,-0.838035028365008,0.));
#11225=DIRECTION('',(-0.545616432334346,0.838035028365008,0.));
#11226=DIRECTION('',(0.,0.,1.));
#11227=DIRECTION('',(1.,0.,0.));
#11228=DIRECTION('',(0.866025403784438,0.5,0.));
#11229=DIRECTION('',(-0.5,0.866025403784438,0.));
#11230=DIRECTION('',(0.,0.,-1.));
#11231=DIRECTION('',(0.5,-0.866025403784438,0.));
#11232=DIRECTION('',(0.,0.,-1.));
#11233=DIRECTION('',(0.,1.,0.));
#11234=DIRECTION('',(0.,0.,1.));
#11235=DIRECTION('',(0.,0.,-1.));
#11236=DIRECTION('',(1.,0.,0.));
#11237=DIRECTION('',(-0.866025403784439,0.5,0.));
#11238=DIRECTION('',(-0.5,-0.866025403784439,0.));
#11239=DIRECTION('',(0.,0.,-1.));
#11240=DIRECTION('',(0.5,0.866025403784439,0.));
#11241=DIRECTION('',(-0.866025403784438,-0.5,0.));
#11242=DIRECTION('',(0.5,-0.866025403784439,0.));
#11243=DIRECTION('',(0.,0.,-1.));
#11244=DIRECTION('',(-0.866025403784438,-0.5,0.));
#11245=DIRECTION('',(-0.5,0.866025403784439,0.));
#11246=DIRECTION('',(-0.5,0.866025403784439,0.));
#11247=DIRECTION('',(-0.866025403784438,-0.5,0.));
#11248=DIRECTION('',(0.5,-0.866025403784439,0.));
#11249=DIRECTION('',(0.866025403784439,-0.5,0.));
#11250=DIRECTION('',(0.5,0.866025403784439,0.));
#11251=DIRECTION('',(-0.5,-0.866025403784439,0.));
#11252=DIRECTION('',(0.866025403784439,-0.5,0.));
#11253=DIRECTION('',(-0.5,-0.866025403784439,0.));
#11254=DIRECTION('',(0.,0.,-1.));
#11255=DIRECTION('',(0.866025403784439,-0.5,0.));
#11256=DIRECTION('',(0.5,0.866025403784439,0.));
#11257=DIRECTION('',(0.,0.,1.));
#11258=DIRECTION('',(1.,0.,0.));
#11259=DIRECTION('',(0.,0.,1.));
#11260=DIRECTION('',(1.,0.,0.));
#11261=DIRECTION('',(-1.,0.,0.));
#11262=DIRECTION('',(-0.474099531038053,0.880471257151248,0.));
#11263=DIRECTION('',(-0.880471257151248,-0.474099531038053,0.));
#11264=DIRECTION('',(0.,0.,-1.));
#11265=DIRECTION('',(0.880471257151248,0.474099531038053,0.));
#11266=DIRECTION('',(0.,0.,-1.));
#11267=DIRECTION('',(-1.,0.,0.));
#11268=DIRECTION('',(0.,0.,1.));
#11269=DIRECTION('',(0.,0.,-1.));
#11270=DIRECTION('',(0.,1.,0.));
#11271=DIRECTION('',(0.,-1.,0.));
#11272=DIRECTION('',(0.,0.,-1.));
#11273=DIRECTION('',(0.,0.,-1.));
#11274=DIRECTION('',(-1.,0.,0.));
#11275=DIRECTION('',(1.,0.,0.));
#11276=DIRECTION('',(0.,0.,-1.));
#11277=DIRECTION('',(0.,0.,-1.));
#11278=DIRECTION('',(0.,-1.,0.));
#11279=DIRECTION('',(0.474099531038053,-0.880471257151248,0.));
#11280=DIRECTION('',(0.880471257151248,0.474099531038053,0.));
#11281=DIRECTION('',(0.,0.,-1.));
#11282=DIRECTION('',(-0.880471257151248,-0.474099531038053,0.));
#11283=DIRECTION('',(0.880471257151247,0.474099531038054,0.));
#11284=DIRECTION('',(-0.474099531038054,0.880471257151247,0.));
#11285=DIRECTION('',(0.,0.,-1.));
#11286=DIRECTION('',(0.474099531038054,-0.880471257151247,0.));
#11287=DIRECTION('',(0.0296533907743813,0.999560241514028,0.));
#11288=DIRECTION('',(-0.999560241514028,0.0296533907743813,0.));
#11289=DIRECTION('',(0.,0.,-1.));
#11290=DIRECTION('',(0.999560241514028,-0.0296533907743813,0.));
#11291=DIRECTION('',(-0.850817866376866,0.525460710475975,0.));
#11292=DIRECTION('',(-0.525460710475976,-0.850817866376866,0.));
#11293=DIRECTION('',(0.,0.,-1.));
#11294=DIRECTION('',(0.525460710475976,0.850817866376866,0.));
#11295=DIRECTION('',(-0.880471257151248,-0.474099531038053,0.));
#11296=DIRECTION('',(0.474099531038053,-0.880471257151248,0.));
#11297=DIRECTION('',(0.,0.,-1.));
#11298=DIRECTION('',(-0.474099531038053,0.880471257151248,0.));
#11299=DIRECTION('',(-0.0296533907743813,-0.999560241514028,0.));
#11300=DIRECTION('',(0.999560241514028,-0.0296533907743813,0.));
#11301=DIRECTION('',(0.,0.,-1.));
#11302=DIRECTION('',(-0.999560241514028,0.0296533907743813,0.));
#11303=DIRECTION('',(0.850817866376866,-0.525460710475975,0.));
#11304=DIRECTION('',(0.525460710475976,0.850817866376866,0.));
#11305=DIRECTION('',(0.,0.,-1.));
#11306=DIRECTION('',(-0.525460710475976,-0.850817866376866,0.));
#11307=DIRECTION('',(0.880471257151248,0.474099531038053,0.));
#11308=DIRECTION('',(-0.474099531038053,0.880471257151248,0.));
#11309=DIRECTION('',(0.474099531038053,-0.880471257151248,0.));
#11310=DIRECTION('',(0.,0.,1.));
#11311=DIRECTION('',(1.,0.,0.));
#11312=DIRECTION('',(0.,0.,1.));
#11313=DIRECTION('',(1.,0.,0.));
#11314=DIRECTION('',(-0.999987034775313,0.00509217844121081,0.));
#11315=DIRECTION('',(-0.00509217844121081,-0.999987034775313,0.));
#11316=DIRECTION('',(0.,0.,-1.));
#11317=DIRECTION('',(0.00509217844121081,0.999987034775313,0.));
#11318=DIRECTION('',(0.,0.,-1.));
#11319=DIRECTION('',(-0.504403473278349,-0.863468086349888,0.));
#11320=DIRECTION('',(0.863468086349888,-0.504403473278349,0.));
#11321=DIRECTION('',(0.,0.,-1.));
#11322=DIRECTION('',(-0.863468086349888,0.504403473278349,0.));
#11323=DIRECTION('',(0.495583561496964,-0.8685602647911,0.));
#11324=DIRECTION('',(0.8685602647911,0.495583561496964,0.));
#11325=DIRECTION('',(0.,0.,-1.));
#11326=DIRECTION('',(-0.8685602647911,-0.495583561496964,0.));
#11327=DIRECTION('',(0.999987034775313,-0.00509217844121241,0.));
#11328=DIRECTION('',(0.00509217844121241,0.999987034775313,0.));
#11329=DIRECTION('',(0.,0.,-1.));
#11330=DIRECTION('',(-0.00509217844121241,-0.999987034775313,0.));
#11331=DIRECTION('',(0.504403473278349,0.863468086349888,0.));
#11332=DIRECTION('',(-0.863468086349888,0.504403473278349,0.));
#11333=DIRECTION('',(0.,0.,-1.));
#11334=DIRECTION('',(0.863468086349888,-0.504403473278349,0.));
#11335=DIRECTION('',(0.,0.,-1.));
#11336=DIRECTION('',(-1.,0.,0.));
#11337=DIRECTION('',(0.,0.,1.));
#11338=DIRECTION('',(1.,0.,0.));
#11339=DIRECTION('',(-0.495583561496963,0.8685602647911,0.));
#11340=DIRECTION('',(-0.8685602647911,-0.495583561496963,0.));
#11341=DIRECTION('',(0.8685602647911,0.495583561496963,0.));
#11342=DIRECTION('',(0.,0.,1.));
#11343=DIRECTION('',(1.,0.,0.));
#11344=DIRECTION('',(0.,0.,1.));
#11345=DIRECTION('',(1.,0.,0.));
#11346=DIRECTION('',(-0.999896250354449,0.0144044620556785,0.));
#11347=DIRECTION('',(-0.0144044620556785,-0.999896250354449,0.));
#11348=DIRECTION('',(0.,0.,-1.));
#11349=DIRECTION('',(0.0144044620556785,0.999896250354449,0.));
#11350=DIRECTION('',(0.,0.,-1.));
#11351=DIRECTION('',(-0.512422755245291,-0.858733322927918,0.));
#11352=DIRECTION('',(0.858733322927919,-0.512422755245291,0.));
#11353=DIRECTION('',(0.,0.,-1.));
#11354=DIRECTION('',(-0.858733322927919,0.512422755245291,0.));
#11355=DIRECTION('',(0.487473495109158,-0.873137784983597,0.));
#11356=DIRECTION('',(0.873137784983597,0.487473495109158,0.));
#11357=DIRECTION('',(0.,0.,-1.));
#11358=DIRECTION('',(-0.873137784983597,-0.487473495109158,0.));
#11359=DIRECTION('',(0.999896250354449,-0.0144044620556785,0.));
#11360=DIRECTION('',(0.0144044620556785,0.999896250354449,0.));
#11361=DIRECTION('',(0.,0.,-1.));
#11362=DIRECTION('',(-0.0144044620556785,-0.999896250354449,0.));
#11363=DIRECTION('',(0.512422755245292,0.858733322927918,0.));
#11364=DIRECTION('',(-0.858733322927918,0.512422755245292,0.));
#11365=DIRECTION('',(0.,0.,-1.));
#11366=DIRECTION('',(0.858733322927918,-0.512422755245292,0.));
#11367=DIRECTION('',(0.,0.,-1.));
#11368=DIRECTION('',(-1.,0.,0.));
#11369=DIRECTION('',(-0.487473495109157,0.873137784983597,0.));
#11370=DIRECTION('',(-0.873137784983597,-0.487473495109157,0.));
#11371=DIRECTION('',(0.873137784983597,0.487473495109157,0.));
#11372=DIRECTION('',(0.,0.,1.));
#11373=DIRECTION('',(1.,0.,0.));
#11374=DIRECTION('',(0.,0.,1.));
#11375=DIRECTION('',(1.,0.,0.));
#11376=DIRECTION('',(-0.999975218757542,-0.00704001923339113,0.));
#11377=DIRECTION('',(0.00704001923339113,-0.999975218757542,0.));
#11378=DIRECTION('',(0.,0.,-1.));
#11379=DIRECTION('',(-0.00704001923339113,0.999975218757542,0.));
#11380=DIRECTION('',(0.,0.,-1.));
#11381=DIRECTION('',(-0.493890773879523,-0.869523952215628,0.));
#11382=DIRECTION('',(0.869523952215628,-0.493890773879524,0.));
#11383=DIRECTION('',(0.,0.,-1.));
#11384=DIRECTION('',(0.506084444878018,-0.862483932982237,0.));
#11385=DIRECTION('',(0.862483932982237,0.506084444878018,0.));
#11386=DIRECTION('',(0.,0.,-1.));
#11387=DIRECTION('',(0.999975218757542,0.00704001923338968,0.));
#11388=DIRECTION('',(-0.00704001923338968,0.999975218757542,0.));
#11389=DIRECTION('',(0.,0.,-1.));
#11390=DIRECTION('',(0.493890773879523,0.869523952215628,0.));
#11391=DIRECTION('',(-0.869523952215628,0.493890773879524,0.));
#11392=DIRECTION('',(0.,0.,-1.));
#11393=DIRECTION('',(0.,0.,-1.));
#11394=DIRECTION('',(-1.,0.,0.));
#11395=DIRECTION('',(0.,0.,1.));
#11396=DIRECTION('',(1.,0.,0.));
#11397=DIRECTION('',(-0.506084444878018,0.862483932982237,0.));
#11398=DIRECTION('',(-0.862483932982237,-0.506084444878018,0.));
#11399=DIRECTION('',(0.862483932982237,0.506084444878018,0.));
#11400=DIRECTION('',(0.,0.,1.));
#11401=DIRECTION('',(1.,0.,0.));
#11402=DIRECTION('',(0.,0.,1.));
#11403=DIRECTION('',(1.,0.,0.));
#11404=DIRECTION('',(-0.999987034775313,-0.00509217844121241,0.));
#11405=DIRECTION('',(0.00509217844121241,-0.999987034775313,0.));
#11406=DIRECTION('',(0.,0.,-1.));
#11407=DIRECTION('',(-0.00509217844121241,0.999987034775313,0.));
#11408=DIRECTION('',(0.,0.,-1.));
#11409=DIRECTION('',(-0.495583561496963,-0.8685602647911,0.));
#11410=DIRECTION('',(0.8685602647911,-0.495583561496963,0.));
#11411=DIRECTION('',(0.,0.,-1.));
#11412=DIRECTION('',(-0.8685602647911,0.495583561496963,0.));
#11413=DIRECTION('',(0.504403473278349,-0.863468086349888,0.));
#11414=DIRECTION('',(0.863468086349888,0.504403473278349,0.));
#11415=DIRECTION('',(0.,0.,-1.));
#11416=DIRECTION('',(-0.863468086349888,-0.504403473278349,0.));
#11417=DIRECTION('',(0.999987034775313,0.00509217844121081,0.));
#11418=DIRECTION('',(-0.00509217844121081,0.999987034775313,0.));
#11419=DIRECTION('',(0.,0.,-1.));
#11420=DIRECTION('',(0.00509217844121081,-0.999987034775313,0.));
#11421=DIRECTION('',(0.495583561496963,0.8685602647911,0.));
#11422=DIRECTION('',(-0.8685602647911,0.495583561496963,0.));
#11423=DIRECTION('',(0.,0.,-1.));
#11424=DIRECTION('',(0.8685602647911,-0.495583561496963,0.));
#11425=DIRECTION('',(-0.504403473278349,0.863468086349888,0.));
#11426=DIRECTION('',(-0.863468086349888,-0.504403473278349,0.));
#11427=DIRECTION('',(0.863468086349888,0.504403473278349,0.));
#11428=DIRECTION('',(0.,0.,-1.));
#11429=DIRECTION('',(-1.,0.,0.));
#11430=DIRECTION('',(0.,0.,1.));
#11431=DIRECTION('',(1.,0.,0.));
#11432=DIRECTION('',(0.,0.,1.));
#11433=DIRECTION('',(1.,0.,0.));
#11434=DIRECTION('',(0.,0.,-1.));
#11435=DIRECTION('',(-1.,0.,0.));
#11436=DIRECTION('',(0.,0.,1.));
#11437=DIRECTION('',(1.,0.,0.));
#11438=DIRECTION('',(0.,0.,-1.));
#11439=DIRECTION('',(-1.,0.,0.));
#11440=DIRECTION('',(0.,0.,1.));
#11441=DIRECTION('',(1.,0.,0.));
#11442=DIRECTION('',(0.,0.,1.));
#11443=DIRECTION('',(1.,0.,0.));
#11444=DIRECTION('',(0.,0.,-1.));
#11445=DIRECTION('',(-1.,0.,0.));
#11446=DIRECTION('',(0.,0.,1.));
#11447=DIRECTION('',(1.,0.,0.));
#11448=DIRECTION('',(0.,0.,-1.));
#11449=DIRECTION('',(-1.,0.,0.));
#11450=DIRECTION('',(0.,0.,1.));
#11451=DIRECTION('',(1.,0.,0.));
#11452=DIRECTION('',(0.,0.,1.));
#11453=DIRECTION('',(1.,0.,0.));
#11454=DIRECTION('',(0.,0.,-1.));
#11455=DIRECTION('',(-1.,0.,0.));
#11456=DIRECTION('',(0.,0.,1.));
#11457=DIRECTION('',(1.,0.,0.));
#11458=DIRECTION('',(0.,0.,-1.));
#11459=DIRECTION('',(-1.,0.,0.));
#11460=DIRECTION('',(0.,0.,1.));
#11461=DIRECTION('',(1.,0.,0.));
#11462=DIRECTION('',(0.,0.,1.));
#11463=DIRECTION('',(1.,0.,0.));
#11464=DIRECTION('',(0.,0.,-1.));
#11465=DIRECTION('',(-1.,0.,0.));
#11466=DIRECTION('',(0.,0.,1.));
#11467=DIRECTION('',(1.,0.,0.));
#11468=DIRECTION('',(0.,0.,-1.));
#11469=DIRECTION('',(-1.,0.,0.));
#11470=DIRECTION('',(0.,0.,1.));
#11471=DIRECTION('',(1.,0.,0.));
#11472=DIRECTION('',(0.,0.,1.));
#11473=DIRECTION('',(1.,0.,0.));
#11474=DIRECTION('',(0.,0.,-1.));
#11475=DIRECTION('',(-1.,0.,0.));
#11476=DIRECTION('',(0.,0.,1.));
#11477=DIRECTION('',(1.,0.,0.));
#11478=DIRECTION('',(0.,0.,1.));
#11479=DIRECTION('',(1.,0.,0.));
#11480=DIRECTION('',(0.,0.,-1.));
#11481=DIRECTION('',(-1.,0.,0.));
#11482=DIRECTION('',(0.,0.,1.));
#11483=DIRECTION('',(1.,0.,0.));
#11484=DIRECTION('',(0.,0.,1.));
#11485=DIRECTION('',(1.,0.,0.));
#11486=DIRECTION('',(0.,0.,-1.));
#11487=DIRECTION('',(-1.,0.,0.));
#11488=DIRECTION('',(0.,0.,1.));
#11489=DIRECTION('',(1.,0.,0.));
#11490=DIRECTION('',(0.,0.,1.));
#11491=DIRECTION('',(1.,0.,0.));
#11492=DIRECTION('',(0.,0.,-1.));
#11493=DIRECTION('',(-1.,0.,0.));
#11494=DIRECTION('',(0.,0.,1.));
#11495=DIRECTION('',(1.,0.,0.));
#11496=DIRECTION('',(0.,0.,1.));
#11497=DIRECTION('',(1.,0.,0.));
#11498=DIRECTION('',(0.,1.,0.));
#11499=DIRECTION('',(0.,0.,1.));
#11500=DIRECTION('',(1.,0.,0.));
#11501=DIRECTION('',(0.,0.,-1.));
#11502=DIRECTION('',(1.,0.,0.));
#11503=DIRECTION('',(0.,0.,-1.));
#11504=DIRECTION('',(-0.934452818528412,-0.35608696963566,0.));
#11505=DIRECTION('',(0.35608696963566,-0.934452818528412,0.));
#11506=DIRECTION('',(-0.35608696963566,0.934452818528412,0.));
#11507=DIRECTION('',(0.,0.,-1.));
#11508=DIRECTION('',(-0.35608696963566,0.934452818528412,0.));
#11509=DIRECTION('',(0.,0.,-1.));
#11510=DIRECTION('',(-0.934452818528412,-0.35608696963566,0.));
#11511=DIRECTION('',(-0.35608696963566,0.934452818528412,0.));
#11512=DIRECTION('',(0.35608696963566,-0.934452818528412,0.));
#11513=DIRECTION('',(0.934452818528412,0.35608696963566,0.));
#11514=DIRECTION('',(-0.934452818528412,-0.35608696963566,0.));
#11515=DIRECTION('',(0.,0.,-1.));
#11516=DIRECTION('',(-0.934452818528412,-0.35608696963566,0.));
#11517=DIRECTION('',(0.,0.,-1.));
#11518=DIRECTION('',(0.934452818528412,0.35608696963566,0.));
#11519=DIRECTION('',(-0.35608696963566,0.934452818528412,0.));
#11520=DIRECTION('',(0.35608696963566,-0.934452818528412,0.));
#11521=DIRECTION('',(0.934452818528412,0.35608696963566,0.));
#11522=DIRECTION('',(0.35608696963566,-0.934452818528412,0.));
#11523=DIRECTION('',(0.,0.,-1.));
#11524=DIRECTION('',(0.35608696963566,-0.934452818528412,0.));
#11525=DIRECTION('',(0.,0.,-1.));
#11526=DIRECTION('',(-1.,0.,0.));
#11527=DIRECTION('',(0.,0.,1.));
#11528=DIRECTION('',(0.,1.,0.));
#11529=DIRECTION('',(0.,0.,-1.));
#11530=DIRECTION('',(0.,1.,0.));
#11531=DIRECTION('',(0.,0.,-1.));
#11532=DIRECTION('',(0.,-1.,0.));
#11533=DIRECTION('',(0.,0.,-1.));
#11534=DIRECTION('',(0.,0.,-1.));
#11535=DIRECTION('',(-1.,0.,0.));
#11536=DIRECTION('',(0.,0.,-1.));
#11537=DIRECTION('',(-1.,0.,0.));
#11538=DIRECTION('',(1.,0.,0.));
#11539=DIRECTION('',(0.,0.,-1.));
#11540=DIRECTION('',(0.,-1.,0.));
#11541=DIRECTION('',(0.,0.,-1.));
#11542=DIRECTION('',(0.,-1.,0.));
#11543=DIRECTION('',(0.,0.,-1.));
#11544=DIRECTION('',(0.327293678925811,-0.944922667595189,0.));
#11545=DIRECTION('',(0.944922667595189,0.327293678925811,0.));
#11546=DIRECTION('',(0.,0.,-1.));
#11547=DIRECTION('',(0.,0.,-1.));
#11548=DIRECTION('',(0.944922667595189,0.327293678925811,0.));
#11549=DIRECTION('',(-0.327293678925811,0.944922667595189,0.));
#11550=DIRECTION('',(0.,0.,-1.));
#11551=DIRECTION('',(-0.327293678925811,0.944922667595189,0.));
#11552=DIRECTION('',(-0.944922667595189,-0.327293678925811,0.));
#11553=DIRECTION('',(0.,0.,-1.));
#11554=DIRECTION('',(-0.944922667595189,-0.327293678925811,0.));
#11555=DIRECTION('',(0.327293678925811,-0.944922667595189,0.));
#11556=DIRECTION('',(0.624695095836875,0.780868770817067,0.));
#11557=DIRECTION('',(-0.780868770817067,0.624695095836875,0.));
#11558=DIRECTION('',(0.,0.,-1.));
#11559=DIRECTION('',(0.780868770817067,-0.624695095836875,0.));
#11560=DIRECTION('',(0.,0.,-1.));
#11561=DIRECTION('',(-0.984625133055678,-0.17468070115238,0.));
#11562=DIRECTION('',(0.17468070115238,-0.984625133055679,0.));
#11563=DIRECTION('',(0.,0.,-1.));
#11564=DIRECTION('',(-0.17468070115238,0.984625133055679,0.));
#11565=DIRECTION('',(0.17468070115238,-0.984625133055678,0.));
#11566=DIRECTION('',(0.984625133055679,0.17468070115238,0.));
#11567=DIRECTION('',(0.,0.,-1.));
#11568=DIRECTION('',(-0.984625133055679,-0.17468070115238,0.));
#11569=DIRECTION('',(0.984625133055678,0.17468070115238,0.));
#11570=DIRECTION('',(-0.17468070115238,0.984625133055679,0.));
#11571=DIRECTION('',(0.,0.,-1.));
#11572=DIRECTION('',(0.17468070115238,-0.984625133055679,0.));
#11573=DIRECTION('',(-0.780868770817067,0.624695095836875,0.));
#11574=DIRECTION('',(-0.624695095836875,-0.780868770817068,0.));
#11575=DIRECTION('',(0.,0.,-1.));
#11576=DIRECTION('',(0.624695095836875,0.780868770817068,0.));
#11577=DIRECTION('',(-0.624695095836875,-0.780868770817067,0.));
#11578=DIRECTION('',(0.780868770817067,-0.624695095836875,0.));
#11579=DIRECTION('',(0.,0.,-1.));
#11580=DIRECTION('',(-0.780868770817067,0.624695095836875,0.));
#11581=DIRECTION('',(0.780868770817067,-0.624695095836875,0.));
#11582=DIRECTION('',(0.624695095836875,0.780868770817068,0.));
#11583=DIRECTION('',(-0.624695095836875,-0.780868770817068,0.));
#11584=DIRECTION('',(0.,0.,1.));
#11585=DIRECTION('',(1.,0.,0.));
#11586=DIRECTION('',(0.,0.,1.));
#11587=DIRECTION('',(1.,0.,0.));
#11588=DIRECTION('',(0.,0.,1.));
#11589=DIRECTION('',(1.,0.,0.));
#11590=DIRECTION('',(-0.984625133055679,-0.17468070115238,0.));
#11591=DIRECTION('',(0.17468070115238,-0.984625133055679,0.));
#11592=DIRECTION('',(0.624695095836875,0.780868770817068,0.));
#11593=DIRECTION('',(-0.780868770817067,0.624695095836875,0.));
#11594=DIRECTION('',(-0.624695095836875,-0.780868770817068,0.));
#11595=DIRECTION('',(0.780868770817067,-0.624695095836875,0.));
#11596=DIRECTION('',(-0.17468070115238,0.984625133055679,0.));
#11597=DIRECTION('',(0.780868770817068,-0.624695095836875,0.));
#11598=DIRECTION('',(-0.624695095836875,-0.780868770817068,0.));
#11599=DIRECTION('',(-0.802412845477294,0.596769323451727,0.));
#11600=DIRECTION('',(0.70710660348726,0.707106958885791,0.));
#11601=DIRECTION('',(0.,0.,1.));
#11602=DIRECTION('',(1.,0.,0.));
#11603=DIRECTION('',(0.987871169356871,0.155275731373218,0.));
#11604=DIRECTION('',(0.,0.,1.));
#11605=DIRECTION('',(1.,0.,0.));
#11606=DIRECTION('',(0.,0.,-1.));
#11607=DIRECTION('',(-1.,0.,0.));
#11608=DIRECTION('',(0.,0.,-1.));
#11609=DIRECTION('',(0.,0.,1.));
#11610=DIRECTION('',(1.,0.,0.));
#11611=DIRECTION('',(0.,0.,-1.));
#11612=DIRECTION('',(0.,0.,-1.));
#11613=DIRECTION('',(-1.,0.,0.));
#11614=DIRECTION('',(0.,0.,-1.));
#11615=DIRECTION('',(0.,0.,1.));
#11616=DIRECTION('',(1.,0.,0.));
#11617=DIRECTION('',(0.,0.,-1.));
#11618=DIRECTION('',(-1.,0.,0.));
#11619=DIRECTION('',(0.,0.,-1.));
#11620=DIRECTION('',(0.,0.,1.));
#11621=DIRECTION('',(1.,0.,0.));
#11622=DIRECTION('',(1.,0.,0.));
#11623=DIRECTION('',(0.,0.,-1.));
#11624=DIRECTION('',(0.,0.,-1.));
#11625=DIRECTION('',(0.,-1.,0.));
#11626=DIRECTION('',(0.,-1.,0.));
#11627=DIRECTION('',(0.,0.,-1.));
#11628=DIRECTION('',(0.,0.,-1.));
#11629=DIRECTION('',(-1.,0.,0.));
#11630=DIRECTION('',(1.,0.,0.));
#11631=DIRECTION('',(0.,0.,-1.));
#11632=DIRECTION('',(0.,0.,-1.));
#11633=DIRECTION('',(0.,-1.,0.));
#11634=DIRECTION('',(0.,0.,-1.));
#11635=DIRECTION('',(-1.,0.,0.));
#11636=DIRECTION('',(0.,0.,-1.));
#11637=DIRECTION('',(0.,0.,1.));
#11638=DIRECTION('',(1.,0.,0.));
#11639=DIRECTION('',(-1.,0.,0.));
#11640=DIRECTION('',(0.,0.,1.));
#11641=DIRECTION('',(0.,0.,-1.));
#11642=DIRECTION('',(0.,1.,0.));
#11643=DIRECTION('',(0.,-1.,0.));
#11644=DIRECTION('',(0.,0.,-1.));
#11645=DIRECTION('',(0.,0.,-1.));
#11646=DIRECTION('',(-1.,0.,0.));
#11647=DIRECTION('',(-1.,0.,0.));
#11648=DIRECTION('',(0.,0.,1.));
#11649=DIRECTION('',(0.,0.,-1.));
#11650=DIRECTION('',(0.,1.,0.));
#11651=DIRECTION('',(0.,-1.,0.));
#11652=DIRECTION('',(0.,0.,-1.));
#11653=DIRECTION('',(0.,0.,-1.));
#11654=DIRECTION('',(-1.,0.,0.));
#11655=DIRECTION('',(0.,0.,-1.));
#11656=DIRECTION('',(-1.,0.,0.));
#11657=DIRECTION('',(0.,0.,1.));
#11658=DIRECTION('',(1.,0.,0.));
#11659=DIRECTION('',(0.,0.,1.));
#11660=DIRECTION('',(1.,0.,0.));
#11661=DIRECTION('',(0.,0.,1.));
#11662=DIRECTION('',(1.,0.,0.));
#11663=DIRECTION('',(0.,0.,1.));
#11664=DIRECTION('',(1.,0.,0.));
#11665=DIRECTION('',(0.,0.,1.));
#11666=DIRECTION('',(1.,0.,0.));
#11667=DIRECTION('',(0.,0.,1.));
#11668=DIRECTION('',(1.,0.,0.));
#11669=DIRECTION('',(-0.596769323451727,-0.802412845477294,0.));
#11670=DIRECTION('',(0.802412845477294,-0.596769323451727,0.));
#11671=DIRECTION('',(0.,0.,-1.));
#11672=DIRECTION('',(-0.802412845477294,0.596769323451727,0.));
#11673=DIRECTION('',(0.,0.,-1.));
#11674=DIRECTION('',(-0.802412845477294,0.596769323451727,0.));
#11675=DIRECTION('',(0.780868770817067,-0.624695095836875,0.));
#11676=DIRECTION('',(0.624695095836875,0.780868770817068,0.));
#11677=DIRECTION('',(-0.624695095836875,-0.780868770817068,0.));
#11678=DIRECTION('',(0.,0.,-1.));
#11679=DIRECTION('',(-0.624695095836875,-0.780868770817068,0.));
#11680=DIRECTION('',(0.624695095836874,0.780868770817068,0.));
#11681=DIRECTION('',(-0.780868770817068,0.624695095836875,0.));
#11682=DIRECTION('',(0.780868770817068,-0.624695095836875,0.));
#11683=DIRECTION('',(0.,0.,-1.));
#11684=DIRECTION('',(0.624695095836874,0.780868770817068,0.));
#11685=DIRECTION('',(-0.780868770817068,0.624695095836875,0.));
#11686=DIRECTION('',(0.780868770817068,-0.624695095836875,0.));
#11687=DIRECTION('',(-0.155275731373218,0.987871169356871,0.));
#11688=DIRECTION('',(-0.987871169356871,-0.155275731373218,0.));
#11689=DIRECTION('',(0.987871169356871,0.155275731373218,0.));
#11690=DIRECTION('',(0.,0.,-1.));
#11691=DIRECTION('',(0.987871169356871,0.155275731373218,0.));
#11692=DIRECTION('',(0.,0.,-1.));
#11693=DIRECTION('',(-0.707106958885791,0.70710660348726,0.));
#11694=DIRECTION('',(-0.70710660348726,-0.707106958885791,0.));
#11695=DIRECTION('',(0.,0.,-1.));
#11696=DIRECTION('',(0.70710660348726,0.707106958885791,0.));
#11697=DIRECTION('',(0.70710660348726,0.707106958885791,0.));
#11698=DIRECTION('',(-0.707106958885791,0.70710660348726,0.));
#11699=DIRECTION('',(-0.70710660348726,-0.707106958885791,0.));
#11700=DIRECTION('',(0.,0.,1.));
#11701=DIRECTION('',(1.,0.,0.));
#11702=DIRECTION('',(0.780868770817068,-0.624695095836875,0.));
#11703=DIRECTION('',(0.,0.,1.));
#11704=DIRECTION('',(1.,0.,0.));
#11705=DIRECTION('',(-0.958807403799431,0.284056970376356,0.));
#11706=DIRECTION('',(-0.284056970376356,-0.958807403799432,0.));
#11707=DIRECTION('',(0.958807403799432,-0.284056970376356,0.));
#11708=DIRECTION('',(0.,0.,1.));
#11709=DIRECTION('',(1.,0.,0.));
#11710=DIRECTION('',(-0.877784006916511,-0.47905661168759,0.));
#11711=DIRECTION('',(0.47905661168759,-0.877784006916511,0.));
#11712=DIRECTION('',(0.382987590578009,-0.923753487388952,0.));
#11713=DIRECTION('',(0.,0.,1.));
#11714=DIRECTION('',(1.,0.,0.));
#11715=DIRECTION('',(-0.780868770817066,0.624695095836876,0.));
#11716=DIRECTION('',(0.596769323451728,0.802412845477293,0.));
#11717=DIRECTION('',(0.,0.,1.));
#11718=DIRECTION('',(1.,0.,0.));
#11719=DIRECTION('',(0.,1.,0.));
#11720=DIRECTION('',(-0.951655516626902,0.307167344738313,0.));
#11721=DIRECTION('',(0.,0.,1.));
#11722=DIRECTION('',(1.,0.,0.));
#11723=DIRECTION('',(1.,3.63415084782682E-16,0.));
#11724=DIRECTION('',(0.195769138706013,0.980650011130529,0.));
#11725=DIRECTION('',(0.,0.,1.));
#11726=DIRECTION('',(1.,0.,0.));
#11727=DIRECTION('',(0.422869128883692,-0.906190763491412,0.));
#11728=DIRECTION('',(-0.422869128883691,0.906190763491412,0.));
#11729=DIRECTION('',(0.,0.,1.));
#11730=DIRECTION('',(1.,0.,0.));
#11731=DIRECTION('',(0.744121782030061,-0.668043990698522,0.));
#11732=DIRECTION('',(-0.744121782030061,0.668043990698522,0.));
#11733=DIRECTION('',(0.,0.,1.));
#11734=DIRECTION('',(1.,0.,0.));
#11735=DIRECTION('',(0.951655516626901,-0.307167344738313,0.));
#11736=DIRECTION('',(0.877784006916511,0.47905661168759,0.));
#11737=DIRECTION('',(0.,0.,1.));
#11738=DIRECTION('',(1.,0.,0.));
#11739=DIRECTION('',(-0.668043990698523,-0.74412178203006,0.));
#11740=DIRECTION('',(0.668043990698523,0.74412178203006,0.));
#11741=DIRECTION('',(0.,0.,1.));
#11742=DIRECTION('',(1.,0.,0.));
#11743=DIRECTION('',(-0.195769138706013,-0.980650011130529,0.));
#11744=DIRECTION('',(-1.,-3.50119296817221E-16,0.));
#11745=DIRECTION('',(0.,0.,1.));
#11746=DIRECTION('',(1.,0.,0.));
#11747=DIRECTION('',(0.662356179173193,0.749189089556895,0.));
#11748=DIRECTION('',(-0.662356179173193,-0.749189089556895,0.));
#11749=DIRECTION('',(0.,0.,1.));
#11750=DIRECTION('',(1.,0.,0.));
#11751=DIRECTION('',(-0.596769323451728,-0.802412845477293,0.));
#11752=DIRECTION('',(-1.,0.,0.));
#11753=DIRECTION('',(0.,-1.,0.));
#11754=DIRECTION('',(0.,0.,1.));
#11755=DIRECTION('',(1.,0.,0.));
#11756=DIRECTION('',(-0.382987590578007,0.923753487388953,0.));
#11757=DIRECTION('',(0.987871169356871,0.155275731373218,0.));
#11758=DIRECTION('',(0.,0.,1.));
#11759=DIRECTION('',(1.,0.,0.));
#11760=DIRECTION('',(-1.,-3.50119296817221E-16,0.));
#11761=DIRECTION('',(0.662356179173193,0.749189089556895,0.));
#11762=DIRECTION('',(0.,0.,1.));
#11763=DIRECTION('',(1.,0.,0.));
#11764=DIRECTION('',(-0.423999013958028,0.905662650307839,0.));
#11765=DIRECTION('',(-0.905662650307839,-0.423999013958028,0.));
#11766=DIRECTION('',(0.,0.,-1.));
#11767=DIRECTION('',(0.905662650307839,0.423999013958028,0.));
#11768=DIRECTION('',(0.,0.,-1.));
#11769=DIRECTION('',(0.969493067536588,-0.245118730411401,0.));
#11770=DIRECTION('',(0.245118730411402,0.969493067536588,0.));
#11771=DIRECTION('',(0.,0.,-1.));
#11772=DIRECTION('',(-0.245118730411401,-0.969493067536588,0.));
#11773=DIRECTION('',(0.,0.,-1.));
#11774=DIRECTION('',(-1.,0.,0.));
#11775=DIRECTION('',(0.,0.,-1.));
#11776=DIRECTION('',(0.,0.,1.));
#11777=DIRECTION('',(1.,0.,0.));
#11778=DIRECTION('',(0.538804170787135,0.8424310449778,0.));
#11779=DIRECTION('',(-0.8424310449778,0.538804170787135,0.));
#11780=DIRECTION('',(0.,0.,-1.));
#11781=DIRECTION('',(0.8424310449778,-0.538804170787135,0.));
#11782=DIRECTION('',(0.149788691765665,-0.988718032514392,0.));
#11783=DIRECTION('',(0.988718032514392,0.149788691765665,0.));
#11784=DIRECTION('',(0.,0.,-1.));
#11785=DIRECTION('',(-0.988718032514392,-0.149788691765665,0.));
#11786=DIRECTION('',(0.940979786744638,0.338462761523354,0.));
#11787=DIRECTION('',(-0.338462761523354,0.940979786744639,0.));
#11788=DIRECTION('',(0.,0.,-1.));
#11789=DIRECTION('',(0.338462761523354,-0.940979786744639,0.));
#11790=DIRECTION('',(-0.269289290433064,0.963059332574093,0.));
#11791=DIRECTION('',(-0.963059332574093,-0.269289290433064,0.));
#11792=DIRECTION('',(0.,0.,-1.));
#11793=DIRECTION('',(0.963059332574093,0.269289290433064,0.));
#11794=DIRECTION('',(-0.995544767203233,-0.0942900657241258,0.));
#11795=DIRECTION('',(0.0942900657241259,-0.995544767203233,0.));
#11796=DIRECTION('',(0.,0.,-1.));
#11797=DIRECTION('',(-0.0942900657241258,0.995544767203233,0.));
#11798=DIRECTION('',(-0.327293678925811,0.944922667595189,0.));
#11799=DIRECTION('',(-0.944922667595189,-0.327293678925811,0.));
#11800=DIRECTION('',(0.,0.,-1.));
#11801=DIRECTION('',(0.944922667595189,0.327293678925811,0.));
#11802=DIRECTION('',(-0.800966352919187,-0.598709363123158,0.));
#11803=DIRECTION('',(0.598709363123158,-0.800966352919187,0.));
#11804=DIRECTION('',(0.,0.,-1.));
#11805=DIRECTION('',(-0.598709363123158,0.800966352919187,0.));
#11806=DIRECTION('',(0.253597035722856,-0.967309952121129,0.));
#11807=DIRECTION('',(0.967309952121129,0.253597035722856,0.));
#11808=DIRECTION('',(0.,0.,-1.));
#11809=DIRECTION('',(-0.967309952121129,-0.253597035722856,0.));
#11810=DIRECTION('',(0.,0.,-1.));
#11811=DIRECTION('',(-1.,0.,0.));
#11812=DIRECTION('',(0.,0.,1.));
#11813=DIRECTION('',(1.,0.,0.));
#11814=DIRECTION('',(0.,0.,-1.));
#11815=DIRECTION('',(0.,0.,1.));
#11816=DIRECTION('',(1.,0.,0.));
#11817=DIRECTION('',(0.,0.,-1.));
#11818=DIRECTION('',(-0.962150028578635,0.272520315767709,0.));
#11819=DIRECTION('',(-0.272520315767709,-0.962150028578635,0.));
#11820=DIRECTION('',(0.272520315767709,0.962150028578635,0.));
#11821=DIRECTION('',(0.,0.,-1.));
#11822=DIRECTION('',(0.272520315767709,0.962150028578635,0.));
#11823=DIRECTION('',(0.588106159906821,0.808783744074801,0.));
#11824=DIRECTION('',(-0.808783744074801,0.588106159906821,0.));
#11825=DIRECTION('',(0.808783744074801,-0.588106159906821,0.));
#11826=DIRECTION('',(0.808783744074801,-0.588106159906821,0.));
#11827=DIRECTION('',(0.971521813177433,0.236950135092667,0.));
#11828=DIRECTION('',(-0.236950135092667,0.971521813177433,0.));
#11829=DIRECTION('',(0.236950135092667,-0.971521813177433,0.));
#11830=DIRECTION('',(0.,0.,1.));
#11831=DIRECTION('',(1.,0.,0.));
#11832=DIRECTION('',(0.,0.,1.));
#11833=DIRECTION('',(1.,0.,0.));
#11834=DIRECTION('',(0.,0.,-1.));
#11835=DIRECTION('',(-1.,0.,0.));
#11836=DIRECTION('',(0.,0.,-1.));
#11837=DIRECTION('',(0.,0.,1.));
#11838=DIRECTION('',(1.,0.,0.));
#11839=DIRECTION('',(0.,0.,-1.));
#11840=DIRECTION('',(-1.,0.,0.));
#11841=DIRECTION('',(0.,0.,1.));
#11842=DIRECTION('',(0.,0.,-1.));
#11843=DIRECTION('',(0.,1.,0.));
#11844=DIRECTION('',(0.,-1.,0.));
#11845=DIRECTION('',(0.,0.,-1.));
#11846=DIRECTION('',(0.,0.,-1.));
#11847=DIRECTION('',(-1.,0.,0.));
#11848=DIRECTION('',(-1.,0.,0.));
#11849=DIRECTION('',(0.,0.,1.));
#11850=DIRECTION('',(0.,0.,-1.));
#11851=DIRECTION('',(0.,1.,0.));
#11852=DIRECTION('',(0.,0.,-1.));
#11853=DIRECTION('',(-1.,0.,0.));
#11854=DIRECTION('',(0.,0.,-1.));
#11855=DIRECTION('',(0.,0.,1.));
#11856=DIRECTION('',(1.,0.,0.));
#11857=DIRECTION('',(1.,0.,0.));
#11858=DIRECTION('',(0.,0.,-1.));
#11859=DIRECTION('',(0.,0.,-1.));
#11860=DIRECTION('',(0.,-1.,0.));
#11861=DIRECTION('',(0.,-1.,0.));
#11862=DIRECTION('',(0.,0.,-1.));
#11863=DIRECTION('',(0.,0.,-1.));
#11864=DIRECTION('',(-1.,0.,0.));
#11865=DIRECTION('',(1.,0.,0.));
#11866=DIRECTION('',(0.,0.,-1.));
#11867=DIRECTION('',(0.,-1.,0.));
#11868=DIRECTION('',(0.,0.,1.));
#11869=DIRECTION('',(1.,0.,0.));
#11870=DIRECTION('',(0.,0.,-1.));
#11871=DIRECTION('',(-1.,0.,0.));
#11872=DIRECTION('',(0.,0.,-1.));
#11873=DIRECTION('',(0.,0.,1.));
#11874=DIRECTION('',(1.,0.,0.));
#11875=DIRECTION('',(0.,0.,-1.));
#11876=DIRECTION('',(0.,0.,-1.));
#11877=DIRECTION('',(-1.,0.,0.));
#11878=DIRECTION('',(0.,0.,-1.));
#11879=DIRECTION('',(0.,0.,1.));
#11880=DIRECTION('',(1.,0.,0.));
#11881=DIRECTION('',(0.,0.,-1.));
#11882=DIRECTION('',(-1.,0.,0.));
#11883=DIRECTION('',(0.,0.,-1.));
#11884=DIRECTION('',(0.,0.,1.));
#11885=DIRECTION('',(1.,0.,0.));
#11886=DIRECTION('',(0.,0.,-1.));
#11887=DIRECTION('',(-1.,0.,0.));
#11888=DIRECTION('',(0.,0.,1.));
#11889=DIRECTION('',(1.,0.,0.));
#11890=DIRECTION('',(0.,0.,1.));
#11891=DIRECTION('',(1.,0.,0.));
#11892=DIRECTION('',(3.50119296817221E-16,-1.,0.));
#11893=DIRECTION('',(1.,3.50119296817221E-16,0.));
#11894=DIRECTION('',(0.,0.,-1.));
#11895=DIRECTION('',(0.,0.,-1.));
#11896=DIRECTION('',(-1.,0.,0.));
#11897=DIRECTION('',(0.,0.,-1.));
#11898=DIRECTION('',(-0.749189089556894,0.662356179173193,0.));
#11899=DIRECTION('',(-0.662356179173193,-0.749189089556895,0.));
#11900=DIRECTION('',(0.749189089556894,-0.662356179173193,0.));
#11901=DIRECTION('',(0.662356179173193,0.749189089556895,0.));
#11902=DIRECTION('',(0.,0.,-1.));
#11903=DIRECTION('',(0.,0.,-1.));
#11904=DIRECTION('',(-1.,0.,0.));
#11905=DIRECTION('',(0.,0.,-1.));
#11906=DIRECTION('',(0.802412845477293,-0.596769323451728,0.));
#11907=DIRECTION('',(0.596769323451728,0.802412845477293,0.));
#11908=DIRECTION('',(-0.802412845477293,0.596769323451728,0.));
#11909=DIRECTION('',(-0.596769323451728,-0.802412845477293,0.));
#11910=DIRECTION('',(0.,0.,-1.));
#11911=DIRECTION('',(0.,0.,-1.));
#11912=DIRECTION('',(-1.,0.,0.));
#11913=DIRECTION('',(0.,0.,-1.));
#11914=DIRECTION('',(-1.,0.,0.));
#11915=DIRECTION('',(0.,0.,1.));
#11916=DIRECTION('',(0.,-1.,0.));
#11917=DIRECTION('',(0.,0.,-1.));
#11918=DIRECTION('',(0.,0.,-1.));
#11919=DIRECTION('',(1.,0.,0.));
#11920=DIRECTION('',(0.,0.,-1.));
#11921=DIRECTION('',(0.,0.,-1.));
#11922=DIRECTION('',(0.,0.,-1.));
#11923=DIRECTION('',(-1.,0.,0.));
#11924=DIRECTION('',(0.,0.,-1.));
#11925=DIRECTION('',(-0.923753487388953,-0.382987590578007,0.));
#11926=DIRECTION('',(0.382987590578007,-0.923753487388953,0.));
#11927=DIRECTION('',(0.923753487388952,0.382987590578009,0.));
#11928=DIRECTION('',(-0.382987590578009,0.923753487388952,0.));
#11929=DIRECTION('',(0.,0.,-1.));
#11930=DIRECTION('',(0.,0.,-1.));
#11931=DIRECTION('',(-1.,0.,0.));
#11932=DIRECTION('',(0.,0.,-1.));
#11933=DIRECTION('',(-0.624695095836876,-0.780868770817066,0.));
#11934=DIRECTION('',(0.780868770817066,-0.624695095836876,0.));
#11935=DIRECTION('',(0.624695095836875,0.780868770817068,0.));
#11936=DIRECTION('',(-0.780868770817068,0.624695095836875,0.));
#11937=DIRECTION('',(0.,0.,-1.));
#11938=DIRECTION('',(0.,0.,-1.));
#11939=DIRECTION('',(-1.,0.,0.));
#11940=DIRECTION('',(0.,0.,-1.));
#11941=DIRECTION('',(-0.284056970376356,-0.958807403799431,0.));
#11942=DIRECTION('',(0.958807403799431,-0.284056970376356,0.));
#11943=DIRECTION('',(0.958807403799431,-0.284056970376356,0.));
#11944=DIRECTION('',(0.284056970376356,0.958807403799432,0.));
#11945=DIRECTION('',(0.,0.,-1.));
#11946=DIRECTION('',(0.284056970376356,0.958807403799431,0.));
#11947=DIRECTION('',(-0.958807403799432,0.284056970376356,0.));
#11948=DIRECTION('',(0.,0.,-1.));
#11949=DIRECTION('',(0.,0.,-1.));
#11950=DIRECTION('',(-1.,0.,0.));
#11951=DIRECTION('',(0.,0.,-1.));
#11952=DIRECTION('',(0.47905661168759,-0.877784006916511,0.));
#11953=DIRECTION('',(0.877784006916511,0.47905661168759,0.));
#11954=DIRECTION('',(0.,0.,-1.));
#11955=DIRECTION('',(0.877784006916511,0.47905661168759,0.));
#11956=DIRECTION('',(-0.47905661168759,0.877784006916511,0.));
#11957=DIRECTION('',(-0.47905661168759,0.877784006916511,0.));
#11958=DIRECTION('',(-0.877784006916511,-0.47905661168759,0.));
#11959=DIRECTION('',(0.,0.,-1.));
#11960=DIRECTION('',(0.,0.,-1.));
#11961=DIRECTION('',(-1.,0.,0.));
#11962=DIRECTION('',(0.,0.,-1.));
#11963=DIRECTION('',(0.74412178203006,-0.668043990698523,0.));
#11964=DIRECTION('',(0.668043990698523,0.74412178203006,0.));
#11965=DIRECTION('',(-0.74412178203006,0.668043990698523,0.));
#11966=DIRECTION('',(-0.668043990698523,-0.74412178203006,0.));
#11967=DIRECTION('',(0.,0.,-1.));
#11968=DIRECTION('',(0.,0.,-1.));
#11969=DIRECTION('',(-1.,0.,0.));
#11970=DIRECTION('',(0.,0.,-1.));
#11971=DIRECTION('',(0.980650011130529,-0.195769138706012,0.));
#11972=DIRECTION('',(0.195769138706013,0.980650011130529,0.));
#11973=DIRECTION('',(-0.980650011130528,0.195769138706013,0.));
#11974=DIRECTION('',(-0.195769138706013,-0.980650011130529,0.));
#11975=DIRECTION('',(0.,0.,-1.));
#11976=DIRECTION('',(0.,0.,-1.));
#11977=DIRECTION('',(-1.,0.,0.));
#11978=DIRECTION('',(0.,0.,-1.));
#11979=DIRECTION('',(0.906190763491412,0.422869128883692,0.));
#11980=DIRECTION('',(-0.422869128883692,0.906190763491412,0.));
#11981=DIRECTION('',(-0.906190763491412,-0.422869128883691,0.));
#11982=DIRECTION('',(0.422869128883691,-0.906190763491412,0.));
#11983=DIRECTION('',(0.,0.,-1.));
#11984=DIRECTION('',(0.,0.,-1.));
#11985=DIRECTION('',(-1.,0.,0.));
#11986=DIRECTION('',(0.,0.,-1.));
#11987=DIRECTION('',(0.668043990698522,0.744121782030061,0.));
#11988=DIRECTION('',(-0.744121782030061,0.668043990698522,0.));
#11989=DIRECTION('',(-0.668043990698522,-0.744121782030061,0.));
#11990=DIRECTION('',(0.744121782030061,-0.668043990698522,0.));
#11991=DIRECTION('',(0.,0.,-1.));
#11992=DIRECTION('',(0.,0.,-1.));
#11993=DIRECTION('',(-1.,0.,0.));
#11994=DIRECTION('',(0.,0.,-1.));
#11995=DIRECTION('',(0.307167344738313,0.951655516626901,0.));
#11996=DIRECTION('',(-0.951655516626902,0.307167344738313,0.));
#11997=DIRECTION('',(-0.307167344738313,-0.951655516626901,0.));
#11998=DIRECTION('',(0.951655516626902,-0.307167344738313,0.));
#11999=DIRECTION('',(0.,0.,-1.));
#12000=DIRECTION('',(0.,0.,-1.));
#12001=DIRECTION('',(-1.,0.,0.));
#12002=DIRECTION('',(0.,0.,-1.));
#12003=DIRECTION('',(-3.63415084782682E-16,1.,0.));
#12004=DIRECTION('',(-1.,-3.63415084782682E-16,0.));
#12005=DIRECTION('',(-0.987871169356871,-0.155275731373218,0.));
#12006=DIRECTION('',(0.155275731373218,-0.987871169356871,0.));
#12007=DIRECTION('',(-0.698530402790928,-0.109796522607704,-0.707106781186548));
#12008=DIRECTION('',(0.698530402790928,0.109796522607704,-0.707106781186548));
#12009=DIRECTION('',(0.698530402790928,0.109796522607704,-0.707106781186548));
#12010=DIRECTION('',(-0.698530402790928,-0.109796522607704,-0.707106781186548));
#12011=DIRECTION('',(0.,0.,-1.));
#12012=DIRECTION('',(-1.,0.,0.));
#12013=DIRECTION('',(0.,0.,1.));
#12014=DIRECTION('',(1.,0.,0.));
#12015=DIRECTION('',(0.987871169356871,0.155275731373218,0.));
#12016=DIRECTION('',(-0.155275731373218,0.987871169356871,0.));
#12017=DIRECTION('',(-0.987871169356872,-0.155275731373212,0.));
#12018=DIRECTION('',(0.155275731373212,-0.987871169356872,0.));
#12019=DIRECTION('',(0.987871169356872,0.155275731373211,0.));
#12020=DIRECTION('',(-0.155275731373211,0.987871169356872,0.));
#12021=DIRECTION('',(0.,0.,-1.));
#12022=DIRECTION('',(-1.,0.,0.));
#12023=DIRECTION('',(0.,0.,1.));
#12024=DIRECTION('',(1.,0.,0.));
#12025=DIRECTION('',(0.,0.,1.));
#12026=DIRECTION('',(1.,0.,0.));
#12027=DIRECTION('',(-0.78086877081707,0.624695095836872,0.));
#12028=DIRECTION('',(-0.624695095836872,-0.78086877081707,0.));
#12029=DIRECTION('',(0.,0.,1.));
#12030=DIRECTION('',(1.,0.,0.));
#12031=DIRECTION('',(0.707106603487259,0.707106958885791,0.));
#12032=DIRECTION('',(-0.707106958885791,0.70710660348726,0.));
#12033=DIRECTION('',(0.780868770817068,-0.624695095836875,0.));
#12034=DIRECTION('',(0.624695095836875,0.780868770817068,0.));
#12035=DIRECTION('',(0.110431464621318,-0.993883741501787,0.));
#12036=DIRECTION('',(-0.993883741501787,-0.110431464621318,0.));
#12037=DIRECTION('',(0.70710660348726,0.707106958885791,0.));
#12038=DIRECTION('',(-0.707106958885791,0.70710660348726,0.));
#12039=DIRECTION('',(-0.0729000575367456,0.997339251012984,0.));
#12040=DIRECTION('',(0.997339251012984,0.0729000575367458,0.));
#12041=DIRECTION('',(-0.624695095836875,-0.780868770817068,0.));
#12042=DIRECTION('',(0.780868770817067,-0.624695095836875,0.));
#12043=DIRECTION('',(-0.991781704174679,-0.12794159317583,0.));
#12044=DIRECTION('',(0.12794159317583,-0.991781704174679,0.));
#12045=DIRECTION('',(-0.802412845477294,0.596769323451727,0.));
#12046=DIRECTION('',(-0.596769323451727,-0.802412845477294,0.));
#12047=DIRECTION('',(-0.624695095836875,-0.780868770817068,0.));
#12048=DIRECTION('',(0.780868770817068,-0.624695095836875,0.));
#12049=DIRECTION('',(-0.246996766464646,-0.969016303968106,0.));
#12050=DIRECTION('',(0.969016303968106,-0.246996766464646,0.));
#12051=DIRECTION('',(0.110431464621318,-0.993883741501787,0.));
#12052=DIRECTION('',(-0.993883741501787,-0.110431464621318,0.));
#12053=DIRECTION('',(0.780868770817067,-0.624695095836875,0.));
#12054=DIRECTION('',(0.624695095836875,0.780868770817067,0.));
#12055=DIRECTION('',(0.993883741501787,0.110431464621318,0.));
#12056=DIRECTION('',(0.110431464621318,-0.993883741501787,0.));
#12057=DIRECTION('',(0.17468070115238,-0.984625133055679,0.));
#12058=DIRECTION('',(0.984625133055679,0.17468070115238,0.));
#12059=DIRECTION('',(-0.572717200183108,-0.819753016837646,0.));
#12060=DIRECTION('',(0.819753016837646,-0.572717200183108,0.));
#12061=DIRECTION('',(0.624695095836875,0.780868770817068,0.));
#12062=DIRECTION('',(-0.780868770817067,0.624695095836875,0.));
#12063=DIRECTION('',(-0.110431464621318,0.993883741501787,0.));
#12064=DIRECTION('',(-0.993883741501787,-0.110431464621318,0.));
#12065=DIRECTION('',(-0.984625133055679,-0.17468070115238,0.));
#12066=DIRECTION('',(0.17468070115238,-0.984625133055679,0.));
#12067=DIRECTION('',(-0.819753016837646,0.572717200183108,0.));
#12068=DIRECTION('',(-0.572717200183108,-0.819753016837646,0.));
#12069=DIRECTION('',(-0.780868770817067,0.624695095836875,0.));
#12070=DIRECTION('',(-0.624695095836875,-0.780868770817067,0.));
#12071=DIRECTION('',(-0.510544911117871,0.859851088114474,0.));
#12072=DIRECTION('',(0.859851088114474,0.510544911117871,0.));
#12073=DIRECTION('',(-0.17468070115238,0.984625133055679,0.));
#12074=DIRECTION('',(-0.984625133055679,-0.17468070115238,0.));
#12075=DIRECTION('',(-0.17468070115238,0.984625133055679,0.));
#12076=DIRECTION('',(-0.984625133055679,-0.17468070115238,0.));
#12077=DIRECTION('',(0.,0.,-1.));
#12078=DIRECTION('',(0.984625133055679,0.17468070115238,0.));
#12079=DIRECTION('',(0.,0.,-1.));
#12080=DIRECTION('',(0.984625133055679,0.17468070115238,0.));
#12081=DIRECTION('',(0.174680701152381,-0.984625133055678,0.));
#12082=DIRECTION('',(0.984625133055679,0.174680701152381,0.));
#12083=DIRECTION('',(0.,0.,-1.));
#12084=DIRECTION('',(-0.984625133055679,-0.174680701152381,0.));
#12085=DIRECTION('',(0.,0.,-1.));
#12086=DIRECTION('',(-0.984625133055679,-0.174680701152381,0.));
#12087=DIRECTION('',(-0.61230066260944,0.790625005023267,0.));
#12088=DIRECTION('',(-0.790625005023267,-0.61230066260944,0.));
#12089=DIRECTION('',(0.,0.,-1.));
#12090=DIRECTION('',(0.790625005023267,0.61230066260944,0.));
#12091=DIRECTION('',(0.,0.,-1.));
#12092=DIRECTION('',(0.790625005023267,0.61230066260944,0.));
#12093=DIRECTION('',(0.174680701152382,-0.984625133055678,0.));
#12094=DIRECTION('',(0.984625133055678,0.174680701152382,0.));
#12095=DIRECTION('',(0.,0.,-1.));
#12096=DIRECTION('',(-0.984625133055678,-0.174680701152382,0.));
#12097=DIRECTION('',(0.,0.,-1.));
#12098=DIRECTION('',(-0.984625133055678,-0.174680701152382,0.));
#12099=DIRECTION('',(-0.174680701152382,0.984625133055678,0.));
#12100=DIRECTION('',(-0.984625133055678,-0.174680701152382,0.));
#12101=DIRECTION('',(0.,0.,-1.));
#12102=DIRECTION('',(0.984625133055678,0.174680701152382,0.));
#12103=DIRECTION('',(0.,0.,-1.));
#12104=DIRECTION('',(0.984625133055678,0.174680701152382,0.));
#12105=DIRECTION('',(-0.655289548621523,-0.755377791219335,0.));
#12106=DIRECTION('',(0.755377791219335,-0.655289548621523,0.));
#12107=DIRECTION('',(0.,0.,-1.));
#12108=DIRECTION('',(-0.755377791219335,0.655289548621523,0.));
#12109=DIRECTION('',(0.,0.,-1.));
#12110=DIRECTION('',(-0.755377791219335,0.655289548621523,0.));
#12111=DIRECTION('',(0.655289548621523,0.755377791219334,0.));
#12112=DIRECTION('',(-0.755377791219335,0.655289548621523,0.));
#12113=DIRECTION('',(0.,0.,-1.));
#12114=DIRECTION('',(0.755377791219335,-0.655289548621523,0.));
#12115=DIRECTION('',(0.,0.,-1.));
#12116=DIRECTION('',(0.755377791219335,-0.655289548621523,0.));
#12117=DIRECTION('',(0.61230066260944,-0.790625005023267,0.));
#12118=DIRECTION('',(0.790625005023267,0.61230066260944,0.));
#12119=DIRECTION('',(0.,0.,-1.));
#12120=DIRECTION('',(-0.790625005023267,-0.61230066260944,0.));
#12121=DIRECTION('',(0.,0.,-1.));
#12122=DIRECTION('',(-0.790625005023267,-0.61230066260944,0.));
#12123=DIRECTION('',(0.,0.,-1.));
#12124=DIRECTION('',(-1.,0.,0.));
#12125=DIRECTION('',(0.,0.,-1.));
#12126=DIRECTION('',(0.,0.,1.));
#12127=DIRECTION('',(1.,0.,0.));
#12128=DIRECTION('',(0.,0.,-1.));
#12129=DIRECTION('',(0.,0.,-1.));
#12130=DIRECTION('',(-1.,0.,0.));
#12131=DIRECTION('',(0.,0.,1.));
#12132=DIRECTION('',(1.,0.,0.));
#12133=DIRECTION('',(0.,0.,1.));
#12134=DIRECTION('',(1.,0.,0.));
#12135=DIRECTION('',(0.,0.,-1.));
#12136=DIRECTION('',(-1.,0.,0.));
#12137=DIRECTION('',(0.,0.,1.));
#12138=DIRECTION('',(1.,0.,0.));
#12139=DIRECTION('',(0.,0.,1.));
#12140=DIRECTION('',(1.,0.,0.));
#12141=DIRECTION('',(0.,0.,-1.));
#12142=DIRECTION('',(-1.,0.,0.));
#12143=DIRECTION('',(0.,0.,1.));
#12144=DIRECTION('',(1.,0.,0.));
#12145=DIRECTION('',(0.,0.,-1.));
#12146=DIRECTION('',(0.,0.,1.));
#12147=DIRECTION('',(1.,0.,0.));
#12148=DIRECTION('',(0.,0.,-1.));
#12149=DIRECTION('',(-1.,0.,0.));
#12150=DIRECTION('',(0.,0.,1.));
#12151=DIRECTION('',(1.,0.,0.));
#12152=DIRECTION('',(0.,0.,1.));
#12153=DIRECTION('',(1.,0.,0.));
#12154=DIRECTION('',(0.,0.,-1.));
#12155=DIRECTION('',(-1.,0.,0.));
#12156=DIRECTION('',(0.,0.,1.));
#12157=DIRECTION('',(1.,0.,0.));
#12158=DIRECTION('',(0.,0.,-1.));
#12159=DIRECTION('',(0.,0.,1.));
#12160=DIRECTION('',(1.,0.,0.));
#12161=DIRECTION('',(0.,0.,-1.));
#12162=DIRECTION('',(-1.,0.,0.));
#12163=DIRECTION('',(0.,0.,1.));
#12164=DIRECTION('',(1.,0.,0.));
#12165=DIRECTION('',(0.,0.,1.));
#12166=DIRECTION('',(1.,0.,0.));
#12167=DIRECTION('',(0.,0.,-1.));
#12168=DIRECTION('',(-1.,0.,0.));
#12169=DIRECTION('',(0.,0.,1.));
#12170=DIRECTION('',(1.,0.,0.));
#12171=DIRECTION('',(0.,0.,1.));
#12172=DIRECTION('',(1.,0.,0.));
#12173=DIRECTION('',(0.,0.,1.));
#12174=DIRECTION('',(1.,0.,0.));
#12175=DIRECTION('',(0.,0.,1.));
#12176=DIRECTION('',(1.,0.,0.));
#12177=DIRECTION('',(0.,0.,-1.));
#12178=DIRECTION('',(-1.,0.,0.));
#12179=DIRECTION('',(0.,0.,1.));
#12180=DIRECTION('',(1.,0.,0.));
#12181=DIRECTION('',(0.,0.,1.));
#12182=DIRECTION('',(1.,0.,0.));
#12183=DIRECTION('',(0.,0.,1.));
#12184=DIRECTION('',(1.,0.,0.));
#12185=DIRECTION('',(0.,0.,1.));
#12186=DIRECTION('',(1.,0.,0.));
#12187=DIRECTION('',(0.,0.,1.));
#12188=DIRECTION('',(1.,0.,0.));
#12189=DIRECTION('',(0.,0.,1.));
#12190=DIRECTION('',(1.,0.,0.));
#12191=DIRECTION('',(0.,0.,1.));
#12192=DIRECTION('',(1.,0.,0.));
#12193=DIRECTION('',(0.,0.,1.));
#12194=DIRECTION('',(1.,0.,0.));
#12195=DIRECTION('',(0.,0.,-1.));
#12196=DIRECTION('',(-1.,0.,0.));
#12197=DIRECTION('',(0.,0.,1.));
#12198=DIRECTION('',(1.,0.,0.));
#12199=DIRECTION('',(0.,0.,-1.));
#12200=DIRECTION('',(0.,0.,-1.));
#12201=DIRECTION('',(-1.,0.,0.));
#12202=DIRECTION('',(0.,0.,1.));
#12203=DIRECTION('',(1.,0.,0.));
#12204=DIRECTION('',(0.,0.,1.));
#12205=DIRECTION('',(1.,0.,0.));
#12206=DIRECTION('',(0.,0.,1.));
#12207=DIRECTION('',(1.,0.,0.));
#12208=DIRECTION('',(0.,0.,1.));
#12209=DIRECTION('',(1.,0.,0.));
#12210=DIRECTION('',(0.,0.,1.));
#12211=DIRECTION('',(1.,0.,0.));
#12212=DIRECTION('',(0.,0.,1.));
#12213=DIRECTION('',(1.,0.,0.));
#12214=DIRECTION('',(0.,0.,1.));
#12215=DIRECTION('',(1.,0.,0.));
#12216=DIRECTION('',(0.,0.,1.));
#12217=DIRECTION('',(1.,0.,0.));
#12218=DIRECTION('',(0.,0.,1.));
#12219=DIRECTION('',(1.,0.,0.));
#12220=DIRECTION('',(0.,0.,1.));
#12221=DIRECTION('',(1.,0.,0.));
#12222=DIRECTION('',(0.,0.,1.));
#12223=DIRECTION('',(1.,0.,0.));
#12224=DIRECTION('',(0.,0.,-1.));
#12225=DIRECTION('',(-1.,0.,0.));
#12226=DIRECTION('',(0.,0.,1.));
#12227=DIRECTION('',(1.,0.,0.));
#12228=DIRECTION('',(0.,0.,1.));
#12229=DIRECTION('',(1.,0.,0.));
#12230=DIRECTION('',(0.,0.,1.));
#12231=DIRECTION('',(1.,0.,0.));
#12232=DIRECTION('',(0.,0.,1.));
#12233=DIRECTION('',(1.,0.,0.));
#12234=DIRECTION('',(0.,0.,1.));
#12235=DIRECTION('',(1.,0.,0.));
#12236=DIRECTION('',(0.,0.,1.));
#12237=DIRECTION('',(1.,0.,0.));
#12238=DIRECTION('',(0.,0.,1.));
#12239=DIRECTION('',(1.,0.,0.));
#12240=DIRECTION('',(0.,0.,-1.));
#12241=DIRECTION('',(-1.,0.,0.));
#12242=DIRECTION('',(0.,0.,-1.));
#12243=DIRECTION('',(0.,0.,-1.));
#12244=DIRECTION('',(-1.,0.,0.));
#12245=DIRECTION('',(0.,0.,1.));
#12246=DIRECTION('',(1.,0.,0.));
#12247=DIRECTION('',(0.,0.,1.));
#12248=DIRECTION('',(1.,0.,0.));
#12249=DIRECTION('',(0.,0.,-1.));
#12250=DIRECTION('',(-1.,0.,0.));
#12251=DIRECTION('',(0.,0.,1.));
#12252=DIRECTION('',(1.,0.,0.));
#12253=DIRECTION('',(0.,0.,1.));
#12254=DIRECTION('',(1.,0.,0.));
#12255=DIRECTION('',(0.283212202612238,0.959057270600419,0.));
#12256=DIRECTION('',(-0.959057270600419,0.283212202612238,0.));
#12257=DIRECTION('',(0.,0.,-1.));
#12258=DIRECTION('',(0.959057270600419,-0.283212202612238,0.));
#12259=DIRECTION('',(0.,0.,-1.));
#12260=DIRECTION('',(-0.959057270600416,0.283212202612248,0.));
#12261=DIRECTION('',(-0.283212202612248,-0.959057270600416,0.));
#12262=DIRECTION('',(0.,0.,-1.));
#12263=DIRECTION('',(0.283212202612248,0.959057270600416,0.));
#12264=DIRECTION('',(-0.28321220261224,-0.959057270600418,0.));
#12265=DIRECTION('',(0.959057270600418,-0.28321220261224,0.));
#12266=DIRECTION('',(0.,0.,-1.));
#12267=DIRECTION('',(-0.959057270600418,0.28321220261224,0.));
#12268=DIRECTION('',(0.934452818528411,0.35608696963566,0.));
#12269=DIRECTION('',(-0.35608696963566,0.934452818528412,0.));
#12270=DIRECTION('',(0.,0.,-1.));
#12271=DIRECTION('',(0.35608696963566,-0.934452818528412,0.));
#12272=DIRECTION('',(-0.526533884213051,-0.850154144126533,0.));
#12273=DIRECTION('',(0.850154144126533,-0.526533884213051,0.));
#12274=DIRECTION('',(0.,0.,-1.));
#12275=DIRECTION('',(-0.850154144126533,0.526533884213051,0.));
#12276=DIRECTION('',(-0.912878303288819,0.408231801045101,0.));
#12277=DIRECTION('',(-0.408231801045101,-0.912878303288819,0.));
#12278=DIRECTION('',(0.,0.,-1.));
#12279=DIRECTION('',(0.408231801045101,0.912878303288819,0.));
#12280=DIRECTION('',(-0.408231801045103,-0.912878303288818,0.));
#12281=DIRECTION('',(0.912878303288818,-0.408231801045103,0.));
#12282=DIRECTION('',(0.,0.,-1.));
#12283=DIRECTION('',(-0.912878303288818,0.408231801045103,0.));
#12284=DIRECTION('',(0.912878303288817,-0.408231801045105,0.));
#12285=DIRECTION('',(0.408231801045105,0.912878303288817,0.));
#12286=DIRECTION('',(0.,0.,-1.));
#12287=DIRECTION('',(-0.408231801045105,-0.912878303288817,0.));
#12288=DIRECTION('',(-0.526533884213051,-0.850154144126533,0.));
#12289=DIRECTION('',(0.850154144126533,-0.526533884213051,0.));
#12290=DIRECTION('',(0.,0.,-1.));
#12291=DIRECTION('',(-0.850154144126533,0.526533884213051,0.));
#12292=DIRECTION('',(0.850154144126533,-0.526533884213051,0.));
#12293=DIRECTION('',(0.526533884213051,0.850154144126533,0.));
#12294=DIRECTION('',(0.,0.,-1.));
#12295=DIRECTION('',(-0.526533884213051,-0.850154144126533,0.));
#12296=DIRECTION('',(0.526533884213051,0.850154144126533,0.));
#12297=DIRECTION('',(-0.850154144126533,0.526533884213051,0.));
#12298=DIRECTION('',(0.,0.,-1.));
#12299=DIRECTION('',(0.850154144126533,-0.526533884213051,0.));
#12300=DIRECTION('',(0.,1.,0.));
#12301=DIRECTION('',(0.,0.,1.));
#12302=DIRECTION('',(0.,0.,-1.));
#12303=DIRECTION('',(1.,0.,0.));
#12304=DIRECTION('',(-1.,0.,0.));
#12305=DIRECTION('',(0.,0.,1.));
#12306=DIRECTION('',(-1.,0.,0.));
#12307=DIRECTION('',(0.,1.,0.));
#12308=DIRECTION('',(0.,0.,-1.));
#12309=DIRECTION('',(0.,1.,0.));
#12310=DIRECTION('',(0.,-1.,0.));
#12311=DIRECTION('',(0.,0.,-1.));
#12312=DIRECTION('',(0.,0.,-1.));
#12313=DIRECTION('',(-1.,0.,0.));
#12314=DIRECTION('',(0.,-1.,0.));
#12315=DIRECTION('',(-1.,0.,0.));
#12316=DIRECTION('',(0.526533884213051,0.850154144126533,0.));
#12317=DIRECTION('',(-0.850154144126533,0.526533884213051,0.));
#12318=DIRECTION('',(0.,0.,-1.));
#12319=DIRECTION('',(0.850154144126533,-0.526533884213051,0.));
#12320=DIRECTION('',(0.934452818528412,0.35608696963566,0.));
#12321=DIRECTION('',(-0.35608696963566,0.934452818528412,0.));
#12322=DIRECTION('',(0.,0.,-1.));
#12323=DIRECTION('',(0.35608696963566,-0.934452818528412,0.));
#12324=DIRECTION('',(-0.35608696963566,0.934452818528412,0.));
#12325=DIRECTION('',(-0.934452818528412,-0.35608696963566,0.));
#12326=DIRECTION('',(0.,0.,-1.));
#12327=DIRECTION('',(0.934452818528412,0.35608696963566,0.));
#12328=DIRECTION('',(-0.934452818528412,-0.35608696963566,0.));
#12329=DIRECTION('',(0.35608696963566,-0.934452818528412,0.));
#12330=DIRECTION('',(0.,0.,-1.));
#12331=DIRECTION('',(-0.35608696963566,0.934452818528412,0.));
#12332=DIRECTION('',(-0.959057270600418,0.283212202612239,0.));
#12333=DIRECTION('',(-0.283212202612239,-0.959057270600418,0.));
#12334=DIRECTION('',(0.,0.,-1.));
#12335=DIRECTION('',(0.283212202612239,0.959057270600419,0.));
#12336=DIRECTION('',(-0.283212202612234,-0.95905727060042,0.));
#12337=DIRECTION('',(0.95905727060042,-0.283212202612234,0.));
#12338=DIRECTION('',(0.,0.,-1.));
#12339=DIRECTION('',(-0.95905727060042,0.283212202612235,0.));
#12340=DIRECTION('',(-0.959057270600417,0.283212202612242,0.));
#12341=DIRECTION('',(-0.283212202612242,-0.959057270600417,0.));
#12342=DIRECTION('',(0.,0.,-1.));
#12343=DIRECTION('',(0.283212202612242,0.959057270600417,0.));
#12344=DIRECTION('',(-0.283212202612241,-0.959057270600418,0.));
#12345=DIRECTION('',(0.959057270600418,-0.283212202612241,0.));
#12346=DIRECTION('',(0.,0.,-1.));
#12347=DIRECTION('',(-0.959057270600418,0.283212202612241,0.));
#12348=DIRECTION('',(0.959057270600418,-0.283212202612242,0.));
#12349=DIRECTION('',(0.283212202612242,0.959057270600418,0.));
#12350=DIRECTION('',(0.,0.,-1.));
#12351=DIRECTION('',(-0.283212202612242,-0.959057270600418,0.));
#12352=DIRECTION('',(-0.283212202612236,-0.959057270600419,0.));
#12353=DIRECTION('',(0.959057270600419,-0.283212202612236,0.));
#12354=DIRECTION('',(0.,0.,-1.));
#12355=DIRECTION('',(-0.959057270600419,0.283212202612236,0.));
#12356=DIRECTION('',(-0.805196974967405,-0.593007446414748,0.));
#12357=DIRECTION('',(0.593007446414748,-0.805196974967405,0.));
#12358=DIRECTION('',(0.,0.,-1.));
#12359=DIRECTION('',(-0.593007446414748,0.805196974967405,0.));
#12360=DIRECTION('',(0.59300744641475,-0.805196974967404,0.));
#12361=DIRECTION('',(0.805196974967404,0.59300744641475,0.));
#12362=DIRECTION('',(0.,0.,-1.));
#12363=DIRECTION('',(-0.805196974967404,-0.59300744641475,0.));
#12364=DIRECTION('',(0.805196974967404,0.593007446414749,0.));
#12365=DIRECTION('',(-0.593007446414749,0.805196974967404,0.));
#12366=DIRECTION('',(0.,0.,-1.));
#12367=DIRECTION('',(0.593007446414749,-0.805196974967404,0.));
#12368=DIRECTION('',(0.959057270600418,-0.28321220261224,0.));
#12369=DIRECTION('',(0.28321220261224,0.959057270600418,0.));
#12370=DIRECTION('',(0.,0.,-1.));
#12371=DIRECTION('',(-0.28321220261224,-0.959057270600418,0.));
#12372=DIRECTION('',(-0.934452818528412,-0.35608696963566,0.));
#12373=DIRECTION('',(0.35608696963566,-0.934452818528412,0.));
#12374=DIRECTION('',(0.,0.,-1.));
#12375=DIRECTION('',(-0.35608696963566,0.934452818528412,0.));
#12376=DIRECTION('',(-0.850154144126533,0.526533884213051,0.));
#12377=DIRECTION('',(-0.526533884213051,-0.850154144126533,0.));
#12378=DIRECTION('',(0.,0.,-1.));
#12379=DIRECTION('',(0.526533884213051,0.850154144126533,0.));
#12380=DIRECTION('',(-0.526533884213049,-0.850154144126534,0.));
#12381=DIRECTION('',(0.850154144126534,-0.526533884213049,0.));
#12382=DIRECTION('',(0.,0.,-1.));
#12383=DIRECTION('',(-0.850154144126534,0.526533884213049,0.));
#12384=DIRECTION('',(0.850154144126532,-0.526533884213052,0.));
#12385=DIRECTION('',(0.526533884213052,0.850154144126532,0.));
#12386=DIRECTION('',(0.,0.,-1.));
#12387=DIRECTION('',(-0.526533884213052,-0.850154144126532,0.));
#12388=DIRECTION('',(-0.934452818528419,-0.356086969635641,0.));
#12389=DIRECTION('',(0.356086969635641,-0.934452818528419,0.));
#12390=DIRECTION('',(0.,0.,-1.));
#12391=DIRECTION('',(-0.356086969635641,0.934452818528419,0.));
#12392=DIRECTION('',(0.356086969635661,-0.934452818528411,0.));
#12393=DIRECTION('',(0.934452818528411,0.356086969635661,0.));
#12394=DIRECTION('',(0.,0.,-1.));
#12395=DIRECTION('',(-0.934452818528411,-0.356086969635661,0.));
#12396=DIRECTION('',(0.934452818528406,0.356086969635675,0.));
#12397=DIRECTION('',(-0.356086969635675,0.934452818528406,0.));
#12398=DIRECTION('',(0.356086969635675,-0.934452818528406,0.));
#12399=DIRECTION('',(0.,0.,1.));
#12400=DIRECTION('',(1.,0.,0.));
#12401=DIRECTION('',(0.,0.,-1.));
#12402=DIRECTION('',(-1.,0.,0.));
#12403=DIRECTION('',(0.,0.,1.));
#12404=DIRECTION('',(1.,0.,0.));
#12405=DIRECTION('',(0.,0.,1.));
#12406=DIRECTION('',(1.,0.,0.));
#12407=DIRECTION('',(0.,0.,1.));
#12408=DIRECTION('',(1.,0.,0.));
#12409=DIRECTION('',(1.,0.,0.));
#12410=DIRECTION('',(0.,0.,-1.));
#12411=DIRECTION('',(0.,0.,1.));
#12412=DIRECTION('',(1.,0.,0.));
#12413=DIRECTION('',(1.,0.,0.));
#12414=DIRECTION('',(0.,0.,-1.));
#12415=DIRECTION('',(-1.,0.,0.));
#12416=DIRECTION('',(0.,0.,1.));
#12417=DIRECTION('',(-0.707106781186548,0.,-0.707106781186548));
#12418=DIRECTION('',(-0.707106781186548,0.,0.707106781186548));
#12419=DIRECTION('',(1.,0.,0.));
#12420=DIRECTION('',(0.,0.,-1.));
#12421=DIRECTION('',(1.,0.,0.));
#12422=DIRECTION('',(0.,0.,-1.));
#12423=DIRECTION('',(0.,0.,-1.));
#12424=DIRECTION('',(-1.,0.,0.));
#12425=DIRECTION('',(-0.707106781186548,0.,-0.707106781186548));
#12426=DIRECTION('',(0.707106781186548,0.,-0.707106781186548));
#12427=DIRECTION('',(0.,0.,1.));
#12428=DIRECTION('',(1.,0.,0.));
#12429=DIRECTION('',(0.,0.,1.));
#12430=DIRECTION('',(1.,0.,0.));
#12431=DIRECTION('',(1.,0.,0.));
#12432=DIRECTION('',(0.,0.,-1.));
#12433=DIRECTION('',(0.707106781186548,0.,-0.707106781186548));
#12434=DIRECTION('',(-0.707106781186548,0.,-0.707106781186548));
#12435=DIRECTION('',(0.,0.,1.));
#12436=DIRECTION('',(1.,0.,0.));
#12437=DIRECTION('',(0.,0.,1.));
#12438=DIRECTION('',(1.,0.,0.));
#12439=DIRECTION('',(0.,0.,-1.));
#12440=DIRECTION('',(-1.,0.,0.));
#12441=DIRECTION('',(-0.707106781186548,0.,0.707106781186548));
#12442=DIRECTION('',(-0.707106781186548,0.,-0.707106781186548));
#12443=DIRECTION('',(0.,0.,1.));
#12444=DIRECTION('',(1.,0.,0.));
#12445=DIRECTION('',(-1.,0.,0.));
#12446=DIRECTION('',(0.,0.,1.));
#12447=DIRECTION('',(-1.,0.,0.));
#12448=DIRECTION('',(0.,0.,1.));
#12449=DIRECTION('',(0.,0.,1.));
#12450=DIRECTION('',(1.,0.,0.));
#12451=DIRECTION('',(0.,0.,1.));
#12452=DIRECTION('',(1.,0.,0.));
#12453=DIRECTION('',(0.,0.,1.));
#12454=DIRECTION('',(1.,0.,0.));
#12455=DIRECTION('',(0.,0.,1.));
#12456=DIRECTION('',(1.,0.,0.));
#12457=DIRECTION('',(1.,0.,0.));
#12458=DIRECTION('',(0.,0.,-1.));
#12459=DIRECTION('',(0.,0.,1.));
#12460=DIRECTION('',(1.,0.,0.));
#12461=DIRECTION('',(1.,0.,0.));
#12462=DIRECTION('',(0.,0.,-1.));
#12463=DIRECTION('',(1.,0.,0.));
#12464=DIRECTION('',(0.,0.,-1.));
#12465=DIRECTION('',(0.707106781186548,0.,0.707106781186548));
#12466=DIRECTION('',(0.707106781186548,0.,-0.707106781186548));
#12467=DIRECTION('',(-1.,0.,0.));
#12468=DIRECTION('',(0.,0.,1.));
#12469=DIRECTION('',(1.,0.,0.));
#12470=DIRECTION('',(0.,0.,-1.));
#12471=DIRECTION('',(0.,0.,-1.));
#12472=DIRECTION('',(-1.,0.,0.));
#12473=DIRECTION('',(-0.707106781186548,0.,-0.707106781186548));
#12474=DIRECTION('',(0.707106781186548,0.,-0.707106781186548));
#12475=DIRECTION('',(0.,0.,1.));
#12476=DIRECTION('',(1.,0.,0.));
#12477=DIRECTION('',(0.,0.,1.));
#12478=DIRECTION('',(1.,0.,0.));
#12479=DIRECTION('',(-1.,0.,0.));
#12480=DIRECTION('',(0.,0.,1.));
#12481=DIRECTION('',(0.707106781186548,0.,-0.707106781186548));
#12482=DIRECTION('',(-0.707106781186548,0.,-0.707106781186548));
#12483=DIRECTION('',(0.,0.,-1.));
#12484=DIRECTION('',(-1.,0.,0.));
#12485=DIRECTION('',(0.,0.,1.));
#12486=DIRECTION('',(1.,0.,0.));
#12487=DIRECTION('',(0.,0.,-1.));
#12488=DIRECTION('',(-1.,0.,0.));
#12489=DIRECTION('',(0.707106781186548,0.,-0.707106781186548));
#12490=DIRECTION('',(0.707106781186548,0.,0.707106781186548));
#12491=DIRECTION('',(0.,0.,1.));
#12492=DIRECTION('',(1.,0.,0.));
#12493=DIRECTION('',(-1.,0.,0.));
#12494=DIRECTION('',(0.,0.,1.));
#12495=DIRECTION('',(1.,0.,0.));
#12496=DIRECTION('',(0.,0.,-1.));
#12497=DIRECTION('',(1.,0.,0.));
#12498=DIRECTION('',(0.,0.,-1.));
#12499=DIRECTION('',(-1.,0.,0.));
#12500=DIRECTION('',(0.,0.,1.));
#12501=DIRECTION('',(1.,0.,0.));
#12502=DIRECTION('',(0.,0.,-1.));
#12503=DIRECTION('',(0.,0.,1.));
#12504=DIRECTION('',(1.,0.,0.));
#12505=DIRECTION('',(0.,0.,1.));
#12506=DIRECTION('',(1.,0.,0.));
#12507=DIRECTION('',(0.,0.,1.));
#12508=DIRECTION('',(1.,0.,0.));
#12509=DIRECTION('',(0.,0.,1.));
#12510=DIRECTION('',(1.,0.,0.));
#12511=DIRECTION('',(0.,1.,0.));
#12512=DIRECTION('',(0.,0.,1.));
#12513=DIRECTION('',(0.,0.,-1.));
#12514=DIRECTION('',(-1.,0.,0.));
#12515=DIRECTION('',(0.61457043766819,0.,-0.788861950625285));
#12516=DIRECTION('',(-0.788861950625285,0.,-0.61457043766819));
#12517=DIRECTION('',(0.,-1.,0.));
#12518=DIRECTION('',(0.,0.,-1.));
#12519=DIRECTION('',(0.,-1.,0.));
#12520=DIRECTION('',(0.,0.,-1.));
#12521=DIRECTION('',(0.,0.,-1.));
#12522=DIRECTION('',(-1.,0.,0.));
#12523=DIRECTION('',(0.,0.,1.));
#12524=DIRECTION('',(1.,0.,0.));
#12525=DIRECTION('',(-1.,0.,0.));
#12526=DIRECTION('',(0.,0.,1.));
#12527=DIRECTION('',(0.958647629135868,0.28459571878751,0.));
#12528=DIRECTION('',(-0.28459571878751,0.958647629135868,0.));
#12529=DIRECTION('',(0.788861950625283,0.,-0.614570437668192));
#12530=DIRECTION('',(-0.614570437668192,0.,-0.788861950625283));
#12531=DIRECTION('',(-1.,0.,0.));
#12532=DIRECTION('',(0.,0.,1.));
#12533=DIRECTION('',(0.,0.,-1.));
#12534=DIRECTION('',(-1.,0.,0.));
#12535=DIRECTION('',(0.,0.,-1.));
#12536=DIRECTION('',(-1.,0.,0.));
#12537=DIRECTION('',(0.,0.,1.));
#12538=DIRECTION('',(1.,0.,0.));
#12539=DIRECTION('',(0.,0.,1.));
#12540=DIRECTION('',(1.,0.,0.));
#12541=DIRECTION('',(0.,-1.,0.));
#12542=DIRECTION('',(0.,0.,-1.));
#12543=DIRECTION('',(0.,0.,1.));
#12544=DIRECTION('',(1.,0.,0.));
#12545=DIRECTION('',(1.,0.,0.));
#12546=DIRECTION('',(0.,0.,-1.));
#12547=DIRECTION('',(0.,-1.,0.));
#12548=DIRECTION('',(0.,0.,-1.));
#12549=DIRECTION('',(0.,1.,0.));
#12550=DIRECTION('',(0.,0.,1.));
#12551=DIRECTION('',(1.,0.,0.));
#12552=DIRECTION('',(0.,0.,-1.));
#12553=DIRECTION('',(1.,0.,0.));
#12554=DIRECTION('',(0.,0.,-1.));
#12555=DIRECTION('',(0.,-1.,0.));
#12556=DIRECTION('',(0.,0.,-1.));
#12557=DIRECTION('',(0.,0.99822848068047,0.0594970617624118));
#12558=DIRECTION('',(0.,0.0594970617624119,-0.99822848068047));
#12559=DIRECTION('',(-0.154532002777568,-0.987987783384771,0.));
#12560=DIRECTION('',(0.987987783384771,-0.154532002777568,0.));
#12561=DIRECTION('',(0.,1.,0.));
#12562=DIRECTION('',(0.,0.,1.));
#12563=DIRECTION('',(0.,0.,-1.));
#12564=DIRECTION('',(-1.,0.,0.));
#12565=DIRECTION('',(0.,0.0594970617624097,0.99822848068047));
#12566=DIRECTION('',(0.,0.99822848068047,-0.0594970617624097));
#12567=DIRECTION('',(0.,0.,1.));
#12568=DIRECTION('',(1.,0.,0.));
#12569=DIRECTION('',(0.,0.,1.));
#12570=DIRECTION('',(1.,0.,0.));
#12571=DIRECTION('',(0.,0.,1.));
#12572=DIRECTION('',(1.,0.,0.));
#12573=DIRECTION('',(0.,0.,1.));
#12574=DIRECTION('',(1.,0.,0.));
#12575=DIRECTION('',(0.,-1.,0.));
#12576=DIRECTION('',(0.,0.,-1.));
#12577=DIRECTION('',(0.,0.,-1.));
#12578=DIRECTION('',(-1.,0.,0.));
#12579=DIRECTION('',(0.,0.,1.));
#12580=DIRECTION('',(1.,0.,0.));
#12581=DIRECTION('',(0.,1.,0.));
#12582=DIRECTION('',(0.,0.,1.));
#12583=DIRECTION('',(0.,-1.,0.));
#12584=DIRECTION('',(0.,0.,-1.));
#12585=DIRECTION('',(-1.,0.,0.));
#12586=DIRECTION('',(0.,0.,1.));
#12587=DIRECTION('',(-1.,0.,0.));
#12588=DIRECTION('',(0.,0.,1.));
#12589=DIRECTION('',(-1.,0.,0.));
#12590=DIRECTION('',(0.,0.,1.));
#12591=DIRECTION('',(1.,0.,0.));
#12592=DIRECTION('',(0.,0.,-1.));
#12593=DIRECTION('',(0.,0.,1.));
#12594=DIRECTION('',(1.,0.,0.));
#12595=DIRECTION('',(-0.356086969635659,0.934452818528412,6.48416548162787E-16));
#12596=DIRECTION('',(-0.934452818528412,-0.356086969635659,0.));
#12597=DIRECTION('',(0.260173924052011,-0.68275527432738,0.682755274327136));
#12598=DIRECTION('',(0.,-0.707106781186421,-0.707106781186674));
#12599=DIRECTION('',(-0.35608696963566,0.934452818528412,0.));
#12600=DIRECTION('',(-0.934452818528412,-0.35608696963566,0.));
#12601=DIRECTION('',(-0.35608696963566,0.934452818528412,3.60373048419893E-15));
#12602=DIRECTION('',(-0.934452818528412,-0.35608696963566,0.));
#12603=DIRECTION('',(0.356086969635659,-0.934452818528412,-3.60373048419891E-15));
#12604=DIRECTION('',(0.934452818528412,0.356086969635659,0.));
#12605=DIRECTION('',(-0.934452818528412,-0.35608696963566,0.));
#12606=DIRECTION('',(0.35608696963566,-0.934452818528412,0.));
#12607=DIRECTION('',(-0.934452818528407,-0.356086969635672,0.));
#12608=DIRECTION('',(0.356086969635672,-0.934452818528407,0.));
#12609=DIRECTION('',(0.,0.,1.));
#12610=DIRECTION('',(1.,0.,0.));
#12611=DIRECTION('',(0.,0.,-1.));
#12612=DIRECTION('',(-1.,0.,0.));
#12613=DIRECTION('',(0.,0.,1.));
#12614=DIRECTION('',(1.,0.,0.));
#12615=DIRECTION('',(0.35608696963566,-0.934452818528412,0.));
#12616=DIRECTION('',(0.934452818528412,0.35608696963566,0.));
#12617=DIRECTION('',(0.356086969635658,-0.934452818528413,0.));
#12618=DIRECTION('',(0.934452818528413,0.356086969635658,0.));
#12619=DIRECTION('',(0.934452818528412,0.35608696963566,0.));
#12620=DIRECTION('',(-0.35608696963566,0.934452818528412,0.));
#12621=DIRECTION('',(-0.742164412472027,-0.282812648609458,0.607625699461893));
#12622=DIRECTION('',(-0.567797547472463,-0.216367593994134,-0.794223526063945));
#12623=DIRECTION('',(0.,0.,1.));
#12624=DIRECTION('',(1.,0.,0.));
#12625=DIRECTION('',(0.93445281852841,0.356086969635664,0.));
#12626=DIRECTION('',(-0.356086969635664,0.93445281852841,0.));
#12627=DIRECTION('',(0.,0.,-1.));
#12628=DIRECTION('',(-1.,0.,0.));
#12629=DIRECTION('',(-0.567797547472462,-0.216367593994133,0.794223526063946));
#12630=DIRECTION('',(-0.742164412472028,-0.282812648609459,-0.607625699461891));
#12631=DIRECTION('',(0.,0.,1.));
#12632=DIRECTION('',(1.,0.,0.));
#12633=DIRECTION('',(-0.934452818528412,-0.35608696963566,0.));
#12634=DIRECTION('',(0.35608696963566,-0.934452818528412,0.));
#12635=DIRECTION('',(-0.93445281852841,-0.356086969635664,0.));
#12636=DIRECTION('',(0.356086969635664,-0.93445281852841,0.));
#12637=DIRECTION('',(0.,0.,1.));
#12638=DIRECTION('',(1.,0.,0.));
#12639=DIRECTION('',(-0.356086969635663,0.93445281852841,0.));
#12640=DIRECTION('',(-0.93445281852841,-0.356086969635663,0.));
#12641=DIRECTION('',(-0.35608696963566,0.934452818528412,0.));
#12642=DIRECTION('',(-0.934452818528412,-0.35608696963566,0.));
#12643=DIRECTION('',(-0.356086969635663,0.93445281852841,0.));
#12644=DIRECTION('',(-0.93445281852841,-0.356086969635663,0.));
#12645=DIRECTION('',(-0.335454066947593,0.880307411042666,-0.335454066947591));
#12646=DIRECTION('',(-0.934452818528411,-0.356086969635661,0.));
#12647=DIRECTION('',(-0.356086969635659,0.934452818528412,-2.51576333727645E-15));
#12648=DIRECTION('',(-0.934452818528412,-0.356086969635659,0.));
#12649=DIRECTION('',(0.35608696963566,-0.934452818528412,0.));
#12650=DIRECTION('',(0.934452818528412,0.35608696963566,0.));
#12651=DIRECTION('',(-0.356086969635649,0.934452818528416,0.));
#12652=DIRECTION('',(-0.934452818528416,-0.356086969635649,0.));
#12653=DIRECTION('',(-0.683157032628017,-0.730271503463528,0.));
#12654=DIRECTION('',(0.730271503463528,-0.683157032628017,0.));
#12655=DIRECTION('',(0.,0.,-1.));
#12656=DIRECTION('',(-0.730271503463528,0.683157032628017,0.));
#12657=DIRECTION('',(0.,0.,-1.));
#12658=DIRECTION('',(0.730271503463528,-0.683157032628017,0.));
#12659=DIRECTION('',(0.683157032628017,0.730271503463529,0.));
#12660=DIRECTION('',(0.,0.,-1.));
#12661=DIRECTION('',(-0.683157032628017,-0.730271503463529,0.));
#12662=DIRECTION('',(0.683157032628017,0.730271503463529,0.));
#12663=DIRECTION('',(-0.730271503463529,0.683157032628017,0.));
#12664=DIRECTION('',(0.,0.,-1.));
#12665=DIRECTION('',(0.730271503463529,-0.683157032628017,0.));
#12666=DIRECTION('',(-0.730271503463529,0.683157032628016,0.));
#12667=DIRECTION('',(-0.683157032628016,-0.730271503463529,0.));
#12668=DIRECTION('',(0.,0.,-1.));
#12669=DIRECTION('',(0.683157032628016,0.730271503463529,0.));
#12670=DIRECTION('',(-0.683157032628017,-0.730271503463529,0.));
#12671=DIRECTION('',(0.730271503463529,-0.683157032628017,0.));
#12672=DIRECTION('',(0.,0.,-1.));
#12673=DIRECTION('',(-0.730271503463529,0.683157032628017,0.));
#12674=DIRECTION('',(0.,1.,0.));
#12675=DIRECTION('',(0.,0.,1.));
#12676=DIRECTION('',(0.,0.,-1.));
#12677=DIRECTION('',(1.,0.,0.));
#12678=DIRECTION('',(1.,0.,0.));
#12679=DIRECTION('',(0.,0.,-1.));
#12680=DIRECTION('',(0.,0.,-1.));
#12681=DIRECTION('',(0.,-1.,0.));
#12682=DIRECTION('',(0.,1.,0.));
#12683=DIRECTION('',(0.,0.,1.));
#12684=DIRECTION('',(0.,0.,-1.));
#12685=DIRECTION('',(1.,0.,0.));
#12686=DIRECTION('',(0.730271503463528,-0.683157032628017,0.));
#12687=DIRECTION('',(0.683157032628017,0.730271503463528,0.));
#12688=DIRECTION('',(0.,0.,-1.));
#12689=DIRECTION('',(-0.683157032628017,-0.730271503463528,0.));
#12690=DIRECTION('',(0.683157032628017,0.730271503463528,0.));
#12691=DIRECTION('',(-0.730271503463528,0.683157032628017,0.));
#12692=DIRECTION('',(0.,0.,-1.));
#12693=DIRECTION('',(0.730271503463528,-0.683157032628017,0.));
#12694=DIRECTION('',(-0.730271503463528,0.683157032628018,0.));
#12695=DIRECTION('',(-0.683157032628018,-0.730271503463528,0.));
#12696=DIRECTION('',(0.683157032628018,0.730271503463528,0.));
#12697=DIRECTION('',(0.,0.,1.));
#12698=DIRECTION('',(1.,0.,0.));
#12699=DIRECTION('',(0.,0.,1.));
#12700=DIRECTION('',(1.,0.,0.));
#12701=DIRECTION('',(0.,0.,-1.));
#12702=DIRECTION('',(-1.,0.,0.));
#12703=DIRECTION('',(0.,0.,-1.));
#12704=DIRECTION('',(-1.,0.,0.));
#12705=DIRECTION('',(0.,0.,1.));
#12706=DIRECTION('',(1.,0.,0.));
#12707=DIRECTION('',(0.,0.,-1.));
#12708=DIRECTION('',(-1.,0.,0.));
#12709=DIRECTION('',(0.,0.,-1.));
#12710=DIRECTION('',(-1.,0.,0.));
#12711=DIRECTION('',(0.,0.,1.));
#12712=DIRECTION('',(1.,0.,0.));
#12713=DIRECTION('',(0.,0.,-1.));
#12714=DIRECTION('',(-1.,0.,0.));
#12715=DIRECTION('',(0.,0.,-1.));
#12716=DIRECTION('',(-1.,0.,0.));
#12717=DIRECTION('',(0.,0.,1.));
#12718=DIRECTION('',(1.,0.,0.));
#12719=DIRECTION('',(0.,0.,-1.));
#12720=DIRECTION('',(-1.,0.,0.));
#12721=DIRECTION('',(0.,0.,-1.));
#12722=DIRECTION('',(-1.,0.,0.));
#12723=CARTESIAN_POINT('',(0.,0.,0.));
#12724=CARTESIAN_POINT('',(-0.0323795881236417,0.000432473186465915,0.0118));
#12725=CARTESIAN_POINT('',(-0.0323795881236417,0.000432473186465915,0.0118));
#12726=CARTESIAN_POINT('',(-0.0312723219394684,0.00181655574124306,0.0118));
#12727=CARTESIAN_POINT('',(-0.0321674024913833,0.000697705193169332,0.0118));
#12728=CARTESIAN_POINT('',(-0.0321674024913833,0.00069770519316933,0.0118));
#12729=CARTESIAN_POINT('',(-0.0321674024913833,0.000697705193169331,0.01105));
#12730=CARTESIAN_POINT('',(-0.0323795881236417,0.000432473186465915,0.01105));
#12731=CARTESIAN_POINT('',(-0.0312723219394684,0.00181655574124306,0.01105));
#12732=CARTESIAN_POINT('',(-0.0312723219394684,0.00181655574124306,0.0118));
#12733=CARTESIAN_POINT('',(-0.0323795881236417,0.000432473186465915,0.0118));
#12734=CARTESIAN_POINT('',(-0.0323795881236417,0.000432473186465915,0.01105));
#12735=CARTESIAN_POINT('',(-0.0323512762110544,0.000467863072714154,0.01105));
#12736=CARTESIAN_POINT('',(-0.0331120326580148,-0.000483082365449288,0.01105));
#12737=CARTESIAN_POINT('',(-0.0323512762110544,0.00046786307271415,0.0118));
#12738=CARTESIAN_POINT('',(-0.0323512762110544,0.000467863072714154,0.0118));
#12739=CARTESIAN_POINT('',(-0.0323795881236417,0.000432473186465915,0.0118));
#12740=CARTESIAN_POINT('',(-0.0331120326580148,-0.00048308236544929,0.0118));
#12741=CARTESIAN_POINT('',(-0.0331120326580148,-0.000483082365449288,0.0118));
#12742=CARTESIAN_POINT('',(-0.0323795881236417,0.000432473186465915,0.0118));
#12743=CARTESIAN_POINT('',(-0.0323795881236417,0.000432473186465915,0.01105));
#12744=CARTESIAN_POINT('',(-0.0332412801298917,-0.000644641684816975,0.01105));
#12745=CARTESIAN_POINT('',(-0.0334868543078149,-0.000951609368311244,0.01105));
#12746=CARTESIAN_POINT('',(-0.0332412801298917,-0.000644641684816977,0.0118));
#12747=CARTESIAN_POINT('',(-0.0332412801298917,-0.000644641684816975,0.0118));
#12748=CARTESIAN_POINT('',(-0.0323795881236417,0.000432473186465915,0.0118));
#12749=CARTESIAN_POINT('',(-0.0334868543078149,-0.000951609368311244,0.0118));
#12750=CARTESIAN_POINT('',(-0.0334868543078149,-0.000951609368311244,0.0118));
#12751=CARTESIAN_POINT('',(-0.0311298405711317,0.00196934523750135,0.0118));
#12752=CARTESIAN_POINT('',(-0.0311298405711317,0.00196934523750135,0.0118));
#12753=CARTESIAN_POINT('',(-0.0309873592027952,0.00212213473375964,0.0118));
#12754=CARTESIAN_POINT('',(-0.0310098638400628,0.00209800194901911,0.0118));
#12755=CARTESIAN_POINT('',(-0.0310098638400628,0.00209800194901911,0.0118));
#12756=CARTESIAN_POINT('',(-0.0310098638400628,0.00209800194901911,0.01105));
#12757=CARTESIAN_POINT('',(-0.0311298405711317,0.00196934523750135,0.01105));
#12758=CARTESIAN_POINT('',(-0.0309873592027952,0.00212213473375964,0.01105));
#12759=CARTESIAN_POINT('',(-0.0309873592027952,0.00212213473375964,0.0118));
#12760=CARTESIAN_POINT('',(-0.0311298405711317,0.00196934523750135,0.0118));
#12761=CARTESIAN_POINT('',(-0.0311298405711317,0.00196934523750135,0.01105));
#12762=CARTESIAN_POINT('',(-0.0312060658429169,0.00188760528080268,0.01105));
#12763=CARTESIAN_POINT('',(-0.0312060658429169,0.00188760528080268,0.0118));
#12764=CARTESIAN_POINT('',(-0.0312060658429169,0.00188760528080268,0.0118));
#12765=CARTESIAN_POINT('',(-0.0311298405711317,0.00196934523750135,0.0118));
#12766=CARTESIAN_POINT('',(-0.0277665264187687,-0.000273258376293699,0.0118));
#12767=CARTESIAN_POINT('',(-0.0277665264187687,-0.000273258376293699,0.0118));
#12768=CARTESIAN_POINT('',(-0.0280691031369997,-4.82264560687062E-5,0.0118));
#12769=CARTESIAN_POINT('',(-0.0282319997469925,7.29227756340618E-5,0.0118));
#12770=CARTESIAN_POINT('',(-0.0282319997469925,7.29227756340618E-5,0.0118));
#12771=CARTESIAN_POINT('',(-0.0282319997469925,7.29227756340618E-5,0.01105));
#12772=CARTESIAN_POINT('',(-0.0277665264187687,-0.000273258376293699,0.01105));
#12773=CARTESIAN_POINT('',(-0.0280691031369997,-4.82264560687028E-5,0.01105));
#12774=CARTESIAN_POINT('',(-0.0280691031369997,-4.82264560687078E-5,0.0118));
#12775=CARTESIAN_POINT('',(-0.0277665264187687,-0.000273258376293699,0.0118));
#12776=CARTESIAN_POINT('',(-0.0277665264187687,-0.000273258376293699,0.01105));
#12777=CARTESIAN_POINT('',(-0.0266785198441754,-0.00108242905581455,0.01105));
#12778=CARTESIAN_POINT('',(-0.0278773619188555,-0.00019082795811925,0.01105));
#12779=CARTESIAN_POINT('',(-0.0266785198441754,-0.00108242905581455,0.0118));
#12780=CARTESIAN_POINT('',(-0.0266785198441754,-0.00108242905581455,0.0118));
#12781=CARTESIAN_POINT('',(-0.0277665264187687,-0.000273258376293699,0.0118));
#12782=CARTESIAN_POINT('',(-0.0278773619188555,-0.000190827958119249,0.0118));
#12783=CARTESIAN_POINT('',(-0.0278773619188555,-0.000190827958119251,0.0118));
#12784=CARTESIAN_POINT('',(-0.0277665264187687,-0.000273258376293699,0.0118));
#12785=CARTESIAN_POINT('',(-0.028666071685321,0.000395750131185111,0.0118));
#12786=CARTESIAN_POINT('',(-0.028666071685321,0.000395750131185111,0.0118));
#12787=CARTESIAN_POINT('',(-0.028666071685321,0.000395750131185111,0.01105));
#12788=CARTESIAN_POINT('',(-0.0277665264187687,-0.000273258376293699,0.0118));
#12789=CARTESIAN_POINT('',(-0.0294673389616196,0.000991667473580515,0.0118));
#12790=CARTESIAN_POINT('',(-0.0294673389616196,0.000991667473580515,0.0118));
#12791=CARTESIAN_POINT('',(-0.0294673389616196,0.000991667473580515,0.01105));
#12792=CARTESIAN_POINT('',(-0.0277665264187687,-0.000273258376293699,0.01105));
#12793=CARTESIAN_POINT('',(-0.0277665264187687,-0.000273258376293699,0.0118));
#12794=CARTESIAN_POINT('',(-0.0277665264187687,-0.000273258376293699,0.01105));
#12795=CARTESIAN_POINT('',(-0.0296235126963865,0.00110781677822223,0.01105));
#12796=CARTESIAN_POINT('',(-0.0296235126963865,0.00110781677822223,0.0118));
#12797=CARTESIAN_POINT('',(-0.0296235126963865,0.00110781677822223,0.0118));
#12798=CARTESIAN_POINT('',(-0.0277665264187687,-0.000273258376293699,0.0118));
#12799=CARTESIAN_POINT('',(-0.0277665264187687,-0.000273258376293699,0.0118));
#12800=CARTESIAN_POINT('',(-0.0277665264187687,-0.000273258376293699,0.0118));
#12801=CARTESIAN_POINT('',(-0.0245456936347423,-0.00266865148634704,0.0118));
#12802=CARTESIAN_POINT('',(-0.0261613073509949,-0.00146708958483745,0.0118));
#12803=CARTESIAN_POINT('',(-0.0261613073509949,-0.00146708958483745,0.0118));
#12804=CARTESIAN_POINT('',(-0.0261613073509949,-0.00146708958483745,0.01105));
#12805=CARTESIAN_POINT('',(-0.0277665264187687,-0.000273258376293699,0.01105));
#12806=CARTESIAN_POINT('',(-0.0245456936347423,-0.00266865148634704,0.01105));
#12807=CARTESIAN_POINT('',(-0.0245456936347423,-0.00266865148634704,0.0118));
#12808=CARTESIAN_POINT('',(-0.0247234943577616,-0.00289090236194984,0.0118));
#12809=CARTESIAN_POINT('',(-0.0247234943577616,-0.00289090236194984,0.0118));
#12810=CARTESIAN_POINT('',(-0.024901295080781,-0.00311315323755263,0.0118));
#12811=CARTESIAN_POINT('',(-0.0248479825516237,-0.00304651258455298,0.0118));
#12812=CARTESIAN_POINT('',(-0.0248479825516237,-0.00304651258455298,0.0118));
#12813=CARTESIAN_POINT('',(-0.0248479825516237,-0.00304651258455298,0.01105));
#12814=CARTESIAN_POINT('',(-0.0247234943577616,-0.00289090236194984,0.01105));
#12815=CARTESIAN_POINT('',(-0.024901295080781,-0.00311315323755263,0.01105));
#12816=CARTESIAN_POINT('',(-0.024901295080781,-0.00311315323755263,0.0118));
#12817=CARTESIAN_POINT('',(-0.0247234943577616,-0.00289090236194984,0.0118));
#12818=CARTESIAN_POINT('',(-0.0247234943577616,-0.00289090236194984,0.01105));
#12819=CARTESIAN_POINT('',(-0.0246489382881419,-0.00279770728673804,0.01105));
#12820=CARTESIAN_POINT('',(-0.0246489382881419,-0.00279770728673804,0.0118));
#12821=CARTESIAN_POINT('',(-0.0246489382881419,-0.00279770728673804,0.0118));
#12822=CARTESIAN_POINT('',(-0.0247234943577616,-0.00289090236194984,0.0118));
#12823=CARTESIAN_POINT('',(-0.0273815860645839,-0.00348237239049678,0.0118));
#12824=CARTESIAN_POINT('',(-0.0273815860645839,-0.00348237239049678,0.01105));
#12825=CARTESIAN_POINT('',(-0.0297313128310488,-0.00383215559417323,0.01105));
#12826=CARTESIAN_POINT('',(-0.0287120026803945,-0.00368041983701019,0.01105));
#12827=CARTESIAN_POINT('',(-0.0297313128310488,-0.00383215559417322,0.0118));
#12828=CARTESIAN_POINT('',(-0.0297313128310488,-0.00383215559417322,0.0118));
#12829=CARTESIAN_POINT('',(-0.0273815860645839,-0.00348237239049678,0.0118));
#12830=CARTESIAN_POINT('',(-0.0287120026803945,-0.00368041983701019,0.0118));
#12831=CARTESIAN_POINT('',(-0.0287120026803945,-0.00368041983701019,0.0118));
#12832=CARTESIAN_POINT('',(-0.0273815860645839,-0.00348237239049678,0.0118));
#12833=CARTESIAN_POINT('',(-0.0273815860645839,-0.00348237239049678,0.01105));
#12834=CARTESIAN_POINT('',(-0.0284247339516822,-0.00363765666229596,0.01105));
#12835=CARTESIAN_POINT('',(-0.0274179217350269,-0.00348778136289165,0.01105));
#12836=CARTESIAN_POINT('',(-0.0284247339516822,-0.00363765666229596,0.0118));
#12837=CARTESIAN_POINT('',(-0.0284247339516822,-0.00363765666229596,0.0118));
#12838=CARTESIAN_POINT('',(-0.0273815860645839,-0.00348237239049678,0.0118));
#12839=CARTESIAN_POINT('',(-0.0274179217350269,-0.00348778136289165,0.0118));
#12840=CARTESIAN_POINT('',(-0.0274179217350269,-0.00348778136289165,0.0118));
#12841=CARTESIAN_POINT('',(-0.0273815860645839,-0.00348237239049678,0.0118));
#12842=CARTESIAN_POINT('',(-0.0273815860645839,-0.00348237239049678,0.01105));
#12843=CARTESIAN_POINT('',(-0.0270072702103646,-0.00342665127409112,0.01105));
#12844=CARTESIAN_POINT('',(-0.0270072702103646,-0.00342665127409112,0.0118));
#12845=CARTESIAN_POINT('',(-0.0270072702103646,-0.00342665127409112,0.0118));
#12846=CARTESIAN_POINT('',(-0.0273815860645839,-0.00348237239049678,0.0118));
#12847=CARTESIAN_POINT('',(-0.0316743656781008,-0.00240160045587609,0.0118));
#12848=CARTESIAN_POINT('',(-0.0316743656781008,-0.00240160045587609,0.0118));
#12849=CARTESIAN_POINT('',(-0.0316743656781008,-0.00240160045587608,0.0118));
#12850=CARTESIAN_POINT('',(-0.0316743656781008,-0.00240160045587608,0.0118));
#12851=CARTESIAN_POINT('',(-0.0316743656781008,-0.00240160045587607,0.01105));
#12852=CARTESIAN_POINT('',(-0.0316743656781008,-0.00240160045587609,0.01105));
#12853=CARTESIAN_POINT('',(-0.0316743656781008,-0.00240160045587609,0.0118));
#12854=CARTESIAN_POINT('',(-0.0316743656781008,-0.00240160045587609,0.01105));
#12855=CARTESIAN_POINT('',(-0.0314184817819512,-0.00260630759874343,0.01105));
#12856=CARTESIAN_POINT('',(-0.0309979135154816,-0.00294276225456643,0.01105));
#12857=CARTESIAN_POINT('',(-0.0314184817819512,-0.00260630759874343,0.0118));
#12858=CARTESIAN_POINT('',(-0.0314184817819512,-0.00260630759874344,0.0118));
#12859=CARTESIAN_POINT('',(-0.0316743656781008,-0.00240160045587609,0.0118));
#12860=CARTESIAN_POINT('',(-0.0309979135154816,-0.00294276225456643,0.0118));
#12861=CARTESIAN_POINT('',(-0.0309979135154816,-0.00294276225456643,0.0118));
#12862=CARTESIAN_POINT('',(-0.0316743656781008,-0.00240160045587609,0.0118));
#12863=CARTESIAN_POINT('',(-0.0316743656781008,-0.00240160045587609,0.01105));
#12864=CARTESIAN_POINT('',(-0.0306949020992103,-0.00318517141831008,0.01105));
#12865=CARTESIAN_POINT('',(-0.0300038440184083,-0.00373801795302767,0.01105));
#12866=CARTESIAN_POINT('',(-0.0306949020992103,-0.00318517141831008,0.0118));
#12867=CARTESIAN_POINT('',(-0.0306949020992103,-0.00318517141831008,0.0118));
#12868=CARTESIAN_POINT('',(-0.0316743656781008,-0.00240160045587609,0.0118));
#12869=CARTESIAN_POINT('',(-0.0300038440184083,-0.00373801795302766,0.0118));
#12870=CARTESIAN_POINT('',(-0.0300038440184083,-0.00373801795302766,0.0118));
#12871=CARTESIAN_POINT('',(0.,-3.46944695195361E-18,0.01105));
#12872=CARTESIAN_POINT('',(-0.0273270479427894,-0.00146708958483745,0.01105));
#12873=CARTESIAN_POINT('',(-0.0285203965052288,-0.00146708958483745,0.01105));
#12874=CARTESIAN_POINT('',(-0.0296278806658597,-0.00152503025149943,0.01105));
#12875=CARTESIAN_POINT('',(-0.0285191306690742,-0.00154851921762341,0.01105));
#12876=CARTESIAN_POINT('',(-0.0263425057147853,-0.00225107187036257,0.01105));
#12877=CARTESIAN_POINT('',(0.,-3.46944695195361E-18,0.01105));
#12878=CARTESIAN_POINT('',(-0.0264119139116074,-0.00254172000487887,0.01105));
#12879=CARTESIAN_POINT('',(-0.0285664367404401,-0.00184630128986282,0.01105));
#12880=CARTESIAN_POINT('',(-0.0296278806658594,-0.00152503025149895,0.01105));
#12881=CARTESIAN_POINT('',(-0.0286171280801015,-0.00198138263429613,0.01105));
#12882=CARTESIAN_POINT('',(-0.0277961063363879,-0.0027184644606396,0.01105));
#12883=CARTESIAN_POINT('',(0.,-3.46944695195361E-18,0.01105));
#12884=CARTESIAN_POINT('',(-0.0279904514414935,-0.00297378615520139,0.01105));
#12885=CARTESIAN_POINT('',(-0.0287921634498318,-0.00225403986853831,0.01105));
#12886=CARTESIAN_POINT('',(-0.0296278806658582,-0.00152503025149941,0.01105));
#12887=CARTESIAN_POINT('',(-0.0289879278734986,-0.00243075576756336,0.01105));
#12888=CARTESIAN_POINT('',(-0.0286635737613631,-0.00312583299226792,0.01105));
#12889=CARTESIAN_POINT('',(0.,-3.46944695195361E-18,0.01105));
#12890=CARTESIAN_POINT('',(-0.0289127683001201,-0.00325018755521121,0.01105));
#12891=CARTESIAN_POINT('',(-0.0292340302752849,-0.00256173665002476,0.01105));
#12892=CARTESIAN_POINT('',(-0.0296278806658582,-0.00152503025149941,0.01105));
#12893=CARTESIAN_POINT('',(-0.0294904211620137,-0.00262547705698387,0.01105));
#12894=CARTESIAN_POINT('',(-0.0296346155548382,-0.00334777799707619,0.01105));
#12895=CARTESIAN_POINT('',(0.,-3.46944695195361E-18,0.01105));
#12896=CARTESIAN_POINT('',(-0.0299201459831206,-0.00331875636880149,0.01105));
#12897=CARTESIAN_POINT('',(-0.0297813231011691,-0.00262336248991546,0.01105));
#12898=CARTESIAN_POINT('',(-0.0296278806658582,-0.00152503025149939,0.01105));
#12899=CARTESIAN_POINT('',(-0.0301037777121593,-0.00252672895281637,0.01105));
#12900=CARTESIAN_POINT('',(-0.0304822817049048,-0.00294833751379276,0.01105));
#12901=CARTESIAN_POINT('',(0.,-3.46944695195361E-18,0.01105));
#12902=CARTESIAN_POINT('',(-0.0307850403696307,-0.00270564681480137,0.01105));
#12903=CARTESIAN_POINT('',(-0.0304210093302817,-0.00230015940755531,0.01105));
#12904=CARTESIAN_POINT('',(-0.0296278806658579,-0.00152503025149912,0.01105));
#12905=CARTESIAN_POINT('',(-0.0305542838783571,-0.00213466569565429,0.01105));
#12906=CARTESIAN_POINT('',(-0.03104192219113,-0.00240079763244664,0.01105));
#12907=CARTESIAN_POINT('',(0.,-3.46944695195361E-18,0.01105));
#12908=CARTESIAN_POINT('',(-0.0316033428530557,-0.00253173684984232,0.01105));
#12909=CARTESIAN_POINT('',(-0.0316771252022084,-0.00239654413044564,0.01105));
#12910=CARTESIAN_POINT('',(-0.0311817573555431,-0.00212619374778594,0.01105));
#12911=CARTESIAN_POINT('',(-0.0306863895088778,-0.00185584336512624,0.01105));
#12912=CARTESIAN_POINT('',(-0.029627880665858,-0.00152503025149938,0.01105));
#12913=CARTESIAN_POINT('',(-0.0307366543548575,-0.00154737288968042,0.01105));
#12914=CARTESIAN_POINT('',(-0.0320108522629934,-0.00116987810187352,0.01105));
#12915=CARTESIAN_POINT('',(-0.0332850501711292,-0.000792383314066622,0.01105));
#12916=CARTESIAN_POINT('',(-0.0332359499480449,-0.000626650160752307,0.01105));
#12917=CARTESIAN_POINT('',(0.,-3.46944695195361E-18,0.01105));
#12918=CARTESIAN_POINT('',(-0.0319376794188548,-0.000830997099884562,0.01105));
#12919=CARTESIAN_POINT('',(-0.0306885091127489,-0.00120107719233114,0.01105));
#12920=CARTESIAN_POINT('',(-0.029627880665858,-0.00152503025149951,0.01105));
#12921=CARTESIAN_POINT('',(-0.0305770640791508,-0.000951506812720902,0.01105));
#12922=CARTESIAN_POINT('',(-0.0315821847865652,-0.000147410144866073,0.01105));
#12923=CARTESIAN_POINT('',(0.,-3.46944695195361E-18,0.01105));
#12924=CARTESIAN_POINT('',(-0.0313980949506855,8.22590826002326E-5,0.01105));
#12925=CARTESIAN_POINT('',(-0.0303927581270623,-0.000722010478243475,0.01105));
#12926=CARTESIAN_POINT('',(-0.0296278806658583,-0.00152503025149922,0.01105));
#12927=CARTESIAN_POINT('',(-0.0301880201108231,-0.000567887582357254,0.01105));
#12928=CARTESIAN_POINT('',(-0.0307413120172111,0.000766634320294196,0.01105));
#12929=CARTESIAN_POINT('',(0.,-3.46944695195361E-18,0.01105));
#12930=CARTESIAN_POINT('',(-0.0305003616603971,0.000869099428735899,0.01105));
#12931=CARTESIAN_POINT('',(-0.0299479780108623,-0.00046323178822145,0.01105));
#12932=CARTESIAN_POINT('',(-0.0296278806658582,-0.00152503025149946,0.01105));
#12933=CARTESIAN_POINT('',(-0.0297027551692456,-0.000418561952974498,0.01105));
#12934=CARTESIAN_POINT('',(-0.0297027551692456,0.000344627412623868,0.01105));
#12935=CARTESIAN_POINT('',(-0.0297027551692456,0.00110781677822223,0.01105));
#12936=CARTESIAN_POINT('',(-0.0295850470654326,0.00110781677822223,0.01105));
#12937=CARTESIAN_POINT('',(0.,-3.46944695195361E-18,0.01105));
#12938=CARTESIAN_POINT('',(-0.0285359948250013,-0.000335827382878114,0.01105));
#12939=CARTESIAN_POINT('',(-0.0288399899030101,-0.000744577541390291,0.01105));
#12940=CARTESIAN_POINT('',(-0.0296278806658583,-0.00152503025149952,0.01105));
#12941=CARTESIAN_POINT('',(-0.0287620658845709,-0.000832034543430061,0.01105));
#12942=CARTESIAN_POINT('',(-0.0283738290959464,-0.000392901075142466,0.01105));
#12943=CARTESIAN_POINT('',(0.,-3.46944695195361E-18,0.01105));
#12944=CARTESIAN_POINT('',(-0.0294673389616196,0.000340051774663818,0.01105));
#12945=CARTESIAN_POINT('',(-0.0294673389616196,-0.000427713228894597,0.01105));
#12946=CARTESIAN_POINT('',(-0.0296278806658582,-0.00152503025149929,0.01105));
#12947=CARTESIAN_POINT('',(-0.0293054399725239,-0.00046394105346739,0.01105));
#12948=CARTESIAN_POINT('',(-0.0289857558289224,-3.40954611411385E-5,0.01105));
#12949=CARTESIAN_POINT('',(0.,-3.46944695195361E-18,0.01105));
#12950=CARTESIAN_POINT('',(-0.0153424405073141,0.0125847625720573,0.01105));
#12951=CARTESIAN_POINT('',(-0.0117319096903035,0.013835345243528,0.01105));
#12952=CARTESIAN_POINT('',(-0.0189529713243246,0.0113341799005866,0.01105));
#12953=CARTESIAN_POINT('',(-0.0179764856621623,0.00851498876989568,0.01105));
#12954=CARTESIAN_POINT('',(-0.017,0.00569579763920476,0.01105));
#12955=CARTESIAN_POINT('',(-0.0133894691829894,0.00694638031067545,0.01105));
#12956=CARTESIAN_POINT('',(-0.00977893836597888,0.00819696298214614,0.01105));
#12957=CARTESIAN_POINT('',(-0.0107554240281412,0.0110161541128371,0.01105));
#12958=CARTESIAN_POINT('',(-0.0142046246843308,0.010389559171883,0.01105));
#12959=CARTESIAN_POINT('',(-0.0141527439998944,0.010594757541733,0.01105));
#12960=CARTESIAN_POINT('',(-0.0142565053687672,0.0101843608020331,0.01105));
#12961=CARTESIAN_POINT('',(-0.0137103212531421,0.010440064762427,0.01105));
#12962=CARTESIAN_POINT('',(-0.0131641371375171,0.0106957687228209,0.01105));
#12963=CARTESIAN_POINT('',(-0.0130944237240816,0.0104099360019527,0.01105));
#12964=CARTESIAN_POINT('',(-0.0130247103106461,0.0101241032810846,0.01105));
#12965=CARTESIAN_POINT('',(-0.013692488524143,0.00994903367170885,0.01105));
#12966=CARTESIAN_POINT('',(-0.0143602667376399,0.00977396406233311,0.01105));
#12967=CARTESIAN_POINT('',(-0.0136996980580073,0.00889024097602971,0.01105));
#12968=CARTESIAN_POINT('',(-0.0130391293783748,0.00800651788972633,0.01105));
#12969=CARTESIAN_POINT('',(-0.0138750013718885,0.00771699618678697,0.01105));
#12970=CARTESIAN_POINT('',(-0.0147108733654022,0.00742747448384762,0.01105));
#12971=CARTESIAN_POINT('',(-0.0148119288496673,0.00849445071071386,0.01105));
#12972=CARTESIAN_POINT('',(-0.0149129843339324,0.00956142693758011,0.01105));
#12973=CARTESIAN_POINT('',(-0.0154970256880276,0.00939811811899726,0.01105));
#12974=CARTESIAN_POINT('',(-0.0160810670421228,0.00923480930041442,0.01105));
#12975=CARTESIAN_POINT('',(-0.0161705430256777,0.00948356662764691,0.01105));
#12976=CARTESIAN_POINT('',(-0.0162600190092326,0.00973232395487941,0.01105));
#12977=CARTESIAN_POINT('',(-0.0158235002876895,0.00979845561838805,0.01105));
#12978=CARTESIAN_POINT('',(-0.0153869815661464,0.00986458728189669,0.01105));
#12979=CARTESIAN_POINT('',(-0.0155404707348738,0.00996275627124487,0.01105));
#12980=CARTESIAN_POINT('',(-0.0156939599036013,0.010060925260593,0.01105));
#12981=CARTESIAN_POINT('',(-0.0151222214570955,0.0109019933496919,0.01105));
#12982=CARTESIAN_POINT('',(0.,-3.46944695195361E-18,0.01105));
#12983=CARTESIAN_POINT('',(0.0311620739320414,0.00115048663287628,0.01105));
#12984=CARTESIAN_POINT('',(0.0311620739320414,0.0004213941370396,0.01105));
#12985=CARTESIAN_POINT('',(0.0305405295329782,0.00153161446901327,0.01105));
#12986=CARTESIAN_POINT('',(0.0275199818012603,0.00945821550215786,0.01105));
#12987=CARTESIAN_POINT('',(0.0275199818012603,0.00945821550215786,0.01105));
#12988=CARTESIAN_POINT('',(0.023092673192458,0.00777112453845037,0.01105));
#12989=CARTESIAN_POINT('',(0.0234130207432982,0.00789319767724036,0.01105));
#12990=CARTESIAN_POINT('',(0.0258260949609992,0.00156074466342723,0.01105));
#12991=CARTESIAN_POINT('',(0.0239013055466633,0.00661182781634411,0.01105));
#12992=CARTESIAN_POINT('',(0.0239013055466633,0.00656360759126684,0.01105));
#12993=CARTESIAN_POINT('',(0.0239013055466633,0.00664153881371021,0.01105));
#12994=CARTESIAN_POINT('',(0.0240167120426017,0.00664153881371021,0.01105));
#12995=CARTESIAN_POINT('',(0.0241321185385401,0.00664153881371021,0.01105));
#12996=CARTESIAN_POINT('',(0.0239868411448377,0.00673151481503063,0.01105));
#12997=CARTESIAN_POINT('',(0.0238415637511352,0.00682149081635105,0.01105));
#12998=CARTESIAN_POINT('',(0.023976993885968,0.00704015953610468,0.01105));
#12999=CARTESIAN_POINT('',(0.0241124240208009,0.0072588282558583,0.01105));
#13000=CARTESIAN_POINT('',(0.0243331553954299,0.00712212063777038,0.01105));
#13001=CARTESIAN_POINT('',(0.024553886770059,0.00698541301968246,0.01105));
#13002=CARTESIAN_POINT('',(0.0246730693036753,0.00725192618399434,0.01105));
#13003=CARTESIAN_POINT('',(0.0247922518372915,0.00751843934830622,0.01105));
#13004=CARTESIAN_POINT('',(0.0250744099811099,0.00739226050626831,0.01105));
#13005=CARTESIAN_POINT('',(0.0253565681249283,0.00726608166423039,0.01105));
#13006=CARTESIAN_POINT('',(0.0252203754275941,0.00696153077391634,0.01105));
#13007=CARTESIAN_POINT('',(0.0250841827302598,0.00665697988360229,0.01105));
#13008=CARTESIAN_POINT('',(0.025686729309886,0.00628379909846854,0.01105));
#13009=CARTESIAN_POINT('',(0.0262892758895122,0.00591061831333478,0.01105));
#13010=CARTESIAN_POINT('',(0.0259520432356975,0.00679559313894919,0.01105));
#13011=CARTESIAN_POINT('',(0.0256148105818829,0.0076805679645636,0.01105));
#13012=CARTESIAN_POINT('',(0.0252787943367361,0.00777979446940199,0.01105));
#13013=CARTESIAN_POINT('',(0.0249427780915892,0.00787902097424038,0.01105));
#13014=CARTESIAN_POINT('',(0.0249783939923044,0.00799962908439513,0.01105));
#13015=CARTESIAN_POINT('',(0.0250140098930195,0.00812023719454989,0.01105));
#13016=CARTESIAN_POINT('',(0.0252581071549776,0.00804815461373854,0.01105));
#13017=CARTESIAN_POINT('',(0.0255022044169357,0.00797607203292718,0.01105));
#13018=CARTESIAN_POINT('',(0.0254882420722868,0.00801271238605175,0.01105));
#13019=CARTESIAN_POINT('',(0.0254742797276378,0.00804935273917632,0.01105));
#13020=CARTESIAN_POINT('',(0.0257379131366032,0.0081498141213155,0.01105));
#13021=CARTESIAN_POINT('',(0.0260015465455686,0.00825027550345468,0.01105));
#13022=CARTESIAN_POINT('',(0.0260148581436664,0.00821534285659483,0.01105));
#13023=CARTESIAN_POINT('',(0.0260281697417643,0.00818041020973499,0.01105));
#13024=CARTESIAN_POINT('',(0.0261836533389692,0.0084314577272275,0.01105));
#13025=CARTESIAN_POINT('',(0.0263391369361739,0.00868250524472001,0.01105));
#13026=CARTESIAN_POINT('',(0.0264544845971664,0.00861106590351723,0.01105));
#13027=CARTESIAN_POINT('',(0.0265698322581587,0.00853962656231446,0.01105));
#13028=CARTESIAN_POINT('',(0.0263597916411571,0.00820048998187254,0.01105));
#13029=CARTESIAN_POINT('',(0.0261497510241555,0.00786135340143062,0.01105));
#13030=CARTESIAN_POINT('',(0.0264077691867326,0.00718425533323004,0.01105));
#13031=CARTESIAN_POINT('',(0.0266657873493097,0.00650715726502947,0.01105));
#13032=CARTESIAN_POINT('',(0.0268161660455083,0.00701639302748067,0.01105));
#13033=CARTESIAN_POINT('',(0.026966544741707,0.00752562878993187,0.01105));
#13034=CARTESIAN_POINT('',(0.0267967483683586,0.00775618158822663,0.01105));
#13035=CARTESIAN_POINT('',(0.0266269519950103,0.00798673438652139,0.01105));
#13036=CARTESIAN_POINT('',(0.0267760325248193,0.0080965284705041,0.01105));
#13037=CARTESIAN_POINT('',(0.0269251130546283,0.0082063225544868,0.01105));
#13038=CARTESIAN_POINT('',(0.027077221636761,0.00799978658105112,0.01105));
#13039=CARTESIAN_POINT('',(0.0272293302188937,0.00779325060761544,0.01105));
#13040=CARTESIAN_POINT('',(0.0273831006607611,0.00774784178076757,0.01105));
#13041=CARTESIAN_POINT('',(0.0275368711026283,0.0077024329539197,0.01105));
#13042=CARTESIAN_POINT('',(0.0276153282214976,0.00796811666947958,0.01105));
#13043=CARTESIAN_POINT('',(0.0276937853403668,0.00823380038503946,0.01105));
#13044=CARTESIAN_POINT('',(0.0278006398489477,0.0082022459600203,0.01105));
#13045=CARTESIAN_POINT('',(0.0279074943575286,0.00817069153500114,0.01105));
#13046=CARTESIAN_POINT('',(0.0278290372386594,0.00790500781944126,0.01105));
#13047=CARTESIAN_POINT('',(0.0277505801197901,0.00763932410388137,0.01105));
#13048=CARTESIAN_POINT('',(0.0278022080070788,0.00762407824930785,0.01105));
#13049=CARTESIAN_POINT('',(0.0278538358943675,0.00760883239473433,0.01105));
#13050=CARTESIAN_POINT('',(0.0275668488847482,0.00663699228472262,0.01105));
#13051=CARTESIAN_POINT('',(0.0272798618751287,0.00566515217471091,0.01105));
#13052=CARTESIAN_POINT('',(0.0279569449777195,0.00388833283689226,0.01105));
#13053=CARTESIAN_POINT('',(0.0286340280803103,0.00211151349907361,0.01105));
#13054=CARTESIAN_POINT('',(0.0280190946252176,0.00187718407525491,0.01105));
#13055=CARTESIAN_POINT('',(0.027404161170125,0.00164285465143621,0.01105));
#13056=CARTESIAN_POINT('',(0.0266629275172516,0.00358801955546051,0.01105));
#13057=CARTESIAN_POINT('',(0.0259216938643782,0.00553318445948482,0.01105));
#13058=CARTESIAN_POINT('',(0.0251527358084484,0.00600943041415415,0.01105));
#13059=CARTESIAN_POINT('',(0.0243837777525187,0.00648567636882347,0.01105));
#13060=CARTESIAN_POINT('',(0.024142541649591,0.00648567636882347,0.01105));
#13061=CARTESIAN_POINT('',(0.023949377408369,0.00648567636882347,0.01105));
#13062=CARTESIAN_POINT('',(0.0258260949609992,0.00156074466342723,0.01105));
#13063=CARTESIAN_POINT('',(0.0259880239535339,0.00113580632987838,0.01105));
#13064=CARTESIAN_POINT('',(0.0253899339488583,0.000718836050610793,0.01105));
#13065=CARTESIAN_POINT('',(0.0261190264446949,0.000718836050610793,0.01105));
#13066=CARTESIAN_POINT('',(0.0261190264446949,-3.46944695195361E-18,0.01105));
#13067=CARTESIAN_POINT('',(0.0261190264446949,-0.0066296401994145,0.01105));
#13068=CARTESIAN_POINT('',(0.,-0.0066296401994145,0.01105));
#13069=CARTESIAN_POINT('',(0.033801115534108,-0.0066296401994145,0.01105));
#13070=CARTESIAN_POINT('',(0.033801115534108,-3.46944695195361E-18,0.01105));
#13071=CARTESIAN_POINT('',(0.033801115534108,0.0004213941370396,0.01105));
#13072=CARTESIAN_POINT('',(0.,0.0004213941370396,0.01105));
#13073=CARTESIAN_POINT('',(0.0311861652880907,-0.0057328469119966,0.01105));
#13074=CARTESIAN_POINT('',(0.0311861652880907,-0.00598442507907748,0.01105));
#13075=CARTESIAN_POINT('',(0.0311861652880907,-0.00548126874491572,0.01105));
#13076=CARTESIAN_POINT('',(0.0211019461647406,-0.00297298371589669,0.01105));
#13077=CARTESIAN_POINT('',(0.0312510877847672,-0.000741864379961044,0.01105));
#13078=CARTESIAN_POINT('',(0.0312510877847672,-0.000370932189980522,0.01105));
#13079=CARTESIAN_POINT('',(0.0312510877847672,0.,0.01105));
#13080=CARTESIAN_POINT('',(0.0314052812755108,0.,0.01105));
#13081=CARTESIAN_POINT('',(0.0315594747662545,0.,0.01105));
#13082=CARTESIAN_POINT('',(0.0315594747662545,-0.000370932189980522,0.01105));
#13083=CARTESIAN_POINT('',(0.0315594747662545,-0.000741864379961044,0.01105));
#13084=CARTESIAN_POINT('',(0.0188824040551723,-0.00298157079592338,0.01105));
#13085=CARTESIAN_POINT('',(0.0315107814967633,-0.00548126874491572,0.01105));
#13086=CARTESIAN_POINT('',(0.0315107814967633,-0.0057328469119966,0.01105));
#13087=CARTESIAN_POINT('',(0.0315107814967633,-0.00598442507907748,0.01105));
#13088=CARTESIAN_POINT('',(0.0313484733924269,-0.00598442507907748,0.01105));
#13089=CARTESIAN_POINT('',(0.0322666756802743,-0.00127128817596456,0.01105));
#13090=CARTESIAN_POINT('',(0.0276927284407379,-0.000712201121695432,0.01105));
#13091=CARTESIAN_POINT('',(0.0301752407103777,-0.00537731684744358,0.01105));
#13092=CARTESIAN_POINT('',(0.0345925810879116,-0.00311636057449506,0.01105));
#13093=CARTESIAN_POINT('',(0.0301112419467778,-0.000985065479648039,0.01105));
#13094=CARTESIAN_POINT('',(0.030107696471195,-0.000985065479648038,0.01105));
#13095=CARTESIAN_POINT('',(0.0301041509956122,-0.000985065479648038,0.01105));
#13096=CARTESIAN_POINT('',(0.0301041509956122,-0.000295025313332081,0.01105));
#13097=CARTESIAN_POINT('',(0.0301041509956122,0.000395014852983877,0.01105));
#13098=CARTESIAN_POINT('',(0.0301745566866163,0.000395014852983877,0.01105));
#13099=CARTESIAN_POINT('',(0.0302449623776205,0.000395014852983877,0.01105));
#13100=CARTESIAN_POINT('',(0.0302449623776205,-0.000295025313332081,0.01105));
#13101=CARTESIAN_POINT('',(0.0302449623776205,-0.000985065479648037,0.01105));
#13102=CARTESIAN_POINT('',(0.0261259731131369,-0.00311636057449505,0.01105));
#13103=CARTESIAN_POINT('',(0.0303304574548755,-0.00507360423902051,0.01105));
#13104=CARTESIAN_POINT('',(0.0303304574548755,-0.00538371739436873,0.01105));
#13105=CARTESIAN_POINT('',(0.0303304574548755,-0.00569383054971695,0.01105));
#13106=CARTESIAN_POINT('',(0.0302540388281158,-0.00569383054971695,0.01105));
#13107=CARTESIAN_POINT('',(0.0301776202013562,-0.00569383054971695,0.01105));
#13108=CARTESIAN_POINT('',(0.0301776202013562,-0.00563896620150478,0.01105));
#13109=CARTESIAN_POINT('',(0.0301776202013562,-0.00558410185329262,0.01105));
#13110=CARTESIAN_POINT('',(0.0315349237716336,-0.00168969159340169,0.01105));
#13111=CARTESIAN_POINT('',(0.0276231715155242,-0.000383208321004072,0.01105));
#13112=CARTESIAN_POINT('',(0.0280202049762011,-0.00047111537423916,0.01105));
#13113=CARTESIAN_POINT('',(0.,-3.46944695195361E-18,0.0103));
#13114=CARTESIAN_POINT('',(0.0167676638122526,0.000290902592576095,0.0103));
#13115=CARTESIAN_POINT('',(0.0171192631240315,-3.80128058334976E-5,0.0103));
#13116=CARTESIAN_POINT('',(0.0164160645004738,0.000619817990985687,0.0103));
#13117=CARTESIAN_POINT('',(0.0181047344668003,0.00242494843137513,0.0103));
#13118=CARTESIAN_POINT('',(0.0197934044331269,0.00423007887176458,0.0103));
#13119=CARTESIAN_POINT('',(0.0201450037449056,0.00390116347335499,0.0103));
#13120=CARTESIAN_POINT('',(0.0204966030566845,0.00357224807494539,0.0103));
#13121=CARTESIAN_POINT('',(0.0191156280592805,0.00209603303296554,0.0103));
#13122=CARTESIAN_POINT('',(0.0177346530618764,0.000619817990985689,0.0103));
#13123=CARTESIAN_POINT('',(0.0199877903358367,0.000619817990985687,0.0103));
#13124=CARTESIAN_POINT('',(0.0222409276097969,0.000619817990985687,0.0103));
#13125=CARTESIAN_POINT('',(0.0222409276097969,-8.57877120741886E-5,0.0103));
#13126=CARTESIAN_POINT('',(0.0222409276097969,-0.000791393415134065,0.0103));
#13127=CARTESIAN_POINT('',(0.0200827644195314,-0.000791393415134065,0.0103));
#13128=CARTESIAN_POINT('',(0.0179246012292658,-0.000791393415134065,0.0103));
#13129=CARTESIAN_POINT('',(0.0195576626841088,-0.00231909566326837,0.0103));
#13130=CARTESIAN_POINT('',(0.0211907241389516,-0.00384679791140268,0.0103));
#13131=CARTESIAN_POINT('',(0.0208383365275987,-0.00422348821605296,0.0103));
#13132=CARTESIAN_POINT('',(0.0204859489162457,-0.00460017852070324,0.0103));
#13133=CARTESIAN_POINT('',(0.0184502184087857,-0.00269578596791865,0.0103));
#13134=CARTESIAN_POINT('',(0.0164144879013256,-0.000791393415134064,0.0103));
#13135=CARTESIAN_POINT('',(0.0167676638122526,-0.000413860445199417,0.0103));
#13136=CARTESIAN_POINT('',(0.0272748978944478,0.00936482268022728,0.0103));
#13137=CARTESIAN_POINT('',(0.0270307516168678,0.0100055177819078,0.0103));
#13138=CARTESIAN_POINT('',(0.0278625528355454,0.00901160987131865,0.0103));
#13139=CARTESIAN_POINT('',(0.0273282202085164,0.0104138196457168,0.0103));
#13140=CARTESIAN_POINT('',(0.0308581492920017,0.00115048663287628,0.0103));
#13141=CARTESIAN_POINT('',(0.0341656617820263,0.00115048663287628,0.0103));
#13142=CARTESIAN_POINT('',(0.033801115534108,0.00115048663287628,0.0103));
#13143=CARTESIAN_POINT('',(0.033801115534108,0.0004213941370396,0.0103));
#13144=CARTESIAN_POINT('',(0.0345302080299447,0.0004213941370396,0.0103));
#13145=CARTESIAN_POINT('',(0.0345302080299447,-0.00699418644733284,0.0103));
#13146=CARTESIAN_POINT('',(0.0345302080299447,-0.0066296401994145,0.0103));
#13147=CARTESIAN_POINT('',(0.033801115534108,-0.0066296401994145,0.0103));
#13148=CARTESIAN_POINT('',(0.033801115534108,-0.00735873269525117,0.0103));
#13149=CARTESIAN_POINT('',(0.0257544801967766,-0.00735873269525117,0.0103));
#13150=CARTESIAN_POINT('',(0.0261190264446949,-0.00735873269525117,0.0103));
#13151=CARTESIAN_POINT('',(0.0261190264446949,-0.0066296401994145,0.0103));
#13152=CARTESIAN_POINT('',(0.0253899339488583,-0.0066296401994145,0.0103));
#13153=CARTESIAN_POINT('',(0.0253899339488583,0.000785940384957938,0.0103));
#13154=CARTESIAN_POINT('',(0.0253899339488583,0.000779854632907105,0.0103));
#13155=CARTESIAN_POINT('',(0.0224300367608185,0.00854729490950049,0.0103));
#13156=CARTESIAN_POINT('',(0.0227723256416178,0.00764905139966039,0.0103));
#13157=CARTESIAN_POINT('',(0.0234130207432982,0.00789319767724036,0.0103));
#13158=CARTESIAN_POINT('',(0.0231688744657183,0.00853389277892085,0.0103));
#13159=CARTESIAN_POINT('',(9.81426032193573E-5,-0.000257548408159615,0.0103));
#13160=CARTESIAN_POINT('',(0.0302747429985005,-0.0164334655960664,0.0103));
#13161=CARTESIAN_POINT('',(0.0302857662828573,-0.0185981857771442,0.0103));
#13162=CARTESIAN_POINT('',(0.0302637197141438,-0.0142687454149886,0.0103));
#13163=CARTESIAN_POINT('',(0.0321329107408637,-0.0131768388801636,0.0103));
#13164=CARTESIAN_POINT('',(0.0340021017675836,-0.0120849323453387,0.0103));
#13165=CARTESIAN_POINT('',(0.0358823160786601,-0.0131577459915915,0.0103));
#13166=CARTESIAN_POINT('',(0.0377625303897368,-0.0142305596378444,0.0103));
#13167=CARTESIAN_POINT('',(0.0377735536740934,-0.0163952798189222,0.0103));
#13168=CARTESIAN_POINT('',(0.0377845769584501,-0.01856,0.0103));
#13169=CARTESIAN_POINT('',(0.0359153859317303,-0.0196519065348249,0.0103));
#13170=CARTESIAN_POINT('',(0.0340461949050104,-0.0207438130696499,0.0103));
#13171=CARTESIAN_POINT('',(0.0321659805939338,-0.019670999423397,0.0103));
#13172=CARTESIAN_POINT('',(-0.0322340205311775,0.0202626977115869,0.0103));
#13173=CARTESIAN_POINT('',(-0.0301479148574437,0.0190777868842664,0.0103));
#13174=CARTESIAN_POINT('',(-0.0343201262049114,0.0214476085389075,0.0103));
#13175=CARTESIAN_POINT('',(-0.0301310248982555,0.0166787109621736,0.0103));
#13176=CARTESIAN_POINT('',(-0.0301141349390675,0.014279635040081,0.0103));
#13177=CARTESIAN_POINT('',(-0.0321833506536133,0.0130654699453089,0.0103));
#13178=CARTESIAN_POINT('',(-0.0342525663681592,0.0118513048505368,0.0103));
#13179=CARTESIAN_POINT('',(-0.036338672041893,0.0130362156778574,0.0103));
#13180=CARTESIAN_POINT('',(-0.0384247777156268,0.014221126505178,0.0103));
#13181=CARTESIAN_POINT('',(-0.038441667674815,0.0166202024272707,0.0103));
#13182=CARTESIAN_POINT('',(-0.038458557634003,0.0190192783493634,0.0103));
#13183=CARTESIAN_POINT('',(-0.0363893419194572,0.0202334434441354,0.0103));
#13184=CARTESIAN_POINT('',(0.0359153859317302,0.0198106095194817,0.0103));
#13185=CARTESIAN_POINT('',(0.0377845769584501,0.0187187029846567,0.0103));
#13186=CARTESIAN_POINT('',(0.0340461949050104,0.0209025160543066,0.0103));
#13187=CARTESIAN_POINT('',(0.0377735536740934,0.0165539828035789,0.0103));
#13188=CARTESIAN_POINT('',(0.0377625303897368,0.0143892626225011,0.0103));
#13189=CARTESIAN_POINT('',(0.0358823160786601,0.0133164489762483,0.0103));
#13190=CARTESIAN_POINT('',(0.0340021017675836,0.0122436353299954,0.0103));
#13191=CARTESIAN_POINT('',(0.0321329107408637,0.0133355418648203,0.0103));
#13192=CARTESIAN_POINT('',(0.0302637197141438,0.0144274483996453,0.0103));
#13193=CARTESIAN_POINT('',(0.0302747429985005,0.0165921685807231,0.0103));
#13194=CARTESIAN_POINT('',(0.0302857662828573,0.0187568887618009,0.0103));
#13195=CARTESIAN_POINT('',(0.0321659805939338,0.0198297024080537,0.0103));
#13196=CARTESIAN_POINT('',(-0.0288448920988221,0.0133479721814428,0.0103));
#13197=CARTESIAN_POINT('',(-0.0333223149076644,0.0109370541228576,0.0103));
#13198=CARTESIAN_POINT('',(-0.0243674692899799,0.0157588902400281,0.0103));
#13199=CARTESIAN_POINT('',(-0.0246684287997249,0.0163178154878902,0.0103));
#13200=CARTESIAN_POINT('',(-0.0249693883094698,0.0168767407357523,0.0103));
#13201=CARTESIAN_POINT('',(-0.0238153550972805,0.0187453334882602,0.0103));
#13202=CARTESIAN_POINT('',(-0.0226613218850911,0.0206139262407679,0.0103));
#13203=CARTESIAN_POINT('',(-0.0204660564859972,0.0205488005384549,0.0103));
#13204=CARTESIAN_POINT('',(-0.0182707910869032,0.0204836748361418,0.0103));
#13205=CARTESIAN_POINT('',(-0.0172295588999987,0.0185499563813209,0.0103));
#13206=CARTESIAN_POINT('',(-0.0161883267130941,0.0166162379265001,0.0103));
#13207=CARTESIAN_POINT('',(-0.0173423599252835,0.0147476451739923,0.0103));
#13208=CARTESIAN_POINT('',(-0.0184963931374728,0.0128790524214845,0.0103));
#13209=CARTESIAN_POINT('',(-0.0206916585365668,0.0129441781237976,0.0103));
#13210=CARTESIAN_POINT('',(-0.0228869239356607,0.0130093038261106,0.0103));
#13211=CARTESIAN_POINT('',(-0.0232460527128708,0.0136762577993766,0.0103));
#13212=CARTESIAN_POINT('',(-0.023605181490081,0.0143432117726426,0.0103));
#13213=CARTESIAN_POINT('',(-0.0274712101691452,0.0122615056762343,0.0103));
#13214=CARTESIAN_POINT('',(-0.0313372388482094,0.0101797995798261,0.0103));
#13215=CARTESIAN_POINT('',(-0.0313372388482094,0.00768975451066945,0.0103));
#13216=CARTESIAN_POINT('',(-0.0313372388482094,0.00519970944151282,0.0103));
#13217=CARTESIAN_POINT('',(-0.0323297768779369,0.00519970944151282,0.0103));
#13218=CARTESIAN_POINT('',(-0.0333223149076644,0.00519970944151282,0.0103));
#13219=CARTESIAN_POINT('',(-0.0333223149076644,0.00806838178218521,0.0103));
#13220=CARTESIAN_POINT('',(-0.00768854957758263,0.0138760387581192,0.0103));
#13221=CARTESIAN_POINT('',(-0.00600230973213911,0.0149738928303122,0.0103));
#13222=CARTESIAN_POINT('',(-0.00937478942302615,0.0127781846859262,0.0103));
#13223=CARTESIAN_POINT('',(-0.00967400543829055,0.0132377630398379,0.0103));
#13224=CARTESIAN_POINT('',(-0.00997322145355494,0.0136973413937495,0.0103));
#13225=CARTESIAN_POINT('',(-0.00828698160811142,0.0147951954659425,0.0103));
#13226=CARTESIAN_POINT('',(-0.00660074176266789,0.0158930495381356,0.0103));
#13227=CARTESIAN_POINT('',(-0.00215815519914031,0.0158930495381356,0.0103));
#13228=CARTESIAN_POINT('',(0.0108783775940537,0.0158930495381356,0.0103));
#13229=CARTESIAN_POINT('',(0.0117894765887339,0.015217141212031,0.0103));
#13230=CARTESIAN_POINT('',(0.0127005755834141,0.0145412328859263,0.0103));
#13231=CARTESIAN_POINT('',(0.0123592062786081,0.0140810799059862,0.0103));
#13232=CARTESIAN_POINT('',(0.0120178369738021,0.013620926926046,0.0103));
#13233=CARTESIAN_POINT('',(0.0111067379791219,0.0142968352521506,0.0103));
#13234=CARTESIAN_POINT('',(0.0101956389844418,0.0149727435782552,0.0103));
#13235=CARTESIAN_POINT('',(0.00624003517441452,0.0149727435782552,0.0103));
#13236=CARTESIAN_POINT('',(0.00228443136438727,0.0149727435782552,0.0103));
#13237=CARTESIAN_POINT('',(0.00228443136438727,0.0149733182042837,0.0103));
#13238=CARTESIAN_POINT('',(0.00228443136438727,0.0149738928303122,0.0103));
#13239=CARTESIAN_POINT('',(-0.00185893918387592,0.0149738928303122,0.0103));
#13240=CARTESIAN_POINT('',(0.0111067379791219,-0.0142968352521506,0.0103));
#13241=CARTESIAN_POINT('',(0.0101956389844418,-0.0149727435782552,0.0103));
#13242=CARTESIAN_POINT('',(0.0120178369738021,-0.013620926926046,0.0103));
#13243=CARTESIAN_POINT('',(0.0123592062786081,-0.0140810799059861,0.0103));
#13244=CARTESIAN_POINT('',(0.0127005755834141,-0.0145412328859263,0.0103));
#13245=CARTESIAN_POINT('',(0.0117894765887339,-0.015217141212031,0.0103));
#13246=CARTESIAN_POINT('',(0.0108783775940537,-0.0158930495381356,0.0103));
#13247=CARTESIAN_POINT('',(0.00658140447922051,-0.0158930495381356,0.0103));
#13248=CARTESIAN_POINT('',(-0.00660074176266789,-0.0158930495381356,0.0103));
#13249=CARTESIAN_POINT('',(-0.00828698160811141,-0.0147951954659425,0.0103));
#13250=CARTESIAN_POINT('',(-0.00997322145355493,-0.0136973413937495,0.0103));
#13251=CARTESIAN_POINT('',(-0.00967400543829054,-0.0132377630398379,0.0103));
#13252=CARTESIAN_POINT('',(-0.00937478942302615,-0.0127781846859262,0.0103));
#13253=CARTESIAN_POINT('',(-0.00768854957758263,-0.0138760387581192,0.0103));
#13254=CARTESIAN_POINT('',(-0.00600230973213911,-0.0149738928303122,0.0103));
#13255=CARTESIAN_POINT('',(-0.00185893918387591,-0.0149738928303122,0.0103));
#13256=CARTESIAN_POINT('',(0.00228443136438728,-0.0149738928303122,0.0103));
#13257=CARTESIAN_POINT('',(0.00228443136438728,-0.0149733182042837,0.0103));
#13258=CARTESIAN_POINT('',(0.00228443136438728,-0.0149727435782552,0.0103));
#13259=CARTESIAN_POINT('',(0.00624003517441452,-0.0149727435782552,0.0103));
#13260=CARTESIAN_POINT('',(-1.7347234759768E-18,-0.0168809089809656,0.0103));
#13261=CARTESIAN_POINT('',(0.017,-7.99445195141489E-5,0.0103));
#13262=CARTESIAN_POINT('',(-0.017,-7.99445195141559E-5,0.0103));
#13263=CARTESIAN_POINT('',(-1.7347234759768E-18,0.0173618271946908,0.0103));
#13264=CARTESIAN_POINT('',(-0.0186683160466907,0.00180105413892306,0.0103));
#13265=CARTESIAN_POINT('',(-0.0194831103966096,0.00281616789288819,0.0103));
#13266=CARTESIAN_POINT('',(-0.0178535216967718,0.000785940384957939,0.0103));
#13267=CARTESIAN_POINT('',(-0.01913908722579,0.00309230259673797,0.0103));
#13268=CARTESIAN_POINT('',(-0.0187950640549704,0.00336843730058775,0.0103));
#13269=CARTESIAN_POINT('',(-0.0176551266702952,0.00194824321362826,0.0103));
#13270=CARTESIAN_POINT('',(-0.01651518928562,0.000528049126668768,0.0103));
#13271=CARTESIAN_POINT('',(-0.0167870490131206,0.000264024563334384,0.0103));
#13272=CARTESIAN_POINT('',(-0.0170589087406212,2.16840434497101E-19,0.0103));
#13273=CARTESIAN_POINT('',(-0.0170589087406212,-8.91887563860483E-5,0.0103));
#13274=CARTESIAN_POINT('',(-0.0170589087406212,-0.000178377512772097,0.0103));
#13275=CARTESIAN_POINT('',(-0.0168212213827675,-0.000413282033491943,0.0103));
#13276=CARTESIAN_POINT('',(-0.0165835340249137,-0.000648186554211789,0.0103));
#13277=CARTESIAN_POINT('',(-0.0178390682920613,-0.00191859472574748,0.0103));
#13278=CARTESIAN_POINT('',(-0.0190946025592088,-0.00318900289728318,0.0103));
#13279=CARTESIAN_POINT('',(-0.0193820894654524,-0.00290488187993437,0.0103));
#13280=CARTESIAN_POINT('',(-0.0196695763716959,-0.00262076086258555,0.0103));
#13281=CARTESIAN_POINT('',(-0.0184140421045483,-0.00135035269104985,0.0103));
#13282=CARTESIAN_POINT('',(-0.0171585078374007,-7.99445195141604E-5,0.0103));
#13283=CARTESIAN_POINT('',(-0.0189572023213366,-7.99445195141604E-5,0.0103));
#13284=CARTESIAN_POINT('',(-0.0207558968052724,-7.99445195141604E-5,0.0103));
#13285=CARTESIAN_POINT('',(-0.0207558968052724,0.000352997932721889,0.0103));
#13286=CARTESIAN_POINT('',(-0.0207558968052724,0.000785940384957939,0.0103));
#13287=CARTESIAN_POINT('',(-0.0193047092510221,0.000785940384957939,0.0103));
#13288=CARTESIAN_POINT('',(-0.00488682184368372,-0.0233582595619559,0.0103));
#13289=CARTESIAN_POINT('',(-0.00488682184368372,-0.0231472357402905,0.0103));
#13290=CARTESIAN_POINT('',(-0.00488682184368372,-0.02396,0.0103));
#13291=CARTESIAN_POINT('',(-0.00445226340245657,-0.0223945584412272,0.0103));
#13292=CARTESIAN_POINT('',(-0.00445226340245657,-0.0215254415587729,0.0103));
#13293=CARTESIAN_POINT('',(0.,-0.0215254415587729,0.0103));
#13294=CARTESIAN_POINT('',(0.000161160037093858,-0.0215254415587729,0.0103));
#13295=CARTESIAN_POINT('',(-0.00046078154699184,-0.0204482071357966,0.0103));
#13296=CARTESIAN_POINT('',(-0.00133361556409866,-0.0189364142715931,0.0103));
#13297=CARTESIAN_POINT('',(-0.000460781546991841,-0.0174246214073897,0.0103));
#13298=CARTESIAN_POINT('',(0.000412052470114978,-0.0159128285431862,0.0103));
#13299=CARTESIAN_POINT('',(0.00215772050432861,-0.0159128285431862,0.0103));
#13300=CARTESIAN_POINT('',(0.00390338853854225,-0.0159128285431862,0.0103));
#13301=CARTESIAN_POINT('',(0.00477622255564907,-0.0174246214073897,0.0103));
#13302=CARTESIAN_POINT('',(0.00564905657275589,-0.0189364142715931,0.0103));
#13303=CARTESIAN_POINT('',(0.00477622255564907,-0.0204482071357966,0.0103));
#13304=CARTESIAN_POINT('',(0.00415428097156337,-0.0215254415587729,0.0103));
#13305=CARTESIAN_POINT('',(0.,-0.0215254415587729,0.0103));
#13306=CARTESIAN_POINT('',(0.00713921890285067,-0.0215254415587729,0.0103));
#13307=CARTESIAN_POINT('',(0.00713921890285067,-0.0223945584412272,0.0103));
#13308=CARTESIAN_POINT('',(0.00757377734407783,-0.0231472357402905,0.0103));
#13309=CARTESIAN_POINT('',(0.00757377734407783,-0.0233582595619559,0.0103));
#13310=CARTESIAN_POINT('',(0.00757377734407783,-0.02396,0.0103));
#13311=CARTESIAN_POINT('',(6.93889390390723E-18,-0.02396,0.0103));
#13312=CARTESIAN_POINT('',(0.036933,-0.02396,0.0103));
#13313=CARTESIAN_POINT('',(0.036933,-0.01826,0.0103));
#13314=CARTESIAN_POINT('',(0.042633,-0.01826,0.0103));
#13315=CARTESIAN_POINT('',(0.042633,-3.46944695195361E-18,0.0103));
#13316=CARTESIAN_POINT('',(0.042633,0.01826,0.0103));
#13317=CARTESIAN_POINT('',(0.036933,0.01826,0.0103));
#13318=CARTESIAN_POINT('',(0.036933,0.02396,0.0103));
#13319=CARTESIAN_POINT('',(6.93889390390723E-18,0.02396,0.0103));
#13320=CARTESIAN_POINT('',(0.0306541658937931,0.02396,0.0103));
#13321=CARTESIAN_POINT('',(0.0306541658937931,0.0237135228025914,0.0103));
#13322=CARTESIAN_POINT('',(0.0306541658937931,0.02196,0.0103));
#13323=CARTESIAN_POINT('',(0.0230657854117453,0.02196,0.0103));
#13324=CARTESIAN_POINT('',(0.030643941834569,0.02196,0.0103));
#13325=CARTESIAN_POINT('',(0.030643941834569,0.0213304393879433,0.0103));
#13326=CARTESIAN_POINT('',(0.030643941834569,0.0207008787758865,0.0103));
#13327=CARTESIAN_POINT('',(0.0230606733821333,0.0207008787758865,0.0103));
#13328=CARTESIAN_POINT('',(0.0249902593700486,0.0207008787758865,0.0103));
#13329=CARTESIAN_POINT('',(0.0259510140569464,0.0191545809388521,0.0103));
#13330=CARTESIAN_POINT('',(0.0269498066581234,0.0175470625370083,0.0103));
#13331=CARTESIAN_POINT('',(0.0266246504568137,0.0169392804061637,0.0103));
#13332=CARTESIAN_POINT('',(0.026299494255504,0.0163314982753192,0.0103));
#13333=CARTESIAN_POINT('',(0.0289254947249704,0.0138598642064235,0.0103));
#13334=CARTESIAN_POINT('',(0.0315514951944368,0.0113882301375279,0.0103));
#13335=CARTESIAN_POINT('',(0.0317483208100364,0.0098742400042029,0.0103));
#13336=CARTESIAN_POINT('',(0.0319451464256361,0.0083602498708779,0.0103));
#13337=CARTESIAN_POINT('',(0.0310296720950515,0.00824123403668135,0.0103));
#13338=CARTESIAN_POINT('',(0.0301141977644668,0.0081222182024848,0.0103));
#13339=CARTESIAN_POINT('',(0.0299173721488671,0.0096362083358098,0.0103));
#13340=CARTESIAN_POINT('',(0.0297205465332675,0.0111501984691348,0.0103));
#13341=CARTESIAN_POINT('',(0.0276610774480773,0.013088604045973,0.0103));
#13342=CARTESIAN_POINT('',(0.0256016083628871,0.0150270096228112,0.0103));
#13343=CARTESIAN_POINT('',(0.0253829520380461,0.0146182971132567,0.0103));
#13344=CARTESIAN_POINT('',(0.0251642957132051,0.0142095846037022,0.0103));
#13345=CARTESIAN_POINT('',(0.023272747639569,0.0141483640388928,0.0103));
#13346=CARTESIAN_POINT('',(0.0213811995659329,0.0140871434740834,0.0103));
#13347=CARTESIAN_POINT('',(0.0203824069647558,0.0156946618759272,0.0103));
#13348=CARTESIAN_POINT('',(0.0193836143635788,0.0173021802777709,0.0103));
#13349=CARTESIAN_POINT('',(0.020276369836038,0.018970919244424,0.0103));
#13350=CARTESIAN_POINT('',(0.0211691253084971,0.0206396582110771,0.0103));
#13351=CARTESIAN_POINT('',(0.0230606733821333,0.0207008787758865,0.0103));
#13352=CARTESIAN_POINT('',(0.0230606733821333,0.0207008787758865,0.0103));
#13353=CARTESIAN_POINT('',(0.0230606733821333,0.0207008787758865,0.0103));
#13354=CARTESIAN_POINT('',(0.0154774049296975,0.0207008787758865,0.0103));
#13355=CARTESIAN_POINT('',(0.0154774049296975,0.0237135228025914,0.0103));
#13356=CARTESIAN_POINT('',(0.0154774049296975,0.02396,0.0103));
#13357=CARTESIAN_POINT('',(6.93889390390723E-18,0.02396,0.0103));
#13358=CARTESIAN_POINT('',(0.0088104349546845,0.02396,0.0103));
#13359=CARTESIAN_POINT('',(0.00725297405491087,0.0229015432893255,0.0103));
#13360=CARTESIAN_POINT('',(0.00725297405491087,0.0210184567106745,0.0103));
#13361=CARTESIAN_POINT('',(0.00390338853854224,0.0210184567106745,0.0103));
#13362=CARTESIAN_POINT('',(0.00444698881008801,0.0210184567106745,0.0103));
#13363=CARTESIAN_POINT('',(0.00477622255564906,0.0204482071357966,0.0103));
#13364=CARTESIAN_POINT('',(0.00564905657275588,0.0189364142715931,0.0103));
#13365=CARTESIAN_POINT('',(0.00477622255564906,0.0174246214073897,0.0103));
#13366=CARTESIAN_POINT('',(0.00390338853854224,0.0159128285431862,0.0103));
#13367=CARTESIAN_POINT('',(0.00215772050432861,0.0159128285431862,0.0103));
#13368=CARTESIAN_POINT('',(0.000412052470114972,0.0159128285431862,0.0103));
#13369=CARTESIAN_POINT('',(-0.000460781546991846,0.0174246214073897,0.0103));
#13370=CARTESIAN_POINT('',(-0.00133361556409866,0.0189364142715931,0.0103));
#13371=CARTESIAN_POINT('',(-0.000460781546991845,0.0204482071357966,0.0103));
#13372=CARTESIAN_POINT('',(-0.000131547801430793,0.0210184567106745,0.0103));
#13373=CARTESIAN_POINT('',(-0.00303534558042884,0.0210184567106745,0.0103));
#13374=CARTESIAN_POINT('',(-0.00209380229110333,0.0210184567106745,0.0103));
#13375=CARTESIAN_POINT('',(-0.00209380229110333,0.0229015432893255,0.0103));
#13376=CARTESIAN_POINT('',(-0.00365126319087697,0.02396,0.0103));
#13377=CARTESIAN_POINT('',(6.93889390390723E-18,0.02396,0.0103));
#13378=CARTESIAN_POINT('',(-0.0115749576074711,0.02396,0.0103));
#13379=CARTESIAN_POINT('',(-0.0115749576074711,0.0234499116985967,0.0103));
#13380=CARTESIAN_POINT('',(-0.0115749576074711,0.02196,0.0103));
#13381=CARTESIAN_POINT('',(-0.0196231354535429,0.02196,0.0103));
#13382=CARTESIAN_POINT('',(-0.0115503985434771,0.02196,0.0103));
#13383=CARTESIAN_POINT('',(-0.0115503985434771,0.0213304393879433,0.0103));
#13384=CARTESIAN_POINT('',(-0.0115503985434771,0.0207008787758865,0.0103));
#13385=CARTESIAN_POINT('',(-0.0196231354535429,0.0207008787758865,0.0103));
#13386=CARTESIAN_POINT('',(-0.0276958723636088,0.0207008787758865,0.0103));
#13387=CARTESIAN_POINT('',(-0.0276958723636088,0.0234499116985967,0.0103));
#13388=CARTESIAN_POINT('',(-0.0276958723636088,0.02396,0.0103));
#13389=CARTESIAN_POINT('',(6.93889390390723E-18,0.02396,0.0103));
#13390=CARTESIAN_POINT('',(-0.036933,0.02396,0.0103));
#13391=CARTESIAN_POINT('',(-0.036933,0.01826,0.0103));
#13392=CARTESIAN_POINT('',(-0.042633,0.01826,0.0103));
#13393=CARTESIAN_POINT('',(-0.042633,-3.46944695195361E-18,0.0103));
#13394=CARTESIAN_POINT('',(-0.042633,0.00425908388569951,0.0103));
#13395=CARTESIAN_POINT('',(-0.0420614814081192,0.00425908388569951,0.0103));
#13396=CARTESIAN_POINT('',(-0.040633,0.00425908388569951,0.0103));
#13397=CARTESIAN_POINT('',(-0.040633,-0.00116099719889462,0.0103));
#13398=CARTESIAN_POINT('',(-0.040633,-0.00658107828348875,0.0103));
#13399=CARTESIAN_POINT('',(-0.0420614814081192,-0.00658107828348875,0.0103));
#13400=CARTESIAN_POINT('',(-0.042633,-0.00658107828348875,0.0103));
#13401=CARTESIAN_POINT('',(-0.042633,-3.46944695195361E-18,0.0103));
#13402=CARTESIAN_POINT('',(-0.042633,-0.01826,0.0103));
#13403=CARTESIAN_POINT('',(-0.036933,-0.01826,0.0103));
#13404=CARTESIAN_POINT('',(-0.036933,-0.02396,0.0103));
#13405=CARTESIAN_POINT('',(6.93889390390723E-18,-0.02396,0.0103));
#13406=CARTESIAN_POINT('',(-0.0322050042450428,-0.0127275912091136,0.0103));
#13407=CARTESIAN_POINT('',(-0.0300548892288777,-0.014010606356262,0.0103));
#13408=CARTESIAN_POINT('',(-0.0343551192612079,-0.0114445760619652,0.0103));
#13409=CARTESIAN_POINT('',(-0.0300909554316659,-0.0165141681548936,0.0103));
#13410=CARTESIAN_POINT('',(-0.0301270216344541,-0.0190177299535251,0.0103));
#13411=CARTESIAN_POINT('',(-0.0323132028534074,-0.0202382766050083,0.0103));
#13412=CARTESIAN_POINT('',(-0.0344993840723607,-0.0214588232564914,0.0103));
#13413=CARTESIAN_POINT('',(-0.0366494990885258,-0.0201758081093431,0.0103));
#13414=CARTESIAN_POINT('',(-0.0387996141046908,-0.0188927929621947,0.0103));
#13415=CARTESIAN_POINT('',(-0.0387635479019027,-0.0163892311635631,0.0103));
#13416=CARTESIAN_POINT('',(-0.0387274816991145,-0.0138856693649315,0.0103));
#13417=CARTESIAN_POINT('',(-0.0365413004801612,-0.0126651227134484,0.0103));
#13418=CARTESIAN_POINT('',(-0.0179764856621623,0.00851498876989568,0.0103));
#13419=CARTESIAN_POINT('',(-0.0189529713243246,0.0113341799005866,0.0103));
#13420=CARTESIAN_POINT('',(-0.017,0.00569579763920476,0.0103));
#13421=CARTESIAN_POINT('',(-0.0153424405073141,0.0125847625720573,0.0103));
#13422=CARTESIAN_POINT('',(-0.0117319096903035,0.013835345243528,0.0103));
#13423=CARTESIAN_POINT('',(-0.0107554240281412,0.0110161541128371,0.0103));
#13424=CARTESIAN_POINT('',(-0.00977893836597888,0.00819696298214614,0.0103));
#13425=CARTESIAN_POINT('',(-0.0133894691829894,0.00694638031067545,0.0103));
#13426=CARTESIAN_POINT('',(-0.0295162833673302,-0.00984347598947821,0.0103));
#13427=CARTESIAN_POINT('',(-0.0288273721306146,-0.0137266715207517,0.0103));
#13428=CARTESIAN_POINT('',(-0.0302051946040457,-0.00596028045820474,0.0103));
#13429=CARTESIAN_POINT('',(-0.0331188276169929,-0.00362937375239297,0.0103));
#13430=CARTESIAN_POINT('',(-0.0360324606299401,-0.00129846704658121,0.0103));
#13431=CARTESIAN_POINT('',(-0.0337458912497997,0.00155974431630165,0.0103));
#13432=CARTESIAN_POINT('',(-0.0314593218696593,0.0044179556791845,0.0103));
#13433=CARTESIAN_POINT('',(-0.0267523793933271,0.000652401220815937,0.0103));
#13434=CARTESIAN_POINT('',(-0.022045436916995,-0.00311315323755264,0.0103));
#13435=CARTESIAN_POINT('',(-0.0226978373027831,-0.00392865361641903,0.0103));
#13436=CARTESIAN_POINT('',(-0.0233502376885712,-0.00474415399528542,0.0103));
#13437=CARTESIAN_POINT('',(-0.0226613264518556,-0.0086273495265589,0.0103));
#13438=CARTESIAN_POINT('',(-0.02197241521514,-0.0125105450578324,0.0103));
#13439=CARTESIAN_POINT('',(-0.0253998936728773,-0.013118608289292,0.0103));
#13440=CARTESIAN_POINT('',(0.,0.000616113607287402,0.01105));
#13441=CARTESIAN_POINT('',(-0.0344272516667843,-0.0164516996592283,0.01105));
#13442=CARTESIAN_POINT('',(-0.0312116538740081,-0.0164516996592283,0.01105));
#13443=CARTESIAN_POINT('',(-0.0344272516667843,-0.0164516996592283,0.01105));
#13444=CARTESIAN_POINT('',(-0.0311824979955773,-0.0164516996592283,0.01105));
#13445=CARTESIAN_POINT('',(0.,0.000616113607287402,0.01105));
#13446=CARTESIAN_POINT('',(-0.0342863462865352,0.0166494566947222,0.01105));
#13447=CARTESIAN_POINT('',(-0.0301310248982556,0.0166787109621737,0.01105));
#13448=CARTESIAN_POINT('',(-0.0322340205311775,0.0202626977115869,0.01105));
#13449=CARTESIAN_POINT('',(-0.0301310248982555,0.0166787109621736,0.01105));
#13450=CARTESIAN_POINT('',(-0.0301479148574437,0.0190777868842664,0.01105));
#13451=CARTESIAN_POINT('',(-0.0322340205311775,0.0202626977115869,0.01105));
#13452=CARTESIAN_POINT('',(0.,0.000616113607287402,0.01105));
#13453=CARTESIAN_POINT('',(-0.0342863462865352,0.0166494566947222,0.01105));
#13454=CARTESIAN_POINT('',(-0.0363893419194572,0.0202334434441354,0.01105));
#13455=CARTESIAN_POINT('',(-0.0322340205311775,0.0202626977115869,0.01105));
#13456=CARTESIAN_POINT('',(-0.0343201262049114,0.0214476085389075,0.01105));
#13457=CARTESIAN_POINT('',(-0.0363893419194572,0.0202334434441354,0.01105));
#13458=CARTESIAN_POINT('',(0.,0.000616113607287402,0.01105));
#13459=CARTESIAN_POINT('',(-0.0342863462865352,0.0166494566947222,0.01105));
#13460=CARTESIAN_POINT('',(-0.038441667674815,0.0166202024272707,0.01105));
#13461=CARTESIAN_POINT('',(-0.0363893419194572,0.0202334434441354,0.01105));
#13462=CARTESIAN_POINT('',(-0.038458557634003,0.0190192783493634,0.01105));
#13463=CARTESIAN_POINT('',(-0.038441667674815,0.0166202024272707,0.01105));
#13464=CARTESIAN_POINT('',(0.,0.000616113607287402,0.01105));
#13465=CARTESIAN_POINT('',(-0.0342863462865352,0.0166494566947222,0.01105));
#13466=CARTESIAN_POINT('',(-0.036338672041893,0.0130362156778574,0.01105));
#13467=CARTESIAN_POINT('',(-0.038441667674815,0.0166202024272707,0.01105));
#13468=CARTESIAN_POINT('',(-0.0384247777156268,0.014221126505178,0.01105));
#13469=CARTESIAN_POINT('',(-0.036338672041893,0.0130362156778574,0.01105));
#13470=CARTESIAN_POINT('',(0.,0.000616113607287402,0.01105));
#13471=CARTESIAN_POINT('',(-0.0342863462865352,0.0166494566947222,0.01105));
#13472=CARTESIAN_POINT('',(-0.0321833506536133,0.0130654699453089,0.01105));
#13473=CARTESIAN_POINT('',(-0.036338672041893,0.0130362156778574,0.01105));
#13474=CARTESIAN_POINT('',(-0.0342525663681592,0.0118513048505368,0.01105));
#13475=CARTESIAN_POINT('',(-0.0321833506536133,0.0130654699453089,0.01105));
#13476=CARTESIAN_POINT('',(0.,0.000616113607287402,0.01105));
#13477=CARTESIAN_POINT('',(0.034024148336297,-0.0164143727074943,0.01105));
#13478=CARTESIAN_POINT('',(0.0372397461290732,-0.0164143727074943,0.01105));
#13479=CARTESIAN_POINT('',(0.034024148336297,-0.0164143727074943,0.01105));
#13480=CARTESIAN_POINT('',(0.0372628269486115,-0.0164143727074943,0.01105));
#13481=CARTESIAN_POINT('',(0.,-3.46944695195361E-18,0.0103));
#13482=CARTESIAN_POINT('',(0.034024148336297,-0.0164143727074943,0.0103));
#13483=CARTESIAN_POINT('',(0.0372397461290732,-0.0164143727074943,0.0103));
#13484=CARTESIAN_POINT('',(0.034024148336297,-0.016446990347981,0.0103));
#13485=CARTESIAN_POINT('',(0.035724148336297,-0.016446990347981,0.0103));
#13486=CARTESIAN_POINT('',(0.,-3.46944695195361E-18,0.0103));
#13487=CARTESIAN_POINT('',(-0.0342863462865352,0.0166494566947222,0.0103));
#13488=CARTESIAN_POINT('',(-0.0313241492380882,0.0166494566947222,0.0103));
#13489=CARTESIAN_POINT('',(-0.034428988569977,0.016573075692151,0.0103));
#13490=CARTESIAN_POINT('',(-0.032728988569977,0.016573075692151,0.0103));
#13491=CARTESIAN_POINT('',(0.,-3.46944695195361E-18,0.0103));
#13492=CARTESIAN_POINT('',(-0.0344272516667843,-0.0164516996592283,0.0103));
#13493=CARTESIAN_POINT('',(-0.0312116538740081,-0.0164516996592283,0.0103));
#13494=CARTESIAN_POINT('',(-0.034428988569977,-0.016446990347981,0.0103));
#13495=CARTESIAN_POINT('',(-0.032728988569977,-0.016446990347981,0.0103));
#13496=CARTESIAN_POINT('',(0.,-3.46944695195361E-18,0.0103));
#13497=CARTESIAN_POINT('',(0.034016840159893,0.0166146513074637,0.0103));
#13498=CARTESIAN_POINT('',(0.0372324379526692,0.0166146513074637,0.0103));
#13499=CARTESIAN_POINT('',(0.034024148336297,0.016573075692151,0.0103));
#13500=CARTESIAN_POINT('',(0.035724148336297,0.016573075692151,0.0103));
#13501=CARTESIAN_POINT('',(0.0230657854117453,0.02196,0.0003));
#13502=CARTESIAN_POINT('',(0.0230657854117453,0.02196,0.0091));
#13503=CARTESIAN_POINT('',(0.030643941834569,0.02196,0.0091));
#13504=CARTESIAN_POINT('',(0.0306541658937931,0.02196,0.0091));
#13505=CARTESIAN_POINT('',(0.030643941834569,0.02196,-0.0147));
#13506=CARTESIAN_POINT('',(0.0306541658937931,0.02196,0.0003));
#13507=CARTESIAN_POINT('',(-0.0196231354535429,0.0207008787758865,-0.0147));
#13508=CARTESIAN_POINT('',(-0.0196231354535429,0.0207008787758865,0.0091));
#13509=CARTESIAN_POINT('',(-0.0276958723636088,0.0207008787758865,0.0091));
#13510=CARTESIAN_POINT('',(-0.0115749576074711,0.0207008787758865,0.0091));
#13511=CARTESIAN_POINT('',(-0.0276958723636088,0.0207008787758865,-0.0147));
#13512=CARTESIAN_POINT('',(-0.0115503985434771,0.0207008787758865,-0.0147));
#13513=CARTESIAN_POINT('',(-0.0115503985434771,0.0207008787758865,0.0079));
#13514=CARTESIAN_POINT('',(0.,0.0207008787758865,0.0079));
#13515=CARTESIAN_POINT('',(-0.0115749576074711,0.0207008787758865,0.0079));
#13516=CARTESIAN_POINT('',(-0.0115749576074711,0.0207008787758865,-0.0147));
#13517=CARTESIAN_POINT('',(0.030643941834569,0.0213304393879433,-0.0147));
#13518=CARTESIAN_POINT('',(0.030643941834569,0.0213304393879433,0.0091));
#13519=CARTESIAN_POINT('',(0.030643941834569,0.0207008787758865,0.0091));
#13520=CARTESIAN_POINT('',(0.030643941834569,0.0207008787758865,-0.0147));
#13521=CARTESIAN_POINT('',(0.0230606733821333,0.0207008787758865,-0.0147));
#13522=CARTESIAN_POINT('',(0.0230606733821333,0.0207008787758865,0.0091));
#13523=CARTESIAN_POINT('',(0.0154774049296975,0.0207008787758865,0.0091));
#13524=CARTESIAN_POINT('',(0.0154774049296975,0.0207008787758865,-0.0147));
#13525=CARTESIAN_POINT('',(0.0230606733821333,0.0207008787758865,0.0103));
#13526=CARTESIAN_POINT('',(0.,-3.46944695195361E-18,0.0079));
#13527=CARTESIAN_POINT('',(-0.034428988569977,0.016573075692151,0.0079));
#13528=CARTESIAN_POINT('',(-0.032028988569977,0.016573075692151,0.0079));
#13529=CARTESIAN_POINT('',(-0.034428988569977,-0.016446990347981,0.0079));
#13530=CARTESIAN_POINT('',(-0.032028988569977,-0.016446990347981,0.0079));
#13531=CARTESIAN_POINT('',(0.034024148336297,-0.016446990347981,0.0079));
#13532=CARTESIAN_POINT('',(0.036424148336297,-0.016446990347981,0.0079));
#13533=CARTESIAN_POINT('',(0.034024148336297,0.016573075692151,0.0079));
#13534=CARTESIAN_POINT('',(0.036424148336297,0.016573075692151,0.0079));
#13535=CARTESIAN_POINT('',(0.0230657854117453,0.00806,0.0079));
#13536=CARTESIAN_POINT('',(0.0306541658937931,0.00806,0.0079));
#13537=CARTESIAN_POINT('',(0.0154774049296975,0.00806,0.0079));
#13538=CARTESIAN_POINT('',(0.0306541658937931,-3.46944695195361E-18,0.0079));
#13539=CARTESIAN_POINT('',(0.0306541658937931,0.02396,0.0079));
#13540=CARTESIAN_POINT('',(6.93889390390723E-18,0.02396,0.0079));
#13541=CARTESIAN_POINT('',(0.036933,0.02396,0.0079));
#13542=CARTESIAN_POINT('',(0.036933,0.01826,0.0079));
#13543=CARTESIAN_POINT('',(0.042633,0.01826,0.0079));
#13544=CARTESIAN_POINT('',(0.042633,-3.46944695195361E-18,0.0079));
#13545=CARTESIAN_POINT('',(0.042633,-0.01826,0.0079));
#13546=CARTESIAN_POINT('',(0.036933,-0.01826,0.0079));
#13547=CARTESIAN_POINT('',(0.036933,-0.02396,0.0079));
#13548=CARTESIAN_POINT('',(6.93889390390723E-18,-0.02396,0.0079));
#13549=CARTESIAN_POINT('',(0.00757377734407783,-0.02396,0.0079));
#13550=CARTESIAN_POINT('',(0.00757377734407783,-3.46944695195361E-18,0.0079));
#13551=CARTESIAN_POINT('',(0.00757377734407783,-0.0231472357402905,0.0079));
#13552=CARTESIAN_POINT('',(0.00713921890285067,-0.0223945584412272,0.0079));
#13553=CARTESIAN_POINT('',(0.00713921890285067,-0.0215254415587729,0.0079));
#13554=CARTESIAN_POINT('',(-0.00488682184368372,-0.0215254415587729,0.0079));
#13555=CARTESIAN_POINT('',(-0.00445226340245657,-0.0215254415587729,0.0079));
#13556=CARTESIAN_POINT('',(-0.00445226340245657,-0.0223945584412272,0.0079));
#13557=CARTESIAN_POINT('',(-0.00488682184368372,-0.0231472357402905,0.0079));
#13558=CARTESIAN_POINT('',(-0.00488682184368372,-3.46944695195361E-18,0.0079));
#13559=CARTESIAN_POINT('',(-0.00488682184368372,-0.02396,0.0079));
#13560=CARTESIAN_POINT('',(6.93889390390723E-18,-0.02396,0.0079));
#13561=CARTESIAN_POINT('',(-0.036933,-0.02396,0.0079));
#13562=CARTESIAN_POINT('',(-0.036933,-0.01826,0.0079));
#13563=CARTESIAN_POINT('',(-0.042633,-0.01826,0.0079));
#13564=CARTESIAN_POINT('',(-0.042633,-3.46944695195361E-18,0.0079));
#13565=CARTESIAN_POINT('',(-0.042633,-0.00658107828348875,0.0079));
#13566=CARTESIAN_POINT('',(0.,-0.00658107828348875,0.0079));
#13567=CARTESIAN_POINT('',(-0.040633,-0.00658107828348875,0.0079));
#13568=CARTESIAN_POINT('',(-0.040633,-3.46944695195361E-18,0.0079));
#13569=CARTESIAN_POINT('',(-0.040633,0.00425908388569951,0.0079));
#13570=CARTESIAN_POINT('',(0.,0.00425908388569951,0.0079));
#13571=CARTESIAN_POINT('',(-0.042633,0.00425908388569951,0.0079));
#13572=CARTESIAN_POINT('',(-0.042633,-3.46944695195361E-18,0.0079));
#13573=CARTESIAN_POINT('',(-0.042633,0.01826,0.0079));
#13574=CARTESIAN_POINT('',(-0.036933,0.01826,0.0079));
#13575=CARTESIAN_POINT('',(-0.036933,0.02396,0.0079));
#13576=CARTESIAN_POINT('',(6.93889390390723E-18,0.02396,0.0079));
#13577=CARTESIAN_POINT('',(-0.0276958723636088,0.02396,0.0079));
#13578=CARTESIAN_POINT('',(-0.0276958723636088,-3.46944695195361E-18,0.0079));
#13579=CARTESIAN_POINT('',(-0.0276958723636088,0.00806,0.0079));
#13580=CARTESIAN_POINT('',(-0.01963541498554,0.00806,0.0079));
#13581=CARTESIAN_POINT('',(-0.0115749576074711,0.00806,0.0079));
#13582=CARTESIAN_POINT('',(-0.0115749576074711,0.00806,0.0079));
#13583=CARTESIAN_POINT('',(-0.0115503985434771,-3.46944695195361E-18,0.0079));
#13584=CARTESIAN_POINT('',(-0.0115503985434771,0.02196,0.0079));
#13585=CARTESIAN_POINT('',(0.,0.02196,0.0079));
#13586=CARTESIAN_POINT('',(-0.0115749576074711,0.02196,0.0079));
#13587=CARTESIAN_POINT('',(-0.0115749576074711,-3.46944695195361E-18,0.0079));
#13588=CARTESIAN_POINT('',(-0.0115749576074711,0.02396,0.0079));
#13589=CARTESIAN_POINT('',(6.93889390390723E-18,0.02396,0.0079));
#13590=CARTESIAN_POINT('',(-0.00365126319087697,0.02396,0.0079));
#13591=CARTESIAN_POINT('',(-0.00209380229110333,0.0229015432893255,0.0079));
#13592=CARTESIAN_POINT('',(-0.00209380229110333,0.0210184567106745,0.0079));
#13593=CARTESIAN_POINT('',(0.,0.0210184567106745,0.0079));
#13594=CARTESIAN_POINT('',(0.00725297405491087,0.0210184567106745,0.0079));
#13595=CARTESIAN_POINT('',(0.00725297405491087,0.0229015432893255,0.0079));
#13596=CARTESIAN_POINT('',(0.0088104349546845,0.02396,0.0079));
#13597=CARTESIAN_POINT('',(6.93889390390723E-18,0.02396,0.0079));
#13598=CARTESIAN_POINT('',(0.0154774049296975,0.02396,0.0079));
#13599=CARTESIAN_POINT('',(0.0154774049296975,-3.46944695195361E-18,0.0079));
#13600=CARTESIAN_POINT('',(6.93889390390723E-18,0.02396,0.0079));
#13601=CARTESIAN_POINT('',(0.0306541658937931,0.02396,0.0079));
#13602=CARTESIAN_POINT('',(0.036933,0.02396,0.0079));
#13603=CARTESIAN_POINT('',(6.93889390390723E-18,0.02396,0.0079));
#13604=CARTESIAN_POINT('',(0.00819451734423637,0.02396,0.0079));
#13605=CARTESIAN_POINT('',(0.00819451734423637,0.02396,0.00802366799928427));
#13606=CARTESIAN_POINT('',(0.00819451734423637,0.02396,0.0101763320007157));
#13607=CARTESIAN_POINT('',(0.00819451734423637,0.02396,0.0101763320007157));
#13608=CARTESIAN_POINT('',(0.00839299398767745,0.02396,0.0102515670310514));
#13609=CARTESIAN_POINT('',(0.00859685212574089,0.02396,0.0103));
#13610=CARTESIAN_POINT('',(0.00881043495468451,0.02396,0.0103));
#13611=CARTESIAN_POINT('',(0.0154774049296975,0.02396,0.0079));
#13612=CARTESIAN_POINT('',(0.0088104349546845,0.02396,0.0079));
#13613=CARTESIAN_POINT('',(0.00859832446758427,0.02396,0.0079));
#13614=CARTESIAN_POINT('',(0.00839229542857674,0.02396,0.00794869776642906));
#13615=CARTESIAN_POINT('',(0.00819451734423635,0.02396,0.00802366799928419));
#13616=CARTESIAN_POINT('',(6.93889390390723E-18,0.02396,0.0079));
#13617=CARTESIAN_POINT('',(-0.00365126319087697,0.02396,0.0103));
#13618=CARTESIAN_POINT('',(-0.00343915270377674,0.02396,0.0103));
#13619=CARTESIAN_POINT('',(-0.00323312366476921,0.02396,0.0102513022335709));
#13620=CARTESIAN_POINT('',(-0.00303534558042881,0.02396,0.0101763320007158));
#13621=CARTESIAN_POINT('',(-0.00303534558042884,0.02396,0.0101763320007157));
#13622=CARTESIAN_POINT('',(-0.00303534558042884,0.02396,0.0079));
#13623=CARTESIAN_POINT('',(-0.00303534558042884,0.02396,0.00802366799928427));
#13624=CARTESIAN_POINT('',(-0.00303534558042884,0.02396,0.00802366799928427));
#13625=CARTESIAN_POINT('',(-0.00323382222386992,0.02396,0.00794843296894858));
#13626=CARTESIAN_POINT('',(-0.00343768036193336,0.02396,0.0079));
#13627=CARTESIAN_POINT('',(-0.00365126319087697,0.02396,0.0079));
#13628=CARTESIAN_POINT('',(-0.0115749576074711,0.02396,0.0079));
#13629=CARTESIAN_POINT('',(-0.042633,-3.46944695195361E-18,0.0079));
#13630=CARTESIAN_POINT('',(-0.042633,0.00425908388569951,0.0079));
#13631=CARTESIAN_POINT('',(-0.042633,0.01826,0.0079));
#13632=CARTESIAN_POINT('',(6.93889390390723E-18,-0.02396,0.0079));
#13633=CARTESIAN_POINT('',(0.00757377734407783,-0.02396,0.0079));
#13634=CARTESIAN_POINT('',(0.036933,-0.02396,0.0079));
#13635=CARTESIAN_POINT('',(6.93889390390723E-18,0.02396,0.0079));
#13636=CARTESIAN_POINT('',(-0.0276958723636088,0.02396,0.0079));
#13637=CARTESIAN_POINT('',(-0.036933,0.02396,0.0079));
#13638=CARTESIAN_POINT('',(-0.036933,0.01826,0.0079));
#13639=CARTESIAN_POINT('',(-0.042633,-3.46944695195361E-18,0.0079));
#13640=CARTESIAN_POINT('',(-0.042633,-0.00658107828348875,0.0079));
#13641=CARTESIAN_POINT('',(-0.042633,-0.01826,0.0079));
#13642=CARTESIAN_POINT('',(-0.036933,-0.01826,0.0079));
#13643=CARTESIAN_POINT('',(-0.036933,-0.02396,0.0079));
#13644=CARTESIAN_POINT('',(6.93889390390723E-18,-0.02396,0.0079));
#13645=CARTESIAN_POINT('',(-0.00488682184368372,-0.02396,0.0079));
#13646=CARTESIAN_POINT('',(0.036933,-0.01826,0.0079));
#13647=CARTESIAN_POINT('',(0.042633,-0.01826,0.0079));
#13648=CARTESIAN_POINT('',(0.042633,-3.46944695195361E-18,0.0079));
#13649=CARTESIAN_POINT('',(0.042633,0.01826,0.0079));
#13650=CARTESIAN_POINT('',(0.036933,0.01826,0.0079));
#13651=CARTESIAN_POINT('',(-0.034428988569977,0.016573075692151,-0.0889010638918648));
#13652=CARTESIAN_POINT('',(-0.034428988569977,0.016573075692151,0.001610050800102));
#13653=CARTESIAN_POINT('',(-0.036128988569977,0.016573075692151,0.001610050800102));
#13654=CARTESIAN_POINT('',(-0.034428988569977,-0.016446990347981,-0.0889010638918648));
#13655=CARTESIAN_POINT('',(-0.034428988569977,-0.016446990347981,0.001610050800102));
#13656=CARTESIAN_POINT('',(-0.036128988569977,-0.016446990347981,0.001610050800102));
#13657=CARTESIAN_POINT('',(0.034024148336297,-0.016446990347981,-0.0889010638918648));
#13658=CARTESIAN_POINT('',(0.034024148336297,-0.016446990347981,0.001610050800102));
#13659=CARTESIAN_POINT('',(0.032324148336297,-0.016446990347981,0.001610050800102));
#13660=CARTESIAN_POINT('',(0.034024148336297,0.016573075692151,-0.0889010638918648));
#13661=CARTESIAN_POINT('',(0.034024148336297,0.016573075692151,0.001610050800102));
#13662=CARTESIAN_POINT('',(0.032324148336297,0.016573075692151,0.001610050800102));
#13663=CARTESIAN_POINT('',(-0.0115749576074711,0.0234499116985967,0.0003));
#13664=CARTESIAN_POINT('',(-0.0115749576074711,0.02196,0.0003));
#13665=CARTESIAN_POINT('',(-0.0276958723636088,0.0234499116985967,0.0003));
#13666=CARTESIAN_POINT('',(-0.0276958723636088,0.00806,0.0091));
#13667=CARTESIAN_POINT('',(-0.0276958723636088,0.00806,0.0091));
#13668=CARTESIAN_POINT('',(-0.0276958723636088,0.00806,0.0103));
#13669=CARTESIAN_POINT('',(0.00257958588190377,0.02196,0.0003));
#13670=CARTESIAN_POINT('',(0.000955652741660743,0.02196,0.0003));
#13671=CARTESIAN_POINT('',(0.000955652741660743,0.02196,0.00935845671067449));
#13672=CARTESIAN_POINT('',(0.000955652741660743,0.02196,0.0101084567106745));
#13673=CARTESIAN_POINT('',(0.00390338853854224,0.02196,0.0101084567106745));
#13674=CARTESIAN_POINT('',(0.00335978826699648,0.02196,0.0101084567106745));
#13675=CARTESIAN_POINT('',(0.00335978826699648,0.02196,0.0003));
#13676=CARTESIAN_POINT('',(0.00335978826699648,0.02196,0.00935845671067449));
#13677=CARTESIAN_POINT('',(0.00819451734423637,0.02196,0.00935845671067449));
#13678=CARTESIAN_POINT('',(0.00725297405491087,0.02196,0.00935845671067449));
#13679=CARTESIAN_POINT('',(0.00725297405491087,0.02196,0.0003));
#13680=CARTESIAN_POINT('',(0.00725297405491087,0.02196,0.00884154328932551));
#13681=CARTESIAN_POINT('',(0.00257958588190377,0.02196,0.00884154328932551));
#13682=CARTESIAN_POINT('',(-0.00209380229110333,0.02196,0.00884154328932551));
#13683=CARTESIAN_POINT('',(-0.00209380229110333,0.02196,0.0103));
#13684=CARTESIAN_POINT('',(-0.00209380229110333,0.02196,0.00935845671067449));
#13685=CARTESIAN_POINT('',(0.000412052470114972,0.02196,0.00935845671067449));
#13686=CARTESIAN_POINT('',(-0.00303534558042884,0.0235191781330109,0.0003));
#13687=CARTESIAN_POINT('',(-0.00303534558042884,0.02396,0.0101763320007157));
#13688=CARTESIAN_POINT('',(-0.00303534558042884,0.0235435225953948,0.00999885791545473));
#13689=CARTESIAN_POINT('',(-0.00303534558042884,0.0232171570212681,0.0096740687665781));
#13690=CARTESIAN_POINT('',(-0.00303534558042884,0.0229015432893255,0.00935845671067449));
#13691=CARTESIAN_POINT('',(-0.00303534558042884,0.0229015432893255,0.00935845671067449));
#13692=CARTESIAN_POINT('',(-0.00303534558042884,0.0229015432893255,0.0079));
#13693=CARTESIAN_POINT('',(-0.00303534558042884,0.0229015432893255,0.00884154328932551));
#13694=CARTESIAN_POINT('',(-0.00303534558042884,0.02396,0.00802366799928427));
#13695=CARTESIAN_POINT('',(-0.00303534558042884,0.0235435225953948,0.00820114208454526));
#13696=CARTESIAN_POINT('',(-0.00303534558042884,0.0232171570212681,0.00852593123342196));
#13697=CARTESIAN_POINT('',(-0.00303534558042884,0.0229015432893255,0.00884154328932551));
#13698=CARTESIAN_POINT('',(0.00819451734423637,0.0235191781330109,0.0003));
#13699=CARTESIAN_POINT('',(0.00819451734423637,0.0229015432893255,0.0003));
#13700=CARTESIAN_POINT('',(0.00819451734423637,0.0229015432893255,0.00884154328932551));
#13701=CARTESIAN_POINT('',(0.00819451734423637,0.0229015432893255,0.00935845671067449));
#13702=CARTESIAN_POINT('',(0.00819451734423637,0.02396,0.0101763320007157));
#13703=CARTESIAN_POINT('',(0.00819451734423637,0.0235435225953948,0.00999885791545472));
#13704=CARTESIAN_POINT('',(0.00819451734423637,0.0232171570212681,0.0096740687665781));
#13705=CARTESIAN_POINT('',(0.00819451734423637,0.0229015432893255,0.00935845671067449));
#13706=CARTESIAN_POINT('',(0.00819451734423637,0.02396,0.00802366799928427));
#13707=CARTESIAN_POINT('',(0.00819451734423637,0.0235435225953948,0.00820114208454526));
#13708=CARTESIAN_POINT('',(0.00819451734423637,0.0232171570212681,0.00852593123342196));
#13709=CARTESIAN_POINT('',(0.00819451734423637,0.0229015432893255,0.00884154328932551));
#13710=CARTESIAN_POINT('',(0.0154774049296975,0.0237135228025914,0.0003));
#13711=CARTESIAN_POINT('',(0.0154774049296975,0.00806,0.0091));
#13712=CARTESIAN_POINT('',(0.0154774049296975,0.00806,0.0091));
#13713=CARTESIAN_POINT('',(0.0154774049296975,0.00806,0.0103));
#13714=CARTESIAN_POINT('',(0.0306541658937931,0.0237135228025914,0.0003));
#13715=CARTESIAN_POINT('',(0.0306541658937931,0.00806,0.0103));
#13716=CARTESIAN_POINT('',(0.0306541658937931,0.00806,0.0091));
#13717=CARTESIAN_POINT('',(0.0306541658937931,0.00806,0.0091));
#13718=CARTESIAN_POINT('',(0.00757377734407783,-0.0233582595619559,0.0003));
#13719=CARTESIAN_POINT('',(0.00757377734407783,-0.0231472357402905,0.0103));
#13720=CARTESIAN_POINT('',(0.00757377734407783,-0.0228459521242822,0.0103));
#13721=CARTESIAN_POINT('',(0.00757377734407783,-0.0226042765735595,0.0100751572795921));
#13722=CARTESIAN_POINT('',(0.00757377734407783,-0.0223945584412272,0.00986544155877284));
#13723=CARTESIAN_POINT('',(0.00757377734407783,-0.0223945584412272,0.00986544155877284));
#13724=CARTESIAN_POINT('',(0.00757377734407783,-0.0223945584412272,0.0079));
#13725=CARTESIAN_POINT('',(0.00757377734407783,-0.0223945584412272,0.00833455844122716));
#13726=CARTESIAN_POINT('',(0.00757377734407783,-0.0231472357402905,0.0079));
#13727=CARTESIAN_POINT('',(0.00757377734407783,-0.0228459521242822,0.00789999999999999));
#13728=CARTESIAN_POINT('',(0.00757377734407783,-0.0226042765735594,0.00812484272040782));
#13729=CARTESIAN_POINT('',(0.00757377734407783,-0.0223945584412272,0.00833455844122716));
#13730=CARTESIAN_POINT('',(-0.00488682184368372,-0.0233582595619559,0.0003));
#13731=CARTESIAN_POINT('',(-0.00488682184368372,-0.0223945584412272,0.0003));
#13732=CARTESIAN_POINT('',(-0.00488682184368372,-0.0223945584412272,0.00833455844122716));
#13733=CARTESIAN_POINT('',(-0.00488682184368372,-0.0223945584412272,0.00986544155877284));
#13734=CARTESIAN_POINT('',(-0.00488682184368372,-0.0231472357402906,0.0103));
#13735=CARTESIAN_POINT('',(-0.00488682184368372,-0.0228459521242822,0.0103));
#13736=CARTESIAN_POINT('',(-0.00488682184368372,-0.0226042765735595,0.0100751572795921));
#13737=CARTESIAN_POINT('',(-0.00488682184368372,-0.0223945584412272,0.00986544155877284));
#13738=CARTESIAN_POINT('',(-0.00488682184368372,-0.0231472357402905,0.0079));
#13739=CARTESIAN_POINT('',(-0.00488682184368372,-0.0228459521242822,0.00789999999999999));
#13740=CARTESIAN_POINT('',(-0.00488682184368372,-0.0226042765735594,0.00812484272040782));
#13741=CARTESIAN_POINT('',(-0.00488682184368372,-0.0223945584412272,0.00833455844122716));
#13742=CARTESIAN_POINT('',(0.00134347775019705,-0.02196,0.0003));
#13743=CARTESIAN_POINT('',(0.00365249610552112,-0.02196,0.0003));
#13744=CARTESIAN_POINT('',(0.00365249610552112,-0.02196,0.00986544155877284));
#13745=CARTESIAN_POINT('',(0.00365249610552112,-0.02196,0.0106154415587728));
#13746=CARTESIAN_POINT('',(0.00134347775019705,-0.02196,0.0106154415587728));
#13747=CARTESIAN_POINT('',(0.000662944903136107,-0.02196,0.0106154415587728));
#13748=CARTESIAN_POINT('',(0.000662944903136107,-0.02196,0.0003));
#13749=CARTESIAN_POINT('',(0.000662944903136107,-0.02196,0.00986544155877284));
#13750=CARTESIAN_POINT('',(0.00134347775019705,-0.02196,0.00986544155877284));
#13751=CARTESIAN_POINT('',(-0.00445226340245657,-0.02196,0.00986544155877284));
#13752=CARTESIAN_POINT('',(-0.00445226340245657,-0.02196,0.0003));
#13753=CARTESIAN_POINT('',(-0.00445226340245657,-0.02196,0.00833455844122716));
#13754=CARTESIAN_POINT('',(0.00757377734407783,-0.02196,0.00833455844122716));
#13755=CARTESIAN_POINT('',(0.00713921890285067,-0.02196,0.00833455844122716));
#13756=CARTESIAN_POINT('',(0.00713921890285067,-0.02196,0.0103));
#13757=CARTESIAN_POINT('',(0.00713921890285067,-0.02196,0.00986544155877284));
#13758=CARTESIAN_POINT('',(0.00134347775019705,-0.02196,0.00986544155877284));
#13759=CARTESIAN_POINT('',(-0.040633,-0.00116099719889462,0.0003));
#13760=CARTESIAN_POINT('',(-0.040633,-0.00658107828348875,0.0003));
#13761=CARTESIAN_POINT('',(-0.040633,0.00425908388569951,0.0003));
#13762=CARTESIAN_POINT('',(-0.0420614814081192,0.00425908388569951,0.0003));
#13763=CARTESIAN_POINT('',(-0.0420614814081192,-0.00658107828348875,0.0003));
#13764=CARTESIAN_POINT('',(-0.0196231354535429,0.02196,-0.0147));
#13765=CARTESIAN_POINT('',(-0.0115503985434771,0.02196,-0.0147));
#13766=CARTESIAN_POINT('',(-0.0115503985434771,0.0213304393879433,-0.0147));
#13767=CARTESIAN_POINT('',(0.0230657854117453,0.00806,0.0091));
#13768=CARTESIAN_POINT('',(0.0230657854117453,0.00806,0.0091));
#13769=CARTESIAN_POINT('',(-7.57147874062386E-19,0.00806,0.00205));
#13770=CARTESIAN_POINT('',(-0.01963541498554,0.00806,0.0091));
#13771=CARTESIAN_POINT('',(-0.0115749576074711,0.00806,0.0091));
#13772=CARTESIAN_POINT('',(-0.0115749576074711,0.00806,0.0091));
#13773=CARTESIAN_POINT('',(-0.01963541498554,0.00806,0.0091));
#13774=CARTESIAN_POINT('',(-0.0115749576074711,0.00806,0.0103));
#13775=CARTESIAN_POINT('',(-0.0115749576074711,0.00806,0.0103));
#13776=CARTESIAN_POINT('',(-7.57147874062386E-19,0.00806,0.00205));
#13777=CARTESIAN_POINT('',(-1.7347234759768E-18,0.0173618271946908,0.01105));
#13778=CARTESIAN_POINT('',(0.017,-7.99445195141559E-5,0.01105));
#13779=CARTESIAN_POINT('',(0.017,-7.99445195141559E-5,0.01105));
#13780=CARTESIAN_POINT('',(-1.7347234759768E-18,0.0173618271946908,0.01105));
#13781=CARTESIAN_POINT('',(-0.017,-7.99445195141559E-5,0.01105));
#13782=CARTESIAN_POINT('',(-0.017,-7.99445195141559E-5,0.01105));
#13783=CARTESIAN_POINT('',(-1.7347234759768E-18,-0.0168809089809656,0.01105));
#13784=CARTESIAN_POINT('',(-1.7347234759768E-18,-0.0168809089809656,0.01105));
#13785=CARTESIAN_POINT('',(0.,-3.46944695195361E-18,0.01105));
#13786=CARTESIAN_POINT('',(-6.83036632835813E-5,-0.0126324689842695,0.01105));
#13787=CARTESIAN_POINT('',(0.00429351540280289,0.00495649850228903,0.01105));
#13788=CARTESIAN_POINT('',(0.0130019439384341,-7.99445195141559E-5,0.01105));
#13789=CARTESIAN_POINT('',(-6.8303663283596E-5,0.0127310965571142,0.01105));
#13790=CARTESIAN_POINT('',(0.00414892572049391,-0.00507814604783313,0.01105));
#13791=CARTESIAN_POINT('',(-1.7347234759768E-18,1.7347234759768E-18,0.01105));
#13792=CARTESIAN_POINT('',(-6.83036632835826E-5,0.0127310965571141,0.01105));
#13793=CARTESIAN_POINT('',(-0.00409419887923171,-0.00512237127262334,0.01105));
#13794=CARTESIAN_POINT('',(-0.0131385512650013,-7.99445195141576E-5,0.01105));
#13795=CARTESIAN_POINT('',(-6.83036632835752E-5,-0.0126324689842695,0.01105));
#13796=CARTESIAN_POINT('',(-0.00423966643133229,0.00500263735127115,0.01105));
#13797=CARTESIAN_POINT('',(-1.3010426069826E-18,4.33680868994202E-19,0.01105));
#13798=CARTESIAN_POINT('',(0.,3.06161699786838E-19,0.01105));
#13799=CARTESIAN_POINT('',(0.005,3.06161699786838E-19,0.01105));
#13800=CARTESIAN_POINT('',(0.,1.83697019872103E-19,0.0118));
#13801=CARTESIAN_POINT('',(0.,1.83697019872103E-19,0.0118));
#13802=CARTESIAN_POINT('',(0.003,1.83697019872103E-19,0.0118));
#13803=CARTESIAN_POINT('',(0.,1.83697019872103E-19,0.01105));
#13804=CARTESIAN_POINT('',(0.003,1.83697019872103E-19,0.01105));
#13805=CARTESIAN_POINT('',(0.,3.06161699786838E-19,0.0118));
#13806=CARTESIAN_POINT('',(0.,3.06161699786838E-19,0.0118));
#13807=CARTESIAN_POINT('',(0.005,3.06161699786838E-19,0.0118));
#13808=CARTESIAN_POINT('',(0.,1.31050591824014E-5,0.0118));
#13809=CARTESIAN_POINT('',(0.,-3.46944695195361E-18,0.01105));
#13810=CARTESIAN_POINT('',(0.,4.28626379701574E-19,0.01105));
#13811=CARTESIAN_POINT('',(0.002,4.28626379701574E-19,0.01105));
#13812=CARTESIAN_POINT('',(0.,4.28626379701574E-19,0.0118));
#13813=CARTESIAN_POINT('',(0.,4.28626379701574E-19,0.0118));
#13814=CARTESIAN_POINT('',(0.002,4.28626379701574E-19,0.0118));
#13815=CARTESIAN_POINT('',(0.,1.31050591824014E-5,0.0118));
#13816=CARTESIAN_POINT('',(-0.01913908722579,0.00309230259673797,0.01105));
#13817=CARTESIAN_POINT('',(-0.0194831103966096,0.00281616789288819,0.01105));
#13818=CARTESIAN_POINT('',(-0.0194831103966096,0.00281616789288819,0.01105));
#13819=CARTESIAN_POINT('',(-0.01913908722579,0.00309230259673797,0.01105));
#13820=CARTESIAN_POINT('',(-0.0187950640549704,0.00336843730058775,0.01105));
#13821=CARTESIAN_POINT('',(-0.0187950640549704,0.00336843730058775,0.01105));
#13822=CARTESIAN_POINT('',(-0.0186683160466907,0.00180105413892306,0.01105));
#13823=CARTESIAN_POINT('',(-0.0178535216967718,0.000785940384957939,0.01105));
#13824=CARTESIAN_POINT('',(-0.0178535216967718,0.000785940384957939,0.01105));
#13825=CARTESIAN_POINT('',(-0.0186683160466907,0.00180105413892306,0.01105));
#13826=CARTESIAN_POINT('',(-0.0193047092510221,0.000785940384957939,0.01105));
#13827=CARTESIAN_POINT('',(-0.0207558968052724,0.000785940384957939,0.01105));
#13828=CARTESIAN_POINT('',(-0.0207558968052724,0.000785940384957939,0.01105));
#13829=CARTESIAN_POINT('',(-0.0193047092510221,0.000785940384957939,0.01105));
#13830=CARTESIAN_POINT('',(-0.0207558968052724,0.000352997932721889,0.01105));
#13831=CARTESIAN_POINT('',(-0.0207558968052724,-7.99445195141604E-5,0.01105));
#13832=CARTESIAN_POINT('',(-0.0207558968052724,-7.99445195141604E-5,0.01105));
#13833=CARTESIAN_POINT('',(-0.0207558968052724,0.000352997932721889,0.01105));
#13834=CARTESIAN_POINT('',(-0.0189572023213366,-7.99445195141604E-5,0.01105));
#13835=CARTESIAN_POINT('',(-0.0171585078374007,-7.99445195141604E-5,0.01105));
#13836=CARTESIAN_POINT('',(-0.0171585078374007,-7.99445195141604E-5,0.01105));
#13837=CARTESIAN_POINT('',(-0.0189572023213366,-7.99445195141604E-5,0.01105));
#13838=CARTESIAN_POINT('',(-0.0184140421045483,-0.00135035269104985,0.01105));
#13839=CARTESIAN_POINT('',(-0.0196695763716959,-0.00262076086258555,0.01105));
#13840=CARTESIAN_POINT('',(-0.0196695763716959,-0.00262076086258555,0.01105));
#13841=CARTESIAN_POINT('',(-0.0184140421045483,-0.00135035269104985,0.01105));
#13842=CARTESIAN_POINT('',(-0.0193820894654524,-0.00290488187993437,0.01105));
#13843=CARTESIAN_POINT('',(-0.0190946025592088,-0.00318900289728318,0.01105));
#13844=CARTESIAN_POINT('',(-0.0190946025592088,-0.00318900289728318,0.01105));
#13845=CARTESIAN_POINT('',(-0.0193820894654524,-0.00290488187993437,0.01105));
#13846=CARTESIAN_POINT('',(-0.0178390682920613,-0.00191859472574748,0.01105));
#13847=CARTESIAN_POINT('',(-0.0165835340249137,-0.000648186554211789,0.01105));
#13848=CARTESIAN_POINT('',(-0.0165835340249137,-0.000648186554211789,0.01105));
#13849=CARTESIAN_POINT('',(-0.0178390682920613,-0.00191859472574748,0.01105));
#13850=CARTESIAN_POINT('',(-0.0168212213827675,-0.000413282033491943,0.01105));
#13851=CARTESIAN_POINT('',(-0.0170589087406212,-0.000178377512772097,0.01105));
#13852=CARTESIAN_POINT('',(-0.0170589087406212,-0.000178377512772097,0.01105));
#13853=CARTESIAN_POINT('',(-0.0168212213827675,-0.000413282033491943,0.01105));
#13854=CARTESIAN_POINT('',(-0.0170589087406212,-8.91887563860483E-5,0.01105));
#13855=CARTESIAN_POINT('',(-0.0170589087406212,2.16840434497101E-19,0.01105));
#13856=CARTESIAN_POINT('',(-0.0170589087406212,2.16840434497101E-19,0.01105));
#13857=CARTESIAN_POINT('',(-0.0170589087406212,-8.91887563860483E-5,0.01105));
#13858=CARTESIAN_POINT('',(-0.0167870490131206,0.000264024563334384,0.01105));
#13859=CARTESIAN_POINT('',(-0.01651518928562,0.000528049126668768,0.01105));
#13860=CARTESIAN_POINT('',(-0.01651518928562,0.000528049126668768,0.01105));
#13861=CARTESIAN_POINT('',(-0.0167870490131206,0.000264024563334384,0.01105));
#13862=CARTESIAN_POINT('',(-0.0176551266702952,0.00194824321362826,0.01105));
#13863=CARTESIAN_POINT('',(-0.0176551266702952,0.00194824321362826,0.01105));
#13864=CARTESIAN_POINT('',(0.,-3.46944695195361E-18,0.01105));
#13865=CARTESIAN_POINT('',(-6.83036632835752E-5,-0.0126324689842695,0.0353));
#13866=CARTESIAN_POINT('',(-0.0131385512650013,-7.99445195141576E-5,0.0353));
#13867=CARTESIAN_POINT('',(-0.0131385512650013,-7.99445195141576E-5,0.0103));
#13868=CARTESIAN_POINT('',(-6.83036632835752E-5,-0.0126324689842695,0.0103));
#13869=CARTESIAN_POINT('',(-0.00423966643133229,0.00500263735127115,0.0103));
#13870=CARTESIAN_POINT('',(-0.00423966643133229,0.00500263735127115,0.0353));
#13871=CARTESIAN_POINT('',(-6.83036632835826E-5,0.0127310965571141,0.0353));
#13872=CARTESIAN_POINT('',(-0.00409419887923172,-0.00512237127262334,0.0353));
#13873=CARTESIAN_POINT('',(-0.00409419887923172,-0.00512237127262334,0.0103));
#13874=CARTESIAN_POINT('',(-6.83036632835826E-5,0.0127310965571141,0.0103));
#13875=CARTESIAN_POINT('',(-1.3010426069826E-18,4.33680868994202E-19,0.0353));
#13876=CARTESIAN_POINT('',(-1.3010426069826E-18,4.33680868994202E-19,0.0103));
#13877=CARTESIAN_POINT('',(0.,-3.46944695195361E-18,0.0103));
#13878=CARTESIAN_POINT('',(-6.8303663283596E-5,0.0127310965571142,0.0353));
#13879=CARTESIAN_POINT('',(0.0130019439384341,-7.99445195141559E-5,0.0353));
#13880=CARTESIAN_POINT('',(0.0130019439384341,-7.99445195141559E-5,0.0103));
#13881=CARTESIAN_POINT('',(-6.8303663283596E-5,0.0127310965571142,0.0103));
#13882=CARTESIAN_POINT('',(0.00414892572049391,-0.00507814604783313,0.0103));
#13883=CARTESIAN_POINT('',(0.00414892572049391,-0.00507814604783313,0.0353));
#13884=CARTESIAN_POINT('',(-6.83036632835813E-5,-0.0126324689842695,0.0353));
#13885=CARTESIAN_POINT('',(0.00429351540280289,0.00495649850228903,0.0353));
#13886=CARTESIAN_POINT('',(0.00429351540280289,0.00495649850228903,0.0103));
#13887=CARTESIAN_POINT('',(-6.83036632835813E-5,-0.0126324689842695,0.0103));
#13888=CARTESIAN_POINT('',(-1.7347234759768E-18,1.7347234759768E-18,0.0353));
#13889=CARTESIAN_POINT('',(-1.7347234759768E-18,1.7347234759768E-18,0.0103));
#13890=CARTESIAN_POINT('',(0.,-3.46944695195361E-18,0.0103));
#13891=CARTESIAN_POINT('',(0.0111067379791219,-0.0142968352521506,0.01105));
#13892=CARTESIAN_POINT('',(0.0101956389844418,-0.0149727435782552,0.01105));
#13893=CARTESIAN_POINT('',(0.0101956389844418,-0.0149727435782552,0.01105));
#13894=CARTESIAN_POINT('',(0.0111067379791219,-0.0142968352521506,0.01105));
#13895=CARTESIAN_POINT('',(0.0120178369738021,-0.013620926926046,0.01105));
#13896=CARTESIAN_POINT('',(0.0120178369738021,-0.013620926926046,0.01105));
#13897=CARTESIAN_POINT('',(0.00624003517441452,-0.0149727435782552,0.01105));
#13898=CARTESIAN_POINT('',(0.00228443136438728,-0.0149727435782552,0.01105));
#13899=CARTESIAN_POINT('',(0.00228443136438728,-0.0149727435782552,0.01105));
#13900=CARTESIAN_POINT('',(0.00624003517441452,-0.0149727435782552,0.01105));
#13901=CARTESIAN_POINT('',(0.00228443136438728,-0.0149733182042837,0.01105));
#13902=CARTESIAN_POINT('',(0.00228443136438728,-0.0149738928303122,0.01105));
#13903=CARTESIAN_POINT('',(0.00228443136438728,-0.0149738928303122,0.01105));
#13904=CARTESIAN_POINT('',(0.00228443136438728,-0.0149733182042837,0.01105));
#13905=CARTESIAN_POINT('',(-0.00185893918387591,-0.0149738928303122,0.01105));
#13906=CARTESIAN_POINT('',(-0.00600230973213911,-0.0149738928303122,0.01105));
#13907=CARTESIAN_POINT('',(-0.00600230973213911,-0.0149738928303122,0.01105));
#13908=CARTESIAN_POINT('',(-0.00185893918387591,-0.0149738928303122,0.01105));
#13909=CARTESIAN_POINT('',(-0.00768854957758263,-0.0138760387581192,0.01105));
#13910=CARTESIAN_POINT('',(-0.00937478942302615,-0.0127781846859262,0.01105));
#13911=CARTESIAN_POINT('',(-0.00937478942302615,-0.0127781846859262,0.01105));
#13912=CARTESIAN_POINT('',(-0.00768854957758263,-0.0138760387581192,0.01105));
#13913=CARTESIAN_POINT('',(-0.00967400543829054,-0.0132377630398379,0.01105));
#13914=CARTESIAN_POINT('',(-0.00997322145355493,-0.0136973413937495,0.01105));
#13915=CARTESIAN_POINT('',(-0.00997322145355493,-0.0136973413937495,0.01105));
#13916=CARTESIAN_POINT('',(-0.00967400543829054,-0.0132377630398379,0.01105));
#13917=CARTESIAN_POINT('',(-0.00828698160811141,-0.0147951954659425,0.01105));
#13918=CARTESIAN_POINT('',(-0.00660074176266789,-0.0158930495381356,0.01105));
#13919=CARTESIAN_POINT('',(-0.00660074176266789,-0.0158930495381356,0.01105));
#13920=CARTESIAN_POINT('',(-0.00828698160811141,-0.0147951954659425,0.01105));
#13921=CARTESIAN_POINT('',(0.00658140447922051,-0.0158930495381356,0.01105));
#13922=CARTESIAN_POINT('',(0.0108783775940537,-0.0158930495381356,0.01105));
#13923=CARTESIAN_POINT('',(0.0108783775940537,-0.0158930495381356,0.01105));
#13924=CARTESIAN_POINT('',(0.00658140447922051,-0.0158930495381356,0.01105));
#13925=CARTESIAN_POINT('',(0.0117894765887339,-0.015217141212031,0.01105));
#13926=CARTESIAN_POINT('',(0.0127005755834141,-0.0145412328859263,0.01105));
#13927=CARTESIAN_POINT('',(0.0127005755834141,-0.0145412328859263,0.01105));
#13928=CARTESIAN_POINT('',(0.0117894765887339,-0.015217141212031,0.01105));
#13929=CARTESIAN_POINT('',(0.0123592062786081,-0.0140810799059861,0.01105));
#13930=CARTESIAN_POINT('',(0.0123592062786081,-0.0140810799059861,0.01105));
#13931=CARTESIAN_POINT('',(0.,-3.46944695195361E-18,0.01105));
#13932=CARTESIAN_POINT('',(0.0276610774480773,0.013088604045973,0.01105));
#13933=CARTESIAN_POINT('',(0.0297205465332675,0.0111501984691348,0.01105));
#13934=CARTESIAN_POINT('',(0.0297205465332675,0.0111501984691348,0.01105));
#13935=CARTESIAN_POINT('',(0.0276610774480773,0.013088604045973,0.01105));
#13936=CARTESIAN_POINT('',(0.0256016083628871,0.0150270096228112,0.01105));
#13937=CARTESIAN_POINT('',(0.0256016083628871,0.0150270096228112,0.01105));
#13938=CARTESIAN_POINT('',(0.0299173721488671,0.0096362083358098,0.01105));
#13939=CARTESIAN_POINT('',(0.0301141977644668,0.0081222182024848,0.01105));
#13940=CARTESIAN_POINT('',(0.0301141977644668,0.0081222182024848,0.01105));
#13941=CARTESIAN_POINT('',(0.0299173721488671,0.0096362083358098,0.01105));
#13942=CARTESIAN_POINT('',(0.0310296720950515,0.00824123403668135,0.01105));
#13943=CARTESIAN_POINT('',(0.0319451464256361,0.0083602498708779,0.01105));
#13944=CARTESIAN_POINT('',(0.0319451464256361,0.0083602498708779,0.01105));
#13945=CARTESIAN_POINT('',(0.0310296720950515,0.00824123403668135,0.01105));
#13946=CARTESIAN_POINT('',(0.0317483208100364,0.0098742400042029,0.01105));
#13947=CARTESIAN_POINT('',(0.0315514951944368,0.0113882301375279,0.01105));
#13948=CARTESIAN_POINT('',(0.0315514951944368,0.0113882301375279,0.01105));
#13949=CARTESIAN_POINT('',(0.0317483208100364,0.0098742400042029,0.01105));
#13950=CARTESIAN_POINT('',(0.0289254947249704,0.0138598642064235,0.01105));
#13951=CARTESIAN_POINT('',(0.026299494255504,0.0163314982753192,0.01105));
#13952=CARTESIAN_POINT('',(0.026299494255504,0.0163314982753192,0.01105));
#13953=CARTESIAN_POINT('',(0.0289254947249704,0.0138598642064235,0.01105));
#13954=CARTESIAN_POINT('',(0.0266246504568137,0.0169392804061637,0.01105));
#13955=CARTESIAN_POINT('',(0.0269498066581234,0.0175470625370083,0.01105));
#13956=CARTESIAN_POINT('',(0.0269498066581234,0.0175470625370083,0.01105));
#13957=CARTESIAN_POINT('',(0.0266246504568137,0.0169392804061637,0.01105));
#13958=CARTESIAN_POINT('',(0.0259510140569464,0.0191545809388521,0.01105));
#13959=CARTESIAN_POINT('',(0.0259510140569464,0.0191545809388521,0.0103));
#13960=CARTESIAN_POINT('',(0.0249522214557694,0.0207620993406958,0.0103));
#13961=CARTESIAN_POINT('',(0.0249522214557694,0.0207620993406958,0.01105));
#13962=CARTESIAN_POINT('',(0.0249522214557694,0.0207620993406958,0.01105));
#13963=CARTESIAN_POINT('',(0.0259510140569464,0.0191545809388521,0.01105));
#13964=CARTESIAN_POINT('',(0.0230606733821333,0.0207008787758865,0.01105));
#13965=CARTESIAN_POINT('',(0.0230606733821333,0.0207008787758865,0.0103));
#13966=CARTESIAN_POINT('',(0.0211691253084971,0.0206396582110771,0.01105));
#13967=CARTESIAN_POINT('',(0.0211691253084971,0.0206396582110771,0.01105));
#13968=CARTESIAN_POINT('',(0.0230606733821333,0.0207008787758865,0.01105));
#13969=CARTESIAN_POINT('',(0.020276369836038,0.018970919244424,0.01105));
#13970=CARTESIAN_POINT('',(0.0193836143635788,0.0173021802777709,0.01105));
#13971=CARTESIAN_POINT('',(0.0193836143635788,0.0173021802777709,0.01105));
#13972=CARTESIAN_POINT('',(0.020276369836038,0.018970919244424,0.01105));
#13973=CARTESIAN_POINT('',(0.0203824069647558,0.0156946618759272,0.01105));
#13974=CARTESIAN_POINT('',(0.0213811995659329,0.0140871434740834,0.01105));
#13975=CARTESIAN_POINT('',(0.0213811995659329,0.0140871434740834,0.01105));
#13976=CARTESIAN_POINT('',(0.0203824069647558,0.0156946618759272,0.01105));
#13977=CARTESIAN_POINT('',(0.023272747639569,0.0141483640388928,0.01105));
#13978=CARTESIAN_POINT('',(0.0251642957132051,0.0142095846037022,0.01105));
#13979=CARTESIAN_POINT('',(0.0251642957132051,0.0142095846037022,0.01105));
#13980=CARTESIAN_POINT('',(0.023272747639569,0.0141483640388928,0.01105));
#13981=CARTESIAN_POINT('',(0.0253829520380461,0.0146182971132567,0.01105));
#13982=CARTESIAN_POINT('',(0.0253829520380461,0.0146182971132567,0.01105));
#13983=CARTESIAN_POINT('',(0.,-3.46944695195361E-18,0.01105));
#13984=CARTESIAN_POINT('',(0.0232805144041777,0.0175470625370083,0.01105));
#13985=CARTESIAN_POINT('',(0.0251976589910967,0.0175470625370083,0.01105));
#13986=CARTESIAN_POINT('',(0.,-3.46944695195361E-18,0.0103));
#13987=CARTESIAN_POINT('',(0.00477622255564906,0.0204482071357966,0.01105));
#13988=CARTESIAN_POINT('',(0.00417518867431512,0.0214892283553372,0.01105));
#13989=CARTESIAN_POINT('',(0.00417518867431512,0.0214892283553372,0.0101738571179932));
#13990=CARTESIAN_POINT('',(0.00417518867431512,0.0214892283553372,0.0109238571179932));
#13991=CARTESIAN_POINT('',(0.00444698881008801,0.0210184567106745,0.0101084567106745));
#13992=CARTESIAN_POINT('',(0.00444698881008801,0.0210184567106745,0.01105));
#13993=CARTESIAN_POINT('',(0.00477622255564906,0.0204482071357966,0.01105));
#13994=CARTESIAN_POINT('',(0.00564905657275588,0.0189364142715931,0.01105));
#13995=CARTESIAN_POINT('',(0.00564905657275588,0.0189364142715931,0.01105));
#13996=CARTESIAN_POINT('',(0.00444698881008801,0.0210184567106745,0.00935845671067449));
#13997=CARTESIAN_POINT('',(-0.000460781546991845,0.0204482071357966,0.01105));
#13998=CARTESIAN_POINT('',(-0.000460781546991845,0.0204482071357966,0.01105));
#13999=CARTESIAN_POINT('',(-0.000131547801430793,0.0210184567106745,0.01105));
#14000=CARTESIAN_POINT('',(-0.00133361556409866,0.0189364142715931,0.01105));
#14001=CARTESIAN_POINT('',(-0.000131547801430793,0.0210184567106745,0.0101084567106745));
#14002=CARTESIAN_POINT('',(0.000140252334342092,0.0214892283553372,0.0109238571179932));
#14003=CARTESIAN_POINT('',(0.000140252334342092,0.0214892283553372,0.01105));
#14004=CARTESIAN_POINT('',(0.000140252334342092,0.0214892283553372,0.0101738571179932));
#14005=CARTESIAN_POINT('',(-0.000131547801430793,0.0210184567106745,0.00935845671067449));
#14006=CARTESIAN_POINT('',(-0.00133361556409866,0.0189364142715931,0.01105));
#14007=CARTESIAN_POINT('',(-0.000460781546991846,0.0174246214073897,0.01105));
#14008=CARTESIAN_POINT('',(0.000412052470114972,0.0159128285431862,0.01105));
#14009=CARTESIAN_POINT('',(0.000412052470114972,0.0159128285431862,0.01105));
#14010=CARTESIAN_POINT('',(-0.000460781546991846,0.0174246214073897,0.01105));
#14011=CARTESIAN_POINT('',(0.00215772050432861,0.0159128285431862,0.01105));
#14012=CARTESIAN_POINT('',(0.00390338853854224,0.0159128285431862,0.01105));
#14013=CARTESIAN_POINT('',(0.00390338853854224,0.0159128285431862,0.01105));
#14014=CARTESIAN_POINT('',(0.00215772050432861,0.0159128285431862,0.01105));
#14015=CARTESIAN_POINT('',(0.00477622255564906,0.0174246214073897,0.01105));
#14016=CARTESIAN_POINT('',(0.00477622255564906,0.0174246214073897,0.01105));
#14017=CARTESIAN_POINT('',(0.,-3.46944695195361E-18,0.01105));
#14018=CARTESIAN_POINT('',(0.00216664583422244,0.0189956575632096,0.01105));
#14019=CARTESIAN_POINT('',(0.003908135036415,0.0189956575632096,0.01105));
#14020=CARTESIAN_POINT('',(0.000412052470114973,0.0210184567106745,0.01105));
#14021=CARTESIAN_POINT('',(-0.00768854957758263,0.0138760387581192,0.01105));
#14022=CARTESIAN_POINT('',(-0.00600230973213911,0.0149738928303122,0.01105));
#14023=CARTESIAN_POINT('',(-0.00600230973213911,0.0149738928303122,0.01105));
#14024=CARTESIAN_POINT('',(-0.00768854957758263,0.0138760387581192,0.01105));
#14025=CARTESIAN_POINT('',(-0.00937478942302615,0.0127781846859262,0.01105));
#14026=CARTESIAN_POINT('',(-0.00937478942302615,0.0127781846859262,0.01105));
#14027=CARTESIAN_POINT('',(-0.00185893918387592,0.0149738928303122,0.01105));
#14028=CARTESIAN_POINT('',(0.00228443136438727,0.0149738928303122,0.01105));
#14029=CARTESIAN_POINT('',(0.00228443136438727,0.0149738928303122,0.01105));
#14030=CARTESIAN_POINT('',(-0.00185893918387592,0.0149738928303122,0.01105));
#14031=CARTESIAN_POINT('',(0.00228443136438727,0.0149733182042837,0.01105));
#14032=CARTESIAN_POINT('',(0.00228443136438727,0.0149727435782552,0.01105));
#14033=CARTESIAN_POINT('',(0.00228443136438727,0.0149727435782552,0.01105));
#14034=CARTESIAN_POINT('',(0.00228443136438727,0.0149733182042837,0.01105));
#14035=CARTESIAN_POINT('',(0.00624003517441452,0.0149727435782552,0.01105));
#14036=CARTESIAN_POINT('',(0.0101956389844418,0.0149727435782552,0.01105));
#14037=CARTESIAN_POINT('',(0.0101956389844418,0.0149727435782552,0.01105));
#14038=CARTESIAN_POINT('',(0.00624003517441452,0.0149727435782552,0.01105));
#14039=CARTESIAN_POINT('',(0.0111067379791219,0.0142968352521506,0.01105));
#14040=CARTESIAN_POINT('',(0.0120178369738021,0.013620926926046,0.01105));
#14041=CARTESIAN_POINT('',(0.0120178369738021,0.013620926926046,0.01105));
#14042=CARTESIAN_POINT('',(0.0111067379791219,0.0142968352521506,0.01105));
#14043=CARTESIAN_POINT('',(0.0123592062786081,0.0140810799059862,0.01105));
#14044=CARTESIAN_POINT('',(0.0127005755834141,0.0145412328859263,0.01105));
#14045=CARTESIAN_POINT('',(0.0127005755834141,0.0145412328859263,0.01105));
#14046=CARTESIAN_POINT('',(0.0123592062786081,0.0140810799059862,0.01105));
#14047=CARTESIAN_POINT('',(0.0117894765887339,0.015217141212031,0.01105));
#14048=CARTESIAN_POINT('',(0.0108783775940537,0.0158930495381356,0.01105));
#14049=CARTESIAN_POINT('',(0.0108783775940537,0.0158930495381356,0.01105));
#14050=CARTESIAN_POINT('',(0.0117894765887339,0.015217141212031,0.01105));
#14051=CARTESIAN_POINT('',(-0.00215815519914031,0.0158930495381356,0.01105));
#14052=CARTESIAN_POINT('',(-0.00660074176266789,0.0158930495381356,0.01105));
#14053=CARTESIAN_POINT('',(-0.00660074176266789,0.0158930495381356,0.01105));
#14054=CARTESIAN_POINT('',(-0.00215815519914031,0.0158930495381356,0.01105));
#14055=CARTESIAN_POINT('',(-0.00828698160811142,0.0147951954659425,0.01105));
#14056=CARTESIAN_POINT('',(-0.00997322145355494,0.0136973413937495,0.01105));
#14057=CARTESIAN_POINT('',(-0.00997322145355494,0.0136973413937495,0.01105));
#14058=CARTESIAN_POINT('',(-0.00828698160811142,0.0147951954659425,0.01105));
#14059=CARTESIAN_POINT('',(-0.00967400543829055,0.0132377630398379,0.01105));
#14060=CARTESIAN_POINT('',(-0.00967400543829055,0.0132377630398379,0.01105));
#14061=CARTESIAN_POINT('',(0.,-3.46944695195361E-18,0.01105));
#14062=CARTESIAN_POINT('',(0.00477622255564907,-0.0174246214073897,0.01105));
#14063=CARTESIAN_POINT('',(0.00390338853854225,-0.0159128285431862,0.01105));
#14064=CARTESIAN_POINT('',(0.00390338853854225,-0.0159128285431862,0.01105));
#14065=CARTESIAN_POINT('',(0.00477622255564907,-0.0174246214073897,0.01105));
#14066=CARTESIAN_POINT('',(0.00564905657275588,-0.0189364142715931,0.01105));
#14067=CARTESIAN_POINT('',(0.00564905657275588,-0.0189364142715931,0.01105));
#14068=CARTESIAN_POINT('',(0.00215772050432861,-0.0159128285431862,0.01105));
#14069=CARTESIAN_POINT('',(0.000412052470114976,-0.0159128285431862,0.01105));
#14070=CARTESIAN_POINT('',(0.000412052470114976,-0.0159128285431862,0.01105));
#14071=CARTESIAN_POINT('',(0.00215772050432861,-0.0159128285431862,0.01105));
#14072=CARTESIAN_POINT('',(-0.000460781546991841,-0.0174246214073897,0.01105));
#14073=CARTESIAN_POINT('',(-0.00133361556409866,-0.0189364142715931,0.01105));
#14074=CARTESIAN_POINT('',(-0.00133361556409866,-0.0189364142715931,0.01105));
#14075=CARTESIAN_POINT('',(-0.000460781546991841,-0.0174246214073897,0.01105));
#14076=CARTESIAN_POINT('',(-0.00046078154699184,-0.0204482071357966,0.01105));
#14077=CARTESIAN_POINT('',(0.000286606253604421,-0.0217427207793864,0.01105));
#14078=CARTESIAN_POINT('',(0.000286606253604421,-0.0217427207793864,0.0102417802083045));
#14079=CARTESIAN_POINT('',(0.000286606253604421,-0.0217427207793864,0.0109917802083045));
#14080=CARTESIAN_POINT('',(0.000161160037093858,-0.0215254415587729,0.0106154415587728));
#14081=CARTESIAN_POINT('',(0.000161160037093858,-0.0215254415587729,0.01105));
#14082=CARTESIAN_POINT('',(-0.00046078154699184,-0.0204482071357966,0.01105));
#14083=CARTESIAN_POINT('',(0.000161160037093859,-0.0215254415587729,0.00986544155877284));
#14084=CARTESIAN_POINT('',(0.00477622255564907,-0.0204482071357966,0.01105));
#14085=CARTESIAN_POINT('',(0.00477622255564907,-0.0204482071357966,0.01105));
#14086=CARTESIAN_POINT('',(0.00415428097156337,-0.0215254415587729,0.01105));
#14087=CARTESIAN_POINT('',(0.00415428097156337,-0.0215254415587729,0.0106154415587728));
#14088=CARTESIAN_POINT('',(0.00402883475505281,-0.0217427207793864,0.0109917802083045));
#14089=CARTESIAN_POINT('',(0.00402883475505281,-0.0217427207793864,0.01105));
#14090=CARTESIAN_POINT('',(0.00402883475505281,-0.0217427207793864,0.0102417802083045));
#14091=CARTESIAN_POINT('',(0.00415428097156337,-0.0215254415587729,0.00986544155877284));
#14092=CARTESIAN_POINT('',(0.,-3.46944695195361E-18,0.01105));
#14093=CARTESIAN_POINT('',(0.00215914053842425,-0.0189364142715931,0.01105));
#14094=CARTESIAN_POINT('',(0.00392813307573746,-0.0189364142715931,0.01105));
#14095=CARTESIAN_POINT('',(0.,-0.0215254415587729,0.01105));
#14096=CARTESIAN_POINT('',(-0.0288448920988221,0.0133479721814428,0.01105));
#14097=CARTESIAN_POINT('',(-0.0333223149076644,0.0109370541228576,0.01105));
#14098=CARTESIAN_POINT('',(-0.0333223149076644,0.0109370541228576,0.01105));
#14099=CARTESIAN_POINT('',(-0.0288448920988221,0.0133479721814428,0.01105));
#14100=CARTESIAN_POINT('',(-0.0243674692899799,0.0157588902400281,0.01105));
#14101=CARTESIAN_POINT('',(-0.0243674692899799,0.0157588902400281,0.01105));
#14102=CARTESIAN_POINT('',(-0.0333223149076644,0.00806838178218521,0.01105));
#14103=CARTESIAN_POINT('',(-0.0333223149076644,0.00519970944151282,0.01105));
#14104=CARTESIAN_POINT('',(-0.0333223149076644,0.00519970944151282,0.01105));
#14105=CARTESIAN_POINT('',(-0.0333223149076644,0.00806838178218521,0.01105));
#14106=CARTESIAN_POINT('',(-0.0323297768779369,0.00519970944151282,0.01105));
#14107=CARTESIAN_POINT('',(-0.0313372388482094,0.00519970944151282,0.01105));
#14108=CARTESIAN_POINT('',(-0.0313372388482094,0.00519970944151282,0.01105));
#14109=CARTESIAN_POINT('',(-0.0323297768779369,0.00519970944151282,0.01105));
#14110=CARTESIAN_POINT('',(-0.0313372388482094,0.00768975451066945,0.01105));
#14111=CARTESIAN_POINT('',(-0.0313372388482094,0.0101797995798261,0.01105));
#14112=CARTESIAN_POINT('',(-0.0313372388482094,0.0101797995798261,0.01105));
#14113=CARTESIAN_POINT('',(-0.0313372388482094,0.00768975451066945,0.01105));
#14114=CARTESIAN_POINT('',(-0.0274712101691452,0.0122615056762343,0.01105));
#14115=CARTESIAN_POINT('',(-0.023605181490081,0.0143432117726426,0.01105));
#14116=CARTESIAN_POINT('',(-0.023605181490081,0.0143432117726426,0.01105));
#14117=CARTESIAN_POINT('',(-0.0274712101691452,0.0122615056762343,0.01105));
#14118=CARTESIAN_POINT('',(-0.0232460527128708,0.0136762577993766,0.01105));
#14119=CARTESIAN_POINT('',(-0.0228869239356607,0.0130093038261106,0.01105));
#14120=CARTESIAN_POINT('',(-0.0228869239356607,0.0130093038261106,0.01105));
#14121=CARTESIAN_POINT('',(-0.0232460527128708,0.0136762577993766,0.01105));
#14122=CARTESIAN_POINT('',(-0.0206916585365668,0.0129441781237976,0.01105));
#14123=CARTESIAN_POINT('',(-0.0184963931374728,0.0128790524214845,0.01105));
#14124=CARTESIAN_POINT('',(-0.0184963931374728,0.0128790524214845,0.01105));
#14125=CARTESIAN_POINT('',(-0.0206916585365668,0.0129441781237976,0.01105));
#14126=CARTESIAN_POINT('',(-0.0173423599252835,0.0147476451739923,0.01105));
#14127=CARTESIAN_POINT('',(-0.0161883267130941,0.0166162379265001,0.01105));
#14128=CARTESIAN_POINT('',(-0.0161883267130941,0.0166162379265001,0.01105));
#14129=CARTESIAN_POINT('',(-0.0173423599252835,0.0147476451739923,0.01105));
#14130=CARTESIAN_POINT('',(-0.0172295588999987,0.0185499563813209,0.01105));
#14131=CARTESIAN_POINT('',(-0.0182707910869032,0.0204836748361418,0.01105));
#14132=CARTESIAN_POINT('',(-0.0182707910869032,0.0204836748361418,0.01105));
#14133=CARTESIAN_POINT('',(-0.0172295588999987,0.0185499563813209,0.01105));
#14134=CARTESIAN_POINT('',(-0.0204660564859972,0.0205488005384549,0.01105));
#14135=CARTESIAN_POINT('',(-0.0226613218850911,0.0206139262407679,0.01105));
#14136=CARTESIAN_POINT('',(-0.0226613218850911,0.0206139262407679,0.01105));
#14137=CARTESIAN_POINT('',(-0.0204660564859972,0.0205488005384549,0.01105));
#14138=CARTESIAN_POINT('',(-0.0238153550972805,0.0187453334882602,0.01105));
#14139=CARTESIAN_POINT('',(-0.0249693883094698,0.0168767407357523,0.01105));
#14140=CARTESIAN_POINT('',(-0.0249693883094698,0.0168767407357523,0.01105));
#14141=CARTESIAN_POINT('',(-0.0238153550972805,0.0187453334882602,0.01105));
#14142=CARTESIAN_POINT('',(-0.0246684287997249,0.0163178154878902,0.01105));
#14143=CARTESIAN_POINT('',(-0.0246684287997249,0.0163178154878902,0.01105));
#14144=CARTESIAN_POINT('',(0.,-3.46944695195361E-18,0.01105));
#14145=CARTESIAN_POINT('',(-0.0205219108611345,0.016735065728426,0.01105));
#14146=CARTESIAN_POINT('',(-0.0181539760063637,0.016735065728426,0.01105));
#14147=CARTESIAN_POINT('',(0.0377735536740934,0.0165539828035789,0.01105));
#14148=CARTESIAN_POINT('',(0.0377845769584501,0.0187187029846567,0.01105));
#14149=CARTESIAN_POINT('',(0.0377845769584501,0.0187187029846567,0.01105));
#14150=CARTESIAN_POINT('',(0.0377735536740934,0.0165539828035789,0.01105));
#14151=CARTESIAN_POINT('',(0.0377625303897368,0.0143892626225011,0.01105));
#14152=CARTESIAN_POINT('',(0.0377625303897368,0.0143892626225011,0.01105));
#14153=CARTESIAN_POINT('',(0.0359153859317302,0.0198106095194817,0.01105));
#14154=CARTESIAN_POINT('',(0.0340461949050104,0.0209025160543066,0.01105));
#14155=CARTESIAN_POINT('',(0.0340461949050104,0.0209025160543066,0.01105));
#14156=CARTESIAN_POINT('',(0.0359153859317302,0.0198106095194817,0.01105));
#14157=CARTESIAN_POINT('',(0.0321659805939338,0.0198297024080537,0.01105));
#14158=CARTESIAN_POINT('',(0.0302857662828573,0.0187568887618009,0.01105));
#14159=CARTESIAN_POINT('',(0.0302857662828573,0.0187568887618009,0.01105));
#14160=CARTESIAN_POINT('',(0.0321659805939338,0.0198297024080537,0.01105));
#14161=CARTESIAN_POINT('',(0.0302747429985005,0.0165921685807231,0.01105));
#14162=CARTESIAN_POINT('',(0.0302637197141438,0.0144274483996453,0.01105));
#14163=CARTESIAN_POINT('',(0.0302637197141438,0.0144274483996453,0.01105));
#14164=CARTESIAN_POINT('',(0.0302747429985005,0.0165921685807231,0.01105));
#14165=CARTESIAN_POINT('',(0.0321329107408637,0.0133355418648203,0.01105));
#14166=CARTESIAN_POINT('',(0.0340021017675836,0.0122436353299954,0.01105));
#14167=CARTESIAN_POINT('',(0.0340021017675836,0.0122436353299954,0.01105));
#14168=CARTESIAN_POINT('',(0.0321329107408637,0.0133355418648203,0.01105));
#14169=CARTESIAN_POINT('',(0.034016840159893,0.0166146513074637,0.01105));
#14170=CARTESIAN_POINT('',(0.034016840159893,0.0166146513074637,0.01105));
#14171=CARTESIAN_POINT('',(0.0372324379526692,0.0166146513074637,0.01105));
#14172=CARTESIAN_POINT('',(0.0358823160786601,0.0133164489762483,0.01105));
#14173=CARTESIAN_POINT('',(0.0358823160786601,0.0133164489762483,0.01105));
#14174=CARTESIAN_POINT('',(0.,0.000616113607287402,0.01105));
#14175=CARTESIAN_POINT('',(0.034016840159893,0.0166146513074637,0.01105));
#14176=CARTESIAN_POINT('',(0.0376947816087471,0.0166146513074637,0.01105));
#14177=CARTESIAN_POINT('',(-0.0300909554316659,-0.0165141681548936,0.01105));
#14178=CARTESIAN_POINT('',(-0.0300548892288777,-0.014010606356262,0.01105));
#14179=CARTESIAN_POINT('',(-0.0300548892288777,-0.014010606356262,0.01105));
#14180=CARTESIAN_POINT('',(-0.0300909554316659,-0.0165141681548936,0.01105));
#14181=CARTESIAN_POINT('',(-0.0301270216344541,-0.0190177299535251,0.01105));
#14182=CARTESIAN_POINT('',(-0.0301270216344541,-0.0190177299535251,0.01105));
#14183=CARTESIAN_POINT('',(-0.0322050042450428,-0.0127275912091136,0.01105));
#14184=CARTESIAN_POINT('',(-0.0343551192612079,-0.0114445760619652,0.01105));
#14185=CARTESIAN_POINT('',(-0.0343551192612079,-0.0114445760619652,0.01105));
#14186=CARTESIAN_POINT('',(-0.0322050042450428,-0.0127275912091136,0.01105));
#14187=CARTESIAN_POINT('',(-0.0365413004801612,-0.0126651227134484,0.01105));
#14188=CARTESIAN_POINT('',(-0.0387274816991145,-0.0138856693649315,0.01105));
#14189=CARTESIAN_POINT('',(-0.0387274816991145,-0.0138856693649315,0.01105));
#14190=CARTESIAN_POINT('',(-0.0365413004801612,-0.0126651227134484,0.01105));
#14191=CARTESIAN_POINT('',(-0.0387635479019027,-0.0163892311635631,0.01105));
#14192=CARTESIAN_POINT('',(-0.0387996141046908,-0.0188927929621947,0.01105));
#14193=CARTESIAN_POINT('',(-0.0387996141046908,-0.0188927929621947,0.01105));
#14194=CARTESIAN_POINT('',(-0.0387635479019027,-0.0163892311635631,0.01105));
#14195=CARTESIAN_POINT('',(-0.0366494990885258,-0.0201758081093431,0.01105));
#14196=CARTESIAN_POINT('',(-0.0344993840723607,-0.0214588232564914,0.01105));
#14197=CARTESIAN_POINT('',(-0.0344993840723607,-0.0214588232564914,0.01105));
#14198=CARTESIAN_POINT('',(-0.0366494990885258,-0.0201758081093431,0.01105));
#14199=CARTESIAN_POINT('',(-0.0344272516667843,-0.0164516996592283,0.01105));
#14200=CARTESIAN_POINT('',(-0.0323132028534074,-0.0202382766050083,0.01105));
#14201=CARTESIAN_POINT('',(-0.0323132028534074,-0.0202382766050083,0.01105));
#14202=CARTESIAN_POINT('',(0.,0.000616113607287402,0.01105));
#14203=CARTESIAN_POINT('',(-0.0344272516667843,-0.0164516996592283,0.01105));
#14204=CARTESIAN_POINT('',(-0.0301306243890865,-0.0164516996592283,0.01105));
#14205=CARTESIAN_POINT('',(-0.0301310248982555,0.0166787109621736,0.01105));
#14206=CARTESIAN_POINT('',(-0.0301479148574437,0.0190777868842664,0.01105));
#14207=CARTESIAN_POINT('',(-0.0301310248982555,0.0166787109621736,0.01105));
#14208=CARTESIAN_POINT('',(-0.0301141349390675,0.014279635040081,0.01105));
#14209=CARTESIAN_POINT('',(-0.0301141349390675,0.014279635040081,0.01105));
#14210=CARTESIAN_POINT('',(-0.0322340205311775,0.0202626977115869,0.01105));
#14211=CARTESIAN_POINT('',(-0.0343201262049114,0.0214476085389075,0.01105));
#14212=CARTESIAN_POINT('',(-0.0363893419194572,0.0202334434441354,0.01105));
#14213=CARTESIAN_POINT('',(-0.038458557634003,0.0190192783493634,0.01105));
#14214=CARTESIAN_POINT('',(-0.038441667674815,0.0166202024272707,0.01105));
#14215=CARTESIAN_POINT('',(-0.0384247777156268,0.014221126505178,0.01105));
#14216=CARTESIAN_POINT('',(-0.036338672041893,0.0130362156778574,0.01105));
#14217=CARTESIAN_POINT('',(-0.0342525663681592,0.0118513048505368,0.01105));
#14218=CARTESIAN_POINT('',(-0.0342863462865352,0.0166494566947222,0.01105));
#14219=CARTESIAN_POINT('',(-0.0342863462865352,0.0166494566947222,0.01105));
#14220=CARTESIAN_POINT('',(-0.0313241492380882,0.0166494566947222,0.01105));
#14221=CARTESIAN_POINT('',(-0.0321833506536133,0.0130654699453089,0.01105));
#14222=CARTESIAN_POINT('',(-0.0321833506536133,0.0130654699453089,0.01105));
#14223=CARTESIAN_POINT('',(0.,0.000616113607287402,0.01105));
#14224=CARTESIAN_POINT('',(-0.0342863462865352,0.0166494566947222,0.01105));
#14225=CARTESIAN_POINT('',(0.0302747429985005,-0.0164334655960664,0.01105));
#14226=CARTESIAN_POINT('',(0.0302857662828573,-0.0185981857771442,0.01105));
#14227=CARTESIAN_POINT('',(0.0302857662828573,-0.0185981857771442,0.01105));
#14228=CARTESIAN_POINT('',(0.0302747429985005,-0.0164334655960664,0.01105));
#14229=CARTESIAN_POINT('',(0.0302637197141438,-0.0142687454149886,0.01105));
#14230=CARTESIAN_POINT('',(0.0302637197141438,-0.0142687454149886,0.01105));
#14231=CARTESIAN_POINT('',(0.0321659805939338,-0.019670999423397,0.01105));
#14232=CARTESIAN_POINT('',(0.0340461949050104,-0.0207438130696499,0.01105));
#14233=CARTESIAN_POINT('',(0.0340461949050104,-0.0207438130696499,0.01105));
#14234=CARTESIAN_POINT('',(0.0321659805939338,-0.019670999423397,0.01105));
#14235=CARTESIAN_POINT('',(0.0359153859317303,-0.0196519065348249,0.01105));
#14236=CARTESIAN_POINT('',(0.0377845769584501,-0.01856,0.01105));
#14237=CARTESIAN_POINT('',(0.0377845769584501,-0.01856,0.01105));
#14238=CARTESIAN_POINT('',(0.0359153859317303,-0.0196519065348249,0.01105));
#14239=CARTESIAN_POINT('',(0.0377735536740934,-0.0163952798189222,0.01105));
#14240=CARTESIAN_POINT('',(0.0377625303897368,-0.0142305596378444,0.01105));
#14241=CARTESIAN_POINT('',(0.0377625303897368,-0.0142305596378444,0.01105));
#14242=CARTESIAN_POINT('',(0.0377735536740934,-0.0163952798189222,0.01105));
#14243=CARTESIAN_POINT('',(0.0358823160786601,-0.0131577459915915,0.01105));
#14244=CARTESIAN_POINT('',(0.0340021017675836,-0.0120849323453387,0.01105));
#14245=CARTESIAN_POINT('',(0.0340021017675836,-0.0120849323453387,0.01105));
#14246=CARTESIAN_POINT('',(0.0358823160786601,-0.0131577459915915,0.01105));
#14247=CARTESIAN_POINT('',(0.0321329107408637,-0.0131768388801636,0.01105));
#14248=CARTESIAN_POINT('',(0.0321329107408637,-0.0131768388801636,0.01105));
#14249=CARTESIAN_POINT('',(0.034024148336297,-0.0164143727074943,0.01105));
#14250=CARTESIAN_POINT('',(0.,0.000616113607287402,0.01105));
#14251=CARTESIAN_POINT('',(0.034024148336297,-0.0164143727074943,0.01105));
#14252=CARTESIAN_POINT('',(0.0377486115751569,-0.0164143727074943,0.01105));
#14253=CARTESIAN_POINT('',(0.034024148336297,-0.0164143727074943,0.0118));
#14254=CARTESIAN_POINT('',(0.034024148336297,-0.0164143727074943,0.0118));
#14255=CARTESIAN_POINT('',(0.0372628269486115,-0.0164143727074943,0.0118));
#14256=CARTESIAN_POINT('',(0.034024148336297,-0.0164143727074943,0.0118));
#14257=CARTESIAN_POINT('',(0.034024148336297,-0.0164143727074943,0.0118));
#14258=CARTESIAN_POINT('',(0.0377486115751569,-0.0164143727074943,0.0118));
#14259=CARTESIAN_POINT('',(-0.00048763368466262,0.000349640800990692,0.0118));
#14260=CARTESIAN_POINT('',(-0.0342863462865352,0.0166494566947222,0.0118));
#14261=CARTESIAN_POINT('',(-0.0342863462865352,0.0166494566947222,0.0118));
#14262=CARTESIAN_POINT('',(-0.031315474773115,0.0166494566947222,0.0118));
#14263=CARTESIAN_POINT('',(-0.0342863462865352,0.0166494566947222,0.0118));
#14264=CARTESIAN_POINT('',(-0.0342863462865352,0.0166494566947222,0.0118));
#14265=CARTESIAN_POINT('',(-0.0301309219216769,0.0166494566947222,0.0118));
#14266=CARTESIAN_POINT('',(-0.00048763368466262,0.000349640800990692,0.0118));
#14267=CARTESIAN_POINT('',(-0.0344272516667843,-0.0164516996592283,0.0118));
#14268=CARTESIAN_POINT('',(-0.0344272516667843,-0.0164516996592283,0.0118));
#14269=CARTESIAN_POINT('',(-0.0311824979955773,-0.0164516996592283,0.0118));
#14270=CARTESIAN_POINT('',(-0.0344272516667843,-0.0164516996592283,0.0118));
#14271=CARTESIAN_POINT('',(-0.0344272516667843,-0.0164516996592283,0.0118));
#14272=CARTESIAN_POINT('',(-0.0301306243890865,-0.0164516996592283,0.0118));
#14273=CARTESIAN_POINT('',(-0.00048763368466262,0.000349640800990692,0.0118));
#14274=CARTESIAN_POINT('',(0.034016840159893,0.0166146513074637,0.0118));
#14275=CARTESIAN_POINT('',(0.034016840159893,0.0166146513074637,0.0118));
#14276=CARTESIAN_POINT('',(0.0372388340065674,0.0166146513074637,0.0118));
#14277=CARTESIAN_POINT('',(0.034016840159893,0.0166146513074637,0.0118));
#14278=CARTESIAN_POINT('',(0.034016840159893,0.0166146513074637,0.0118));
#14279=CARTESIAN_POINT('',(0.0376947816087471,0.0166146513074637,0.0118));
#14280=CARTESIAN_POINT('',(-0.00048763368466262,0.000349640800990692,0.0118));
#14281=CARTESIAN_POINT('',(-0.0205219108611345,0.016735065728426,0.0118));
#14282=CARTESIAN_POINT('',(-0.0205219108611345,0.016735065728426,0.0118));
#14283=CARTESIAN_POINT('',(-0.0181539760063637,0.016735065728426,0.0118));
#14284=CARTESIAN_POINT('',(-0.00406232795828383,1.58699782479011E-5,0.0118));
#14285=CARTESIAN_POINT('',(0.00215914053842425,-0.0189364142715931,0.0118));
#14286=CARTESIAN_POINT('',(0.00215914053842425,-0.0189364142715931,0.0118));
#14287=CARTESIAN_POINT('',(0.00392813307573746,-0.0189364142715931,0.0118));
#14288=CARTESIAN_POINT('',(-0.00406232795828383,1.58699782479011E-5,0.0118));
#14289=CARTESIAN_POINT('',(0.00216664583422244,0.0189956575632096,0.0118));
#14290=CARTESIAN_POINT('',(0.00216664583422244,0.0189956575632096,0.0118));
#14291=CARTESIAN_POINT('',(0.003908135036415,0.0189956575632096,0.0118));
#14292=CARTESIAN_POINT('',(-0.00406232795828383,1.58699782479011E-5,0.0118));
#14293=CARTESIAN_POINT('',(0.0232805144041777,0.0175470625370083,0.0118));
#14294=CARTESIAN_POINT('',(0.0232805144041777,0.0175470625370083,0.0118));
#14295=CARTESIAN_POINT('',(0.0251976589910967,0.0175470625370083,0.0118));
#14296=CARTESIAN_POINT('',(-0.00406232795828383,1.58699782479011E-5,0.0118));
#14297=CARTESIAN_POINT('',(0.0325382670377358,0.000785940384957938,0.01105));
#14298=CARTESIAN_POINT('',(0.0325382670377358,0.000785940384957938,0.0106854537520817));
#14299=CARTESIAN_POINT('',(0.0311620739320414,0.000785940384957938,0.0106854537520817));
#14300=CARTESIAN_POINT('',(0.033801115534108,0.000785940384957938,0.0106854537520817));
#14301=CARTESIAN_POINT('',(0.033801115534108,0.000785940384957938,0.01105));
#14302=CARTESIAN_POINT('',(0.033801115534108,0.000785940384957938,0.0106645462479183));
#14303=CARTESIAN_POINT('',(0.0309108722934454,0.000785940384957938,0.0106645462479183));
#14304=CARTESIAN_POINT('',(0.0311620739320414,0.000785940384957938,0.0106645462479183));
#14305=CARTESIAN_POINT('',(0.0311620739320414,0.000785940384957938,0.01105));
#14306=CARTESIAN_POINT('',(0.0291920222999716,0.00529659187740772,0.01105));
#14307=CARTESIAN_POINT('',(0.0291920222999716,0.00529659187740772,0.010380543011413));
#14308=CARTESIAN_POINT('',(0.030782885647974,0.00112180631601688,0.010380543011413));
#14309=CARTESIAN_POINT('',(0.0277872891915177,0.00898292955445925,0.010380543011413));
#14310=CARTESIAN_POINT('',(0.0277872891915177,0.00898292955445925,0.010380543011413));
#14311=CARTESIAN_POINT('',(0.0277138392843404,0.00917567873832491,0.010380543011413));
#14312=CARTESIAN_POINT('',(0.0276521004072827,0.00933769552803885,0.0105171496203068));
#14313=CARTESIAN_POINT('',(0.027595245445288,0.00948689581901726,0.010642818325857));
#14314=CARTESIAN_POINT('',(0.027595245445288,0.00948689581901726,0.010642818325857));
#14315=CARTESIAN_POINT('',(0.027595245445288,0.00948689581901726,0.01105));
#14316=CARTESIAN_POINT('',(0.027595245445288,0.00948689581901726,0.010969456988587));
#14317=CARTESIAN_POINT('',(0.0305965848556396,0.00161070176947615,0.010969456988587));
#14318=CARTESIAN_POINT('',(0.0306157931770058,0.00156029478587267,0.010969456988587));
#14319=CARTESIAN_POINT('',(0.0306157931770058,0.00156029478587267,0.010969456988587));
#14320=CARTESIAN_POINT('',(0.030694641204697,0.00135337971176372,0.010969456988587));
#14321=CARTESIAN_POINT('',(0.0307607393951707,0.00117992309679397,0.0108215804753358));
#14322=CARTESIAN_POINT('',(0.0308214226631901,0.00102067646416298,0.0106854537520817));
#14323=CARTESIAN_POINT('',(0.0308214226631901,0.00102067646416298,0.0106854537520817));
#14324=CARTESIAN_POINT('',(0.0308214226631901,0.00102067646416298,0.01105));
#14325=CARTESIAN_POINT('',(0.0308214226631901,0.00102067646416298,0.0103991586230948));
#14326=CARTESIAN_POINT('',(0.030782885647974,0.00112180631601688,0.0106645462479183));
#14327=CARTESIAN_POINT('',(0.025221886180083,0.00894935772957406,0.01105));
#14328=CARTESIAN_POINT('',(0.027473172306498,0.00980724336985751,0.010707181674143));
#14329=CARTESIAN_POINT('',(0.0232909476045083,0.0082135452280806,0.010707181674143));
#14330=CARTESIAN_POINT('',(0.0271528247556578,0.00968517023106752,0.010707181674143));
#14331=CARTESIAN_POINT('',(0.0271528247556578,0.00968517023106752,0.01105));
#14332=CARTESIAN_POINT('',(0.0271528247556578,0.00968517023106752,0.010642818325857));
#14333=CARTESIAN_POINT('',(0.025221886180083,0.00894935772957406,0.010642818325857));
#14334=CARTESIAN_POINT('',(0.0232909476045083,0.0082135452280806,0.010642818325857));
#14335=CARTESIAN_POINT('',(0.0232909476045083,0.0082135452280806,0.01105));
#14336=CARTESIAN_POINT('',(0.0243625401252223,0.00443870623712427,0.01105));
#14337=CARTESIAN_POINT('',(0.0243625401252223,0.00443870623712427,0.010642818325857));
#14338=CARTESIAN_POINT('',(0.023092673192458,0.00777112453845037,0.010642818325857));
#14339=CARTESIAN_POINT('',(0.0257102814996985,0.000901927771697087,0.010642818325857));
#14340=CARTESIAN_POINT('',(0.0257102814996985,0.000901927771697086,0.0106645462479183));
#14341=CARTESIAN_POINT('',(0.0257305852177095,0.000848646219324083,0.010656809217995));
#14342=CARTESIAN_POINT('',(0.0257305852177095,0.000848646219324083,0.01105));
#14343=CARTESIAN_POINT('',(0.0257305852177095,0.000848646219324084,0.0106854537520817));
#14344=CARTESIAN_POINT('',(0.0256676764026936,0.0010137331910884,0.010707181674143));
#14345=CARTESIAN_POINT('',(0.0256888614156025,0.000958138921397709,0.010707181674143));
#14346=CARTESIAN_POINT('',(0.0257097421681001,0.000903343099903975,0.010695710104733));
#14347=CARTESIAN_POINT('',(0.0257305852177095,0.000848646219324084,0.0106854537520817));
#14348=CARTESIAN_POINT('',(0.0256676764026936,0.0010137331910884,0.010707181674143));
#14349=CARTESIAN_POINT('',(0.022970600053668,0.00809147208929062,0.010707181674143));
#14350=CARTESIAN_POINT('',(0.023092673192458,0.00777112453845037,0.010707181674143));
#14351=CARTESIAN_POINT('',(0.023092673192458,0.00777112453845037,0.01105));
#14352=CARTESIAN_POINT('',(0.0257544801967766,-0.00310412303118745,0.01105));
#14353=CARTESIAN_POINT('',(0.0257544801967766,-0.00699418644733284,0.0106645462479183));
#14354=CARTESIAN_POINT('',(0.0257544801967766,0.000718836050610793,0.0106645462479183));
#14355=CARTESIAN_POINT('',(0.0257544801967766,-0.0066296401994145,0.0106645462479183));
#14356=CARTESIAN_POINT('',(0.0257544801967766,-0.0066296401994145,0.01105));
#14357=CARTESIAN_POINT('',(0.0257544801967766,-0.0066296401994145,0.0106854537520817));
#14358=CARTESIAN_POINT('',(0.0257544801967766,-0.00310412303118745,0.0106854537520817));
#14359=CARTESIAN_POINT('',(0.0257544801967766,0.000718836050610793,0.0106854537520817));
#14360=CARTESIAN_POINT('',(0.0257544801967766,0.000718836050610793,0.01105));
#14361=CARTESIAN_POINT('',(0.0299600709894015,-0.00699418644733284,0.01105));
#14362=CARTESIAN_POINT('',(0.033801115534108,-0.00699418644733284,0.01105));
#14363=CARTESIAN_POINT('',(0.033801115534108,-0.00699418644733284,0.0106645462479183));
#14364=CARTESIAN_POINT('',(0.033801115534108,-0.00699418644733284,0.0106854537520817));
#14365=CARTESIAN_POINT('',(0.0299600709894015,-0.00699418644733284,0.0106854537520817));
#14366=CARTESIAN_POINT('',(0.0261190264446949,-0.00699418644733284,0.0106854537520817));
#14367=CARTESIAN_POINT('',(0.0261190264446949,-0.00699418644733284,0.01105));
#14368=CARTESIAN_POINT('',(0.0261190264446949,-0.00699418644733284,0.0106645462479183));
#14369=CARTESIAN_POINT('',(0.0331697029110048,-0.00699418644733284,0.0106645462479183));
#14370=CARTESIAN_POINT('',(0.0341656617820263,-0.00310412303118745,0.01105));
#14371=CARTESIAN_POINT('',(0.0341656617820263,-0.00310412303118745,0.0106854537520817));
#14372=CARTESIAN_POINT('',(0.0341656617820263,0.0004213941370396,0.0106854537520817));
#14373=CARTESIAN_POINT('',(0.0341656617820263,-0.0066296401994145,0.0106854537520817));
#14374=CARTESIAN_POINT('',(0.0341656617820263,-0.0066296401994145,0.01105));
#14375=CARTESIAN_POINT('',(0.0341656617820263,-0.0066296401994145,0.0106645462479183));
#14376=CARTESIAN_POINT('',(0.0341656617820263,0.000785940384957938,0.0106645462479183));
#14377=CARTESIAN_POINT('',(0.0341656617820263,0.0004213941370396,0.0106645462479183));
#14378=CARTESIAN_POINT('',(0.0341656617820263,0.0004213941370396,0.01105));
#14379=CARTESIAN_POINT('',(-0.0153424405073141,0.0125847625720573,0.01105));
#14380=CARTESIAN_POINT('',(-0.0189529713243246,0.0113341799005866,0.01105));
#14381=CARTESIAN_POINT('',(-0.0117319096903035,0.013835345243528,0.01105));
#14382=CARTESIAN_POINT('',(-0.0179764856621623,0.00851498876989568,0.01105));
#14383=CARTESIAN_POINT('',(-0.017,0.00569579763920476,0.01105));
#14384=CARTESIAN_POINT('',(-0.0133894691829894,0.00694638031067545,0.01105));
#14385=CARTESIAN_POINT('',(-0.00977893836597888,0.00819696298214614,0.01105));
#14386=CARTESIAN_POINT('',(-0.0107554240281412,0.0110161541128371,0.01105));
#14387=CARTESIAN_POINT('',(-0.0331188276169929,-0.00362937375239297,0.01105));
#14388=CARTESIAN_POINT('',(-0.0302051946040457,-0.00596028045820474,0.01105));
#14389=CARTESIAN_POINT('',(-0.0302051946040457,-0.00596028045820474,0.0108327207793864));
#14390=CARTESIAN_POINT('',(-0.0360324606299401,-0.0012984670465812,0.0108327207793864));
#14391=CARTESIAN_POINT('',(-0.0360324606299401,-0.00129846704658121,0.0108327207793864));
#14392=CARTESIAN_POINT('',(-0.0360324606299401,-0.00129846704658121,0.01105));
#14393=CARTESIAN_POINT('',(-0.0295162833673302,-0.00984347598947821,0.01105));
#14394=CARTESIAN_POINT('',(-0.0288273721306146,-0.0137266715207517,0.01105));
#14395=CARTESIAN_POINT('',(-0.0288273721306146,-0.0137266715207517,0.0108327207793864));
#14396=CARTESIAN_POINT('',(-0.0295162833673302,-0.00984347598947821,0.0108327207793864));
#14397=CARTESIAN_POINT('',(-0.0253998936728773,-0.013118608289292,0.01105));
#14398=CARTESIAN_POINT('',(-0.02197241521514,-0.0125105450578324,0.01105));
#14399=CARTESIAN_POINT('',(-0.02197241521514,-0.0125105450578324,0.0108327207793864));
#14400=CARTESIAN_POINT('',(-0.0253998936728773,-0.013118608289292,0.0108327207793864));
#14401=CARTESIAN_POINT('',(-0.0226613264518556,-0.0086273495265589,0.01105));
#14402=CARTESIAN_POINT('',(-0.0233502376885712,-0.00474415399528542,0.01105));
#14403=CARTESIAN_POINT('',(-0.0233502376885712,-0.00474415399528542,0.0108327207793864));
#14404=CARTESIAN_POINT('',(-0.0226613264518556,-0.0086273495265589,0.0108327207793864));
#14405=CARTESIAN_POINT('',(-0.0226978373027831,-0.00392865361641903,0.01105));
#14406=CARTESIAN_POINT('',(-0.022045436916995,-0.00311315323755264,0.01105));
#14407=CARTESIAN_POINT('',(-0.022045436916995,-0.00311315323755264,0.0108327207793864));
#14408=CARTESIAN_POINT('',(-0.0233502376885712,-0.00474415399528542,0.0108327207793864));
#14409=CARTESIAN_POINT('',(-0.0267523793933271,0.000652401220815937,0.01105));
#14410=CARTESIAN_POINT('',(-0.0314593218696593,0.0044179556791845,0.01105));
#14411=CARTESIAN_POINT('',(-0.0314593218696593,0.0044179556791845,0.0108327207793864));
#14412=CARTESIAN_POINT('',(-0.022045436916995,-0.00311315323755264,0.0108327207793864));
#14413=CARTESIAN_POINT('',(-0.0337458912497997,0.00155974431630165,0.01105));
#14414=CARTESIAN_POINT('',(-0.0314593218696593,0.0044179556791845,0.0108327207793864));
#14415=CARTESIAN_POINT('',(0.,-3.46944695195361E-18,0.01105));
#14416=CARTESIAN_POINT('',(-0.0257455043863805,-0.0090802311154885,0.01105));
#14417=CARTESIAN_POINT('',(-0.0264389484406058,-0.00566509153466045,0.01105));
#14418=CARTESIAN_POINT('',(-0.025353937642982,-0.0125429928021116,0.01105));
#14419=CARTESIAN_POINT('',(-0.0265133749935436,-0.0092013651457041,0.01105));
#14420=CARTESIAN_POINT('',(0.0014433448807006,-0.00813572212516673,0.01105));
#14421=CARTESIAN_POINT('',(-0.0286513880357104,-0.0134747784526422,0.01105));
#14422=CARTESIAN_POINT('',(-0.0222243082832495,-0.0123345609629281,0.01105));
#14423=CARTESIAN_POINT('',(-0.0236676531639501,-0.00419883883776139,0.01105));
#14424=CARTESIAN_POINT('',(-0.023581361205076,-0.00468524192022862,0.01105));
#14425=CARTESIAN_POINT('',(-0.0222151034749195,-0.00297741997400807,0.01105));
#14426=CARTESIAN_POINT('',(-0.0223508367384641,-0.00314708653193268,0.01105));
#14427=CARTESIAN_POINT('',(-0.0315950551332038,0.00424828912125989,0.01105));
#14428=CARTESIAN_POINT('',(-0.0314253885752792,0.00411255585771533,0.01105));
#14429=CARTESIAN_POINT('',(-0.0358627940720154,-0.00143420031012578,0.01105));
#14430=CARTESIAN_POINT('',(-0.0357270608084709,-0.00126453375220116,0.01105));
#14431=CARTESIAN_POINT('',(-0.0300694613405012,-0.00579061390028012,0.01105));
#14432=CARTESIAN_POINT('',(-0.0300055524668113,-0.0058417410057127,0.01105));
#14433=CARTESIAN_POINT('',(-0.0300947329164109,-0.00533905632747546,0.01105));
#14434=CARTESIAN_POINT('',(-0.0141500508114816,-0.017687561272365,0.01105));
#14435=CARTESIAN_POINT('',(-0.0302202529682187,-0.00483139791739254,0.01105));
#14436=CARTESIAN_POINT('',(-0.034745105495829,-0.00121151543646608,0.01105));
#14437=CARTESIAN_POINT('',(-0.0205950546843474,0.016476045835899,0.01105));
#14438=CARTESIAN_POINT('',(-0.0313109603466098,0.00308116545593917,0.01105));
#14439=CARTESIAN_POINT('',(-0.00967545319611844,-0.0130095626991587,0.01105));
#14440=CARTESIAN_POINT('',(-0.0232586833025087,-0.00290746240681111,0.01105));
#14441=CARTESIAN_POINT('',(-0.0101756162928657,0.0101756111785063,0.01105));
#14442=CARTESIAN_POINT('',(-0.0243130213684014,-0.00396180100262406,0.01105));
#14443=CARTESIAN_POINT('',(-0.0246203006662356,-0.00365452185923121,0.01105));
#14444=CARTESIAN_POINT('',(-0.0245528242864496,-0.00408380961472018,0.01105));
#14445=CARTESIAN_POINT('',(3.44432675728193E-5,-0.000219129613576573,0.01105));
#14446=CARTESIAN_POINT('',(-0.0298813100613436,-0.00492135255703228,0.01105));
#14447=CARTESIAN_POINT('',(-0.0299487864411296,-0.00449206480154331,0.01105));
#14448=CARTESIAN_POINT('',(0.0322666756802743,-0.00127128817596456,0.0118));
#14449=CARTESIAN_POINT('',(0.0276927284407379,-0.000712201121695432,0.0118));
#14450=CARTESIAN_POINT('',(0.0276927284407379,-0.000712201121695432,0.0118));
#14451=CARTESIAN_POINT('',(0.0322666756802743,-0.00127128817596456,0.0118));
#14452=CARTESIAN_POINT('',(0.0301752407103777,-0.00537731684744358,0.0118));
#14453=CARTESIAN_POINT('',(0.0301752407103777,-0.00537731684744358,0.0118));
#14454=CARTESIAN_POINT('',(0.0280202049762011,-0.00047111537423916,0.0118));
#14455=CARTESIAN_POINT('',(0.0276231715155242,-0.000383208321004072,0.0118));
#14456=CARTESIAN_POINT('',(0.0276231715155242,-0.000383208321004072,0.0118));
#14457=CARTESIAN_POINT('',(0.0280202049762011,-0.00047111537423916,0.0118));
#14458=CARTESIAN_POINT('',(0.0315349237716336,-0.00168969159340169,0.0118));
#14459=CARTESIAN_POINT('',(0.0301776202013562,-0.00558410185329262,0.0118));
#14460=CARTESIAN_POINT('',(0.0301776202013562,-0.00558410185329262,0.0118));
#14461=CARTESIAN_POINT('',(0.0315349237716336,-0.00168969159340169,0.0118));
#14462=CARTESIAN_POINT('',(0.0301776202013562,-0.00563896620150478,0.0118));
#14463=CARTESIAN_POINT('',(0.0301776202013562,-0.00569383054971695,0.0118));
#14464=CARTESIAN_POINT('',(0.0301776202013562,-0.00569383054971695,0.0118));
#14465=CARTESIAN_POINT('',(0.0301776202013562,-0.00563896620150478,0.0118));
#14466=CARTESIAN_POINT('',(0.0302540388281158,-0.00569383054971695,0.0118));
#14467=CARTESIAN_POINT('',(0.0303304574548755,-0.00569383054971695,0.0118));
#14468=CARTESIAN_POINT('',(0.0303304574548755,-0.00569383054971695,0.0118));
#14469=CARTESIAN_POINT('',(0.0302540388281158,-0.00569383054971695,0.0118));
#14470=CARTESIAN_POINT('',(0.0303304574548755,-0.00538371739436873,0.0118));
#14471=CARTESIAN_POINT('',(0.0303304574548755,-0.00507360423902051,0.0118));
#14472=CARTESIAN_POINT('',(0.0303304574548755,-0.00507360423902051,0.0118));
#14473=CARTESIAN_POINT('',(0.0303304574548755,-0.00538371739436873,0.0118));
#14474=CARTESIAN_POINT('',(0.0261259731131369,-0.00311636057449505,0.0118));
#14475=CARTESIAN_POINT('',(0.0302449623776205,-0.000985065479648037,0.0118));
#14476=CARTESIAN_POINT('',(0.0302449623776205,-0.000985065479648037,0.0118));
#14477=CARTESIAN_POINT('',(0.0261259731131369,-0.00311636057449505,0.0118));
#14478=CARTESIAN_POINT('',(0.0302449623776205,-0.000295025313332081,0.0118));
#14479=CARTESIAN_POINT('',(0.0302449623776205,0.000395014852983877,0.0118));
#14480=CARTESIAN_POINT('',(0.0302449623776205,0.000395014852983877,0.0118));
#14481=CARTESIAN_POINT('',(0.0302449623776205,-0.000295025313332081,0.0118));
#14482=CARTESIAN_POINT('',(0.0301745566866163,0.000395014852983877,0.0118));
#14483=CARTESIAN_POINT('',(0.0301041509956122,0.000395014852983877,0.0118));
#14484=CARTESIAN_POINT('',(0.0301041509956122,0.000395014852983877,0.0118));
#14485=CARTESIAN_POINT('',(0.0301745566866163,0.000395014852983877,0.0118));
#14486=CARTESIAN_POINT('',(0.0301041509956122,-0.000295025313332081,0.0118));
#14487=CARTESIAN_POINT('',(0.0301041509956122,-0.000985065479648038,0.0118));
#14488=CARTESIAN_POINT('',(0.0301041509956122,-0.000985065479648038,0.0118));
#14489=CARTESIAN_POINT('',(0.0301041509956122,-0.000295025313332081,0.0118));
#14490=CARTESIAN_POINT('',(0.030107696471195,-0.000985065479648038,0.0118));
#14491=CARTESIAN_POINT('',(0.0301112419467778,-0.000985065479648038,0.0118));
#14492=CARTESIAN_POINT('',(0.0301112419467778,-0.000985065479648038,0.0118));
#14493=CARTESIAN_POINT('',(0.030107696471195,-0.000985065479648038,0.0118));
#14494=CARTESIAN_POINT('',(0.0345925810879116,-0.00311636057449506,0.0118));
#14495=CARTESIAN_POINT('',(0.0345925810879116,-0.00311636057449506,0.0118));
#14496=CARTESIAN_POINT('',(-0.00213832869358039,-0.000903841204090532,0.0118));
#14497=CARTESIAN_POINT('',(0.0263895817617638,-0.00316120408711173,0.0118));
#14498=CARTESIAN_POINT('',(0.0306585612568464,-0.00314240995982042,0.0118));
#14499=CARTESIAN_POINT('',(0.0302906651049852,-0.0048950114287436,0.0118));
#14500=CARTESIAN_POINT('',(0.0336056487564579,-0.00300031192342773,0.0118));
#14501=CARTESIAN_POINT('',(0.0302095115184784,-0.00125524611212313,0.0118));
#14502=CARTESIAN_POINT('',(0.0263895817617638,-0.00316120408711175,0.0118));
#14503=CARTESIAN_POINT('',(0.0306390239218193,-0.00275281643181479,0.0118));
#14504=CARTESIAN_POINT('',(0.0302934705791719,-0.00296543188287471,0.0118));
#14505=CARTESIAN_POINT('',(-0.0274312580004334,-7.50235049054027E-5,0.0118));
#14506=CARTESIAN_POINT('',(-0.0235901940613985,-0.00293169403448701,0.0118));
#14507=CARTESIAN_POINT('',(-0.0235901940613985,-0.00293169403448701,0.0118));
#14508=CARTESIAN_POINT('',(-0.0235901940613985,-0.00293169403448701,0.0112672792206136));
#14509=CARTESIAN_POINT('',(-0.0274312580004334,-7.50235049054027E-5,0.0112672792206136));
#14510=CARTESIAN_POINT('',(-0.0312723219394684,0.00278164702467621,0.0112672792206136));
#14511=CARTESIAN_POINT('',(-0.0312723219394684,0.00278164702467621,0.0118));
#14512=CARTESIAN_POINT('',(-0.0312723219394684,0.00278164702467621,0.0118));
#14513=CARTESIAN_POINT('',(-0.0274312580004334,-7.50235049054027E-5,0.0118));
#14514=CARTESIAN_POINT('',(-0.0328560138069141,0.00080203244129509,0.0118));
#14515=CARTESIAN_POINT('',(-0.0328560138069141,0.00080203244129509,0.0112672792206136));
#14516=CARTESIAN_POINT('',(-0.0344397056743599,-0.00117758214208602,0.0112672792206136));
#14517=CARTESIAN_POINT('',(-0.0344397056743599,-0.00117758214208602,0.0118));
#14518=CARTESIAN_POINT('',(-0.0344397056743599,-0.00117758214208602,0.0118));
#14519=CARTESIAN_POINT('',(-0.0328560138069141,0.00080203244129509,0.0118));
#14520=CARTESIAN_POINT('',(-0.0322247032992136,-0.00294958426681316,0.0118));
#14521=CARTESIAN_POINT('',(-0.0322247032992136,-0.00294958426681316,0.0112672792206136));
#14522=CARTESIAN_POINT('',(-0.0300845197046741,-0.00466173135946792,0.0112672792206136));
#14523=CARTESIAN_POINT('',(-0.0300845197046741,-0.00466173135946792,0.0118));
#14524=CARTESIAN_POINT('',(-0.0300845197046741,-0.00466173135946792,0.0117431528560361));
#14525=CARTESIAN_POINT('',(-0.0302394867514398,-0.00453775770634105,0.0115827207793864));
#14526=CARTESIAN_POINT('',(-0.0302394867514398,-0.00453775770634105,0.0118));
#14527=CARTESIAN_POINT('',(-0.0322247032992136,-0.00294958426681316,0.0118));
#14528=CARTESIAN_POINT('',(-0.0272631910666369,-0.00428988401974833,0.0118));
#14529=CARTESIAN_POINT('',(-0.0272631910666369,-0.00428988401974833,0.0112672792206136));
#14530=CARTESIAN_POINT('',(-0.0299150482512366,-0.00470670867928779,0.0112672792206136));
#14531=CARTESIAN_POINT('',(-0.0245865624763427,-0.0038691657369757,0.0112672792206136));
#14532=CARTESIAN_POINT('',(-0.0245865624763427,-0.0038691657369757,0.0118));
#14533=CARTESIAN_POINT('',(-0.0245865624763427,-0.0038691657369757,0.0115827207793864));
#14534=CARTESIAN_POINT('',(-0.0300097009240673,-0.00472158639154029,0.0115827207793864));
#14535=CARTESIAN_POINT('',(-0.0299150482512366,-0.00470670867928779,0.0115827207793864));
#14536=CARTESIAN_POINT('',(-0.0299150482512366,-0.00470670867928779,0.0118));
#14537=CARTESIAN_POINT('',(-0.0240534376353026,-0.00339493784122169,0.0118));
#14538=CARTESIAN_POINT('',(-0.0244666610173184,-0.00380816143092764,0.0118));
#14539=CARTESIAN_POINT('',(-0.0244666610173184,-0.00380816143092764,0.0117106404621588));
#14540=CARTESIAN_POINT('',(-0.0244666610173184,-0.00380816143092764,0.0112672792206136));
#14541=CARTESIAN_POINT('',(-0.0240534376353026,-0.00339493784122169,0.0112672792206136));
#14542=CARTESIAN_POINT('',(-0.0240534376353026,-0.00339493784122169,0.0118));
#14543=CARTESIAN_POINT('',(-0.0242557152212513,-0.00359721552883712,0.0118));
#14544=CARTESIAN_POINT('',(-0.0242557152212513,-0.00359721552883712,0.0115827207793864));
#14545=CARTESIAN_POINT('',(-0.00213832869358039,-0.000903841204090532,0.0118));
#14546=CARTESIAN_POINT('',(-0.0315821847865652,-0.000147410144866073,0.0118));
#14547=CARTESIAN_POINT('',(-0.0305770640791508,-0.000951506812720902,0.0118));
#14548=CARTESIAN_POINT('',(-0.029627880665858,-0.00152503025149951,0.0118));
#14549=CARTESIAN_POINT('',(-0.0306885091127489,-0.00120107719233114,0.0118));
#14550=CARTESIAN_POINT('',(-0.0319376794188548,-0.000830997099884562,0.0118));
#14551=CARTESIAN_POINT('',(-0.0332359499480449,-0.000626650160752307,0.0118));
#14552=CARTESIAN_POINT('',(-0.0332850501711292,-0.000792383314066622,0.0118));
#14553=CARTESIAN_POINT('',(-0.0320108522629934,-0.00116987810187352,0.0118));
#14554=CARTESIAN_POINT('',(-0.0307366543548575,-0.00154737288968042,0.0118));
#14555=CARTESIAN_POINT('',(-0.029627880665858,-0.00152503025149938,0.0118));
#14556=CARTESIAN_POINT('',(-0.0306863895088778,-0.00185584336512624,0.0118));
#14557=CARTESIAN_POINT('',(-0.0311817573555431,-0.00212619374778594,0.0118));
#14558=CARTESIAN_POINT('',(-0.0316771252022084,-0.00239654413044564,0.0118));
#14559=CARTESIAN_POINT('',(-0.0316033428530557,-0.00253173684984232,0.0118));
#14560=CARTESIAN_POINT('',(-0.0307413120172111,0.000766634320294196,0.0118));
#14561=CARTESIAN_POINT('',(-0.0301880201108231,-0.000567887582357254,0.0118));
#14562=CARTESIAN_POINT('',(-0.0296278806658583,-0.00152503025149922,0.0118));
#14563=CARTESIAN_POINT('',(-0.0303927581270623,-0.000722010478243475,0.0118));
#14564=CARTESIAN_POINT('',(-0.0313980949506855,8.22590826002326E-5,0.0118));
#14565=CARTESIAN_POINT('',(-0.0289857558289224,-3.40954611411385E-5,0.0118));
#14566=CARTESIAN_POINT('',(-0.0293054399725239,-0.00046394105346739,0.0118));
#14567=CARTESIAN_POINT('',(-0.0296278806658582,-0.00152503025149929,0.0118));
#14568=CARTESIAN_POINT('',(-0.0294673389616196,-0.000427713228894597,0.0118));
#14569=CARTESIAN_POINT('',(-0.0294673389616196,0.000340051774663818,0.0118));
#14570=CARTESIAN_POINT('',(-0.0263425057147853,-0.00225107187036257,0.0118));
#14571=CARTESIAN_POINT('',(-0.0285191306690742,-0.00154851921762341,0.0118));
#14572=CARTESIAN_POINT('',(-0.0296278806658597,-0.00152503025149943,0.0118));
#14573=CARTESIAN_POINT('',(-0.0285203965052288,-0.00146708958483745,0.0118));
#14574=CARTESIAN_POINT('',(-0.0273270479427894,-0.00146708958483745,0.0118));
#14575=CARTESIAN_POINT('',(-0.0296346155548382,-0.00334777799707619,0.0118));
#14576=CARTESIAN_POINT('',(-0.0294904211620137,-0.00262547705698387,0.0118));
#14577=CARTESIAN_POINT('',(-0.0296278806658582,-0.00152503025149941,0.0118));
#14578=CARTESIAN_POINT('',(-0.0292340302752849,-0.00256173665002476,0.0118));
#14579=CARTESIAN_POINT('',(-0.0289127683001201,-0.00325018755521121,0.0118));
#14580=CARTESIAN_POINT('',(-0.0286635737613631,-0.00312583299226792,0.0118));
#14581=CARTESIAN_POINT('',(-0.0289879278734986,-0.00243075576756336,0.0118));
#14582=CARTESIAN_POINT('',(-0.0296278806658582,-0.00152503025149941,0.0118));
#14583=CARTESIAN_POINT('',(-0.0287921634498318,-0.00225403986853831,0.0118));
#14584=CARTESIAN_POINT('',(-0.0279904514414935,-0.00297378615520139,0.0118));
#14585=CARTESIAN_POINT('',(-0.0277961063363879,-0.0027184644606396,0.0118));
#14586=CARTESIAN_POINT('',(-0.0286171280801015,-0.00198138263429613,0.0118));
#14587=CARTESIAN_POINT('',(-0.0296278806658594,-0.00152503025149895,0.0118));
#14588=CARTESIAN_POINT('',(-0.0285664367404401,-0.00184630128986282,0.0118));
#14589=CARTESIAN_POINT('',(-0.0264119139116074,-0.00254172000487887,0.0118));
#14590=CARTESIAN_POINT('',(-0.03104192219113,-0.00240079763244664,0.0118));
#14591=CARTESIAN_POINT('',(-0.0305542838783571,-0.00213466569565429,0.0118));
#14592=CARTESIAN_POINT('',(-0.0296278806658579,-0.00152503025149912,0.0118));
#14593=CARTESIAN_POINT('',(-0.0304210093302817,-0.00230015940755531,0.0118));
#14594=CARTESIAN_POINT('',(-0.0307850403696307,-0.00270564681480137,0.0118));
#14595=CARTESIAN_POINT('',(-0.0304822817049048,-0.00294833751379276,0.0118));
#14596=CARTESIAN_POINT('',(-0.0301037777121593,-0.00252672895281637,0.0118));
#14597=CARTESIAN_POINT('',(-0.0296278806658582,-0.00152503025149939,0.0118));
#14598=CARTESIAN_POINT('',(-0.0297813231011691,-0.00262336248991546,0.0118));
#14599=CARTESIAN_POINT('',(-0.0299201459831206,-0.00331875636880149,0.0118));
#14600=CARTESIAN_POINT('',(-0.0273723653805866,-0.00108242905581455,0.0118));
#14601=CARTESIAN_POINT('',(-0.0286110313808231,-0.00108242905581455,0.0118));
#14602=CARTESIAN_POINT('',(-0.0296278806658596,-0.00152503025150014,0.0118));
#14603=CARTESIAN_POINT('',(-0.0286297007658191,-0.00104179617358682,0.0118));
#14604=CARTESIAN_POINT('',(-0.0282184542963329,-0.00057663652422342,0.0118));
#14605=CARTESIAN_POINT('',(-0.0283738290959464,-0.000392901075142466,0.0118));
#14606=CARTESIAN_POINT('',(-0.0287620658845709,-0.000832034543430061,0.0118));
#14607=CARTESIAN_POINT('',(-0.0296278806658583,-0.00152503025149952,0.0118));
#14608=CARTESIAN_POINT('',(-0.0288399899030101,-0.000744577541390291,0.0118));
#14609=CARTESIAN_POINT('',(-0.0285359948250013,-0.000335827382878114,0.0118));
#14610=CARTESIAN_POINT('',(-0.0295850470654326,0.00110781677822223,0.0118));
#14611=CARTESIAN_POINT('',(-0.0297027551692456,0.00110781677822223,0.0118));
#14612=CARTESIAN_POINT('',(-0.0297027551692456,0.000344627412623868,0.0118));
#14613=CARTESIAN_POINT('',(-0.0297027551692456,-0.000418561952974498,0.0118));
#14614=CARTESIAN_POINT('',(-0.0296278806658582,-0.00152503025149946,0.0118));
#14615=CARTESIAN_POINT('',(-0.0299479780108623,-0.00046323178822145,0.0118));
#14616=CARTESIAN_POINT('',(-0.0305003616603971,0.000869099428735899,0.0118));
#14617=CARTESIAN_POINT('',(-0.0245504193990996,-0.00364353777021189,0.0118));
#14618=CARTESIAN_POINT('',(0.,-3.46944695195361E-18,0.01105));
#14619=CARTESIAN_POINT('',(-0.0273723653805866,-0.00108242905581455,0.01105));
#14620=CARTESIAN_POINT('',(-0.0286110313808231,-0.00108242905581455,0.01105));
#14621=CARTESIAN_POINT('',(-0.0282184542963329,-0.00057663652422342,0.01105));
#14622=CARTESIAN_POINT('',(-0.0286297007658191,-0.00104179617358682,0.01105));
#14623=CARTESIAN_POINT('',(-0.0296278806658596,-0.00152503025150014,0.01105));
#14624=CARTESIAN_POINT('',(-0.0137103212531421,0.010440064762427,0.0118));
#14625=CARTESIAN_POINT('',(-0.0142565053687672,0.0101843608020331,0.0118));
#14626=CARTESIAN_POINT('',(-0.0142565053687672,0.0101843608020331,0.0118));
#14627=CARTESIAN_POINT('',(-0.0137103212531421,0.010440064762427,0.0118));
#14628=CARTESIAN_POINT('',(-0.0131641371375171,0.0106957687228209,0.0118));
#14629=CARTESIAN_POINT('',(-0.0131641371375171,0.0106957687228209,0.0118));
#14630=CARTESIAN_POINT('',(-0.0142046246843308,0.010389559171883,0.0118));
#14631=CARTESIAN_POINT('',(-0.0141527439998944,0.010594757541733,0.0118));
#14632=CARTESIAN_POINT('',(-0.0141527439998944,0.010594757541733,0.0118));
#14633=CARTESIAN_POINT('',(-0.0142046246843308,0.010389559171883,0.0118));
#14634=CARTESIAN_POINT('',(-0.0151222214570955,0.0109019933496919,0.0118));
#14635=CARTESIAN_POINT('',(-0.0156939599036013,0.010060925260593,0.0118));
#14636=CARTESIAN_POINT('',(-0.0156939599036013,0.010060925260593,0.0118));
#14637=CARTESIAN_POINT('',(-0.0151222214570955,0.0109019933496919,0.0118));
#14638=CARTESIAN_POINT('',(-0.0155404707348738,0.00996275627124487,0.0118));
#14639=CARTESIAN_POINT('',(-0.0153869815661464,0.00986458728189669,0.0118));
#14640=CARTESIAN_POINT('',(-0.0153869815661464,0.00986458728189669,0.0118));
#14641=CARTESIAN_POINT('',(-0.0155404707348738,0.00996275627124487,0.0118));
#14642=CARTESIAN_POINT('',(-0.0158235002876895,0.00979845561838805,0.0118));
#14643=CARTESIAN_POINT('',(-0.0162600190092326,0.00973232395487941,0.0118));
#14644=CARTESIAN_POINT('',(-0.0162600190092326,0.00973232395487941,0.0118));
#14645=CARTESIAN_POINT('',(-0.0158235002876895,0.00979845561838805,0.0118));
#14646=CARTESIAN_POINT('',(-0.0161705430256777,0.00948356662764691,0.0118));
#14647=CARTESIAN_POINT('',(-0.0160810670421228,0.00923480930041442,0.0118));
#14648=CARTESIAN_POINT('',(-0.0160810670421228,0.00923480930041442,0.0118));
#14649=CARTESIAN_POINT('',(-0.0161705430256777,0.00948356662764691,0.0118));
#14650=CARTESIAN_POINT('',(-0.0154970256880276,0.00939811811899726,0.0118));
#14651=CARTESIAN_POINT('',(-0.0149129843339324,0.00956142693758011,0.0118));
#14652=CARTESIAN_POINT('',(-0.0149129843339324,0.00956142693758011,0.0118));
#14653=CARTESIAN_POINT('',(-0.0154970256880276,0.00939811811899726,0.0118));
#14654=CARTESIAN_POINT('',(-0.0148119288496673,0.00849445071071386,0.0118));
#14655=CARTESIAN_POINT('',(-0.0147108733654022,0.00742747448384762,0.0118));
#14656=CARTESIAN_POINT('',(-0.0147108733654022,0.00742747448384762,0.0118));
#14657=CARTESIAN_POINT('',(-0.0148119288496673,0.00849445071071386,0.0118));
#14658=CARTESIAN_POINT('',(-0.0138750013718885,0.00771699618678697,0.0118));
#14659=CARTESIAN_POINT('',(-0.0130391293783748,0.00800651788972633,0.0118));
#14660=CARTESIAN_POINT('',(-0.0130391293783748,0.00800651788972633,0.0118));
#14661=CARTESIAN_POINT('',(-0.0138750013718885,0.00771699618678697,0.0118));
#14662=CARTESIAN_POINT('',(-0.0136996980580073,0.00889024097602971,0.0118));
#14663=CARTESIAN_POINT('',(-0.0143602667376399,0.00977396406233311,0.0118));
#14664=CARTESIAN_POINT('',(-0.0143602667376399,0.00977396406233311,0.0118));
#14665=CARTESIAN_POINT('',(-0.0136996980580073,0.00889024097602971,0.0118));
#14666=CARTESIAN_POINT('',(-0.013692488524143,0.00994903367170885,0.0118));
#14667=CARTESIAN_POINT('',(-0.0130247103106461,0.0101241032810846,0.0118));
#14668=CARTESIAN_POINT('',(-0.0130247103106461,0.0101241032810846,0.0118));
#14669=CARTESIAN_POINT('',(-0.013692488524143,0.00994903367170885,0.0118));
#14670=CARTESIAN_POINT('',(-0.0151222214570955,0.0109019933496919,0.0118));
#14671=CARTESIAN_POINT('',(-0.0151222214570955,0.0109019933496919,0.01105));
#14672=CARTESIAN_POINT('',(-0.0146169127569409,0.0104339830092278,0.01105));
#14673=CARTESIAN_POINT('',(-0.0152297911465549,0.0102216997930982,0.01105));
#14674=CARTESIAN_POINT('',(-0.0146169127569409,0.0104339830092278,0.0118));
#14675=CARTESIAN_POINT('',(-0.0146169127569409,0.0104339830092278,0.0118));
#14676=CARTESIAN_POINT('',(-0.0151222214570955,0.0109019933496919,0.0118));
#14677=CARTESIAN_POINT('',(-0.0152297911465549,0.0102216997930982,0.0118));
#14678=CARTESIAN_POINT('',(-0.0152297911465549,0.0102216997930982,0.0118));
#14679=CARTESIAN_POINT('',(-0.0146941769208093,0.010161197043658,0.0118));
#14680=CARTESIAN_POINT('',(-0.0146941769208093,0.010161197043658,0.01105));
#14681=CARTESIAN_POINT('',(-0.0147714410846777,0.00988841107808825,0.01105));
#14682=CARTESIAN_POINT('',(-0.0147714410846777,0.00988841107808825,0.0118));
#14683=CARTESIAN_POINT('',(-0.0147714410846777,0.00988841107808825,0.0118));
#14684=CARTESIAN_POINT('',(-0.0146941769208093,0.010161197043658,0.0118));
#14685=CARTESIAN_POINT('',(-0.0150006161156163,0.0100550554355932,0.0118));
#14686=CARTESIAN_POINT('',(-0.0150006161156163,0.0100550554355932,0.01105));
#14687=CARTESIAN_POINT('',(-0.0150006161156163,0.0100550554355932,0.0118));
#14688=CARTESIAN_POINT('',(-0.0130944237240816,0.0104099360019527,0.0118));
#14689=CARTESIAN_POINT('',(-0.0130944237240816,0.0104099360019527,0.0118));
#14690=CARTESIAN_POINT('',(-0.00213832869358039,-0.000903841204090532,0.0118));
#14691=CARTESIAN_POINT('',(0.,-3.46944695195361E-18,0.01105));
#14692=CARTESIAN_POINT('',(0.0211019461647406,-0.00297298371589669,0.0118));
#14693=CARTESIAN_POINT('',(0.0311861652880907,-0.00548126874491572,0.0118));
#14694=CARTESIAN_POINT('',(0.0311861652880907,-0.00548126874491572,0.0118));
#14695=CARTESIAN_POINT('',(0.0211019461647406,-0.00297298371589669,0.0118));
#14696=CARTESIAN_POINT('',(0.0312510877847672,-0.000741864379961044,0.0118));
#14697=CARTESIAN_POINT('',(0.0312510877847672,-0.000741864379961044,0.0118));
#14698=CARTESIAN_POINT('',(0.0311861652880907,-0.0057328469119966,0.0118));
#14699=CARTESIAN_POINT('',(0.0311861652880907,-0.00598442507907748,0.0118));
#14700=CARTESIAN_POINT('',(0.0311861652880907,-0.00598442507907748,0.0118));
#14701=CARTESIAN_POINT('',(0.0311861652880907,-0.0057328469119966,0.0118));
#14702=CARTESIAN_POINT('',(0.0313484733924269,-0.00598442507907748,0.0118));
#14703=CARTESIAN_POINT('',(0.0315107814967633,-0.00598442507907748,0.0118));
#14704=CARTESIAN_POINT('',(0.0315107814967633,-0.00598442507907748,0.0118));
#14705=CARTESIAN_POINT('',(0.0313484733924269,-0.00598442507907748,0.0118));
#14706=CARTESIAN_POINT('',(0.0315107814967633,-0.0057328469119966,0.0118));
#14707=CARTESIAN_POINT('',(0.0315107814967633,-0.00548126874491572,0.0118));
#14708=CARTESIAN_POINT('',(0.0315107814967633,-0.00548126874491572,0.0118));
#14709=CARTESIAN_POINT('',(0.0315107814967633,-0.0057328469119966,0.0118));
#14710=CARTESIAN_POINT('',(0.0188824040551723,-0.00298157079592338,0.0118));
#14711=CARTESIAN_POINT('',(0.0315594747662545,-0.000741864379961044,0.0118));
#14712=CARTESIAN_POINT('',(0.0315594747662545,-0.000741864379961044,0.0118));
#14713=CARTESIAN_POINT('',(0.0188824040551723,-0.00298157079592338,0.0118));
#14714=CARTESIAN_POINT('',(0.0315594747662545,-0.000370932189980522,0.0118));
#14715=CARTESIAN_POINT('',(0.0315594747662545,0.,0.0118));
#14716=CARTESIAN_POINT('',(0.0315594747662545,0.,0.0118));
#14717=CARTESIAN_POINT('',(0.0315594747662545,-0.000370932189980522,0.0118));
#14718=CARTESIAN_POINT('',(0.0314052812755108,0.,0.0118));
#14719=CARTESIAN_POINT('',(0.0312510877847672,0.,0.0118));
#14720=CARTESIAN_POINT('',(0.0312510877847672,0.,0.0118));
#14721=CARTESIAN_POINT('',(0.0314052812755108,0.,0.0118));
#14722=CARTESIAN_POINT('',(0.0312510877847672,-0.000370932189980522,0.0118));
#14723=CARTESIAN_POINT('',(0.0312510877847672,-0.000370932189980522,0.0118));
#14724=CARTESIAN_POINT('',(-0.00213832869358039,-0.000903841204090532,0.0118));
#14725=CARTESIAN_POINT('',(0.0336056487564579,-0.00300031192342773,0.110511581968313));
#14726=CARTESIAN_POINT('',(0.0302906651049852,-0.0048950114287436,0.110511581968313));
#14727=CARTESIAN_POINT('',(0.0302906651049852,-0.0048950114287436,0.01105));
#14728=CARTESIAN_POINT('',(0.0336056487564579,-0.00300031192342773,0.01105));
#14729=CARTESIAN_POINT('',(0.0302095115184784,-0.00125524611212313,0.01105));
#14730=CARTESIAN_POINT('',(0.0302095115184784,-0.00125524611212313,0.110511581968313));
#14731=CARTESIAN_POINT('',(0.0263895817617638,-0.00316120408711173,0.110511581968313));
#14732=CARTESIAN_POINT('',(0.0306585612568464,-0.00314240995982042,0.110511581968313));
#14733=CARTESIAN_POINT('',(0.0306585612568464,-0.00314240995982042,0.01105));
#14734=CARTESIAN_POINT('',(0.0263895817617638,-0.00316120408711173,0.01105));
#14735=CARTESIAN_POINT('',(0.0302934705791719,-0.00296543188287471,0.110511581968313));
#14736=CARTESIAN_POINT('',(0.0306390239218193,-0.00275281643181479,0.110511581968313));
#14737=CARTESIAN_POINT('',(0.0306390239218193,-0.00275281643181479,0.01105));
#14738=CARTESIAN_POINT('',(0.0302934705791719,-0.00296543188287471,0.01105));
#14739=CARTESIAN_POINT('',(0.0263895817617638,-0.00316120408711175,0.110511581968313));
#14740=CARTESIAN_POINT('',(0.0263895817617638,-0.00316120408711175,0.01105));
#14741=CARTESIAN_POINT('',(0.0285681309178471,0.00140652846126234,0.01105));
#14742=CARTESIAN_POINT('',(-0.0273723653805866,-0.00108242905581455,0.0118));
#14743=CARTESIAN_POINT('',(-0.0286110313808231,-0.00108242905581455,0.0118));
#14744=CARTESIAN_POINT('',(-0.0296278806658596,-0.00152503025150014,0.0118));
#14745=CARTESIAN_POINT('',(-0.0286297007658191,-0.00104179617358682,0.0118));
#14746=CARTESIAN_POINT('',(-0.0282184542963329,-0.00057663652422342,0.0118));
#14747=CARTESIAN_POINT('',(-0.0283738290959464,-0.000392901075142466,0.0118));
#14748=CARTESIAN_POINT('',(-0.0287620658845709,-0.000832034543430061,0.0118));
#14749=CARTESIAN_POINT('',(-0.0296278806658583,-0.00152503025149952,0.0118));
#14750=CARTESIAN_POINT('',(-0.0288399899030101,-0.000744577541390291,0.0118));
#14751=CARTESIAN_POINT('',(-0.0285359948250013,-0.000335827382878114,0.0118));
#14752=CARTESIAN_POINT('',(-0.0289857558289224,-3.40954611411385E-5,0.0118));
#14753=CARTESIAN_POINT('',(-0.0293054399725239,-0.00046394105346739,0.0118));
#14754=CARTESIAN_POINT('',(-0.0296278806658582,-0.00152503025149929,0.0118));
#14755=CARTESIAN_POINT('',(-0.0294673389616196,-0.000427713228894597,0.0118));
#14756=CARTESIAN_POINT('',(-0.0294673389616196,0.000340051774663818,0.0118));
#14757=CARTESIAN_POINT('',(-0.0295850470654326,0.00110781677822223,0.0118));
#14758=CARTESIAN_POINT('',(-0.0297027551692456,0.00110781677822223,0.0118));
#14759=CARTESIAN_POINT('',(-0.0297027551692456,0.000344627412623868,0.0118));
#14760=CARTESIAN_POINT('',(-0.0297027551692456,-0.000418561952974498,0.0118));
#14761=CARTESIAN_POINT('',(-0.0296278806658582,-0.00152503025149946,0.0118));
#14762=CARTESIAN_POINT('',(-0.0299479780108623,-0.00046323178822145,0.0118));
#14763=CARTESIAN_POINT('',(-0.0305003616603971,0.000869099428735899,0.0118));
#14764=CARTESIAN_POINT('',(-0.0307413120172111,0.000766634320294196,0.0118));
#14765=CARTESIAN_POINT('',(-0.0301880201108231,-0.000567887582357254,0.0118));
#14766=CARTESIAN_POINT('',(-0.0296278806658583,-0.00152503025149922,0.0118));
#14767=CARTESIAN_POINT('',(-0.0303927581270623,-0.000722010478243475,0.0118));
#14768=CARTESIAN_POINT('',(-0.0313980949506855,8.22590826002326E-5,0.0118));
#14769=CARTESIAN_POINT('',(-0.0315821847865652,-0.000147410144866073,0.0118));
#14770=CARTESIAN_POINT('',(-0.0305770640791508,-0.000951506812720902,0.0118));
#14771=CARTESIAN_POINT('',(-0.029627880665858,-0.00152503025149951,0.0118));
#14772=CARTESIAN_POINT('',(-0.0306885091127489,-0.00120107719233114,0.0118));
#14773=CARTESIAN_POINT('',(-0.0319376794188548,-0.000830997099884562,0.0118));
#14774=CARTESIAN_POINT('',(-0.0332359499480449,-0.000626650160752307,0.0118));
#14775=CARTESIAN_POINT('',(-0.0332850501711292,-0.000792383314066622,0.0118));
#14776=CARTESIAN_POINT('',(-0.0320108522629934,-0.00116987810187352,0.0118));
#14777=CARTESIAN_POINT('',(-0.0307366543548575,-0.00154737288968042,0.0118));
#14778=CARTESIAN_POINT('',(-0.029627880665858,-0.00152503025149938,0.0118));
#14779=CARTESIAN_POINT('',(-0.0306863895088778,-0.00185584336512624,0.0118));
#14780=CARTESIAN_POINT('',(-0.0311817573555431,-0.00212619374778594,0.0118));
#14781=CARTESIAN_POINT('',(-0.0316771252022084,-0.00239654413044564,0.0118));
#14782=CARTESIAN_POINT('',(-0.0316033428530557,-0.00253173684984232,0.0118));
#14783=CARTESIAN_POINT('',(-0.03104192219113,-0.00240079763244664,0.0118));
#14784=CARTESIAN_POINT('',(-0.0305542838783571,-0.00213466569565429,0.0118));
#14785=CARTESIAN_POINT('',(-0.0296278806658579,-0.00152503025149912,0.0118));
#14786=CARTESIAN_POINT('',(-0.0304210093302817,-0.00230015940755531,0.0118));
#14787=CARTESIAN_POINT('',(-0.0307850403696307,-0.00270564681480137,0.0118));
#14788=CARTESIAN_POINT('',(-0.0304822817049048,-0.00294833751379276,0.0118));
#14789=CARTESIAN_POINT('',(-0.0301037777121593,-0.00252672895281637,0.0118));
#14790=CARTESIAN_POINT('',(-0.0296278806658582,-0.00152503025149939,0.0118));
#14791=CARTESIAN_POINT('',(-0.0297813231011691,-0.00262336248991546,0.0118));
#14792=CARTESIAN_POINT('',(-0.0299201459831206,-0.00331875636880149,0.0118));
#14793=CARTESIAN_POINT('',(-0.0296346155548382,-0.00334777799707619,0.0118));
#14794=CARTESIAN_POINT('',(-0.0294904211620137,-0.00262547705698387,0.0118));
#14795=CARTESIAN_POINT('',(-0.0296278806658582,-0.00152503025149941,0.0118));
#14796=CARTESIAN_POINT('',(-0.0292340302752849,-0.00256173665002476,0.0118));
#14797=CARTESIAN_POINT('',(-0.0289127683001201,-0.00325018755521121,0.0118));
#14798=CARTESIAN_POINT('',(-0.0286635737613631,-0.00312583299226792,0.0118));
#14799=CARTESIAN_POINT('',(-0.0289879278734986,-0.00243075576756336,0.0118));
#14800=CARTESIAN_POINT('',(-0.0296278806658582,-0.00152503025149941,0.0118));
#14801=CARTESIAN_POINT('',(-0.0287921634498318,-0.00225403986853831,0.0118));
#14802=CARTESIAN_POINT('',(-0.0279904514414935,-0.00297378615520139,0.0118));
#14803=CARTESIAN_POINT('',(-0.0277961063363879,-0.0027184644606396,0.0118));
#14804=CARTESIAN_POINT('',(-0.0286171280801015,-0.00198138263429613,0.0118));
#14805=CARTESIAN_POINT('',(-0.0296278806658594,-0.00152503025149895,0.0118));
#14806=CARTESIAN_POINT('',(-0.0285664367404401,-0.00184630128986282,0.0118));
#14807=CARTESIAN_POINT('',(-0.0264119139116074,-0.00254172000487887,0.0118));
#14808=CARTESIAN_POINT('',(-0.0263425057147853,-0.00225107187036257,0.0118));
#14809=CARTESIAN_POINT('',(-0.0285191306690742,-0.00154851921762341,0.0118));
#14810=CARTESIAN_POINT('',(-0.0296278806658597,-0.00152503025149943,0.0118));
#14811=CARTESIAN_POINT('',(-0.0285203965052288,-0.00146708958483745,0.0118));
#14812=CARTESIAN_POINT('',(-0.0273270479427894,-0.00146708958483745,0.0118));
#14813=CARTESIAN_POINT('',(-0.00225844790709935,-0.000139637378600364,0.0115827207793864));
#14814=CARTESIAN_POINT('',(-0.0299487864411296,-0.00449206480154331,0.0115827207793864));
#14815=CARTESIAN_POINT('',(-0.0246203006662356,-0.00365452185923121,0.0115827207793864));
#14816=CARTESIAN_POINT('',(-0.0299487864411296,-0.00449206480154331,0.0118));
#14817=CARTESIAN_POINT('',(-0.0299487864411296,-0.00449206480154331,0.0112672792206136));
#14818=CARTESIAN_POINT('',(-0.027229452876744,-0.00450452789749281,0.0112672792206136));
#14819=CARTESIAN_POINT('',(-0.0245528242864496,-0.00408380961472018,0.0112672792206136));
#14820=CARTESIAN_POINT('',(-0.0298813100613436,-0.00492135255703228,0.0112672792206136));
#14821=CARTESIAN_POINT('',(-0.0246203006662356,-0.00365452185923121,0.0118));
#14822=CARTESIAN_POINT('',(-0.0246203006662356,-0.00365452185923121,0.0112672792206136));
#14823=CARTESIAN_POINT('',(-0.0299487864411296,-0.00449206480154331,0.0112672792206136));
#14824=CARTESIAN_POINT('',(-0.0302202529682187,-0.00483139791739254,0.0112672792206136));
#14825=CARTESIAN_POINT('',(-0.0246203006662356,-0.00365452185923121,0.0112672792206136));
#14826=CARTESIAN_POINT('',(-0.0243130213684014,-0.00396180100262406,0.0112672792206136));
#14827=CARTESIAN_POINT('',(-0.0323604365627582,-0.00311925082473777,0.0112672792206136));
#14828=CARTESIAN_POINT('',(-0.034745105495829,-0.00121151543646608,0.0112672792206136));
#14829=CARTESIAN_POINT('',(-0.0238997979863854,-0.00354857741291811,0.0112672792206136));
#14830=CARTESIAN_POINT('',(-0.0232586833025087,-0.00290746240681111,0.0112672792206136));
#14831=CARTESIAN_POINT('',(-0.0330256803648388,0.000937765704839651,0.0112672792206136));
#14832=CARTESIAN_POINT('',(-0.0313109603466098,0.00308116545593917,0.0112672792206136));
#14833=CARTESIAN_POINT('',(-0.0273015924269478,9.93241327702277E-5,0.0112672792206136));
#14834=CARTESIAN_POINT('',(-0.0120933934339518,0.00967471597347999,0.0108327207793864));
#14835=CARTESIAN_POINT('',(-0.023581361205076,-0.00468524192022863,0.0108327207793864));
#14836=CARTESIAN_POINT('',(-0.0223508367384641,-0.00314708653193268,0.0108327207793864));
#14837=CARTESIAN_POINT('',(-0.0102574433045123,-0.0128218025054127,0.0108327207793864));
#14838=CARTESIAN_POINT('',(-0.0314253885752792,0.00411255585771532,0.0108327207793864));
#14839=CARTESIAN_POINT('',(-0.0228752650333625,-0.00866530401316152,0.0108327207793864));
#14840=CARTESIAN_POINT('',(-0.0222243082832495,-0.0123345609629281,0.0108327207793864));
#14841=CARTESIAN_POINT('',(-0.021167945270767,0.016934358363128,0.0108327207793864));
#14842=CARTESIAN_POINT('',(-0.0357270608084709,-0.00126453375220116,0.0108327207793864));
#14843=CARTESIAN_POINT('',(-0.0254378481594799,-0.0129046697077852,0.0108327207793864));
#14844=CARTESIAN_POINT('',(-0.0286513880357104,-0.0134747784526422,0.0108327207793864));
#14845=CARTESIAN_POINT('',(-0.0145591155377039,-0.0181988921153292,0.0108327207793864));
#14846=CARTESIAN_POINT('',(-0.0300055524668113,-0.0058417410057127,0.0108327207793864));
#14847=CARTESIAN_POINT('',(-0.0293023447858233,-0.00980552150287559,0.0108327207793864));
#14848=CARTESIAN_POINT('',(-0.0244178579871296,-0.00848693199390314,0.0118));
#14849=CARTESIAN_POINT('',(-0.0252881792838443,-0.00864133424226559,0.0118));
#14850=CARTESIAN_POINT('',(-0.0252881792838443,-0.00864133424226559,0.0118));
#14851=CARTESIAN_POINT('',(-0.0252881792838505,-0.00864133424226669,0.0112672792206144));
#14852=CARTESIAN_POINT('',(-0.0244178579871296,-0.00848693199390314,0.0118));
#14853=CARTESIAN_POINT('',(-0.0232650919100162,-0.00828242168855481,0.0118));
#14854=CARTESIAN_POINT('',(-0.0232650919100162,-0.00828242168855481,0.0118));
#14855=CARTESIAN_POINT('',(-0.0232650919100162,-0.00828242168855481,0.01105));
#14856=CARTESIAN_POINT('',(-0.0244178579871296,-0.00848693199390314,0.01105));
#14857=CARTESIAN_POINT('',(-0.0250740450541341,-0.00860334504604182,0.01105));
#14858=CARTESIAN_POINT('',(-0.0252881792838443,-0.00864133424226559,0.0112672792206147));
#14859=CARTESIAN_POINT('',(-0.0252881792838449,-0.00864133424226569,0.0111538862214397));
#14860=CARTESIAN_POINT('',(-0.0251870015755283,-0.00862338447393622,0.01105));
#14861=CARTESIAN_POINT('',(-0.0250740450541341,-0.00860334504604182,0.01105));
#14862=CARTESIAN_POINT('',(-0.0243048546493068,-0.00910333458727694,0.0118));
#14863=CARTESIAN_POINT('',(-0.02518457615069,-0.00925940451025721,0.0118));
#14864=CARTESIAN_POINT('',(-0.02518457615069,-0.00925940451025722,0.0112672792206136));
#14865=CARTESIAN_POINT('',(-0.02518457615069,-0.00925940451025721,0.0118));
#14866=CARTESIAN_POINT('',(-0.0249702334844416,-0.00922137833565517,0.01105));
#14867=CARTESIAN_POINT('',(-0.0250818118551445,-0.00924117326813605,0.01105));
#14868=CARTESIAN_POINT('',(-0.02518457615069,-0.00925940451025721,0.0111528830756133));
#14869=CARTESIAN_POINT('',(-0.02518457615069,-0.00925940451025721,0.0112672792206136));
#14870=CARTESIAN_POINT('',(-0.0249702334844416,-0.00922137833565517,0.01105));
#14871=CARTESIAN_POINT('',(-0.0243048546493068,-0.00910333458727694,0.01105));
#14872=CARTESIAN_POINT('',(-0.0231485515138272,-0.00889819677830852,0.01105));
#14873=CARTESIAN_POINT('',(-0.0231485515138272,-0.00889819677830852,0.0118));
#14874=CARTESIAN_POINT('',(-0.0231485515138272,-0.00889819677830852,0.0118));
#14875=CARTESIAN_POINT('',(-0.0243048546493068,-0.00910333458727694,0.0118));
#14876=CARTESIAN_POINT('',(-0.0271000667226463,-0.0109981514059337,0.0118));
#14877=CARTESIAN_POINT('',(-0.0264088366891434,-0.0104628273207602,0.0118));
#14878=CARTESIAN_POINT('',(-0.0264088366891367,-0.0104628273207551,0.0112672792206145));
#14879=CARTESIAN_POINT('',(-0.0264088366891434,-0.0104628273207602,0.0118));
#14880=CARTESIAN_POINT('',(-0.0265860534644541,-0.0106000731051193,0.01105));
#14881=CARTESIAN_POINT('',(-0.0264943064252613,-0.0105290194797807,0.01105));
#14882=CARTESIAN_POINT('',(-0.0264088366891428,-0.0104628273207598,0.0111522301127519));
#14883=CARTESIAN_POINT('',(-0.0264088366891434,-0.0104628273207602,0.0112672792206149));
#14884=CARTESIAN_POINT('',(-0.0265860534644542,-0.0106000731051193,0.01105));
#14885=CARTESIAN_POINT('',(-0.0271000667226463,-0.0109981514059337,0.01105));
#14886=CARTESIAN_POINT('',(-0.0278290355660983,-0.0115627023662897,0.01105));
#14887=CARTESIAN_POINT('',(-0.0278290355660983,-0.0115627023662897,0.0118));
#14888=CARTESIAN_POINT('',(-0.0278290355660983,-0.0115627023662897,0.0118));
#14889=CARTESIAN_POINT('',(-0.0271000667226463,-0.0109981514059337,0.0118));
#14890=CARTESIAN_POINT('',(-0.0277240375430289,-0.0097108502168433,0.0118));
#14891=CARTESIAN_POINT('',(-0.0267062507183253,-0.00953028635533476,0.0118));
#14892=CARTESIAN_POINT('',(-0.0267062507183253,-0.00953028635533476,0.0118));
#14893=CARTESIAN_POINT('',(-0.0267062507183191,-0.00953028635533366,0.0112672792206144));
#14894=CARTESIAN_POINT('',(-0.0277240375430289,-0.0097108502168433,0.0118));
#14895=CARTESIAN_POINT('',(-0.0288778837774362,-0.00991555215109395,0.0118));
#14896=CARTESIAN_POINT('',(-0.0288778837774362,-0.00991555215109395,0.0118));
#14897=CARTESIAN_POINT('',(-0.0288778837774362,-0.00991555215109395,0.01105));
#14898=CARTESIAN_POINT('',(-0.0277240375430289,-0.0097108502168433,0.01105));
#14899=CARTESIAN_POINT('',(-0.0269203258800272,-0.00956826507240179,0.01105));
#14900=CARTESIAN_POINT('',(-0.0267062507183253,-0.00953028635533476,0.0112672792206147));
#14901=CARTESIAN_POINT('',(-0.0267062507183247,-0.00953028635533466,0.0111539014759309));
#14902=CARTESIAN_POINT('',(-0.0268073786167562,-0.00954822728697557,0.01105));
#14903=CARTESIAN_POINT('',(-0.0269203258800273,-0.00956826507240179,0.01105));
#14904=CARTESIAN_POINT('',(-0.0278283148759624,-0.00909741027634709,0.0118));
#14905=CARTESIAN_POINT('',(-0.0267996630576184,-0.00891491887445453,0.0118));
#14906=CARTESIAN_POINT('',(-0.0267996630576184,-0.00891491887445453,0.0112672792206136));
#14907=CARTESIAN_POINT('',(-0.0267996630576184,-0.00891491887445453,0.0118));
#14908=CARTESIAN_POINT('',(-0.0270143685897255,-0.0089530094244828,0.01105));
#14909=CARTESIAN_POINT('',(-0.0269024420976805,-0.00893315273237575,0.01105));
#14910=CARTESIAN_POINT('',(-0.0267996630576184,-0.00891491887445451,0.0111524179260627));
#14911=CARTESIAN_POINT('',(-0.0267996630576184,-0.00891491887445451,0.0112672792206136));
#14912=CARTESIAN_POINT('',(-0.0270143685897255,-0.00895300942448281,0.01105));
#14913=CARTESIAN_POINT('',(-0.0278283148759624,-0.00909741027634709,0.01105));
#14914=CARTESIAN_POINT('',(-0.0289777479849719,-0.00930132928538807,0.01105));
#14915=CARTESIAN_POINT('',(-0.0289777479849719,-0.00930132928538807,0.0118));
#14916=CARTESIAN_POINT('',(-0.0289777479849719,-0.00930132928538807,0.0118));
#14917=CARTESIAN_POINT('',(-0.0278283148759624,-0.00909741027634709,0.0118));
#14918=CARTESIAN_POINT('',(-0.0274934059970042,-0.00762765795049067,0.0118));
#14919=CARTESIAN_POINT('',(-0.0268138736126263,-0.00821715167748247,0.0118));
#14920=CARTESIAN_POINT('',(-0.0268138736126264,-0.00821715167748247,0.0118));
#14921=CARTESIAN_POINT('',(-0.0268138736125851,-0.00821715167751828,0.0112672792206168));
#14922=CARTESIAN_POINT('',(-0.0274934059970042,-0.00762765795049067,0.0118));
#14923=CARTESIAN_POINT('',(-0.0282111828819031,-0.00700498715399154,0.0118));
#14924=CARTESIAN_POINT('',(-0.0282111828819031,-0.00700498715399154,0.0118));
#14925=CARTESIAN_POINT('',(-0.0282111828819031,-0.00700498715399154,0.01105));
#14926=CARTESIAN_POINT('',(-0.0274934059970042,-0.00762765795049067,0.01105));
#14927=CARTESIAN_POINT('',(-0.0270200333744343,-0.00803830827113741,0.01105));
#14928=CARTESIAN_POINT('',(-0.0268138736126264,-0.00821715167748241,0.0112672792206177));
#14929=CARTESIAN_POINT('',(-0.0268138736126241,-0.00821715167748442,0.0111392743195528));
#14930=CARTESIAN_POINT('',(-0.0269230313611096,-0.00812245742969861,0.01105));
#14931=CARTESIAN_POINT('',(-0.0270200333744343,-0.00803830827113741,0.01105));
#14932=CARTESIAN_POINT('',(-0.0271962443564054,-0.00730594259112994,0.0118));
#14933=CARTESIAN_POINT('',(-0.026759733247456,-0.00768461558215079,0.0118));
#14934=CARTESIAN_POINT('',(-0.0267597332474349,-0.00768461558216916,0.0112672792206155));
#14935=CARTESIAN_POINT('',(-0.026759733247456,-0.00768461558215079,0.0118));
#14936=CARTESIAN_POINT('',(-0.0269519609318672,-0.00751785824030864,0.01105));
#14937=CARTESIAN_POINT('',(-0.0268580244461248,-0.00759934805647312,0.01105));
#14938=CARTESIAN_POINT('',(-0.0267597332474549,-0.00768461558215177,0.0111435687529321));
#14939=CARTESIAN_POINT('',(-0.026759733247456,-0.00768461558215078,0.0112672792206158));
#14940=CARTESIAN_POINT('',(-0.0269519609318671,-0.00751785824030864,0.01105));
#14941=CARTESIAN_POINT('',(-0.0271962443564054,-0.00730594259112994,0.01105));
#14942=CARTESIAN_POINT('',(-0.0279037083772018,-0.00669221819488403,0.01105));
#14943=CARTESIAN_POINT('',(-0.0279037083772018,-0.00669221819488403,0.0118));
#14944=CARTESIAN_POINT('',(-0.0279037083772018,-0.00669221819488403,0.0118));
#14945=CARTESIAN_POINT('',(-0.0271962443564054,-0.00730594259112994,0.0118));
#14946=CARTESIAN_POINT('',(-0.0268608867061337,-0.0112319882884207,0.0118));
#14947=CARTESIAN_POINT('',(-0.0262645659327747,-0.0107701668151108,0.0118));
#14948=CARTESIAN_POINT('',(-0.0262645659327747,-0.0107701668151108,0.0118));
#14949=CARTESIAN_POINT('',(-0.0262645659327689,-0.0107701668151063,0.0112672792206144));
#14950=CARTESIAN_POINT('',(-0.0268608867061337,-0.0112319882884207,0.0118));
#14951=CARTESIAN_POINT('',(-0.027553547500643,-0.0117684204284959,0.0118));
#14952=CARTESIAN_POINT('',(-0.027553547500643,-0.0117684204284959,0.0118));
#14953=CARTESIAN_POINT('',(-0.027553547500643,-0.0117684204284959,0.01105));
#14954=CARTESIAN_POINT('',(-0.0268608867061337,-0.0112319882884207,0.01105));
#14955=CARTESIAN_POINT('',(-0.0264392591990953,-0.0109054582643337,0.01105));
#14956=CARTESIAN_POINT('',(-0.0262645659327747,-0.0107701668151108,0.0112672792206147));
#14957=CARTESIAN_POINT('',(-0.0262645659327742,-0.0107701668151104,0.0111530011486941));
#14958=CARTESIAN_POINT('',(-0.0263481089380346,-0.0108348668146707,0.01105));
#14959=CARTESIAN_POINT('',(-0.0264392591990953,-0.0109054582643338,0.01105));
#14960=CARTESIAN_POINT('',(-0.0265133749935436,-0.0092013651457041,0.0118));
#14961=CARTESIAN_POINT('',(-0.0264389484406058,-0.00566509153466064,0.0118));
#14962=CARTESIAN_POINT('',(-0.0264389484406058,-0.00566509153466064,0.0118));
#14963=CARTESIAN_POINT('',(-0.0265133749935436,-0.0092013651457041,0.0118));
#14964=CARTESIAN_POINT('',(-0.025353937642982,-0.0125429928021116,0.0118));
#14965=CARTESIAN_POINT('',(-0.025353937642982,-0.0125429928021116,0.0118));
#14966=CARTESIAN_POINT('',(-0.0257720110239768,-0.00909535016300421,0.0118));
#14967=CARTESIAN_POINT('',(-0.0257720110239768,-0.00909535016300421,0.01105));
#14968=CARTESIAN_POINT('',(-0.0257720110239768,-0.00909535016300421,0.0118));
#14969=CARTESIAN_POINT('',(-0.0257720110239768,-0.00909535016300422,0.0118));
#14970=CARTESIAN_POINT('',(-0.0257720110239768,-0.00909535016300422,0.01105));
#14971=CARTESIAN_POINT('',(-0.0257720110239768,-0.00909535016300422,0.0118));
#14972=CARTESIAN_POINT('',(-0.0257720110239768,-0.00909535016300421,0.0118));
#14973=CARTESIAN_POINT('',(-0.0257720110239768,-0.00909535016300421,0.01105));
#14974=CARTESIAN_POINT('',(-0.0263989850531646,-0.0059447818922518,0.01105));
#14975=CARTESIAN_POINT('',(-0.0263989850531646,-0.0059447818922518,0.0118));
#14976=CARTESIAN_POINT('',(-0.0263989850531646,-0.0059447818922518,0.0118));
#14977=CARTESIAN_POINT('',(-0.0257720110239768,-0.00909535016300421,0.0118));
#14978=CARTESIAN_POINT('',(-0.0263817583781491,-0.00919119157361409,0.0118));
#14979=CARTESIAN_POINT('',(-0.0263817583781491,-0.00919119157361409,0.01105));
#14980=CARTESIAN_POINT('',(-0.0263817583781491,-0.00919119157361409,0.0118));
#14981=CARTESIAN_POINT('',(-0.0263817583781491,-0.00919119157361409,0.0118));
#14982=CARTESIAN_POINT('',(-0.0263817583781491,-0.00919119157361409,0.01105));
#14983=CARTESIAN_POINT('',(-0.0254022051000593,-0.0122863406738932,0.01105));
#14984=CARTESIAN_POINT('',(-0.0254022051000593,-0.0122863406738932,0.0118));
#14985=CARTESIAN_POINT('',(-0.0254022051000593,-0.0122863406738932,0.0118));
#14986=CARTESIAN_POINT('',(-0.0263817583781491,-0.00919119157361409,0.0118));
#14987=CARTESIAN_POINT('',(-0.0257720110239768,-0.00909535016300422,0.0118));
#14988=CARTESIAN_POINT('',(-0.0257720110239768,-0.00909535016300422,0.01105));
#14989=CARTESIAN_POINT('',(-0.0257720110239768,-0.00909535016300422,0.0118));
#14990=CARTESIAN_POINT('',(-0.0257455043863805,-0.0090802311154885,0.0118));
#14991=CARTESIAN_POINT('',(-0.0257455043863805,-0.0090802311154885,0.0118));
#14992=CARTESIAN_POINT('',(-0.0217491859386907,-0.00846303379759091,0.0112672792206136));
#14993=CARTESIAN_POINT('',(-0.0217491859386907,-0.00846303379759091,0.01105));
#14994=CARTESIAN_POINT('',(-0.0217491859386907,-0.00846303379759091,0.0112672792206136));
#14995=CARTESIAN_POINT('',(-0.0217491859386907,-0.00846303379759091,0.0118));
#14996=CARTESIAN_POINT('',(-0.0217491859386907,-0.00846303379759091,0.0118));
#14997=CARTESIAN_POINT('',(0.,-3.46944695195361E-18,0.01105));
#14998=CARTESIAN_POINT('',(-0.0217491859386907,-0.00846303379759091,0.0112672792206136));
#14999=CARTESIAN_POINT('',(-0.0217491859386907,-0.00846303379759091,0.01105));
#15000=CARTESIAN_POINT('',(-0.0217491859386907,-0.00846303379759091,0.0112672792206136));
#15001=CARTESIAN_POINT('',(-0.026355853304267,-0.00634403992444277,0.0112672792206136));
#15002=CARTESIAN_POINT('',(-0.026355853304267,-0.00634403992444277,0.0112672792206136));
#15003=CARTESIAN_POINT('',(-0.026355853304267,-0.00634403992444277,0.0111832071072209));
#15004=CARTESIAN_POINT('',(-0.0263735097294584,-0.00618384765273974,0.011074354393419));
#15005=CARTESIAN_POINT('',(-0.0263902780302763,-0.00602708972055311,0.01105));
#15006=CARTESIAN_POINT('',(-0.0263989850531646,-0.0059447818922518,0.01105));
#15007=CARTESIAN_POINT('',(-0.0310582863482631,-0.00992625837520877,0.0112672792206136));
#15008=CARTESIAN_POINT('',(-0.0310582863482631,-0.00992625837520877,0.0112672792206136));
#15009=CARTESIAN_POINT('',(-0.0310582863482631,-0.00992625837520877,0.01105));
#15010=CARTESIAN_POINT('',(-0.0310582863482631,-0.00992625837520877,0.0118));
#15011=CARTESIAN_POINT('',(-0.0310582863482631,-0.00992625837520877,0.0118));
#15012=CARTESIAN_POINT('',(-0.026355853304267,-0.00634403992444277,0.0118));
#15013=CARTESIAN_POINT('',(-0.026355853304267,-0.00634403992444277,0.0118));
#15014=CARTESIAN_POINT('',(-0.0217491859386907,-0.00846303379759091,0.0118));
#15015=CARTESIAN_POINT('',(-0.0217491859386907,-0.00846303379759091,0.0118));
#15016=CARTESIAN_POINT('',(0.,-3.46944695195361E-18,0.01105));
#15017=CARTESIAN_POINT('',(0.,-3.46944695195361E-18,0.01105));
#15018=CARTESIAN_POINT('',(-0.00213832869358039,-0.000903841204090532,0.0118));
#15019=CARTESIAN_POINT('',(-0.0259542632848025,-0.00888720527291298,0.0118));
#15020=CARTESIAN_POINT('',(-0.0253626631518601,-0.00888720527291298,0.0118));
#15021=CARTESIAN_POINT('',(-0.0217491859386907,-0.00846303379759091,0.0118));
#15022=CARTESIAN_POINT('',(-0.0217491859386907,-0.00846303379759091,0.0118));
#15023=CARTESIAN_POINT('',(-0.0254836395219623,-0.011893103138857,0.0118));
#15024=CARTESIAN_POINT('',(-0.0310582863482631,-0.00992625837520877,0.0118));
#15025=CARTESIAN_POINT('',(-0.0217491859386907,-0.00846303379759091,0.0112672792206136));
#15026=CARTESIAN_POINT('',(-0.0217491859386907,-0.00846303379759091,0.01105));
#15027=CARTESIAN_POINT('',(-0.0217491859386907,-0.00846303379759091,0.0112672792206136));
#15028=CARTESIAN_POINT('',(-0.0217491859386907,-0.00846303379759091,0.0118));
#15029=CARTESIAN_POINT('',(0.,-3.46944695195361E-18,0.01105));
#15030=CARTESIAN_POINT('',(-0.0217491859386907,-0.00846303379759091,0.0112672792206136));
#15031=CARTESIAN_POINT('',(-0.0217491859386907,-0.00846303379759091,0.0112672792206136));
#15032=CARTESIAN_POINT('',(-0.0254836395219623,-0.011893103138857,0.0112672792206136));
#15033=CARTESIAN_POINT('',(-0.0217491859386907,-0.00846303379759091,0.01105));
#15034=CARTESIAN_POINT('',(-0.0254836395219623,-0.011893103138857,0.0112672792206136));
#15035=CARTESIAN_POINT('',(-0.0254836395219623,-0.011893103138857,0.0111832071072209));
#15036=CARTESIAN_POINT('',(-0.0254512999749052,-0.0120509874856431,0.011074354393419));
#15037=CARTESIAN_POINT('',(-0.0254191687331004,-0.0122053306374699,0.01105));
#15038=CARTESIAN_POINT('',(-0.0254022051000593,-0.0122863406738932,0.01105));
#15039=CARTESIAN_POINT('',(-0.0310582863482631,-0.00992625837520877,0.0112672792206136));
#15040=CARTESIAN_POINT('',(-0.0310582863482631,-0.00992625837520877,0.01105));
#15041=CARTESIAN_POINT('',(-0.0310582863482631,-0.00992625837520877,0.0112672792206136));
#15042=CARTESIAN_POINT('',(-0.0310582863482631,-0.00992625837520877,0.0118));
#15043=CARTESIAN_POINT('',(-0.0254836395219623,-0.011893103138857,0.0118));
#15044=CARTESIAN_POINT('',(-0.0217491859386907,-0.00846303379759091,0.0118));
#15045=CARTESIAN_POINT('',(0.,-3.46944695195361E-18,0.01105));
#15046=CARTESIAN_POINT('',(0.,-3.46944695195361E-18,0.01105));
#15047=CARTESIAN_POINT('',(-0.0259542632848025,-0.00888720527291298,0.01255));
#15048=CARTESIAN_POINT('',(-0.0259542632848025,-0.00888720527291298,0.01255));
#15049=CARTESIAN_POINT('',(-0.0253626631518601,-0.00888720527291298,0.01255));
#15050=CARTESIAN_POINT('',(-0.026103326528132,-0.00911507653196979,0.01255));
#15051=CARTESIAN_POINT('',(0.0252581071549776,0.00804815461373854,0.0118));
#15052=CARTESIAN_POINT('',(0.0250140098930195,0.00812023719454989,0.0118));
#15053=CARTESIAN_POINT('',(0.0250140098930195,0.00812023719454989,0.0118));
#15054=CARTESIAN_POINT('',(0.0252581071549776,0.00804815461373854,0.0118));
#15055=CARTESIAN_POINT('',(0.0255022044169357,0.00797607203292718,0.0118));
#15056=CARTESIAN_POINT('',(0.0255022044169357,0.00797607203292718,0.0118));
#15057=CARTESIAN_POINT('',(0.0249783939923044,0.00799962908439513,0.0118));
#15058=CARTESIAN_POINT('',(0.0249427780915892,0.00787902097424038,0.0118));
#15059=CARTESIAN_POINT('',(0.0249427780915892,0.00787902097424038,0.0118));
#15060=CARTESIAN_POINT('',(0.0249783939923044,0.00799962908439513,0.0118));
#15061=CARTESIAN_POINT('',(0.0252787943367361,0.00777979446940199,0.0118));
#15062=CARTESIAN_POINT('',(0.0256148105818829,0.0076805679645636,0.0118));
#15063=CARTESIAN_POINT('',(0.0256148105818829,0.0076805679645636,0.0118));
#15064=CARTESIAN_POINT('',(0.0252787943367361,0.00777979446940199,0.0118));
#15065=CARTESIAN_POINT('',(0.0259520432356975,0.00679559313894919,0.0118));
#15066=CARTESIAN_POINT('',(0.0262892758895122,0.00591061831333478,0.0118));
#15067=CARTESIAN_POINT('',(0.0262892758895122,0.00591061831333478,0.0118));
#15068=CARTESIAN_POINT('',(0.0259520432356975,0.00679559313894919,0.0118));
#15069=CARTESIAN_POINT('',(0.025686729309886,0.00628379909846854,0.0118));
#15070=CARTESIAN_POINT('',(0.0250841827302598,0.00665697988360229,0.0118));
#15071=CARTESIAN_POINT('',(0.0250841827302598,0.00665697988360229,0.0118));
#15072=CARTESIAN_POINT('',(0.025686729309886,0.00628379909846854,0.0118));
#15073=CARTESIAN_POINT('',(0.0252203754275941,0.00696153077391634,0.0118));
#15074=CARTESIAN_POINT('',(0.0253565681249283,0.00726608166423039,0.0118));
#15075=CARTESIAN_POINT('',(0.0253565681249283,0.00726608166423039,0.0118));
#15076=CARTESIAN_POINT('',(0.0252203754275941,0.00696153077391634,0.0118));
#15077=CARTESIAN_POINT('',(0.0250744099811099,0.00739226050626831,0.0118));
#15078=CARTESIAN_POINT('',(0.0247922518372915,0.00751843934830622,0.0118));
#15079=CARTESIAN_POINT('',(0.0247922518372915,0.00751843934830622,0.0118));
#15080=CARTESIAN_POINT('',(0.0250744099811099,0.00739226050626831,0.0118));
#15081=CARTESIAN_POINT('',(0.0246730693036753,0.00725192618399434,0.0118));
#15082=CARTESIAN_POINT('',(0.024553886770059,0.00698541301968246,0.0118));
#15083=CARTESIAN_POINT('',(0.024553886770059,0.00698541301968246,0.0118));
#15084=CARTESIAN_POINT('',(0.0246730693036753,0.00725192618399434,0.0118));
#15085=CARTESIAN_POINT('',(0.0243331553954299,0.00712212063777038,0.0118));
#15086=CARTESIAN_POINT('',(0.0241124240208009,0.0072588282558583,0.0118));
#15087=CARTESIAN_POINT('',(0.0241124240208009,0.0072588282558583,0.0118));
#15088=CARTESIAN_POINT('',(0.0243331553954299,0.00712212063777038,0.0118));
#15089=CARTESIAN_POINT('',(0.023976993885968,0.00704015953610468,0.0118));
#15090=CARTESIAN_POINT('',(0.0238415637511352,0.00682149081635105,0.0118));
#15091=CARTESIAN_POINT('',(0.0238415637511352,0.00682149081635105,0.0118));
#15092=CARTESIAN_POINT('',(0.023976993885968,0.00704015953610468,0.0118));
#15093=CARTESIAN_POINT('',(0.0239868411448377,0.00673151481503063,0.0118));
#15094=CARTESIAN_POINT('',(0.0241321185385401,0.00664153881371021,0.0118));
#15095=CARTESIAN_POINT('',(0.0241321185385401,0.00664153881371021,0.0118));
#15096=CARTESIAN_POINT('',(0.0239868411448377,0.00673151481503063,0.0118));
#15097=CARTESIAN_POINT('',(0.0240167120426017,0.00664153881371021,0.0118));
#15098=CARTESIAN_POINT('',(0.0239013055466633,0.00664153881371021,0.0118));
#15099=CARTESIAN_POINT('',(0.0239013055466633,0.00664153881371021,0.0118));
#15100=CARTESIAN_POINT('',(0.0240167120426017,0.00664153881371021,0.0118));
#15101=CARTESIAN_POINT('',(0.0239013055466633,0.00656360759126684,0.0118));
#15102=CARTESIAN_POINT('',(0.0239013055466633,0.0066118278163441,0.010707181674143));
#15103=CARTESIAN_POINT('',(0.0239013055466633,0.00648567636882347,0.011047044173523));
#15104=CARTESIAN_POINT('',(0.0239013055466633,0.00648567636882347,0.0118));
#15105=CARTESIAN_POINT('',(0.0239013055466633,0.00648567636882347,0.0118));
#15106=CARTESIAN_POINT('',(0.0239013055466633,0.00656360759126684,0.0118));
#15107=CARTESIAN_POINT('',(0.024142541649591,0.00648567636882347,0.0118));
#15108=CARTESIAN_POINT('',(0.0243837777525187,0.00648567636882347,0.0118));
#15109=CARTESIAN_POINT('',(0.0243837777525187,0.00648567636882347,0.0118));
#15110=CARTESIAN_POINT('',(0.024142541649591,0.00648567636882347,0.0118));
#15111=CARTESIAN_POINT('',(0.023949377408369,0.00648567636882347,0.010707181674143));
#15112=CARTESIAN_POINT('',(0.0251527358084484,0.00600943041415415,0.0118));
#15113=CARTESIAN_POINT('',(0.0259216938643782,0.00553318445948482,0.0118));
#15114=CARTESIAN_POINT('',(0.0259216938643782,0.00553318445948482,0.0118));
#15115=CARTESIAN_POINT('',(0.0251527358084484,0.00600943041415415,0.0118));
#15116=CARTESIAN_POINT('',(0.0266629275172516,0.00358801955546051,0.0118));
#15117=CARTESIAN_POINT('',(0.027404161170125,0.00164285465143621,0.0118));
#15118=CARTESIAN_POINT('',(0.027404161170125,0.00164285465143621,0.0118));
#15119=CARTESIAN_POINT('',(0.0266629275172516,0.00358801955546051,0.0118));
#15120=CARTESIAN_POINT('',(0.0280190946252176,0.00187718407525491,0.0118));
#15121=CARTESIAN_POINT('',(0.0286340280803103,0.00211151349907361,0.0118));
#15122=CARTESIAN_POINT('',(0.0286340280803103,0.00211151349907361,0.0118));
#15123=CARTESIAN_POINT('',(0.0280190946252176,0.00187718407525491,0.0118));
#15124=CARTESIAN_POINT('',(0.0279569449777195,0.00388833283689226,0.0118));
#15125=CARTESIAN_POINT('',(0.0272798618751287,0.00566515217471091,0.0118));
#15126=CARTESIAN_POINT('',(0.0272798618751287,0.00566515217471091,0.0118));
#15127=CARTESIAN_POINT('',(0.0279569449777195,0.00388833283689226,0.0118));
#15128=CARTESIAN_POINT('',(0.0275668488847482,0.00663699228472262,0.0118));
#15129=CARTESIAN_POINT('',(0.0278538358943675,0.00760883239473433,0.0118));
#15130=CARTESIAN_POINT('',(0.0278538358943675,0.00760883239473433,0.0118));
#15131=CARTESIAN_POINT('',(0.0275668488847482,0.00663699228472262,0.0118));
#15132=CARTESIAN_POINT('',(0.0278022080070788,0.00762407824930785,0.0118));
#15133=CARTESIAN_POINT('',(0.0277505801197901,0.00763932410388137,0.0118));
#15134=CARTESIAN_POINT('',(0.0277505801197901,0.00763932410388137,0.0118));
#15135=CARTESIAN_POINT('',(0.0278022080070788,0.00762407824930785,0.0118));
#15136=CARTESIAN_POINT('',(0.0278290372386594,0.00790500781944126,0.0118));
#15137=CARTESIAN_POINT('',(0.0279074943575286,0.00817069153500114,0.0118));
#15138=CARTESIAN_POINT('',(0.0279074943575286,0.00817069153500114,0.0118));
#15139=CARTESIAN_POINT('',(0.0278290372386594,0.00790500781944126,0.0118));
#15140=CARTESIAN_POINT('',(0.0278006398489477,0.0082022459600203,0.0118));
#15141=CARTESIAN_POINT('',(0.0276937853403668,0.00823380038503946,0.0118));
#15142=CARTESIAN_POINT('',(0.0276937853403668,0.00823380038503946,0.0118));
#15143=CARTESIAN_POINT('',(0.0278006398489477,0.0082022459600203,0.0118));
#15144=CARTESIAN_POINT('',(0.0276153282214976,0.00796811666947958,0.0118));
#15145=CARTESIAN_POINT('',(0.0275368711026283,0.0077024329539197,0.0118));
#15146=CARTESIAN_POINT('',(0.0275368711026283,0.0077024329539197,0.0118));
#15147=CARTESIAN_POINT('',(0.0276153282214976,0.00796811666947958,0.0118));
#15148=CARTESIAN_POINT('',(0.0273831006607611,0.00774784178076757,0.0118));
#15149=CARTESIAN_POINT('',(0.0272293302188937,0.00779325060761544,0.0118));
#15150=CARTESIAN_POINT('',(0.0272293302188937,0.00779325060761544,0.0118));
#15151=CARTESIAN_POINT('',(0.0273831006607611,0.00774784178076757,0.0118));
#15152=CARTESIAN_POINT('',(0.027077221636761,0.00799978658105112,0.0118));
#15153=CARTESIAN_POINT('',(0.0269251130546283,0.0082063225544868,0.0118));
#15154=CARTESIAN_POINT('',(0.0269251130546283,0.0082063225544868,0.0118));
#15155=CARTESIAN_POINT('',(0.027077221636761,0.00799978658105112,0.0118));
#15156=CARTESIAN_POINT('',(0.0267760325248193,0.0080965284705041,0.0118));
#15157=CARTESIAN_POINT('',(0.0266269519950103,0.00798673438652139,0.0118));
#15158=CARTESIAN_POINT('',(0.0266269519950103,0.00798673438652139,0.0118));
#15159=CARTESIAN_POINT('',(0.0267760325248193,0.0080965284705041,0.0118));
#15160=CARTESIAN_POINT('',(0.0267967483683586,0.00775618158822663,0.0118));
#15161=CARTESIAN_POINT('',(0.026966544741707,0.00752562878993187,0.0118));
#15162=CARTESIAN_POINT('',(0.026966544741707,0.00752562878993187,0.0118));
#15163=CARTESIAN_POINT('',(0.0267967483683586,0.00775618158822663,0.0118));
#15164=CARTESIAN_POINT('',(0.0268161660455083,0.00701639302748067,0.0118));
#15165=CARTESIAN_POINT('',(0.0266657873493097,0.00650715726502947,0.0118));
#15166=CARTESIAN_POINT('',(0.0266657873493097,0.00650715726502947,0.0118));
#15167=CARTESIAN_POINT('',(0.0268161660455083,0.00701639302748067,0.0118));
#15168=CARTESIAN_POINT('',(0.0264077691867326,0.00718425533323004,0.0118));
#15169=CARTESIAN_POINT('',(0.0261497510241555,0.00786135340143062,0.0118));
#15170=CARTESIAN_POINT('',(0.0261497510241555,0.00786135340143062,0.0118));
#15171=CARTESIAN_POINT('',(0.0264077691867326,0.00718425533323004,0.0118));
#15172=CARTESIAN_POINT('',(0.0263597916411571,0.00820048998187254,0.0118));
#15173=CARTESIAN_POINT('',(0.0265698322581587,0.00853962656231446,0.0118));
#15174=CARTESIAN_POINT('',(0.0265698322581587,0.00853962656231446,0.0118));
#15175=CARTESIAN_POINT('',(0.0263597916411571,0.00820048998187254,0.0118));
#15176=CARTESIAN_POINT('',(0.0264544845971664,0.00861106590351723,0.0118));
#15177=CARTESIAN_POINT('',(0.0263391369361739,0.00868250524472001,0.0118));
#15178=CARTESIAN_POINT('',(0.0263391369361739,0.00868250524472001,0.0118));
#15179=CARTESIAN_POINT('',(0.0264544845971664,0.00861106590351723,0.0118));
#15180=CARTESIAN_POINT('',(0.0261836533389692,0.0084314577272275,0.0118));
#15181=CARTESIAN_POINT('',(0.0260281697417643,0.00818041020973499,0.0118));
#15182=CARTESIAN_POINT('',(0.0260281697417643,0.00818041020973499,0.0118));
#15183=CARTESIAN_POINT('',(0.0261836533389692,0.0084314577272275,0.0118));
#15184=CARTESIAN_POINT('',(0.0260148581436664,0.00821534285659483,0.0118));
#15185=CARTESIAN_POINT('',(0.0260015465455686,0.00825027550345468,0.0118));
#15186=CARTESIAN_POINT('',(0.0260015465455686,0.00825027550345468,0.0118));
#15187=CARTESIAN_POINT('',(0.0260148581436664,0.00821534285659483,0.0118));
#15188=CARTESIAN_POINT('',(0.0257379131366032,0.0081498141213155,0.0118));
#15189=CARTESIAN_POINT('',(0.0254742797276378,0.00804935273917632,0.0118));
#15190=CARTESIAN_POINT('',(0.0254742797276378,0.00804935273917632,0.0118));
#15191=CARTESIAN_POINT('',(0.0257379131366032,0.0081498141213155,0.0118));
#15192=CARTESIAN_POINT('',(0.0254882420722868,0.00801271238605175,0.0118));
#15193=CARTESIAN_POINT('',(0.0254882420722868,0.00801271238605175,0.0118));
#15194=CARTESIAN_POINT('',(0.0285681309178471,0.00140652846126234,0.0118));
#15195=CARTESIAN_POINT('',(-0.00209380229110333,0.0229015432893255,0.0003));
#15196=CARTESIAN_POINT('',(-0.00209380229110333,0.0229015432893255,0.00884154328932551));
#15197=CARTESIAN_POINT('',(-0.00209380229110333,0.0229015432893255,0.00935845671067449));
#15198=CARTESIAN_POINT('',(-0.00209380229110333,0.0229015432893255,0.00935845671067449));
#15199=CARTESIAN_POINT('',(-0.00209380229110333,0.0210184567106745,0.00935845671067449));
#15200=CARTESIAN_POINT('',(-0.00209380229110333,0.0229015432893255,0.00884154328932551));
#15201=CARTESIAN_POINT('',(-0.00209380229110333,0.0210184567106745,0.00884154328932551));
#15202=CARTESIAN_POINT('',(0.00257958588190377,0.0210184567106745,0.00935845671067449));
#15203=CARTESIAN_POINT('',(0.000955652741660743,0.0210184567106745,0.00935845671067449));
#15204=CARTESIAN_POINT('',(0.,0.0210184567106745,0.00884154328932551));
#15205=CARTESIAN_POINT('',(0.00725297405491087,0.0210184567106745,0.00884154328932551));
#15206=CARTESIAN_POINT('',(0.000955652741660743,0.0210184567106745,0.01105));
#15207=CARTESIAN_POINT('',(0.000955652741660743,0.0210184567106745,0.0101084567106745));
#15208=CARTESIAN_POINT('',(0.00725297405491087,0.0229015432893255,0.00884154328932551));
#15209=CARTESIAN_POINT('',(0.00725297405491087,0.0229015432893255,0.00884154328932551));
#15210=CARTESIAN_POINT('',(0.,0.0210184567106745,0.0101084567106745));
#15211=CARTESIAN_POINT('',(0.00335978826699648,0.0210184567106745,0.0101084567106745));
#15212=CARTESIAN_POINT('',(0.00725297405491087,0.0229015432893255,0.0003));
#15213=CARTESIAN_POINT('',(0.00725297405491087,0.0229015432893255,0.00935845671067449));
#15214=CARTESIAN_POINT('',(0.00335978826699648,0.0210184567106745,0.0003));
#15215=CARTESIAN_POINT('',(0.00335978826699648,0.0210184567106745,0.00935845671067449));
#15216=CARTESIAN_POINT('',(0.00725297405491087,0.0229015432893255,0.00935845671067449));
#15217=CARTESIAN_POINT('',(0.00725297405491087,0.0210184567106745,0.00935845671067449));
#15218=CARTESIAN_POINT('',(0.00257958588190377,0.0210184567106745,0.00935845671067449));
#15219=CARTESIAN_POINT('',(-0.00445226340245657,-0.0223945584412272,0.0003));
#15220=CARTESIAN_POINT('',(-0.00445226340245657,-0.0223945584412272,0.00986544155877284));
#15221=CARTESIAN_POINT('',(-0.00445226340245657,-0.0223945584412272,0.00833455844122716));
#15222=CARTESIAN_POINT('',(-0.00445226340245657,-0.0223945584412272,0.00986544155877284));
#15223=CARTESIAN_POINT('',(-0.00445226340245657,-0.0215254415587729,0.00986544155877284));
#15224=CARTESIAN_POINT('',(-0.00445226340245657,-0.0223945584412272,0.00833455844122716));
#15225=CARTESIAN_POINT('',(-0.00445226340245657,-0.0215254415587729,0.00833455844122716));
#15226=CARTESIAN_POINT('',(0.,-0.0215254415587729,0.00986544155877284));
#15227=CARTESIAN_POINT('',(0.000662944903136107,-0.0215254415587729,0.00986544155877284));
#15228=CARTESIAN_POINT('',(0.00134347775019705,-0.0215254415587729,0.00833455844122716));
#15229=CARTESIAN_POINT('',(0.00713921890285067,-0.0215254415587729,0.00833455844122716));
#15230=CARTESIAN_POINT('',(0.000662944903136107,-0.0215254415587729,0.0003));
#15231=CARTESIAN_POINT('',(0.000662944903136107,-0.0215254415587729,0.0106154415587728));
#15232=CARTESIAN_POINT('',(0.00713921890285067,-0.0223945584412272,0.00833455844122716));
#15233=CARTESIAN_POINT('',(0.00713921890285067,-0.0223945584412272,0.00833455844122716));
#15234=CARTESIAN_POINT('',(0.00134347775019705,-0.0215254415587729,0.0106154415587728));
#15235=CARTESIAN_POINT('',(0.00365249610552112,-0.0215254415587729,0.0106154415587728));
#15236=CARTESIAN_POINT('',(0.00713921890285067,-0.0223945584412272,0.0003));
#15237=CARTESIAN_POINT('',(0.00713921890285067,-0.0223945584412272,0.00986544155877284));
#15238=CARTESIAN_POINT('',(0.00365249610552112,-0.0215254415587729,0.01105));
#15239=CARTESIAN_POINT('',(0.00365249610552112,-0.0215254415587729,0.00986544155877284));
#15240=CARTESIAN_POINT('',(0.00713921890285067,-0.0223945584412272,0.00986544155877284));
#15241=CARTESIAN_POINT('',(0.00713921890285067,-0.0215254415587729,0.00986544155877284));
#15242=CARTESIAN_POINT('',(0.,-0.0215254415587729,0.00986544155877284));
#15243=CARTESIAN_POINT('',(0.0325382670377358,0.0004213941370396,0.0106854537520817));
#15244=CARTESIAN_POINT('',(0.0311620739320414,0.0004213941370396,0.0106854537520817));
#15245=CARTESIAN_POINT('',(0.033801115534108,0.0004213941370396,0.0106854537520817));
#15246=CARTESIAN_POINT('',(0.0311620739320414,0.00115048663287628,0.0106854537520817));
#15247=CARTESIAN_POINT('',(0.0311620739320414,0.00115048663287628,0.0106854537520817));
#15248=CARTESIAN_POINT('',(0.0305405295329782,0.00153161446901327,0.01105));
#15249=CARTESIAN_POINT('',(0.0306518579466835,0.00131775640639975,0.01105));
#15250=CARTESIAN_POINT('',(0.0307688414298455,0.0011586615236861,0.0108703062134209));
#15251=CARTESIAN_POINT('',(0.0308214226631901,0.00102067646416298,0.0106854537520817));
#15252=CARTESIAN_POINT('',(0.033801115534108,0.0004213941370396,0.0106854537520817));
#15253=CARTESIAN_POINT('',(0.033801115534108,0.0004213941370396,0.0106854537520817));
#15254=CARTESIAN_POINT('',(0.033801115534108,0.0004213941370396,0.0106854537520817));
#15255=CARTESIAN_POINT('',(0.0311620739320414,0.00115048663287628,0.01105));
#15256=CARTESIAN_POINT('',(0.0311620739320414,0.00115048663287628,0.0106645462479183));
#15257=CARTESIAN_POINT('',(0.033801115534108,-0.00310412303118745,0.0106854537520817));
#15258=CARTESIAN_POINT('',(0.033801115534108,-0.0066296401994145,0.0106854537520817));
#15259=CARTESIAN_POINT('',(0.033801115534108,0.0004213941370396,0.01105));
#15260=CARTESIAN_POINT('',(0.033801115534108,0.0004213941370396,0.0106645462479183));
#15261=CARTESIAN_POINT('',(0.,0.00115048663287628,0.0106645462479183));
#15262=CARTESIAN_POINT('',(0.0308581492920017,0.00115048663287628,0.0106645462479183));
#15263=CARTESIAN_POINT('',(0.0308966863072178,0.00102067646416298,0.0103238949790671));
#15264=CARTESIAN_POINT('',(0.0311620739320414,0.00115048663287628,0.0106645462479183));
#15265=CARTESIAN_POINT('',(0.033801115534108,0.00115048663287628,0.0106645462479183));
#15266=CARTESIAN_POINT('',(0.033801115534108,-0.0066296401994145,0.01105));
#15267=CARTESIAN_POINT('',(0.033801115534108,-0.0066296401994145,0.0106854537520817));
#15268=CARTESIAN_POINT('',(0.033801115534108,-0.0066296401994145,0.0106645462479183));
#15269=CARTESIAN_POINT('',(0.033801115534108,0.0004213941370396,0.0106645462479183));
#15270=CARTESIAN_POINT('',(0.0345302080299447,0.0004213941370396,0.0106645462479183));
#15271=CARTESIAN_POINT('',(0.033801115534108,-0.0066296401994145,0.0106645462479183));
#15272=CARTESIAN_POINT('',(0.033801115534108,-0.00735873269525117,0.0106645462479183));
#15273=CARTESIAN_POINT('',(0.0345302080299447,-0.0066296401994145,0.0106645462479183));
#15274=CARTESIAN_POINT('',(0.0345302080299447,-3.46944695195361E-18,0.0106645462479183));
#15275=CARTESIAN_POINT('',(0.,-0.00735873269525117,0.0106645462479183));
#15276=CARTESIAN_POINT('',(0.0261190264446949,-0.00735873269525117,0.0106645462479183));
#15277=CARTESIAN_POINT('',(0.0253899339488583,-3.46944695195361E-18,0.0106645462479183));
#15278=CARTESIAN_POINT('',(0.0253899339488583,0.000718836050610793,0.0106645462479183));
#15279=CARTESIAN_POINT('',(0.0257305852177094,0.000726573080534102,0.010534736079205));
#15280=CARTESIAN_POINT('',(0.0253899339488583,0.000779854632907104,0.0106645462479183));
#15281=CARTESIAN_POINT('',(0.0253899339488583,-0.0066296401994145,0.0106645462479183));
#15282=CARTESIAN_POINT('',(0.0253899339488583,0.000718836050610793,0.01105));
#15283=CARTESIAN_POINT('',(0.0253899339488583,0.000718836050610793,0.0106645462479183));
#15284=CARTESIAN_POINT('',(0.0253899339488583,0.000718836050610793,0.0106854537520817));
#15285=CARTESIAN_POINT('',(0.0261190264446949,-0.0066296401994145,0.0106645462479183));
#15286=CARTESIAN_POINT('',(0.0261190264446949,-0.0066296401994145,0.0106645462479183));
#15287=CARTESIAN_POINT('',(0.0253899339488583,0.000718836050610793,0.0106854537520817));
#15288=CARTESIAN_POINT('',(0.0259880239535339,0.00113580632987838,0.01105));
#15289=CARTESIAN_POINT('',(0.0258571887341791,0.000988932335881114,0.01105));
#15290=CARTESIAN_POINT('',(0.0257186640840699,0.000879929972675135,0.0108764530044073));
#15291=CARTESIAN_POINT('',(0.0257305852177095,0.000848646219324084,0.0106854537520817));
#15292=CARTESIAN_POINT('',(0.0261190264446949,0.000718836050610793,0.0106854537520817));
#15293=CARTESIAN_POINT('',(0.0261190264446949,-0.0066296401994145,0.01105));
#15294=CARTESIAN_POINT('',(0.0261190264446949,-0.0066296401994145,0.0106854537520817));
#15295=CARTESIAN_POINT('',(0.0261190264446949,-0.00310412303118745,0.0106854537520817));
#15296=CARTESIAN_POINT('',(0.0261190264446949,-0.0066296401994145,0.0106854537520817));
#15297=CARTESIAN_POINT('',(0.0261190264446949,-0.0066296401994145,0.0106854537520817));
#15298=CARTESIAN_POINT('',(0.0261190264446949,-0.0066296401994145,0.0106854537520817));
#15299=CARTESIAN_POINT('',(0.0299600709894015,-0.0066296401994145,0.0106854537520817));
#15300=CARTESIAN_POINT('',(0.033801115534108,-0.0066296401994145,0.0106854537520817));
#15301=CARTESIAN_POINT('',(0.033801115534108,-0.0066296401994145,0.0106854537520817));
#15302=CARTESIAN_POINT('',(0.0256676764026936,0.0010137331910884,0.010707181674143));
#15303=CARTESIAN_POINT('',(0.0256676764026936,0.00101373319108839,0.01105));
#15304=CARTESIAN_POINT('',(0.0259880239535338,0.00113580632987836,0.01105));
#15305=CARTESIAN_POINT('',(0.0256782689018028,0.000985936075518557,0.0107071812448506));
#15306=CARTESIAN_POINT('',(0.0256852518607408,0.000967611210476942,0.0109549580146152));
#15307=CARTESIAN_POINT('',(0.0259053236540032,0.00104296920379855,0.01105));
#15308=CARTESIAN_POINT('',(0.0256993510421999,0.000930611766586765,0.0107007897082208));
#15309=CARTESIAN_POINT('',(0.025705700365956,0.000913949703734659,0.0108280286192089));
#15310=CARTESIAN_POINT('',(0.0257699727637834,0.000912031866282705,0.0109427534157891));
#15311=CARTESIAN_POINT('',(0.0257201636929048,0.000875994659613978,0.0106905819284073));
#15312=CARTESIAN_POINT('',(0.0257226889992554,0.000869367684019906,0.0107310369650404));
#15313=CARTESIAN_POINT('',(0.0257252147262675,0.000862739604628239,0.010771493153116));
#15314=CARTESIAN_POINT('',(0.0257305852177095,0.000848646219324084,0.0106854537520817));
#15315=CARTESIAN_POINT('',(0.0257305852177095,0.000848646219324084,0.0106854537520817));
#15316=CARTESIAN_POINT('',(0.0257305852177095,0.000848646219324084,0.0106854537520817));
#15317=CARTESIAN_POINT('',(0.0259880239535339,0.00113580632987838,0.010707181674143));
#15318=CARTESIAN_POINT('',(0.0257305852177095,0.000848646219324142,0.010656809217995));
#15319=CARTESIAN_POINT('',(0.0257522696942316,0.000791741244044846,0.0105916410544843));
#15320=CARTESIAN_POINT('',(0.0257305852177095,0.000726573080534105,0.010534736079205));
#15321=CARTESIAN_POINT('',(0.0257463447866805,0.000807289542726844,0.0106592741943986));
#15322=CARTESIAN_POINT('',(0.0257542212947827,0.000766262044718705,0.0106171202538104));
#15323=CARTESIAN_POINT('',(0.0257463447866805,0.000724108104130519,0.0105760927558024));
#15324=CARTESIAN_POINT('',(0.0257544801967766,0.000763092634371965,0.0106619084382902));
#15325=CARTESIAN_POINT('',(0.0257544811819452,0.000742273665004095,0.010641108633525));
#15326=CARTESIAN_POINT('',(0.0257544801967766,0.000721473860238942,0.0106202896641571));
#15327=CARTESIAN_POINT('',(0.0257544801967766,0.000718836050610793,0.0106645462479183));
#15328=CARTESIAN_POINT('',(0.0257544801967766,0.000718836050610793,0.0106645462479183));
#15329=CARTESIAN_POINT('',(0.0257544801967766,0.000718836050610793,0.0106645462479183));
#15330=CARTESIAN_POINT('',(0.0254102376668692,0.000726573080534102,0.010656809217995));
#15331=CARTESIAN_POINT('',(0.023070731862499,0.00879144118708045,0.010707181674143));
#15332=CARTESIAN_POINT('',(0.0234130207432982,0.00789319767724036,0.010707181674143));
#15333=CARTESIAN_POINT('',(0.0257305852177095,0.000726573080534103,0.010534736079205));
#15334=CARTESIAN_POINT('',(0.0257522696942316,0.00079174124404481,0.0105916410544843));
#15335=CARTESIAN_POINT('',(0.0257305852177095,0.000848646219324085,0.010656809217995));
#15336=CARTESIAN_POINT('',(0.0256783507322497,0.000734743324174609,0.0103976609646278));
#15337=CARTESIAN_POINT('',(0.0257471993281463,0.000805047032471524,0.0105069910564301));
#15338=CARTESIAN_POINT('',(0.0257274718263842,0.000856816462964589,0.0106486392076325));
#15339=CARTESIAN_POINT('',(0.0255365820733567,0.000756917276025395,0.0103));
#15340=CARTESIAN_POINT('',(0.0257323570656449,0.000843996489235077,0.0104084745186641));
#15341=CARTESIAN_POINT('',(0.0257190221163904,0.000878990414815371,0.0106428183354739));
#15342=CARTESIAN_POINT('',(0.0253899339488583,0.000779854632907104,0.0103));
#15343=CARTESIAN_POINT('',(0.0257102814996985,0.000901927771697087,0.0103));
#15344=CARTESIAN_POINT('',(0.0257102814996985,0.000901927771697086,0.010642818325857));
#15345=CARTESIAN_POINT('',(0.0253899339488583,0.000779854632907105,0.010642818325857));
#15346=CARTESIAN_POINT('',(0.0234130207432982,0.00789319767724036,0.010707181674143));
#15347=CARTESIAN_POINT('',(0.0234130207432982,0.00789319767724036,0.010707181674143));
#15348=CARTESIAN_POINT('',(0.0234130207432982,0.00789319767724036,0.010707181674143));
#15349=CARTESIAN_POINT('',(0.0234130207432982,0.00789319767724036,0.01105));
#15350=CARTESIAN_POINT('',(0.0234130207432982,0.00789319767724036,0.010642818325857));
#15351=CARTESIAN_POINT('',(0.024042192574382,0.00431663309833429,0.010642818325857));
#15352=CARTESIAN_POINT('',(0.0227723256416178,0.00764905139966039,0.010642818325857));
#15353=CARTESIAN_POINT('',(0.000342288880799321,-0.000898243509840107,0.010707181674143));
#15354=CARTESIAN_POINT('',(0.0272748978944478,0.00936482268022728,0.010707181674143));
#15355=CARTESIAN_POINT('',(0.0234130207432982,0.00789319767724036,0.010642818325857));
#15356=CARTESIAN_POINT('',(0.0231688744657183,0.00853389277892085,0.010642818325857));
#15357=CARTESIAN_POINT('',(0.0272748978944478,0.00936482268022728,0.01105));
#15358=CARTESIAN_POINT('',(0.0272748978944478,0.00936482268022728,0.010707181674143));
#15359=CARTESIAN_POINT('',(0.0272748978944478,0.00936482268022728,0.010642818325857));
#15360=CARTESIAN_POINT('',(0.025099813041293,0.00926970528041431,0.010642818325857));
#15361=CARTESIAN_POINT('',(0.0270307516168678,0.0100055177819078,0.010642818325857));
#15362=CARTESIAN_POINT('',(0.0272748978944478,0.00936482268022728,0.010642818325857));
#15363=CARTESIAN_POINT('',(0.0278625528355453,0.00901160987131865,0.0103));
#15364=CARTESIAN_POINT('',(0.0277564133696391,0.00921119349177632,0.0103));
#15365=CARTESIAN_POINT('',(0.0276440852325261,0.0093587291610581,0.0104685645861132));
#15366=CARTESIAN_POINT('',(0.027595245445288,0.00948689581901726,0.010642818325857));
#15367=CARTESIAN_POINT('',(0.0277872891915176,0.00898292955445926,0.010380543011413));
#15368=CARTESIAN_POINT('',(0.0277872891915176,0.00898292955445926,0.0103));
#15369=CARTESIAN_POINT('',(0.0278625528355453,0.00901160987131866,0.0103));
#15370=CARTESIAN_POINT('',(0.0277138393180131,0.00917567864996001,0.0103805435524373));
#15371=CARTESIAN_POINT('',(0.0277139000491394,0.00917551927775503,0.0103258326779123));
#15372=CARTESIAN_POINT('',(0.027746397419187,0.00923002737728853,0.0103));
#15373=CARTESIAN_POINT('',(0.0276521004072827,0.00933769552803877,0.0105171496203057));
#15374=CARTESIAN_POINT('',(0.0276467611550253,0.00935191388063946,0.0104978534541327));
#15375=CARTESIAN_POINT('',(0.0276412838525116,0.00936608061638674,0.010478557593424));
#15376=CARTESIAN_POINT('',(0.027595245445288,0.00948689581901727,0.010642818325857));
#15377=CARTESIAN_POINT('',(0.027595245445288,0.00948689581901726,0.010642818325857));
#15378=CARTESIAN_POINT('',(0.027595245445288,0.00948689581901726,0.010642818325857));
#15379=CARTESIAN_POINT('',(0.0278625528355453,0.00901160987131865,0.010380543011413));
#15380=CARTESIAN_POINT('',(0.0292672859439993,0.00532527219426712,0.010380543011413));
#15381=CARTESIAN_POINT('',(0.0308581492920017,0.00115048663287628,0.010380543011413));
#15382=CARTESIAN_POINT('',(0.0308581492920017,0.00115048663287628,0.0103));
#15383=CARTESIAN_POINT('',(0.030782885647974,0.00112180631601688,0.0103));
#15384=CARTESIAN_POINT('',(0.030782885647974,0.00112180631601688,0.010380543011413));
#15385=CARTESIAN_POINT('',(0.0308712832486638,0.00110624550209284,0.0103));
#15386=CARTESIAN_POINT('',(0.0307989255106393,0.00107971408531448,0.0103034069614931));
#15387=CARTESIAN_POINT('',(0.0307960196046361,0.00108733984049861,0.0103805430117199));
#15388=CARTESIAN_POINT('',(0.0308844132436301,0.00106201771595619,0.0103081412879442));
#15389=CARTESIAN_POINT('',(0.0308149575949481,0.00103764226677799,0.01031428464811));
#15390=CARTESIAN_POINT('',(0.0308091495996024,0.00105288376136687,0.0103868855598436));
#15391=CARTESIAN_POINT('',(0.0308966863072178,0.00102067646416298,0.0103238949790671));
#15392=CARTESIAN_POINT('',(0.0308298920382299,0.000998450906779574,0.0103323643541069));
#15393=CARTESIAN_POINT('',(0.0308214226631901,0.00102067646416298,0.0103991586230948));
#15394=CARTESIAN_POINT('',(0.0308966863072178,0.00104935678102238,0.0103991586230948));
#15395=CARTESIAN_POINT('',(0.0308966863072178,0.00102067646416299,0.0103238949790671));
#15396=CARTESIAN_POINT('',(0.03082989203823,0.000998450906779586,0.0103323643541069));
#15397=CARTESIAN_POINT('',(0.0308214226631901,0.00102067646416299,0.0103991586230948));
#15398=CARTESIAN_POINT('',(0.0309373649054598,0.00088365247450592,0.0103761099826252));
#15399=CARTESIAN_POINT('',(0.030889586032056,0.000865815479570401,0.010392058347933));
#15400=CARTESIAN_POINT('',(0.0308736376667483,0.000883652474505932,0.0104398372213369));
#15401=CARTESIAN_POINT('',(0.031047836300229,0.000785940384957938,0.0105179109469955));
#15402=CARTESIAN_POINT('',(0.0310316372619709,0.000786021049092241,0.0105341095778486));
#15403=CARTESIAN_POINT('',(0.0310154386311174,0.000785940384957938,0.0105503086161065));
#15404=CARTESIAN_POINT('',(0.0311620739320414,0.000785940384957938,0.0106645462479183));
#15405=CARTESIAN_POINT('',(0.0311620739320414,0.000785940384957938,0.0106645462479183));
#15406=CARTESIAN_POINT('',(0.0311620739320414,0.000785940384957938,0.0106645462479183));
#15407=CARTESIAN_POINT('',(0.0305405295329781,0.00153161446901328,0.01105));
#15408=CARTESIAN_POINT('',(0.0306157931770058,0.00156029478587268,0.01105));
#15409=CARTESIAN_POINT('',(0.0306157931770058,0.00156029478587267,0.010969456988587));
#15410=CARTESIAN_POINT('',(0.0306617784901991,0.00129869938853655,0.01105));
#15411=CARTESIAN_POINT('',(0.0306939390603366,0.00135522229752281,0.0110244518717566));
#15412=CARTESIAN_POINT('',(0.0306946411734195,0.00135337979384286,0.0109694564869246));
#15413=CARTESIAN_POINT('',(0.030771720679736,0.00115110572017505,0.0108601858671613));
#15414=CARTESIAN_POINT('',(0.0307661649545929,0.00116549006639906,0.0108408833260839));
#15415=CARTESIAN_POINT('',(0.0307607393951711,0.00117992309679286,0.010821580475337));
#15416=CARTESIAN_POINT('',(0.0308214226631901,0.00102067646416298,0.0106854537520817));
#15417=CARTESIAN_POINT('',(0.0308214226631901,0.00102067646416298,0.0106854537520817));
#15418=CARTESIAN_POINT('',(0.0308214226631901,0.00102067646416298,0.0106854537520817));
#15419=CARTESIAN_POINT('',(0.0305405295329782,0.00153161446901327,0.010969456988587));
#15420=CARTESIAN_POINT('',(0.027177692920461,0.010356459011998,0.010969456988587));
#15421=CARTESIAN_POINT('',(0.0275199818012603,0.00945821550215786,0.010969456988587));
#15422=CARTESIAN_POINT('',(0.0271528247556578,0.00968517023106752,0.010707181674143));
#15423=CARTESIAN_POINT('',(0.0271528247556578,0.00968517023106752,0.010707181674143));
#15424=CARTESIAN_POINT('',(0.0271528247556578,0.00968517023106752,0.010707181674143));
#15425=CARTESIAN_POINT('',(0.0272169877278796,0.00970962047391368,0.0107969315194323));
#15426=CARTESIAN_POINT('',(0.0272268601091309,0.00971332165206444,0.0107863885730706));
#15427=CARTESIAN_POINT('',(0.0272366917515502,0.00971712898150161,0.0107758453572634));
#15428=CARTESIAN_POINT('',(0.0273712539351585,0.00968891101951647,0.0109757159144269));
#15429=CARTESIAN_POINT('',(0.0274173152993519,0.00971410467713303,0.0109646387873839));
#15430=CARTESIAN_POINT('',(0.0274302089670024,0.00971137670019911,0.0109126254825989));
#15431=CARTESIAN_POINT('',(0.0274880229725053,0.00954208270091013,0.01105));
#15432=CARTESIAN_POINT('',(0.0275557782268524,0.00959046672590258,0.0110499999968686));
#15433=CARTESIAN_POINT('',(0.0275632866174221,0.00957076301810837,0.0109694569876354));
#15434=CARTESIAN_POINT('',(0.0275199818012603,0.00945821550215787,0.01105));
#15435=CARTESIAN_POINT('',(0.027595245445288,0.00948689581901726,0.01105));
#15436=CARTESIAN_POINT('',(0.027595245445288,0.00948689581901726,0.010969456988587));
#15437=CARTESIAN_POINT('',(0.0167676638122526,0.000290902592576095,0.01105));
#15438=CARTESIAN_POINT('',(0.0171192631240315,-3.80128058334971E-5,0.01105));
#15439=CARTESIAN_POINT('',(0.0171192631240315,-3.80128058334971E-5,0.01105));
#15440=CARTESIAN_POINT('',(0.0167676638122526,0.000290902592576095,0.01105));
#15441=CARTESIAN_POINT('',(0.0164160645004738,0.000619817990985687,0.01105));
#15442=CARTESIAN_POINT('',(0.0164160645004738,0.000619817990985687,0.01105));
#15443=CARTESIAN_POINT('',(0.0167676638122526,-0.000413860445199417,0.01105));
#15444=CARTESIAN_POINT('',(0.0164144879013256,-0.000791393415134064,0.01105));
#15445=CARTESIAN_POINT('',(0.0164144879013256,-0.000791393415134064,0.01105));
#15446=CARTESIAN_POINT('',(0.0167676638122526,-0.000413860445199417,0.01105));
#15447=CARTESIAN_POINT('',(0.0184502184087857,-0.00269578596791865,0.01105));
#15448=CARTESIAN_POINT('',(0.0204859489162457,-0.00460017852070325,0.01105));
#15449=CARTESIAN_POINT('',(0.0204859489162457,-0.00460017852070325,0.01105));
#15450=CARTESIAN_POINT('',(0.0184502184087857,-0.00269578596791865,0.01105));
#15451=CARTESIAN_POINT('',(0.0208383365275987,-0.00422348821605296,0.01105));
#15452=CARTESIAN_POINT('',(0.0211907241389516,-0.00384679791140268,0.01105));
#15453=CARTESIAN_POINT('',(0.0211907241389516,-0.00384679791140268,0.01105));
#15454=CARTESIAN_POINT('',(0.0208383365275987,-0.00422348821605296,0.01105));
#15455=CARTESIAN_POINT('',(0.0195576626841088,-0.00231909566326837,0.01105));
#15456=CARTESIAN_POINT('',(0.0179246012292658,-0.000791393415134065,0.01105));
#15457=CARTESIAN_POINT('',(0.0179246012292658,-0.000791393415134065,0.01105));
#15458=CARTESIAN_POINT('',(0.0195576626841088,-0.00231909566326837,0.01105));
#15459=CARTESIAN_POINT('',(0.0200827644195314,-0.000791393415134065,0.01105));
#15460=CARTESIAN_POINT('',(0.0222409276097969,-0.000791393415134065,0.01105));
#15461=CARTESIAN_POINT('',(0.0222409276097969,-0.000791393415134065,0.01105));
#15462=CARTESIAN_POINT('',(0.0200827644195314,-0.000791393415134065,0.01105));
#15463=CARTESIAN_POINT('',(0.0222409276097969,-8.57877120741886E-5,0.01105));
#15464=CARTESIAN_POINT('',(0.0222409276097969,0.000619817990985687,0.01105));
#15465=CARTESIAN_POINT('',(0.0222409276097969,0.000619817990985687,0.01105));
#15466=CARTESIAN_POINT('',(0.0222409276097969,-8.57877120741886E-5,0.01105));
#15467=CARTESIAN_POINT('',(0.0199877903358367,0.000619817990985687,0.01105));
#15468=CARTESIAN_POINT('',(0.0177346530618764,0.000619817990985687,0.01105));
#15469=CARTESIAN_POINT('',(0.0177346530618764,0.000619817990985687,0.01105));
#15470=CARTESIAN_POINT('',(0.0199877903358367,0.000619817990985687,0.01105));
#15471=CARTESIAN_POINT('',(0.0191156280592805,0.00209603303296554,0.01105));
#15472=CARTESIAN_POINT('',(0.0204966030566845,0.00357224807494539,0.01105));
#15473=CARTESIAN_POINT('',(0.0204966030566845,0.00357224807494539,0.01105));
#15474=CARTESIAN_POINT('',(0.0191156280592805,0.00209603303296554,0.01105));
#15475=CARTESIAN_POINT('',(0.0201450037449056,0.00390116347335499,0.01105));
#15476=CARTESIAN_POINT('',(0.0197934044331269,0.00423007887176458,0.01105));
#15477=CARTESIAN_POINT('',(0.0197934044331269,0.00423007887176458,0.01105));
#15478=CARTESIAN_POINT('',(0.0201450037449056,0.00390116347335499,0.01105));
#15479=CARTESIAN_POINT('',(0.0181047344668003,0.00242494843137513,0.01105));
#15480=CARTESIAN_POINT('',(0.0181047344668003,0.00242494843137513,0.01105));
#15481=CARTESIAN_POINT('',(0.,-3.46944695195361E-18,0.01105));
#15482=CARTESIAN_POINT('',(0.034024148336297,0.016573075692151,0.001608050800102));
#15483=CARTESIAN_POINT('',(0.034024148336297,0.016573075692151,0.001610050800102));
#15484=CARTESIAN_POINT('',(0.031624148336297,0.016573075692151,0.001610050800102));
#15485=CARTESIAN_POINT('',(-0.00114701281413,0.000876297238349002,0.001610050800102));
#15486=CARTESIAN_POINT('',(0.034024148336297,-0.016446990347981,0.001608050800102));
#15487=CARTESIAN_POINT('',(0.034024148336297,-0.016446990347981,0.001610050800102));
#15488=CARTESIAN_POINT('',(0.031624148336297,-0.016446990347981,0.001610050800102));
#15489=CARTESIAN_POINT('',(-0.00114701281413,0.000876297238349002,0.001610050800102));
#15490=CARTESIAN_POINT('',(-0.034428988569977,-0.016446990347981,0.001608050800102));
#15491=CARTESIAN_POINT('',(-0.034428988569977,-0.016446990347981,0.001610050800102));
#15492=CARTESIAN_POINT('',(-0.036828988569977,-0.016446990347981,0.001610050800102));
#15493=CARTESIAN_POINT('',(-0.00114701281413,0.000876297238349002,0.001610050800102));
#15494=CARTESIAN_POINT('',(-0.034428988569977,0.016573075692151,0.001608050800102));
#15495=CARTESIAN_POINT('',(-0.034428988569977,0.016573075692151,0.001610050800102));
#15496=CARTESIAN_POINT('',(-0.036828988569977,0.016573075692151,0.001610050800102));
#15497=CARTESIAN_POINT('',(-0.00114701281413,0.000876297238349002,0.001610050800102));
#15498=MECHANICAL_DESIGN_GEOMETRIC_PRESENTATION_REPRESENTATION('',(#9087,
#90,#91,#92,#93,#94,#95,#96,#97,#98,#99,#100,#101,#102,#103,#104,#105,#106,
#107,#108,#109,#110,#111,#112,#113,#114,#115,#116,#117,#118,#119,#120,#121,
#122,#123,#124,#125,#126,#127,#128,#129,#130,#131,#132,#133,#134,#135,#136,
#137,#138,#139),#15499);
#15499=(
GEOMETRIC_REPRESENTATION_CONTEXT(3)
GLOBAL_UNCERTAINTY_ASSIGNED_CONTEXT((#15500))
GLOBAL_UNIT_ASSIGNED_CONTEXT((#15503,#15502,#15501))
REPRESENTATION_CONTEXT('top_cover','TOP_LEVEL_ASSEMBLY_PART')
);
#15500=UNCERTAINTY_MEASURE_WITH_UNIT(LENGTH_MEASURE(2.E-5),#15503,
'DISTANCE_ACCURACY_VALUE','Maximum Tolerance applied to model');
#15501=(
NAMED_UNIT(*)
SI_UNIT($,.STERADIAN.)
SOLID_ANGLE_UNIT()
);
#15502=(
NAMED_UNIT(*)
PLANE_ANGLE_UNIT()
SI_UNIT($,.RADIAN.)
);
#15503=(
LENGTH_UNIT()
NAMED_UNIT(*)
SI_UNIT($,.METRE.)
);
#15504=PRODUCT_DEFINITION_SHAPE('','',#15505);
#15505=PRODUCT_DEFINITION('','',#15507,#15506);
#15506=PRODUCT_DEFINITION_CONTEXT('',#15513,'design');
#15507=PRODUCT_DEFINITION_FORMATION_WITH_SPECIFIED_SOURCE('','',#15509,
 .NOT_KNOWN.);
#15508=PRODUCT_RELATED_PRODUCT_CATEGORY('','',(#15509));
#15509=PRODUCT('top_cover','top_cover','top_cover',(#15511));
#15510=PRODUCT_CATEGORY('','');
#15511=PRODUCT_CONTEXT('',#15513,'mechanical');
#15512=APPLICATION_PROTOCOL_DEFINITION('international standard',
'ap242_managed_model_based_3d_engineering',2020,#15513);
#15513=APPLICATION_CONTEXT('managed model based 3d engineering');
ENDSEC;
END-ISO-10303-21;
